  0.99999999999999989     
  0.99999999999999989     
  0.99999999999999989     
  0.99999999999999989     
   1.0000000000000000     
  0.99999999999999989     
  0.99999999999999989     
   1.0000000000000000     
   1.0000000000000000     
   1.0000000000000000     
   1.0000000000000000     
   1.0000000000000000     
   1.0000000000000000     
   1.0000000000000000     
   1.0000000000000000     
   1.0000000000000000     
   1.0000000000000000     
   1.0000000000000000     
   1.0000000000000000     
   1.0000000000000000     
   1.0000000000000000     
   1.0000000000000000     
   1.0000000000000000     
   1.0000000000000000     
   1.0000000000000000     
   1.0000000000000000     
   1.0000000000000000     
   1.0000000000000000     
   1.0000000000000000     
   1.0000000000000000     
   1.0000000000000000     
   1.0000000000000000     
   1.0000000000000000     
   1.0000000000000000     
   1.0000000000000000     
  0.99999999999999989     
  0.99999999999999989     
   1.0000000000000000     
   1.0000000000000000     
   1.0000000000000000     
   1.0000000000000000     
  0.99999999999999989     
  0.99999999999999989     
   1.0000000000000000     
   1.0000000000000000     
   1.0000000000000000     
   1.0000000000000000     
   1.0000000000000000     
   1.0000000000000000     
   1.0000000000000000     
  0.99999999999999989     
  0.99999999999999989     
   1.0000000000000000     
   1.0000000000000000     
   1.0000000000000000     
   1.0000000000000000     
  0.99999999999999989     
  0.99999999999999989     
   1.0000000000000000     
   1.0000000000000000     
   1.0000000000000000     
   1.0000000000000000     
   1.0000000000000000     
   1.0000000000000000     
   1.0000000000000000     
   1.0000000000000000     
   1.0000000000000000     
  0.99999999999999978     
  0.99999999999999989     
   1.0000000000000000     
   1.0000000000000000     
   1.0000000000000000     
   1.0000000000000000     
   1.0000000000000000     
   1.0000000000000000     
   1.0000000000000000     
   1.0000000000000000     
   1.0000000000000000     
   1.0000000000000000     
   1.0000000000000000     
   1.0000000000000000     
   1.0000000000000000     
  0.99999999999999978     
  0.99999999999999989     
  0.99999999999999989     
   1.0000000000000000     
   1.0000000000000000     
   1.0000000000000000     
   1.0000000000000000     
   1.0000000000000000     
   1.0000000000000000     
   1.0000000000000000     
   1.0000000000000000     
   1.0000000000000000     
   1.0000000000000000     
   1.0000000000000000     
   1.0000000000000000     
  0.99999999999999978     
  0.99999999999999989     
   1.0000000000000000     
   1.0000000000000000     
   1.0000000000000000     
   1.0000000000000000     
   1.0000000000000000     
   1.0000000000000000     
   1.0000000000000000     
   1.0000000000000000     
   1.0000000000000000     
   1.0000000000000000     
   1.0000000000000000     
   1.0000000000000000     
   1.0000000000000000     
  0.99999999999999978     
  0.99999999999999989     
  0.99999999999999989     
   1.0000000000000000     
   1.0000000000000000     
   1.0000000000000000     
   1.0000000000000000     
   1.0000000000000000     
   1.0000000000000000     
  0.99511156037827919     
  0.99511156037827919     
  0.99511156037827897     
  0.99470392395394502     
  0.99470392395394491     
  0.99470392395394502     
  0.99348000975173612     
  0.99348000975173600     
  0.99348000975173600     
  0.99173051581014682     
  0.99173051581014682     
  0.99173051581014726     
  0.98948591561956767     
  0.98948591561956756     
  0.98948591561956745     
  0.98710265079253112     
  0.98710265079253112     
  0.98710265079253112     
  0.98460073356656030     
  0.98460073356656030     
  0.98460073356656019     
  0.98213536068703344     
  0.98213536068703355     
  0.98213536068703422     
  0.97975874629865967     
  0.97975874629865956     
  0.97975874629865944     
  0.97744648128034273     
  0.97744648128034262     
  0.97744648128034273     
  0.97529435655909880     
  0.97529435655909891     
  0.97529435655909813     
  0.97319025628427047     
  0.97319025628427047     
  0.97319025628426981     
  0.97125160831257928     
  0.97125160831257928     
  0.97125160831257851     
  0.96933686244331529     
  0.96933686244331518     
  0.96933686244331452     
  0.96756558492938849     
  0.96756558492938849     
  0.96756558492938760     
  0.96579499541593439     
  0.96579499541593439     
  0.96579499541593516     
  0.96413816531799346     
  0.96413816531799335     
  0.96413816531799412     
  0.96246131325823958     
  0.96246131325823969     
  0.96246131325824047     
  0.96087175405942804     
  0.96087175405942804     
  0.96087175405942871     
  0.95924380647211149     
  0.95924380647211160     
  0.95924380647211227     
  0.95768626156832637     
  0.95768626156832648     
  0.95768626156832637     
  0.95607401340738307     
  0.95607401340738307     
  0.95607401340738307     
  0.95452835273113068     
  0.95452835273113079     
  0.95452835273113068     
  0.95291381226145655     
  0.95291381226145655     
  0.95291381226145644     
  0.95137675084202655     
  0.95137675084202655     
  0.95137675084202644     
  0.94975938691562345     
  0.94975938691562356     
  0.94975938691562334     
  0.94824518096861676     
  0.94824518096861687     
  0.94824518096861676     
  0.94664320855369311     
  0.94664320855369311     
  0.94664320855369299     
  0.94518318147463276     
  0.94518318147463276     
  0.94518318147463265     
  0.94363367032326861     
  0.94363367032326861     
  0.94363367032326850     
  0.94227410187960958     
  0.94227410187960958     
  0.94227410187960958     
  0.94083126896064595     
  0.94083126896064595     
  0.94083126896064584     
  0.93962917955808944     
  0.93962917955808956     
  0.93962917955808944     
  0.93836007830771839     
  0.93836007830771839     
  0.93836007830771839     
  0.93737680206402629     
  0.93737680206402640     
  0.93737680206402629     
  0.93635390873576219     
  0.93635390873576230     
  0.93635390873576207     
  0.93564705814270077     
  0.93564705814270077     
  0.93564705814270077     
  0.93493810871193084     
  0.93493810871193084     
  0.93493810871193084     
  0.93455303092915198     
  0.93455303092915210     
  0.93455303092915187     
  0.93420881142030432     
  0.93420881142030432     
  0.93420881142030432     
  0.93416883701513198     
  0.99022312075655838     
  0.99022312075655827     
  0.98981548433222422     
  0.98940784790789005     
  0.98940784790788983     
  0.98818393370568103     
  0.98696001950347223     
  0.98696001950347223     
  0.98521052556188282     
  0.98346103162029352     
  0.98346103162029375     
  0.98121643142971426     
  0.97897183123913523     
  0.97897183123913534     
  0.97658856641209879     
  0.97420530158506224     
  0.97420530158506224     
  0.97170338435909154     
  0.96920146713312061     
  0.96920146713312061     
  0.96673609425359375     
  0.96427072137406689     
  0.96427072137406733     
  0.96189410698569300     
  0.95951749259731922     
  0.95951749259731933     
  0.95720522757900217     
  0.95489296256068534     
  0.95489296256068534     
  0.95274083783944152     
  0.95058871311819770     
  0.95058871311819759     
  0.94848461284336938     
  0.94638051256854117     
  0.94638051256854161     
  0.94444186459684976     
  0.94250321662515857     
  0.94250321662515923     
  0.94058847075589447     
  0.93867372488663059     
  0.93867372488663103     
  0.93690244737270367     
  0.93513116985877698     
  0.93513116985877742     
  0.93336058034532288     
  0.93158999083186877     
  0.93158999083186889     
  0.92993316073392773     
  0.92827633063598680     
  0.92827633063598602     
  0.92659947857623304     
  0.92492262651647927     
  0.92492262651647872     
  0.92333306731766762     
  0.92174350811885608     
  0.92174350811885541     
  0.92011556053153964     
  0.91848761294422299     
  0.91848761294422243     
  0.91693006804043775     
  0.91537252313665285     
  0.91537252313665274     
  0.91376027497570944     
  0.91214802681476603     
  0.91214802681476614     
  0.91060236613851364     
  0.90905670546226136     
  0.90905670546226136     
  0.90744216499258723     
  0.90582762452291299     
  0.90582762452291299     
  0.90429056310348299     
  0.90275350168405299     
  0.90275350168405299     
  0.90113613775764989     
  0.89951877383124690     
  0.89951877383124690     
  0.89800456788424032     
  0.89649036193723364     
  0.89649036193723353     
  0.89488838952230976     
  0.89328641710738621     
  0.89328641710738599     
  0.89182639002832576     
  0.89036636294926552     
  0.89036636294926541     
  0.88881685179790126     
  0.88726734064653712     
  0.88726734064653701     
  0.88590777220287809     
  0.88454820375921905     
  0.88454820375921905     
  0.88310537084025553     
  0.88166253792129190     
  0.88166253792129201     
  0.88046044851873539     
  0.87925835911617889     
  0.87925835911617889     
  0.87798925786580773     
  0.87672015661543667     
  0.87672015661543667     
  0.87573688037174457     
  0.87475360412805270     
  0.87475360412805259     
  0.87373071079978859     
  0.87270781747152448     
  0.87270781747152448     
  0.87200096687846296     
  0.87129411628540154     
  0.87129411628540143     
  0.87058516685463161     
  0.86987621742386190     
  0.86987621742386168     
  0.86949113964108293     
  0.86910606185830397     
  0.86910606185830386     
  0.86876184234945630     
  0.86841762284060853     
  0.86841762284060864     
  0.86837764843543630     
  0.86833767403026407     
  0.98533468113483735     
  0.98492704471050319     
  0.98451940828616902     
  0.98411177186183496     
  0.98288785765962605     
  0.98166394345741725     
  0.98044002925520835     
  0.97869053531361905     
  0.97694104137202964     
  0.97519154743044034     
  0.97294694723986108     
  0.97070234704928193     
  0.96845774685870278     
  0.96607448203166646     
  0.96369121720462991     
  0.96130795237759337     
  0.95880603515162255     
  0.95630411792565173     
  0.95380220069968091     
  0.95133682782015416     
  0.94887145494062719     
  0.94640608206110033     
  0.94402946767272655     
  0.94165285328435266     
  0.93927623889597889     
  0.93696397387766195     
  0.93465170885934490     
  0.93233944384102807     
  0.93018731911978425     
  0.92803519439854043     
  0.92588306967729661     
  0.92377896940246818     
  0.92167486912763996     
  0.91957076885281164     
  0.91763212088112045     
  0.91569347290942904     
  0.91375482493773785     
  0.91184007906847386     
  0.90992533319920987     
  0.90801058732994588     
  0.90623930981601897     
  0.90446803230209216     
  0.90269675478816536     
  0.90092616527471125     
  0.89915557576125726     
  0.89738498624780316     
  0.89572815614986223     
  0.89407132605192108     
  0.89241449595398015     
  0.89073764389422638     
  0.88906079183447273     
  0.88738393977471897     
  0.88579438057590743     
  0.88420482137709566     
  0.88261526217828412     
  0.88098731459096746     
  0.87935936700365103     
  0.87773141941633448     
  0.87617387451254936     
  0.87461632960876434     
  0.87305878470497922     
  0.87144653654403581     
  0.86983428838309251     
  0.86822204022214911     
  0.86667637954589682     
  0.86513071886964443     
  0.86358505819339204     
  0.86197051772371791     
  0.86035597725404367     
  0.85874143678436954     
  0.85720437536493954     
  0.85566731394550943     
  0.85413025252607955     
  0.85251288859967644     
  0.85089552467327345     
  0.84927816074687035     
  0.84776395479986366     
  0.84624974885285709     
  0.84473554290585040     
  0.84313357049092663     
  0.84153159807600286     
  0.83992962566107909     
  0.83846959858201875     
  0.83700957150295852     
  0.83554954442389817     
  0.83400003327253391     
  0.83245052212116977     
  0.83090101096980562     
  0.82954144252614659     
  0.82818187408248756     
  0.82682230563882864     
  0.82537947271986500     
  0.82393663980090148     
  0.82249380688193785     
  0.82129171747938146     
  0.82008962807682484     
  0.81888753867426833     
  0.81761843742389728     
  0.81634933617352612     
  0.81508023492315507     
  0.81409695867946308     
  0.81311368243577098     
  0.81213040619207899     
  0.81110751286381477     
  0.81008461953555078     
  0.80906172620728667     
  0.80835487561422514     
  0.80764802502116373     
  0.80694117442810231     
  0.80623222499733238     
  0.80552327556656256     
  0.80481432613579262     
  0.80442924835301377     
  0.80404417057023492     
  0.80365909278745595     
  0.80331487327860818     
  0.80297065376976051     
  0.80262643426091285     
  0.80258645985574062     
  0.80254648545056828     
  0.80250651104539605     
  0.98045031941489869     
  0.98004268299056463     
  0.97963504656623046     
  0.97882764390133103     
  0.97760372969912224     
  0.97637981549691366     
  0.97402282390183248     
  0.97227332996024329     
  0.97052383601865388     
  0.96701761530955455     
  0.96477301511897529     
  0.96252841492839669     
  0.95818187284562062     
  0.95579860801858429     
  0.95341534319154775     
  0.94867920208767265     
  0.94617728486170172     
  0.94367536763573101     
  0.93878741410840805     
  0.93632204122888130     
  0.93385666834935432     
  0.92902787468973946     
  0.92665126030136569     
  0.92427464591299258     
  0.91961985148368675     
  0.91730758646536992     
  0.91499532144705298     
  0.91053408134748326     
  0.90838195662623944     
  0.90622983190499562     
  0.90203319918308944     
  0.89992909890826112     
  0.89782499863343346     
  0.89381752221907806     
  0.89187887424738677     
  0.88994022627569502     
  0.88619333223689489     
  0.88427858636763101     
  0.88236384049836769     
  0.87875402693669857     
  0.87698274942277166     
  0.87521147190884419     
  0.87182728590226999     
  0.87005669638881611     
  0.86828610687536267     
  0.86497293647055906     
  0.86331610637261802     
  0.86165927627467775     
  0.85853357117114415     
  0.85685671911139027     
  0.85517986705163596     
  0.85205871872300465     
  0.85046915952419311     
  0.84887960032538201     
  0.84591817957034354     
  0.84429023198302700     
  0.84266228439570989     
  0.83964453073543699     
  0.83808698583165198     
  0.83652944092786763     
  0.83366112147382188     
  0.83204887331287836     
  0.83043662515193506     
  0.82745916744082360     
  0.82591350676457131     
  0.82436784608831892     
  0.82155068459803426     
  0.81993614412836013     
  0.81832160365868600     
  0.81535146580916229     
  0.81381440438973240     
  0.81227734297030230     
  0.80950150178125702     
  0.80788413785485402     
  0.80626677392845092     
  0.80330320632927998     
  0.80178900038227341     
  0.80027479443526683     
  0.79756336022968699     
  0.79596138781476311     
  0.79435941539983945     
  0.79143433816856867     
  0.78997431108950822     
  0.78851428401044799     
  0.78592208521153584     
  0.78437257406017169     
  0.78282306290880754     
  0.77999961936985140     
  0.77864005092619237     
  0.77728048248253334     
  0.77489023024982884     
  0.77344739733086532     
  0.77200456441190168     
  0.76937295907543379     
  0.76817086967287729     
  0.76696878027032089     
  0.76488365064031161     
  0.76361454938994044     
  0.76234544813956939     
  0.76001513478449456     
  0.75903185854080268     
  0.75804858229711058     
  0.75638074144129253     
  0.75535784811302831     
  0.75433495478476431     
  0.75242272655845155     
  0.75171587596539002     
  0.75100902537232861     
  0.74986467268662227     
  0.74915572325585233     
  0.74844677382508251     
  0.74706145617691966     
  0.74667637839414058     
  0.74629130061136184     
  0.74575421790256557     
  0.74540999839371780     
  0.74506577888487013     
  0.74429131256444858     
  0.74425133815927635     
  0.74421136375410413     
  0.74432689396615470     
  0.97556595769496002     
  0.97515832127062607     
  0.97435091860572676     
  0.97354351594082744     
  0.97231960173861876     
  0.96996261014353768     
  0.96760561854845684     
  0.96585612460686754     
  0.96234990389776809     
  0.95884368318866886     
  0.95659908299809016     
  0.95225254091531419     
  0.94790599883253845     
  0.94552273400550202     
  0.94078659290162703     
  0.93605045179775181     
  0.93354853457178100     
  0.92866058104445814     
  0.92377262751713518     
  0.92130725463760832     
  0.91647846097799346     
  0.91164966731837860     
  0.90927305293000527     
  0.90461825850069988     
  0.89996346407139471     
  0.89765119905307778     
  0.89318995895350806     
  0.88872871885393856     
  0.88657659413269463     
  0.88237996141078834     
  0.87818332868888227     
  0.87607922841405417     
  0.87207175199969933     
  0.86806427558534449     
  0.86612562761365408     
  0.86237873357485273     
  0.85863183953605215     
  0.85671709366678761     
  0.85310728010511983     
  0.84949746654345126     
  0.84772618902952512     
  0.84434200302294959     
  0.84095781701637495     
  0.83918722750292041     
  0.83587405709811802     
  0.83256088669331496     
  0.83090405659537403     
  0.82777835149184109     
  0.82465264638830793     
  0.82297579432855494     
  0.81985464599992219     
  0.81673349767129033     
  0.81514393847247835     
  0.81218251771744088     
  0.80922109696240296     
  0.80759314937508719     
  0.80457539571481296     
  0.80155764205453961     
  0.80000009715075415     
  0.79713177769670951     
  0.79426345824266442     
  0.79265121008172135     
  0.78967375237060966     
  0.78669629465949797     
  0.78515063398324569     
  0.78233347249296115     
  0.77951631100267660     
  0.77790177053300247     
  0.77493163268347887     
  0.77196149483395526     
  0.77042443341452516     
  0.76764859222547999     
  0.76487275103643459     
  0.76325538711003160     
  0.76029181951086056     
  0.75732825191168973     
  0.75581404596468316     
  0.75310261175910331     
  0.75039117755352347     
  0.74878920513859981     
  0.74586412790732903     
  0.74293905067605803     
  0.74147902359699802     
  0.73888682479808576     
  0.73629462599917361     
  0.73474511484780924     
  0.73192167130885322     
  0.72909822776989708     
  0.72773865932623827     
  0.72534840709353365     
  0.72295815486082904     
  0.72151532194186552     
  0.71888371660539763     
  0.71625211126892974     
  0.71505002186637334     
  0.71296489223636406     
  0.71087976260635477     
  0.70961066135598383     
  0.70728034800090900     
  0.70495003464583417     
  0.70396675840214218     
  0.70229891754632412     
  0.70063107669050595     
  0.69960818336224195     
  0.69769595513592919     
  0.69578372690961632     
  0.69507687631655490     
  0.69393252363084845     
  0.69278817094514200     
  0.69207922151437229     
  0.69069390386620944     
  0.68930858621804658     
  0.68892350843526784     
  0.68838642572647157     
  0.68784934301767531     
  0.68750512350882742     
  0.68673065718840609     
  0.68595619086798454     
  0.68591621646281231     
  0.68603174667486289     
  0.68614727688691324     
  0.97068159597502135     
  0.96987419331012203     
  0.96906679064522272     
  0.96825938798032352     
  0.96590239638524267     
  0.96354540479016182     
  0.96118841319508097     
  0.95768219248598174     
  0.95417597177688251     
  0.95066975106778306     
  0.94632320898500755     
  0.94197666690223203     
  0.93763012481945640     
  0.93289398371558119     
  0.92815784261170620     
  0.92342170150783109     
  0.91853374798050813     
  0.91364579445318528     
  0.90875784092586231     
  0.90392904726624745     
  0.89910025360663259     
  0.89427145994701773     
  0.88961666551771268     
  0.88496187108840763     
  0.88030707665910257     
  0.87584583655953296     
  0.87138459645996336     
  0.86692335636039364     
  0.86272672363848746     
  0.85853009091658139     
  0.85433345819467521     
  0.85032598178032048     
  0.84631850536596565     
  0.84231102895161092     
  0.83856413491281034     
  0.83481724087400977     
  0.83107034683520908     
  0.82746053327354074     
  0.82385071971187229     
  0.82024090615020373     
  0.81685672014362898     
  0.81347253413705434     
  0.81008834813047947     
  0.80677517772567664     
  0.80346200732087369     
  0.80014883691607075     
  0.79702313181253781     
  0.79389742670900476     
  0.79077172160547182     
  0.78765057327683974     
  0.78452942494820799     
  0.78140827661957601     
  0.77844685586453810     
  0.77548543510950019     
  0.77252401435446238     
  0.76950626069418893     
  0.76648850703391558     
  0.76347075337364223     
  0.76060243391959714     
  0.75773411446555206     
  0.75486579501150708     
  0.75188833730039561     
  0.74891087958928404     
  0.74593342187817246     
  0.74311626038788781     
  0.74029909889760326     
  0.73748193740731871     
  0.73451179955779500     
  0.73154166170827151     
  0.72857152385874802     
  0.72579568266970274     
  0.72301984148065734     
  0.72024400029161206     
  0.71728043269244113     
  0.71431686509327019     
  0.71135329749409926     
  0.70864186328851952     
  0.70593042908293979     
  0.70321899487736006     
  0.70029391764608928     
  0.69736884041481839     
  0.69444376318354761     
  0.69185156438463546     
  0.68925936558572320     
  0.68666716678681106     
  0.68384372324785503     
  0.68102027970889889     
  0.67819683616994275     
  0.67580658393723825     
  0.67341633170453363     
  0.67102607947182924     
  0.66839447413536135     
  0.66576286879889346     
  0.66313126346242568     
  0.66104613383241650     
  0.65896100420240722     
  0.65687587457239793     
  0.65454556121732321     
  0.65221524786224838     
  0.64988493450717377     
  0.64821709365135560     
  0.64654925279553743     
  0.64488141193971937     
  0.64296918371340661     
  0.64105695548709385     
  0.63914472726078109     
  0.63800037457507475     
  0.63685602188936830     
  0.63571166920366196     
  0.63432635155549910     
  0.63294103390733625     
  0.63155571625917339     
  0.63101863355037724     
  0.63048155084158097     
  0.62994446813278471     
  0.62917000181236327     
  0.62839553549194171     
  0.62762106917152027     
  0.62773659938357085     
  0.62785212959562131     
  0.62796765980767189     
  0.96587759161150732     
  0.96507018894660823     
  0.96426278628170881     
  0.96307442959492850     
  0.96071743799984755     
  0.95836044640476681     
  0.95488695480372288     
  0.95138073409462343     
  0.94787451338552420     
  0.94275512643095216     
  0.93840858434817664     
  0.93406204226540135     
  0.92766168419509976     
  0.92292554309122465     
  0.91818940198734955     
  0.91130178524661010     
  0.90641383171928713     
  0.90152587819196439     
  0.89439446058978156     
  0.88956566693016681     
  0.88473687327055184     
  0.87775401719708634     
  0.87309922276778118     
  0.86844442833847679     
  0.86174289044935870     
  0.85728165034978909     
  0.85282041025021926     
  0.84643588619915167     
  0.84223925347724560     
  0.83804262075533953     
  0.83209379282252482     
  0.82808631640816999     
  0.82407883999381482     
  0.81842897109507962     
  0.81468207705627893     
  0.81093518301747769     
  0.80570758054727276     
  0.80209776698560420     
  0.79848795342393530     
  0.79348756451868563     
  0.79010337851211099     
  0.78671919250553557     
  0.78206535424337753     
  0.77875218383857470     
  0.77543901343377120     
  0.77093359029888708     
  0.76780788519535415     
  0.76468218009182176     
  0.76043475783385128     
  0.75731360950521920     
  0.75419246117658778     
  0.75002471069863463     
  0.74706328994359672     
  0.74410186918855947     
  0.74011432321861226     
  0.73709656955833891     
  0.73407881589806601     
  0.73011869886050063     
  0.72725037940645554     
  0.72438205995241101     
  0.72054526690793708     
  0.71756780919682561     
  0.71459035148571404     
  0.71074772863663349     
  0.70793056714634894     
  0.70511340565606428     
  0.70136128669296094     
  0.69839114884343745     
  0.69542101099391385     
  0.69164984725684131     
  0.68887400606779581     
  0.68609816487875053     
  0.68240856321411913     
  0.67944499561494820     
  0.67648142801577726     
  0.67277996185075628     
  0.67006852764517655     
  0.66735709343959682     
  0.66375051951876207     
  0.66082544228749129     
  0.65790036505622052     
  0.65430897978613767     
  0.65171678098722552     
  0.64912458218831337     
  0.64566144458894759     
  0.64283800104999134     
  0.64001455751103531     
  0.63661152645886165     
  0.63422127422615715     
  0.63183102199345265     
  0.62860684576735648     
  0.62597524043088859     
  0.62334363509442081     
  0.62023812553216717     
  0.61815299590215789     
  0.61606786627214871     
  0.61320537496406780     
  0.61087506160899308     
  0.60854474825391836     
  0.60586625866089616     
  0.60419841780507799     
  0.60253057694925993     
  0.60016738664887770     
  0.59825515842256483     
  0.59634293019625217     
  0.59422667226795645     
  0.59308231958225011     
  0.59193796689654377     
  0.59020941201455912     
  0.58882409436639627     
  0.58743877671823341     
  0.58600754340118333     
  0.58547046069238717     
  0.58493337798359091     
  0.58395209763026523     
  0.58317763130984357     
  0.58240316498942213     
  0.58174821515904274     
  0.58186374537109331     
  0.58197927558314366     
  0.58181519843820695     
  0.96107358724799330     
  0.96026618458309398     
  0.95907782789631368     
  0.95788947120953338     
  0.95553247961445242     
  0.95205898801340849     
  0.94858549641236456     
  0.94507927570326522     
  0.93995988874869330     
  0.93484050179412126     
  0.93049395971134585     
  0.92409360164104459     
  0.91769324357074333     
  0.91295710246686812     
  0.90606948572612866     
  0.89918186898538899     
  0.89429391545806625     
  0.88716249785588341     
  0.88003108025370091     
  0.87520228659408605     
  0.86821943052062034     
  0.86123657444715485     
  0.85658178001785013     
  0.84988024212873214     
  0.84317870423961483     
  0.83871746414004500     
  0.83233294008897740     
  0.82594841603790980     
  0.82175178331600385     
  0.81580295538318903     
  0.80985412745037444     
  0.80584665103601982     
  0.80019678213728396     
  0.79454691323854809     
  0.79080001919974796     
  0.78557241672954192     
  0.78034481425933644     
  0.77673500069766865     
  0.77173461179241787     
  0.76673422288716764     
  0.76335003688059333     
  0.75869619861843418     
  0.75404236035627570     
  0.75072918995147342     
  0.74622376681658820     
  0.74171834368170364     
  0.73859263857817059     
  0.73434521632020056     
  0.73009779406223063     
  0.72697664573359799     
  0.72280889525564607     
  0.71864114477769347     
  0.71567972402265512     
  0.71169217805270879     
  0.70770463208276224     
  0.70468687842248823     
  0.70072676138492396     
  0.69676664434735913     
  0.69389832489331349     
  0.69006153184884056     
  0.68622473880436718     
  0.68324728109325561     
  0.67940465824417517     
  0.67556203539509463     
  0.67274487390481008     
  0.66899275494170651     
  0.66524063597860317     
  0.66227049812907968     
  0.65849933439200703     
  0.65472817065493449     
  0.65195232946588910     
  0.64826272780125760     
  0.64457312613662621     
  0.64160955853745527     
  0.63790809237243440     
  0.63420662620741342     
  0.63149519200183368     
  0.62788861808099883     
  0.62428204416016420     
  0.62135696692889342     
  0.61776558165881057     
  0.61417419638872772     
  0.61158199758981546     
  0.60811885999044968     
  0.60465572239108401     
  0.60183227885212776     
  0.59842924779995421     
  0.59502621674778067     
  0.59263596451507616     
  0.58941178828897989     
  0.58618761206288372     
  0.58355600672641583     
  0.58045049716416230     
  0.57734498760190878     
  0.57525985797189960     
  0.57239736666381846     
  0.56953487535573755     
  0.56720456200066283     
  0.56452607240764074     
  0.56184758281461855     
  0.56017974195880049     
  0.55781655165841815     
  0.55545336135803602     
  0.55354113313172326     
  0.55142487520342753     
  0.54930861727513192     
  0.54816426458942547     
  0.54643570970744082     
  0.54470715482545629     
  0.54332183717729343     
  0.54189060386024335     
  0.54045937054319326     
  0.53992228783439700     
  0.53894100748107132     
  0.53795972712774565     
  0.53718526080732409     
  0.53653031097694470     
  0.53587536114656520     
  0.53599089135861566     
  0.53582681421367884     
  0.53566273706874201     
  0.95626958288447916     
  0.95508122619769886     
  0.95389286951091845     
  0.95270451282413804     
  0.94923102122309411     
  0.94575752962205017     
  0.94228403802100624     
  0.93716465106643443     
  0.93204526411186239     
  0.92692587715729036     
  0.92052551908698921     
  0.91412516101668806     
  0.90772480294638680     
  0.90083718620564723     
  0.89394956946490756     
  0.88706195272416799     
  0.87993053512198549     
  0.87279911751980288     
  0.86566769991762016     
  0.85868484384415467     
  0.85170198777068906     
  0.84471913169722346     
  0.83801759380810592     
  0.83131605591898827     
  0.82461451802987074     
  0.81822999397880325     
  0.81184546992773554     
  0.80546094587666794     
  0.79951211794385335     
  0.79356329001103876     
  0.78761446207822405     
  0.78196459317948819     
  0.77631472428075243     
  0.77066485538201668     
  0.76543725291181119     
  0.76020965044160549     
  0.75498204797140001     
  0.74998165906614989     
  0.74498127016089977     
  0.73998088125564954     
  0.73532704299349094     
  0.73067320473133224     
  0.72601936646917375     
  0.72151394333428909     
  0.71700852019940453     
  0.71250309706451997     
  0.70825567480654994     
  0.70400825254857990     
  0.69976083029060998     
  0.69559307981265750     
  0.69142532933470480     
  0.68725757885675220     
  0.68327003288680555     
  0.67928248691685877     
  0.67529494094691200     
  0.67133482390934729     
  0.66737470687178235     
  0.66341458983421753     
  0.65957779678974404     
  0.65574100374527056     
  0.65190421070079707     
  0.64806158785171664     
  0.64421896500263620     
  0.64037634215355566     
  0.63662422319045220     
  0.63287210422734885     
  0.62911998526424540     
  0.62534882152717286     
  0.62157765779010021     
  0.61780649405302768     
  0.61411689238839617     
  0.61042729072376467     
  0.60673768905913328     
  0.60303622289411229     
  0.59933475672909131     
  0.59563329056407044     
  0.59202671664323570     
  0.58842014272240095     
  0.58481356880156621     
  0.58122218353148336     
  0.57763079826140062     
  0.57403941299131767     
  0.57057627539195188     
  0.56711313779258621     
  0.56365000019322031     
  0.56024696914104666     
  0.55684393808887311     
  0.55344090703669957     
  0.55021673081060340     
  0.54699255458450713     
  0.54376837835841085     
  0.54066286879615733     
  0.53755735923390380     
  0.53445184967165027     
  0.53158935836356935     
  0.52872686705548833     
  0.52586437574740730     
  0.52318588615438522     
  0.52050739656136313     
  0.51782890696834094     
  0.51546571666795871     
  0.51310252636757647     
  0.51073933606719424     
  0.50862307813889851     
  0.50650682021060289     
  0.50439056228230728     
  0.50266200740032263     
  0.50093345251833798     
  0.49920489763635340     
  0.49777366431930326     
  0.49634243100225323     
  0.49491119768520314     
  0.49392991733187741     
  0.49294863697855174     
  0.49196735662522600     
  0.49131240679484656     
  0.49065745696446705     
  0.49000250713408766     
  0.48983842998915073     
  0.48967435284421384     
  0.48951027569927702     
  0.95149178253279743     
  0.95030342584601712     
  0.94911506915923693     
  0.94759059822550895     
  0.94411710662446491     
  0.94064361502342164     
  0.93620274073461551     
  0.93108335378004359     
  0.92596396682547177     
  0.91931959465250479     
  0.91291923658220353     
  0.90651887851190271     
  0.89834595448705590     
  0.89145833774631633     
  0.88457072100557688     
  0.87567042347710666     
  0.86853900587492405     
  0.86140758827274166     
  0.85231878517831050     
  0.84533592910484512     
  0.83835307303137974     
  0.82945362101519926     
  0.82275208312608183     
  0.81605054523696485     
  0.80759836998767298     
  0.80121384593660550     
  0.79482932188553801     
  0.78685611014009060     
  0.78090728220727601     
  0.77495845427446164     
  0.76759255686537742     
  0.76194268796664155     
  0.75629281906790646     
  0.74939870584542156     
  0.74417110337521597     
  0.73894350090501015     
  0.73261778654631504     
  0.72761739764106470     
  0.72261700873581514     
  0.71665620828472254     
  0.71200237002256406     
  0.70734853176040513     
  0.70185331474212265     
  0.69734789160723787     
  0.69284246847235398     
  0.68758608616404604     
  0.68333866390607612     
  0.67909124164810653     
  0.67419279931718856     
  0.67002504883923597     
  0.66585729836128316     
  0.66108458337748610     
  0.65709703740753933     
  0.65310949143759323     
  0.64860704183231843     
  0.64464692479475361     
  0.64068680775718856     
  0.63622194605302174     
  0.63238515300854825     
  0.62854835996407521     
  0.62429387071069664     
  0.62045124786161621     
  0.61660862501253577     
  0.61233188800731286     
  0.60857976904420952     
  0.60482765008110606     
  0.60072896103859219     
  0.59695779730151965     
  0.59318663356444734     
  0.58903424780620839     
  0.58534464614157700     
  0.58165504447694538     
  0.57767249802882770     
  0.57397103186380671     
  0.57026956569878573     
  0.56622945269770364     
  0.56262287877686901     
  0.55901630485603415     
  0.55515757384554776     
  0.55156618857546502     
  0.54797480330538206     
  0.54408120723687958     
  0.54061806963751380     
  0.53715493203814813     
  0.53346983349265098     
  0.53006680244047732     
  0.52666377138830367     
  0.52299154672598425     
  0.51976737049988797     
  0.51654319427379158     
  0.51311863207136432     
  0.51001312250911079     
  0.50690761294685727     
  0.50356558011087360     
  0.50070308880279268     
  0.49784059749471166     
  0.49479440492653037     
  0.49211591533350824     
  0.48943742574048626     
  0.48655911925890050     
  0.48419592895851826     
  0.48183273865813603     
  0.47930393373020241     
  0.47718767580190669     
  0.47507141787361096     
  0.47280096616183576     
  0.47107241127985111     
  0.46934385639786647     
  0.46747664903130010     
  0.46604541571424996     
  0.46461418239719987     
  0.46308607253296069     
  0.46210479217963496     
  0.46112351182630940     
  0.46004490200640180     
  0.45938995217602230     
  0.45873500234564285     
  0.45805039227877592     
  0.45788631513383904     
  0.45772223798890210     
  0.45751846593059203     
  0.94671398218111569     
  0.94552562549433572     
  0.94400115456060751     
  0.94247668362687975     
  0.93900319202583626     
  0.93456231773703013     
  0.93012144344822467     
  0.92500205649365297     
  0.91835768432068576     
  0.91171331214771911     
  0.90531295407741830     
  0.89714003005257159     
  0.88896710602772511     
  0.88207948928698576     
  0.87317919175851544     
  0.86427889423004545     
  0.85714747662786317     
  0.84805867353343189     
  0.83896987043900106     
  0.83198701436553579     
  0.82308756234935521     
  0.81418811033317517     
  0.80748657244405830     
  0.79903439719476654     
  0.79058222194547523     
  0.78419769789440807     
  0.77622448614896045     
  0.76825127440351348     
  0.76230244647069911     
  0.75493654906161478     
  0.74757065165253089     
  0.74192078275379503     
  0.73502666953131079     
  0.72813255630882634     
  0.72290495383862097     
  0.71657923947992530     
  0.71025352512122986     
  0.70525313621597951     
  0.69929233576488770     
  0.69333153531379565     
  0.68867769705163717     
  0.68318248003335413     
  0.67768726301507143     
  0.67318183988018654     
  0.66792545757187960     
  0.66266907526357222     
  0.65842165300560207     
  0.65352321067468466     
  0.64862476834376714     
  0.64445701786581466     
  0.63968430288201727     
  0.63491158789822000     
  0.63092404192827312     
  0.62642159232299910     
  0.62191914271772486     
  0.61795902568016015     
  0.61349416397599299     
  0.60902930227182583     
  0.60519250922735224     
  0.60093801997397445     
  0.59668353072059632     
  0.59284090787151578     
  0.58856417086629309     
  0.58428743386107018     
  0.58053531489796673     
  0.57643662585545297     
  0.57233793681293910     
  0.56856677307586678     
  0.56441438731762783     
  0.56026200155938921     
  0.55657239989475771     
  0.55258985344664002     
  0.54860730699852212     
  0.54490584083350124     
  0.54086572783241904     
  0.53682561483133684     
  0.53321904091050210     
  0.52936030990001581     
  0.52550157888952942     
  0.52191019361944646     
  0.51801659755094398     
  0.51412300148244139     
  0.51065986388307594     
  0.50697476533757857     
  0.50328966679208165     
  0.49988663573990794     
  0.49621441107758835     
  0.49254218641526876     
  0.48931801018917243     
  0.48589344798674516     
  0.48246888578431790     
  0.47936337622206437     
  0.47602134338608071     
  0.47267931055009704     
  0.46981681924201596     
  0.46677062667383473     
  0.46372443410565339     
  0.46104594451263148     
  0.45816763803104571     
  0.45528933154946005     
  0.45292614124907782     
  0.45039733632114420     
  0.44786853139321048     
  0.44575227346491475     
  0.44348182175313949     
  0.44121137004136424     
  0.43948281515937954     
  0.43761560779281328     
  0.43574840042624680     
  0.43431716710919666     
  0.43278905724495753     
  0.43126094738071818     
  0.43027966702739273     
  0.42920105720748503     
  0.42812244738757765     
  0.42746749755719815     
  0.42678288749033116     
  0.42609827742346418     
  0.42593420027852724     
  0.42573042822021717     
  0.42552665616190699     
  0.94193618182943395     
  0.94041171089570619     
  0.93888723996197843     
  0.93736276902825066     
  0.93292189473944509     
  0.92848102045063952     
  0.92404014616183383     
  0.91739577398886696     
  0.91075140181590031     
  0.90410702964293344     
  0.89593410561808706     
  0.88776118159324058     
  0.87958825756839409     
  0.87068796003992399     
  0.86178766251145411     
  0.85288736498298412     
  0.84379856188855318     
  0.83470975879412235     
  0.82562095569969141     
  0.81672150368351126     
  0.80782205166733112     
  0.79892259965115098     
  0.79047042440185988     
  0.78201824915256868     
  0.77356607390327758     
  0.76559286215783040     
  0.75761965041238333     
  0.74964643866693614     
  0.74228054125785214     
  0.73491464384876815     
  0.72754874643968415     
  0.72065463321719991     
  0.71376051999471557     
  0.70686640677223123     
  0.70054069241353578     
  0.69421497805484034     
  0.68788926369614478     
  0.68192846324505274     
  0.67596766279396070     
  0.67000686234286866     
  0.66451164532458584     
  0.65901642830630303     
  0.65352121128802021     
  0.64826482897971283     
  0.64300844667140555     
  0.63775206436309817     
  0.63285362203218065     
  0.62795517970126313     
  0.62305673737034573     
  0.61828402238654845     
  0.61351130740275117     
  0.60873859241895389     
  0.60423614281367977     
  0.59973369320840542     
  0.59523124360313129     
  0.59076638189896424     
  0.58630152019479720     
  0.58183665849063004     
  0.57758216923725203     
  0.57332767998387391     
  0.56907319073049589     
  0.56479645372527310     
  0.56051971672005019     
  0.55624297971482739     
  0.55214429067231352     
  0.54804560162979965     
  0.54394691258728589     
  0.53979452682904727     
  0.53564214107080854     
  0.53148975531256992     
  0.52750720886445213     
  0.52352466241633433     
  0.51954211596821653     
  0.51550200296713444     
  0.51146188996605213     
  0.50742177696497004     
  0.50356304595448365     
  0.49970431494399725     
  0.49584558393351086     
  0.49195198786500838     
  0.48805839179650579     
  0.48416479572800325     
  0.48047969718250627     
  0.47679459863700924     
  0.47310950009151215     
  0.46943727542919245     
  0.46576505076687280     
  0.46209282610455327     
  0.45866826390212601     
  0.45524370169969863     
  0.45181913949727137     
  0.44847710666128771     
  0.44513507382530404     
  0.44179304098932032     
  0.43874684842113904     
  0.43570065585295770     
  0.43265446328477641     
  0.42977615680319081     
  0.42689785032160527     
  0.42401954384001961     
  0.42149073891208594     
  0.41896193398415227     
  0.41643312905621860     
  0.41416267734444323     
  0.41189222563266792     
  0.40962177392089261     
  0.40775456655432629     
  0.40588735918775987     
  0.40402015182119344     
  0.40249204195695421     
  0.40096393209271491     
  0.39943582222847568     
  0.39835721240856825     
  0.39727860258866082     
  0.39619999276875334     
  0.39551538270188630     
  0.39483077263501931     
  0.39414616256815233     
  0.39394239050984214     
  0.39373861845153207     
  0.39353484639322195     
  0.93732280147834102     
  0.93579833054461337     
  0.93427385961088549     
  0.93243301462755812     
  0.92799214033875255     
  0.92355126604994708     
  0.91819778713938061     
  0.91155341496641384     
  0.90490904279344708     
  0.89696762995606383     
  0.88879470593121734     
  0.88062178190637108     
  0.87077722146048187     
  0.86187692393201187     
  0.85297662640354188     
  0.84240224192778457     
  0.83331343883335374     
  0.82422463573892291     
  0.81340160711230303     
  0.80450215509612288     
  0.79560270307994274     
  0.78514406046361040     
  0.77669188521431931     
  0.76823970996502866     
  0.75836843334644233     
  0.75039522160099525     
  0.74242200985554807     
  0.73322783713741591     
  0.72586193972833191     
  0.71849604231924791     
  0.71011061056562619     
  0.70321649734314184     
  0.69632238412065706     
  0.68857796710257890     
  0.68225225274388335     
  0.67592653838518735     
  0.66892982891705211     
  0.66296902846596006     
  0.65700822801486758     
  0.65051176207983330     
  0.64501654506155048     
  0.63952132804326722     
  0.63361507595671718     
  0.62835869364840979     
  0.62310231134010208     
  0.61754752704466487     
  0.61264908471374746     
  0.60775064238283039     
  0.60261938330750797     
  0.59784666832371069     
  0.59307395333991386     
  0.58817194660365713     
  0.58366949699838289     
  0.57916704739310909     
  0.57454857775024193     
  0.57008371604607488     
  0.56561885434190817     
  0.56114301016280843     
  0.55688852090943031     
  0.55263403165605274     
  0.54833778465752170     
  0.54406104765229890     
  0.53978431064707610     
  0.53557891495719123     
  0.53148022591467736     
  0.52738153687216360     
  0.52328522887754458     
  0.51913284311930596     
  0.51498045736106723     
  0.51095448265277987     
  0.50697193620466208     
  0.50298938975654428     
  0.49902923965192858     
  0.49498912665084643     
  0.49094901364976429     
  0.48706613833868606     
  0.48320740732819967     
  0.47934867631771333     
  0.47551028547991736     
  0.47161668941141477     
  0.46772309334291229     
  0.46399315530469359     
  0.46030805675919662     
  0.45662295821369947     
  0.45293575003166497     
  0.44926352536934533     
  0.44559130070702568     
  0.44206518292845176     
  0.43864062072602450     
  0.43521605852359713     
  0.43175150546083008     
  0.42840947262484635     
  0.42506743978886263     
  0.42183490123513778     
  0.41878870866695650     
  0.41574251609877527     
  0.41261344165202102     
  0.40973513517043542     
  0.40685682868884981     
  0.40404384710830804     
  0.40151504218037432     
  0.39898623725244070     
  0.39634132319354870     
  0.39407087148177339     
  0.39180041976999802     
  0.38955987444194362     
  0.38769266707537725     
  0.38582545970881083     
  0.38383215890919664     
  0.38230404904495735     
  0.38077593918071817     
  0.37926570697000700     
  0.37818709715009952     
  0.37710848733019209     
  0.37592214617791908     
  0.37523753611105204     
  0.37455292604418500     
  0.37390169134895790     
  0.37369791929064772     
  0.37349414723233759     
  0.37322110121342567     
  0.93270942112724819     
  0.93118495019352054     
  0.92934410521019317     
  0.92750326022686580     
  0.92306238593806011     
  0.91770890702749375     
  0.91235542811692749     
  0.90571105594396073     
  0.89776964310657736     
  0.88982823026919422     
  0.88165530624434785     
  0.87181074579845852     
  0.86196618535256964     
  0.85306588782409953     
  0.84249150334834233     
  0.83191711887258490     
  0.82282831577815418     
  0.81200528715153431     
  0.80118225852491454     
  0.79228280650873439     
  0.78182416389240228     
  0.77136552127606994     
  0.76291334602677907     
  0.75304206940819296     
  0.74317079278960718     
  0.73519758104416011     
  0.72600340832602783     
  0.71680923560789556     
  0.70944333819881167     
  0.70105790644518984     
  0.69267247469156823     
  0.68577836146908389     
  0.67803394445100529     
  0.67028952743292658     
  0.66396381307423136     
  0.65696710360609523     
  0.64997039413795954     
  0.64400959368686805     
  0.63751312775183278     
  0.63101666181679805     
  0.62552144479851557     
  0.61961519271196464     
  0.61370894062541415     
  0.60845255831710732     
  0.60289777402166933     
  0.59734298972623168     
  0.59244454739531416     
  0.58731328831999219     
  0.58218202924467033     
  0.57740931426087250     
  0.57250730752461676     
  0.56760530078836036     
  0.56310285118308578     
  0.55848438154021940     
  0.55386591189735268     
  0.54940105019318519     
  0.54492520601408623     
  0.54044936183498693     
  0.53619487258160847     
  0.53189862558307810     
  0.52760237858454762     
  0.52332564157932471     
  0.51912024588943995     
  0.51491485019955507     
  0.51081616115704120     
  0.50671985316242230     
  0.50262354516780339     
  0.49847115940956466     
  0.49444518470127724     
  0.49041920999298988     
  0.48643666354487203     
  0.48247651344025633     
  0.47851636333564074     
  0.47447625033455859     
  0.47059337502348031     
  0.46671049971240208     
  0.46285176870191569     
  0.45901337786411978     
  0.45517498702632381     
  0.45128139095782127     
  0.44755145291960263     
  0.44382151488138394     
  0.44013641633588685     
  0.43644920815385235     
  0.43276199997181786     
  0.42908977530949821     
  0.42556365753092423     
  0.42203753975235037     
  0.41861297754992305     
  0.41514842448715583     
  0.41168387142438878     
  0.40834183858840506     
  0.40510930003468021     
  0.40187676148095536     
  0.39883056891277407     
  0.39570149446601988     
  0.39257242001926562     
  0.38969411353768002     
  0.38688113195713825     
  0.38406815037659647     
  0.38153934544866280     
  0.37889443138977075     
  0.37624951733087886     
  0.37397906561910355     
  0.37173852029104903     
  0.36949797496299469     
  0.36763076759642827     
  0.36563746679681408     
  0.36364416599719984     
  0.36211605613296061     
  0.36060582392224949     
  0.35909559171153838     
  0.35801698189163078     
  0.35683064073935783     
  0.35564429958708477     
  0.35495968952021778     
  0.35430845482499063     
  0.35365722012976347     
  0.35345344807145335     
  0.35318040205254136     
  0.35290735603362949     
  0.92809604077615526     
  0.92625519579282800     
  0.92441435080950063     
  0.92257350582617326     
  0.91722002691560689     
  0.91186654800504063     
  0.90651306909447427     
  0.89857165625709101     
  0.89063024341970776     
  0.88268883058232450     
  0.87284427013643551     
  0.86299970969054640     
  0.85315514924465741     
  0.84258076476890009     
  0.83200638029314278     
  0.82143199581738546     
  0.81060896719076569     
  0.79978593856414593     
  0.78896290993752616     
  0.77850426732119393     
  0.76804562470486171     
  0.75758698208852948     
  0.74771570546994359     
  0.73784442885135781     
  0.72797315223277204     
  0.71877897951463976     
  0.70958480679650748     
  0.70039063407837521     
  0.69200520232475360     
  0.68361977057113188     
  0.67523433881751016     
  0.66748992179943145     
  0.65974550478135274     
  0.65200108776327415     
  0.64500437829513846     
  0.63800766882700255     
  0.63101095935886686     
  0.62451449342383214     
  0.61801802748879742     
  0.61152156155376269     
  0.60561530946721220     
  0.59970905738066160     
  0.59380280529411111     
  0.58824802099867346     
  0.58269323670323603     
  0.57713845240779837     
  0.57200719333247640     
  0.56687593425715443     
  0.56174467518183258     
  0.55684266844557628     
  0.55194066170931988     
  0.54703865497306359     
  0.54242018533019687     
  0.53780171568733004     
  0.53318324604446332     
  0.52870740186536391     
  0.52423155768626462     
  0.51975571350716532     
  0.51545946650863461     
  0.51116321951010402     
  0.50686697251157331     
  0.50266157682168844     
  0.49845618113180368     
  0.49425078544191886     
  0.49015447744729995     
  0.48605816945268099     
  0.48196186145806202     
  0.47793588674977461     
  0.47390991204148725     
  0.46988393733319983     
  0.46592378722858419     
  0.46196363712396848     
  0.45800348701935284     
  0.45412061170827456     
  0.45023773639719633     
  0.44635486108611805     
  0.44251647024832214     
  0.43867807941052617     
  0.43483968857273020     
  0.43110975053451150     
  0.42737981249629292     
  0.42364987445807423     
  0.41996266627603973     
  0.41627545809400524     
  0.41258824991197063     
  0.40906213213339665     
  0.40553601435482278     
  0.40200989657624892     
  0.39854534351348181     
  0.39508079045071454     
  0.39161623738794737     
  0.38838369883422252     
  0.38515116028049778     
  0.38191862172677288     
  0.37878954728001868     
  0.37566047283326442     
  0.37253139838651017     
  0.36971841680596845     
  0.36690543522542668     
  0.36409245364488491     
  0.36144753958599291     
  0.35880262552710085     
  0.35615771146820890     
  0.35391716614015450     
  0.35167662081210010     
  0.34943607548404571     
  0.34744277468443152     
  0.34544947388481728     
  0.34345617308520304     
  0.34194594087449187     
  0.34043570866378076     
  0.33892547645306959     
  0.33773913530079658     
  0.33655279414852357     
  0.33536645299625051     
  0.33471521830102335     
  0.33406398360579620     
  0.33341274891056905     
  0.33313970289165712     
  0.33286665687274519     
  0.33259361085383327     
  0.92352021938965301     
  0.92167937440632564     
  0.91983852942299826     
  0.91774956309222644     
  0.91239608418166007     
  0.90704260527109404     
  0.90096638493356451     
  0.89302497209618115     
  0.88508355925879800     
  0.87597704874692350     
  0.86613248830103462     
  0.85628792785514585     
  0.84515245608514911     
  0.83457807160939179     
  0.82400368713363448     
  0.81193064473240595     
  0.80110761610578629     
  0.79028458747916641     
  0.77810815901278096     
  0.76764951639644874     
  0.75719087378011651     
  0.74543804867065999     
  0.73556677205207432     
  0.72569549543348910     
  0.71476782438355202     
  0.70557365166541974     
  0.69637947894728747     
  0.68631732417067970     
  0.67793189241705798     
  0.66954646066343626     
  0.66051383663477314     
  0.65276941961669444     
  0.64502500259861628     
  0.63683020504828192     
  0.62983349558014623     
  0.62283678611200999     
  0.61555851852751675     
  0.60906205259248192     
  0.60256558665744775     
  0.59594208498752776     
  0.59003583290097716     
  0.58412958081442623     
  0.57821370660400628     
  0.57265892230856874     
  0.56710413801313164     
  0.56164431852372343     
  0.55651305944840157     
  0.55138180037308004     
  0.54642299148029028     
  0.54152098474403387     
  0.53661897800777725     
  0.53195404044649264     
  0.52733557080362592     
  0.52271710116075965     
  0.51838379266662848     
  0.51390794848752908     
  0.50943210430842945     
  0.50527968444178206     
  0.50098343744325136     
  0.49668719044472109     
  0.49273833024219460     
  0.48853293455230978     
  0.48432753886242502     
  0.48049271624459344     
  0.47639640824997442     
  0.47230010025535551     
  0.46857395158716042     
  0.46454797687887300     
  0.46052200217058564     
  0.45688208547598513     
  0.45292193537136943     
  0.44896178526675379     
  0.44535863967726758     
  0.44147576436618929     
  0.43759288905511107     
  0.43408130533761086     
  0.43024291449981489     
  0.42640452366201897     
  0.42287369309177331     
  0.41914375505355461     
  0.41541381701533597     
  0.41201019402761613     
  0.40832298584558158     
  0.40463577766354708     
  0.40117136541973031     
  0.39764524764115627     
  0.39411912986258246     
  0.39084815926003241     
  0.38738360619726531     
  0.38391905313449803     
  0.38056489644048236     
  0.37733235788675751     
  0.37409981933303271     
  0.37103734406549416     
  0.36790826961873996     
  0.36477919517198576     
  0.36163817669428122     
  0.35882519511373945     
  0.35601221353319773     
  0.35329145690665720     
  0.35064654284776520     
  0.34800162878887320     
  0.34523843613378902     
  0.34299789080573456     
  0.34075734547768022     
  0.33856300360149238     
  0.33656970280187820     
  0.33457640200226396     
  0.33240013359038328     
  0.33088990137967211     
  0.32937966916896100     
  0.32791814891336268     
  0.32673180776108968     
  0.32554546660881661     
  0.32416556803089280     
  0.32351433333566559     
  0.32286309864043850     
  0.32230860291133201     
  0.32203555689242003     
  0.32176251087350816     
  0.32132875546716172     
  0.91894439800315064     
  0.91710355301982327     
  0.91501458668905133     
  0.91292562035827962     
  0.90757214144771325     
  0.90149592111018406     
  0.89541970077265465     
  0.88747828793527139     
  0.87837177742339689     
  0.86926526691152251     
  0.85942070646563362     
  0.84828523469563710     
  0.83714976292564081     
  0.82657537844988349     
  0.81450233604865507     
  0.80242929364742666     
  0.79160626502080689     
  0.77942983655442133     
  0.76725340808803577     
  0.75679476547170355     
  0.74504194036224713     
  0.73328911525279072     
  0.72341783863420528     
  0.71249016758426842     
  0.70156249653433200     
  0.69236832381619973     
  0.68230616903959196     
  0.67224401426298419     
  0.66385858250936247     
  0.65482595848069924     
  0.64579333445203602     
  0.63804891743395742     
  0.62985411988362339     
  0.62165932233328969     
  0.61466261286515433     
  0.60738434528066021     
  0.60010607769616653     
  0.59360961176113136     
  0.58698611009121227     
  0.58036260842129272     
  0.57445635633474257     
  0.56854048212432184     
  0.56262460791390145     
  0.55706982361846347     
  0.55161000412905614     
  0.54615018463964859     
  0.54101892556432662     
  0.53606011667153730     
  0.53110130777874798     
  0.52619930104249202     
  0.52153436348120663     
  0.51686942591992180     
  0.51225095627705464     
  0.50791764778292425     
  0.50358433928879354     
  0.49910849510969457     
  0.49495607524304647     
  0.49080365537639870     
  0.48650740837786777     
  0.48255854817534194     
  0.47860968797281589     
  0.47440429228293102     
  0.47056946966509944     
  0.46673464704726786     
  0.46263833905264895     
  0.45891219038445386     
  0.45518604171625876     
  0.45116006700797140     
  0.44752015031337089     
  0.44388023361877038     
  0.43992008351415468     
  0.43631693792466841     
  0.43271379233518226     
  0.42883091702410403     
  0.42531933330660376     
  0.42180774958910361     
  0.41796935875130770     
  0.41443852818106203     
  0.41090769761081636     
  0.40717775957259766     
  0.40377413658487782     
  0.40037051359715797     
  0.39668330541512342     
  0.39321889317130665     
  0.38975448092748988     
  0.38622836314891595     
  0.38295739254636585     
  0.37968642194381585     
  0.37622186888104869     
  0.37286771218703296     
  0.36951355549301729     
  0.36628101693929244     
  0.36321854167175394     
  0.36015606640421538     
  0.35702699195746118     
  0.35388597347975670     
  0.35074495500205227     
  0.34793197342151050     
  0.34521121679497002     
  0.34249046016842943     
  0.33984554610953743     
  0.33708235345445325     
  0.33431916079936908     
  0.33207861547131468     
  0.32988427359512684     
  0.32768993171893906     
  0.32569663091932488     
  0.32352036250744415     
  0.32134409409556353     
  0.31983386188485236     
  0.31837234162925399     
  0.31691082137365578     
  0.31572448022138266     
  0.31434458164345891     
  0.31296468306553504     
  0.31231344837030789     
  0.31175895264120135     
  0.31120445691209486     
  0.31093141089318299     
  0.31049765548683655     
  0.31006390008049017     
  0.91436857661664817     
  0.91227961028587634     
  0.91019064395510463     
  0.90810167762433280     
  0.90202545728680339     
  0.89594923694927420     
  0.88987301661174489     
  0.88076650609987062     
  0.87165999558799623     
  0.86255348507612151     
  0.85141801330612510     
  0.84028254153612880     
  0.82914706976613239     
  0.81707402736490420     
  0.80500098496367567     
  0.79292794256244736     
  0.78075151409606192     
  0.76857508562967625     
  0.75639865716329080     
  0.74464583205383428     
  0.73289300694437798     
  0.72114018183492135     
  0.71021251078498493     
  0.69928483973504840     
  0.68835716868511199     
  0.67829501390850433     
  0.66823285913189656     
  0.65817070435528868     
  0.64913808032662557     
  0.64010545629796223     
  0.63107283226929900     
  0.62287803471896508     
  0.61468323716863127     
  0.60648843961829735     
  0.59921017203380378     
  0.59193190444930999     
  0.58465363686481631     
  0.57803013519489677     
  0.57140663352497723     
  0.56478313185505769     
  0.55886725764463741     
  0.55295138343421701     
  0.54703550922379662     
  0.54157568973438897     
  0.53611587024498131     
  0.53065605075557365     
  0.52569724186278433     
  0.52073843296999500     
  0.51577962407720568     
  0.51111468651592074     
  0.50644974895463579     
  0.50178481139335085     
  0.49745150289922013     
  0.49311819440508936     
  0.48878488591095870     
  0.48463246604431098     
  0.48048004617766316     
  0.47632762631101544     
  0.47237876610848928     
  0.46842990590596323     
  0.46448104570343712     
  0.46064622308560554     
  0.45681140046777402     
  0.45297657784994239     
  0.44925042918174735     
  0.44552428051355225     
  0.44179813184535716     
  0.43815821515075670     
  0.43451829845615619     
  0.43087838176155563     
  0.42727523617206936     
  0.42367209058258315     
  0.42006894499309699     
  0.41655736127559678     
  0.41304577755809652     
  0.40953419384059636     
  0.40600336327035069     
  0.40247253270010502     
  0.39894170212985935     
  0.39553807914213956     
  0.39213445615441966     
  0.38873083316669987     
  0.38526642092288310     
  0.38180200867906633     
  0.37833759643524950     
  0.37506662583269945     
  0.37179565523014935     
  0.36852468462759935     
  0.36517052793358362     
  0.36181637123956789     
  0.35846221454555222     
  0.35539973927801372     
  0.35233726401047516     
  0.34927478874293666     
  0.34613377026523218     
  0.34299275178752775     
  0.33985173330982327     
  0.33713097668328273     
  0.33441022005674226     
  0.33168946343020173     
  0.32892627077511749     
  0.32616307812003331     
  0.32339988546494913     
  0.32120554358876136     
  0.31901120171257352     
  0.31681685983638574     
  0.31464059142450507     
  0.31246432301262439     
  0.31028805460074371     
  0.30882653434514540     
  0.30736501408954708     
  0.30590349383394877     
  0.30452359525602496     
  0.30314369667810115     
  0.30176379810017734     
  0.30120930237107080     
  0.30065480664196431     
  0.30010031091285783     
  0.29966655550651145     
  0.29923280010016501     
  0.29879904469381863     
  0.91002506383100479     
  0.90793609750023307     
  0.90584713116946114     
  0.90353041993303673     
  0.89745419959550743     
  0.89137797925797835     
  0.88465759017905088     
  0.87555107966717638     
  0.86644456915530199     
  0.85644714194197713     
  0.84531167017198072     
  0.83417619840198465     
  0.82185917835625255     
  0.80978613595502413     
  0.79771309355379572     
  0.78454269434124568     
  0.77236626587486024     
  0.76018983740847479     
  0.74687781153119304     
  0.73512498642173663     
  0.72337216131228022     
  0.71072125938635344     
  0.69979358833641692     
  0.68886591728648106     
  0.67718554930022412     
  0.66712339452361635     
  0.65706123974700859     
  0.64649013994770232     
  0.63745751591903899     
  0.62842489189037587     
  0.61908188817624743     
  0.61088709062591362     
  0.60269229307557937     
  0.59438065949672092     
  0.58710239191222713     
  0.57982412432773300     
  0.57259610227869173     
  0.56597260060877219     
  0.55934909893885232     
  0.55291312417455829     
  0.54699724996413779     
  0.54108137575371706     
  0.53546085064574622     
  0.53000103115633856     
  0.52454121166693057     
  0.51947027009461255     
  0.51451146120182323     
  0.50955265230903424     
  0.50503543942049811     
  0.50037050185921317     
  0.49570556429792856     
  0.49154534577923936     
  0.48721203728510865     
  0.48287872879097832     
  0.47906228062462330     
  0.47490986075797559     
  0.47075744089132820     
  0.46716195563347385     
  0.46321309543094769     
  0.45926423522842197     
  0.45585772256684154     
  0.45202289994900990     
  0.44818807733117838     
  0.44491328259963325     
  0.44118713393143816     
  0.43746098526324312     
  0.43426351014796116     
  0.43062359345336065     
  0.42698367675876014     
  0.42386328730864875     
  0.42026014171916243     
  0.41665699612967622     
  0.41353246734802768     
  0.41002088363052747     
  0.40650929991302720     
  0.40343322185144004     
  0.39990239128119431     
  0.39637156071094864     
  0.39323328358678544     
  0.38982966059906560     
  0.38642603761134586     
  0.38333090688390364     
  0.37986649464008687     
  0.37640208239627004     
  0.37321244799878500     
  0.36994147739623484     
  0.36667050679368485     
  0.36354564120332389     
  0.36019148450930821     
  0.35683732781529248     
  0.35362235953017657     
  0.35055988426263801     
  0.34749740899509951     
  0.34440326913455410     
  0.34126225065684962     
  0.33812123217914514     
  0.33499202506266151     
  0.33227126843612098     
  0.32955051180958045     
  0.32663809769614438     
  0.32387490504106015     
  0.32111171238597597     
  0.31827528192829235     
  0.31608094005210452     
  0.31388659817591674     
  0.31139766642961897     
  0.30922139801773829     
  0.30704512960585761     
  0.30478261377624827     
  0.30332109352064995     
  0.30185957326505164     
  0.30008744804700588     
  0.29870754946908207     
  0.29732765089115820     
  0.29592861772306872     
  0.29537412199396218     
  0.29481962626485569     
  0.29402758508633753     
  0.29359382967999115     
  0.29316007427364471     
  0.29283033969571870     
  0.90568155104536152     
  0.90359258471458970     
  0.90127587347816529     
  0.89895916224174077     
  0.89288294190421147     
  0.88616255282528433     
  0.87944216374635698     
  0.87033565323448248     
  0.86033822602115761     
  0.85034079880783286     
  0.83920532703783657     
  0.82688830699210458     
  0.81457128694637260     
  0.80249824454514407     
  0.78932784533259426     
  0.77615744612004423     
  0.76398101765365878     
  0.75066899177637714     
  0.73735696589909550     
  0.72560414078963908     
  0.71295323886371231     
  0.70030233693778554     
  0.68937466588784935     
  0.67769429790159263     
  0.66601392991533626     
  0.65595177513872849     
  0.64538067533942223     
  0.63480957554011597     
  0.62577695151145285     
  0.61643394779732430     
  0.60709094408319597     
  0.59889614653286216     
  0.59058451295400327     
  0.58227287937514438     
  0.57499461179065092     
  0.56776658974160887     
  0.56053856769256716     
  0.55391506602264817     
  0.54747909125835326     
  0.54104311649405878     
  0.53512724228363873     
  0.52950671717566711     
  0.52388619206769593     
  0.51842637257828872     
  0.51335543100596981     
  0.50828448943365134     
  0.50332568054086202     
  0.49880846765232623     
  0.49429125476379060     
  0.48962631720250527     
  0.48546609868381685     
  0.48130588016512799     
  0.47697257167099694     
  0.47315612350464265     
  0.46933967533828802     
  0.46518725547163992     
  0.46159177021378628     
  0.45799628495593225     
  0.45404742475340576     
  0.45064091209182600     
  0.44723439943024601     
  0.44339957681241438     
  0.44012478208086925     
  0.43684998734932412     
  0.43312383868112908     
  0.42992636356584701     
  0.42672888845056511     
  0.42308897175596460     
  0.41996858230585321     
  0.41684819285574182     
  0.41324504726625555     
  0.41012051848460690     
  0.40699598970295836     
  0.40348440598545815     
  0.40040832792387093     
  0.39733224986228372     
  0.39380141929203805     
  0.39066314216787479     
  0.38752486504371159     
  0.38412124205599174     
  0.38102611132854958     
  0.37793098060110747     
  0.37446656835729064     
  0.37127693395980560     
  0.36808729956232050     
  0.36481632895977040     
  0.36169146336940944     
  0.35856659777904848     
  0.35521244108503280     
  0.35199747279991678     
  0.34878250451480092     
  0.34572002924726242     
  0.34262588938671701     
  0.33953174952617154     
  0.33639073104846706     
  0.33326152393198338     
  0.33013231681549976     
  0.32741156018895923     
  0.32449914607552310     
  0.32158673196208709     
  0.31882353930700280     
  0.31598710884931913     
  0.31315067839163557     
  0.31095633651544780     
  0.30846740476914997     
  0.30597847302285219     
  0.30380220461097152     
  0.30153968878136217     
  0.29927717295175282     
  0.29781565269615451     
  0.29604352747810869     
  0.29427140226006288     
  0.29289150368213906     
  0.29149247051404958     
  0.29009343734596005     
  0.28953894161685356     
  0.28874690043833540     
  0.28795485925981729     
  0.28752110385347085     
  0.28719136927554484     
  0.28686163469761883     
  0.90133803825971803     
  0.89902132702329363     
  0.89670461578686922     
  0.89438790455044470     
  0.88766751547151745     
  0.88094712639259032     
  0.87422673731366296     
  0.86422931010033821     
  0.85423188288701324     
  0.84423445567368838     
  0.83191743562795650     
  0.81960041558222452     
  0.80728339553649264     
  0.79411299632394272     
  0.78094259711139280     
  0.76777219789884277     
  0.75446017202156124     
  0.74114814614427960     
  0.72783612026699795     
  0.71518521834107118     
  0.70253431641514441     
  0.68988341448921764     
  0.67820304650296115     
  0.66652267851670477     
  0.65484231053044839     
  0.64427121073114213     
  0.63370011093183587     
  0.62312901113252961     
  0.61378600741840117     
  0.60444300370427284     
  0.59509999999014440     
  0.58678836641128551     
  0.57847673283242662     
  0.57016509925356773     
  0.56293707720452602     
  0.55570905515548430     
  0.54848103310644258     
  0.54204505834214811     
  0.53560908357785375     
  0.52917310881355928     
  0.52355258370558810     
  0.51793205859761671     
  0.51231153348964553     
  0.50724059191732707     
  0.50216965034500871     
  0.49709870877269025     
  0.49258149588415456     
  0.48806428299561877     
  0.48354707010708303     
  0.47938685158839422     
  0.47522663306970536     
  0.47106641455101655     
  0.46724996638466193     
  0.46343351821830725     
  0.45961707005195263     
  0.45602158479409866     
  0.45242609953624463     
  0.44883061427839060     
  0.44542410161681051     
  0.44201758895523047     
  0.43861107629365037     
  0.43533628156210524     
  0.43206148683056017     
  0.42878669209901499     
  0.42558921698373303     
  0.42239174186845108     
  0.41919426675316906     
  0.41607387730305767     
  0.41295348785294628     
  0.40983309840283488     
  0.40670856962118623     
  0.40358404083953758     
  0.40045951205788899     
  0.39738343399630172     
  0.39430735593471455     
  0.39123127787312734     
  0.38809300074896413     
  0.38495472362480088     
  0.38181644650063762     
  0.37872131577319551     
  0.37562618504575340     
  0.37253105431831124     
  0.36934141992082614     
  0.36615178552334104     
  0.36296215112585595     
  0.35983728553549493     
  0.35671241994513397     
  0.35358755435477301     
  0.35037258606965710     
  0.34715761778454113     
  0.34394264949942521     
  0.34084850963887975     
  0.33775436977833440     
  0.33466022991778893     
  0.33153102280130531     
  0.32840181568482163     
  0.32527260856833795     
  0.32236019445490188     
  0.31944778034146576     
  0.31653536622802969     
  0.31369893577034602     
  0.31086250531266235     
  0.30802607485497874     
  0.30553714310868096     
  0.30304821136238314     
  0.30055927961608542     
  0.29829676378647607     
  0.29603424795686673     
  0.29377173212725732     
  0.29199960690921156     
  0.29022748169116575     
  0.28845535647311993     
  0.28705632330503045     
  0.28565729013694097     
  0.28425825696885143     
  0.28346621579033326     
  0.28267417461181510     
  0.28188213343329699     
  0.28155239885537098     
  0.28122266427744491     
  0.28089292969951890     
  0.89704022640163017     
  0.89472351516520598     
  0.89240680392878180     
  0.88994143601989240     
  0.88322104694096515     
  0.87650065786203846     
  0.86933378639204695     
  0.85933635917872220     
  0.84933893196539767     
  0.83859065435481828     
  0.82627363430908618     
  0.81395661426335497     
  0.80087397073828070     
  0.78770357152573078     
  0.77453317231318120     
  0.76042355691437469     
  0.74711153103709305     
  0.73379950515981185     
  0.71974392627704797     
  0.70709302435112131     
  0.69444212242519487     
  0.68109937089427974     
  0.66941900290802336     
  0.65773863492176687     
  0.64562214310580168     
  0.63505104330649553     
  0.62447994350718949     
  0.61365150220555242     
  0.60430849849142410     
  0.59496549477729599     
  0.58558013062801773     
  0.57726849704915884     
  0.56895686347029983     
  0.56078900434356926     
  0.55356098229452755     
  0.54633296024548561     
  0.53939169146683585     
  0.53295571670254138     
  0.52651974193824702     
  0.52051004276801494     
  0.51488951766004365     
  0.50926899255207225     
  0.50415218988041399     
  0.49908124830809564     
  0.49401030673577717     
  0.48952989851282569     
  0.48501268562429001     
  0.48049547273575421     
  0.47659731617798540     
  0.47243709765929665     
  0.46827687914060762     
  0.46478231904059714     
  0.46096587087424257     
  0.45714942270788783     
  0.45399153699725203     
  0.45039605173939806     
  0.44680056648154387     
  0.44388415335527165     
  0.44047764069369155     
  0.43707112803211146     
  0.43430746917465646     
  0.43103267444311133     
  0.42775787971156620     
  0.42512966060669044     
  0.42193218549140843     
  0.41873471037612653     
  0.41611946645638298     
  0.41299907700627159     
  0.40987868755616041     
  0.40733167207048393     
  0.40420714328883534     
  0.40108261450718663     
  0.39843734432425232     
  0.39536126626266521     
  0.39228518820107783     
  0.38966862070683361     
  0.38653034358267041     
  0.38339206645850715     
  0.38058833013458726     
  0.37749319940714515     
  0.37439806867970310     
  0.37160969856036286     
  0.36842006416287776     
  0.36523042976539288     
  0.36219446786343190     
  0.35906960227307089     
  0.35594473668270993     
  0.35294556900630580     
  0.34973060072118983     
  0.34651563243607392     
  0.34325456541383892     
  0.34016042555329346     
  0.33706628569274805     
  0.33391333867273704     
  0.33078413155625341     
  0.32765492443976973     
  0.32429363021182145     
  0.32138121609838538     
  0.31846880198494942     
  0.31534924886109383     
  0.31251281840341016     
  0.30967638794572649     
  0.30648034850762768     
  0.30399141676132996     
  0.30150248501503213     
  0.29873949706997338     
  0.29647698124036403     
  0.29421446541075469     
  0.29156533639681670     
  0.28979321117877094     
  0.28802108596072512     
  0.28602026073559228     
  0.28462122756750274     
  0.28322219439941337     
  0.28152596783996447     
  0.28073392666144636     
  0.27994188548292820     
  0.27907201980637353     
  0.27874228522844752     
  0.27841255065052151     
  0.27796117666530307     
  0.89274241454354253     
  0.89042570330711890     
  0.88796033539822927     
  0.88549496748934020     
  0.87877457841041362     
  0.87160770694042200     
  0.86444083547043093     
  0.85444340825710663     
  0.84369513064652724     
  0.83294685303594806     
  0.82062983299021686     
  0.80754718946514248     
  0.79446454594006877     
  0.78129414672751940     
  0.76718453132871278     
  0.75307491592990661     
  0.73976289005262552     
  0.72570731116986154     
  0.71165173228709810     
  0.69900083036117178     
  0.68565807883025665     
  0.67231532729934196     
  0.66063495931308558     
  0.64851846749712028     
  0.63640197568115509     
  0.62583087588184916     
  0.61500243458021209     
  0.60417399327857546     
  0.59483098956444735     
  0.58544562541516898     
  0.57606026126589094     
  0.56774862768703205     
  0.55958076856030148     
  0.55141290943357080     
  0.54418488738452908     
  0.53724361860587910     
  0.53030234982722912     
  0.52386637506293465     
  0.51785667589270268     
  0.51184697672247059     
  0.50622645161449931     
  0.50110964894284105     
  0.49599284627118256     
  0.49092190469886415     
  0.48644149647591273     
  0.48196108825296125     
  0.47744387536442551     
  0.47354571880665675     
  0.46964756224888787     
  0.46548734373019907     
  0.46199278363018842     
  0.45849822353017777     
  0.45468177536382315     
  0.45152388965318735     
  0.44836600394255149     
  0.44477051868469747     
  0.44185410555842508     
  0.43893769243215269     
  0.43553117977057260     
  0.43276752091311754     
  0.43000386205566249     
  0.42672906732411736     
  0.42410084821924166     
  0.42147262911436584     
  0.41827515399908388     
  0.41565991007934044     
  0.41304466615959701     
  0.40992427670948584     
  0.40737726122380929     
  0.40483024573813298     
  0.40170571695648438     
  0.39906044677355001     
  0.39641517659061576     
  0.39333909852902849     
  0.39072253103478416     
  0.38810596354053994     
  0.38496768641637674     
  0.38216395009245685     
  0.37936021376853701     
  0.37626508304109485     
  0.37347671292175472     
  0.37068834280241453     
  0.36749870840492965     
  0.36446274650296867     
  0.36142678460100791     
  0.35830191901064690     
  0.35530275133424272     
  0.35230358365783859     
  0.34908861537272268     
  0.34582754835048757     
  0.34256648132825257     
  0.33947234146770716     
  0.33631939444769621     
  0.33316644742768520     
  0.33003724031120157     
  0.32667594608325329     
  0.32331465185530495     
  0.32040223774186910     
  0.31728268461801346     
  0.31416313149415803     
  0.31132670103647436     
  0.30813066159837554     
  0.30493462216027667     
  0.30244569041397890     
  0.29968270246892015     
  0.29691971452386140     
  0.29465719869425211     
  0.29200806968031412     
  0.28935894066637613     
  0.28758681544833037     
  0.28558599022319742     
  0.28358516499806458     
  0.28218613182997526     
  0.28048990527052631     
  0.27879367871107757     
  0.27800163753255941     
  0.27713177185600474     
  0.27626190617945012     
  0.27593217160152406     
  0.27548079761630567     
  0.27502942363108723     
  0.88844460268545478     
  0.88597923477656582     
  0.88351386686767674     
  0.88104849895878778     
  0.87388162748879683     
  0.86671475601880599     
  0.85954788454881492     
  0.84879960693823597     
  0.83805132932765702     
  0.82730305171707796     
  0.81422040819200436     
  0.80113776466693065     
  0.78805512114185694     
  0.77394550574305077     
  0.75983589034424470     
  0.74572627494543853     
  0.73167069606267510     
  0.71761511717991167     
  0.70355953829714812     
  0.69021678676623344     
  0.67687403523531886     
  0.66353128370440406     
  0.65141479188843887     
  0.63929830007247357     
  0.62718180825650838     
  0.61635336695487164     
  0.60552492565323501     
  0.59469648435159828     
  0.58531112020232023     
  0.57592575605304230     
  0.56654039190376426     
  0.55837253277703369     
  0.55020467365030290     
  0.54203681452357233     
  0.53509554574492235     
  0.52815427696627237     
  0.52121300818762240     
  0.51520330901739031     
  0.50919360984715833     
  0.50318391067692625     
  0.49806710800526788     
  0.49295030533360951     
  0.48783350266195113     
  0.48335309443899965     
  0.47887268621604817     
  0.47439227799309674     
  0.47049412143532793     
  0.46659596487755911     
  0.46269780831979029     
  0.45920324821977965     
  0.45570868811976900     
  0.45221412801975835     
  0.44905624230912256     
  0.44589835659848670     
  0.44274047088785090     
  0.43982405776157851     
  0.43690764463530612     
  0.43399123150903368     
  0.43122757265157863     
  0.42846391379412357     
  0.42570025493666852     
  0.42307203583179281     
  0.42044381672691705     
  0.41781559762204129     
  0.41520035370229785     
  0.41258510978255442     
  0.40996986586281092     
  0.40742285037713466     
  0.40487583489145840     
  0.40232881940578208     
  0.39968354922284771     
  0.39703827903991340     
  0.39439300885697909     
  0.39177644136273482     
  0.38915987386849049     
  0.38654330637424622     
  0.38373957005032644     
  0.38093583372640649     
  0.37813209740248671     
  0.37534372728314652     
  0.37255535716380639     
  0.36976698704446614     
  0.36673102514250538     
  0.36369506324054468     
  0.36065910133858387     
  0.35765993366217969     
  0.35466076598577551     
  0.35166159830937138     
  0.34840053128713638     
  0.34513946426490127     
  0.34187839724266628     
  0.33872545022265532     
  0.33557250320264431     
  0.33241955618263336     
  0.32905826195468507     
  0.32569696772673679     
  0.32233567349878844     
  0.31921612037493308     
  0.31609656725107765     
  0.31297701412722223     
  0.30978097468912336     
  0.30658493525102448     
  0.30338889581292566     
  0.30062590786786691     
  0.29786291992280817     
  0.29509993197774942     
  0.29245080296381148     
  0.28980167394987350     
  0.28715254493593551     
  0.28515171971080266     
  0.28315089448566977     
  0.28115006926053687     
  0.27945384270108814     
  0.27775761614163941     
  0.27606138958219062     
  0.27519152390563595     
  0.27432165822908128     
  0.27345179255252666     
  0.27300041856730822     
  0.27254904458208978     
  0.27209767059687140     
  0.88442569124991255     
  0.88196032334102359     
  0.87949495543213452     
  0.87689605846589092     
  0.86972918699589996     
  0.86256231552590923     
  0.85503546924604823     
  0.84428719163546928     
  0.83353891402489011     
  0.82231563521784645     
  0.80923299169277274     
  0.79615034816769936     
  0.78238785354771656     
  0.76827823814891039     
  0.75416862275010432     
  0.73951099361730177     
  0.72545541473453834     
  0.71139983585177502     
  0.69675697850356277     
  0.68341422697264809     
  0.67007147544173340     
  0.65638363718612680     
  0.64426714537016161     
  0.63215065355419686     
  0.61980152471870043     
  0.60897308341706369     
  0.59814464211542706     
  0.58731280189336332     
  0.57792743774408539     
  0.56854207359480746     
  0.55931282647877689     
  0.55114496735204621     
  0.54297710822531520     
  0.53513015214976467     
  0.52818888337111469     
  0.52124761459246427     
  0.51475682372068476     
  0.50874712455045268     
  0.50273742538022037     
  0.49727495168971692     
  0.49215814901805854     
  0.48704134634639978     
  0.48254820141035837     
  0.47806779318740689     
  0.47358738496445513     
  0.46977418245226310     
  0.46587602589449428     
  0.46197786933672580     
  0.45877784787232956     
  0.45528328777231891     
  0.45178872767230860     
  0.44899712828730609     
  0.44583924257667018     
  0.44268135686603471     
  0.44022775033091099     
  0.43731133720463866     
  0.43439492407836655     
  0.43215642364730633     
  0.42939276478985122     
  0.42662910593239656     
  0.42452822410430247     
  0.42190000499942670     
  0.41927178589455105     
  0.41724975617046722     
  0.41463451225072373     
  0.41201926833098035     
  0.40998645447770554     
  0.40743943899202928     
  0.40489242350635291     
  0.40283821237897899     
  0.40019294219604462     
  0.39754767201311025     
  0.39536676795390546     
  0.39275020045966119     
  0.39013363296541692     
  0.38785545440556196     
  0.38505171808164207     
  0.38224798175772229     
  0.37975249079603313     
  0.37696412067669294     
  0.37417575055735275     
  0.37153294774913803     
  0.36849698584717727     
  0.36546102394521646     
  0.36254425264705903     
  0.35954508497065485     
  0.35654591729425067     
  0.35347258015139610     
  0.35021151312916105     
  0.34695044610692599     
  0.34360427756355150     
  0.34045133054354049     
  0.33729838352352959     
  0.33385102943055650     
  0.33048973520260816     
  0.32712844097465987     
  0.32349790809398848     
  0.32037835497013312     
  0.31725880184627769     
  0.31366746043714194     
  0.31047142099904301     
  0.30727538156094419     
  0.30369692807925508     
  0.30093394013419639     
  0.29817095218913758     
  0.29485444566326618     
  0.29220531664932825     
  0.28955618763539032     
  0.28653236395774745     
  0.28453153873261455     
  0.28253071350748171     
  0.28003136042438453     
  0.27833513386493575     
  0.27663890730548701     
  0.27471638663660114     
  0.27384652096004647     
  0.27297665528349185     
  0.27180058311488220     
  0.27134920912966376     
  0.27089783514444538     
  0.27047548516468678     
  0.88040677981437032     
  0.87794141190548136     
  0.87534251493923776     
  0.87274361797299416     
  0.86557674650300309     
  0.85804990022314231     
  0.85052305394328154     
  0.83977477633270237     
  0.82855149752565871     
  0.81732821871861494     
  0.80424557519354134     
  0.79048308057355865     
  0.77672058595357618     
  0.76261097055477001     
  0.74795334142196757     
  0.73329571228916512     
  0.71924013340640169     
  0.70459727605818956     
  0.68995441870997742     
  0.67661166717906274     
  0.66292382892345614     
  0.64923599066784965     
  0.63711949885188468     
  0.62477037001638847     
  0.61242124118089247     
  0.60159279987925574     
  0.59076095965719211     
  0.57992911943512848     
  0.57054375528585055     
  0.56131450816981998     
  0.55208526105378941     
  0.54391740192705884     
  0.53607044585150798     
  0.52822348977595712     
  0.52128222099730748     
  0.51479143012552708     
  0.50830063925374724     
  0.50229094008351560     
  0.49682846639301143     
  0.49136599270250769     
  0.48624919003084960     
  0.48175604509480741     
  0.47726290015876566     
  0.47278249193581456     
  0.46896928942362182     
  0.46515608691142940     
  0.46125793035366058     
  0.45805790888926468     
  0.45485788742486888     
  0.45136332732485790     
  0.44857172793985600     
  0.44578012855485383     
  0.44262224284421758     
  0.44016863630909453     
  0.43771502977397120     
  0.43479861664769848     
  0.43256011621663892     
  0.43032161578557898     
  0.42755795692812359     
  0.42545707510003017     
  0.42335619327193647     
  0.42072797416706076     
  0.41870594444297698     
  0.41668391471889316     
  0.41406867079914972     
  0.41203585694587491     
  0.41000304309260011     
  0.40745602760692379     
  0.40540181647954987     
  0.40334760535217584     
  0.40070233516924147     
  0.39852143111003663     
  0.39634052705083184     
  0.39372395955658757     
  0.39144578099673255     
  0.38916760243687770     
  0.38636386611295787     
  0.38386837515126870     
  0.38137288418957960     
  0.37858451407023941     
  0.37594171126202469     
  0.37329890845380986     
  0.37026294655184905     
  0.36734617525369162     
  0.36442940395553419     
  0.36143023627913001     
  0.35835689913627544     
  0.35528356199342082     
  0.35202249497118582     
  0.34867632642781121     
  0.34533015788443677     
  0.34217721086442576     
  0.33872985677145273     
  0.33528250267847964     
  0.33192120845053136     
  0.32829067556985997     
  0.32466014268918858     
  0.32154058956533316     
  0.31794924815619741     
  0.31435790674706166     
  0.31116186730896278     
  0.30758341382727361     
  0.30400496034558455     
  0.30124197240052586     
  0.29792546587465435     
  0.29460895934878295     
  0.29195983033484496     
  0.28893600665720220     
  0.28591218297955945     
  0.28391135775442655     
  0.28141200467132937     
  0.27891265158823214     
  0.27721642502878335     
  0.27529390435989753     
  0.27337138369101172     
  0.27250151801445704     
  0.27132544584584739     
  0.27014937367723779     
  0.26969799969201935     
  0.26927564971226076     
  0.26885329973250227     
  0.87638786837882798     
  0.87378897141258438     
  0.87119007444634078     
  0.86859117748009718     
  0.86106433120023640     
  0.85353748492037562     
  0.84601063864051462     
  0.83478735983347097     
  0.82356408102642709     
  0.81234080221938343     
  0.79857830759940085     
  0.78481581297941838     
  0.77105331835943580     
  0.75639568922663325     
  0.74173806009383081     
  0.72708043096102837     
  0.71243757361281623     
  0.69779471626460410     
  0.68315185891639207     
  0.66946402066078547     
  0.65577618240517899     
  0.64208834414957239     
  0.62973921531407639     
  0.61739008647858040     
  0.60504095764308452     
  0.59420911742102089     
  0.58337727719895727     
  0.57254543697689364     
  0.56331618986086307     
  0.55408694274483250     
  0.54485769562880204     
  0.53701073955325118     
  0.52916378347770032     
  0.52131682740214946     
  0.51482603653036951     
  0.50833524565858945     
  0.50184445478680961     
  0.49638198109630582     
  0.49091950740580215     
  0.48545703371529836     
  0.48096388877925655     
  0.47647074384321469     
  0.47197759890717289     
  0.46816439639498042     
  0.46435119388278812     
  0.46053799137059576     
  0.45733796990619990     
  0.45413794844180400     
  0.45093792697740814     
  0.44814632759240591     
  0.44535472820740368     
  0.44256312882240145     
  0.44010952228727807     
  0.43765591575215468     
  0.43520230921703135     
  0.43296380878597140     
  0.43072530835491152     
  0.42848680792385158     
  0.42638592609575787     
  0.42428504426766411     
  0.42218416243957041     
  0.42016213271548664     
  0.41814010299140292     
  0.41611807326731909     
  0.41408525941404428     
  0.41205244556076948     
  0.41001963170749467     
  0.40796542058012070     
  0.40591120945274672     
  0.40385699832537270     
  0.40167609426616785     
  0.39949519020696300     
  0.39731428614775816     
  0.39503610758790320     
  0.39275792902804829     
  0.39047975046819339     
  0.38798425950650428     
  0.38548876854481517     
  0.38299327758312601     
  0.38035047477491118     
  0.37770767196669641     
  0.37506486915848164     
  0.37214809786032421     
  0.36923132656216678     
  0.36631455526400930     
  0.36324121812115467     
  0.36016788097830010     
  0.35709454383544553     
  0.35374837529207104     
  0.35040220674869643     
  0.34705603820532194     
  0.34360868411234891     
  0.34016133001937587     
  0.33671397592640279     
  0.33308344304573145     
  0.32945291016506006     
  0.32582237728438862     
  0.32223103587525287     
  0.31863969446611712     
  0.31504835305698137     
  0.31146989957529220     
  0.30789144609360308     
  0.30431299261191397     
  0.30099648608604257     
  0.29767997956017112     
  0.29436347303429972     
  0.29133964935665696     
  0.28831582567901415     
  0.28529200200137134     
  0.28279264891827410     
  0.28029329583517693     
  0.27779394275207980     
  0.27587142208319393     
  0.27394890141430805     
  0.27202638074542224     
  0.27085030857681258     
  0.26967423640820298     
  0.26849816423959333     
  0.26807581425983473     
  0.26765346428007619     
  0.26723111430031765     
  0.87242259234747133     
  0.86982369538122772     
  0.86722479841498401     
  0.86457348584571281     
  0.85704663956585192     
  0.84951979328599125     
  0.84180987625879067     
  0.83058659745174679     
  0.81936331864470302     
  0.80779128433178249     
  0.79402878971180002     
  0.78026629509181777     
  0.76621828421275784     
  0.75156065507995540     
  0.73690302594715296     
  0.72181317784567200     
  0.70717032049745998     
  0.69252746314924785     
  0.67764527434609356     
  0.66395743609048707     
  0.65026959783488048     
  0.63635508152219500     
  0.62400595268669912     
  0.61165682385120357     
  0.59929575408006186     
  0.58846391385799823     
  0.57763207363593461     
  0.56691789909103618     
  0.55768865197500561     
  0.54845940485897504     
  0.53950900589182449     
  0.53166204981627374     
  0.52381509374072321     
  0.51639124125926705     
  0.50990045038748710     
  0.50340965951570671     
  0.49743004408887448     
  0.49196757039837069     
  0.48650509670786746     
  0.48165832191187574     
  0.47716517697583388     
  0.47267203203979169     
  0.46882270813569665     
  0.46500950562350424     
  0.46119630311131221     
  0.45808324402753015     
  0.45488322256313429     
  0.45168320109873883     
  0.44917138962656983     
  0.44637979024156754     
  0.44358819085656498     
  0.44150333715722839     
  0.43904973062210495     
  0.43659612408698195     
  0.43481165793451282     
  0.43257315750345293     
  0.43033465707239271     
  0.42875795165999298     
  0.42665706983189922     
  0.42455618800380579     
  0.42306071821406843     
  0.42103868848998460     
  0.41901665876590088     
  0.41757377718911931     
  0.41554096333584456     
  0.41350814948256975     
  0.41198091312540047     
  0.40992670199802650     
  0.40787249087065253     
  0.40628049740121425     
  0.40409959334200940     
  0.40191868928280455     
  0.40010841789869173     
  0.39783023933883671     
  0.39555206077898186     
  0.39358316337825616     
  0.39108767241656706     
  0.38859218145487795     
  0.38629588134029758     
  0.38365307853208275     
  0.38101027572386803     
  0.37848723751518348     
  0.37557046621702600     
  0.37265369491886857     
  0.36973099011980715     
  0.36665765297695246     
  0.36358431583409789     
  0.36041266498702190     
  0.35706649644364741     
  0.35372032790027286     
  0.35014456296757746     
  0.34669720887460442     
  0.34324985478163139     
  0.33948258112281759     
  0.33585204824214626     
  0.33222151536147487     
  0.32815462362274295     
  0.32456328221360720     
  0.32097194080447145     
  0.31688309588615804     
  0.31330464240446881     
  0.30972618892277975     
  0.30557839528550179     
  0.30226188875963039     
  0.29894538223375894     
  0.29506117070400162     
  0.29203734702635886     
  0.28901352334871611     
  0.28542335541443875     
  0.28292400233134146     
  0.28042464924824434     
  0.27744648574041236     
  0.27552396507152654     
  0.27360144440264067     
  0.27128269032697372     
  0.27010661815836401     
  0.26893054598975447     
  0.26752296494065753     
  0.26710061496089899     
  0.26667826498114044     
  0.26615962466651300     
  0.86845731631611445     
  0.86585841934987084     
  0.86320710678059953     
  0.86055579421132822     
  0.85302894793146744     
  0.84531903090426685     
  0.83760911387706649     
  0.82638583507002272     
  0.81481380075710208     
  0.80324176644418155     
  0.78947927182419908     
  0.77543126094513948     
  0.76138325006607988     
  0.74672562093327743     
  0.73163577283179659     
  0.71654592473031575     
  0.70190306738210362     
  0.68702087857894933     
  0.67213868977579516     
  0.65845085152018856     
  0.64453633520750309     
  0.63062181889481761     
  0.61827269005932195     
  0.60591162028818035     
  0.59355055051703920     
  0.58271871029497557     
  0.57200453575007715     
  0.56129036120517872     
  0.55206111408914815     
  0.54311071512199760     
  0.53416031615484705     
  0.52631336007929619     
  0.51888950759784036     
  0.51146565511638453     
  0.50497486424460492     
  0.49899524881777191     
  0.49301563339093935     
  0.48755315970043533     
  0.48270638490444429     
  0.47785961010845301     
  0.47336646517241149     
  0.46951714126831579     
  0.46566781736422036     
  0.46185461485202772     
  0.45874155576824627     
  0.45562849668446448     
  0.45242847522006868     
  0.44991666374790001     
  0.44740485227573146     
  0.44461325289072950     
  0.44252839919139220     
  0.44044354549205522     
  0.43798993895693150     
  0.43620547280446309     
  0.43442100665199435     
  0.43218250622093468     
  0.43060580080853428     
  0.42902909539613426     
  0.42692821356804023     
  0.42543274377830342     
  0.42393727398856640     
  0.42191524426448257     
  0.42047236268770105     
  0.41902948111091953     
  0.41699666725764473     
  0.41546943090047544     
  0.41394219454330627     
  0.41188798341593225     
  0.41029598994649397     
  0.40870399647705569     
  0.40652309241785090     
  0.40471282103373801     
  0.40290254964962524     
  0.40062437108977028     
  0.39865547368904453     
  0.39668657628831888     
  0.39419108532662983     
  0.39189478521204946     
  0.38959848509746908     
  0.38695568228925425     
  0.38443264408056976     
  0.38190960587188527     
  0.37899283457372779     
  0.37607012977466636     
  0.37314742497560494     
  0.37007408783275031     
  0.36690243698567426     
  0.36373078613859827     
  0.36038461759522378     
  0.35680885266252832     
  0.35323308772983297     
  0.34978573363685994     
  0.34601845997804620     
  0.34225118631923246     
  0.33862065343856107     
  0.33455376169982914     
  0.33048686996109722     
  0.32689552855196147     
  0.32280668363364806     
  0.31871783871533466     
  0.31513938523364549     
  0.31099159159636752     
  0.30684379795908961     
  0.30352729143321822     
  0.29964307990346084     
  0.29575886837370352     
  0.29273504469606076     
  0.28914487676178341     
  0.28555470882750605     
  0.28305535574440888     
  0.28007719223657690     
  0.27709902872874498     
  0.27517650805985910     
  0.27285775398419215     
  0.27053899990852520     
  0.26936292773991555     
  0.26795534669081866     
  0.26654776564172178     
  0.26612541566196324     
  0.26560677534733573     
  0.26508813503270834     
  0.86449204028475768     
  0.86184072771548637     
  0.85918941514621505     
  0.85653810257694374     
  0.84882818554974326     
  0.84111826852254279     
  0.83340835149534231     
  0.82183631718242189     
  0.81026428286950125     
  0.79869224855658050     
  0.78464423767752089     
  0.77059622679846140     
  0.75654821591940191     
  0.74145836781792118     
  0.72636851971644045     
  0.71127867161495950     
  0.69639648281180533     
  0.68151429400865104     
  0.66663210520549676     
  0.65271758889281128     
  0.63880307258012581     
  0.62488855626744022     
  0.61252748649629907     
  0.60016641672515780     
  0.58780534695401654     
  0.57709117240911822     
  0.56637699786421980     
  0.55566282331932138     
  0.54671242435217082     
  0.53776202538502016     
  0.52881162641786961     
  0.52138777393641367     
  0.51396392145495784     
  0.50654006897350190     
  0.50056045354666945     
  0.49458083811983677     
  0.48860122269300427     
  0.48375444789701294     
  0.47890767310102156     
  0.47406089830503023     
  0.47021157440093492     
  0.46636225049683949     
  0.46251292659274412     
  0.45939986750896239     
  0.45628680842518066     
  0.45317374934139892     
  0.45066193786923031     
  0.44815012639706164     
  0.44563831492489303     
  0.44355346122555606     
  0.44146860752621908     
  0.43938375382688211     
  0.43759928767441331     
  0.43581482152194456     
  0.43403035536947582     
  0.43245364995707575     
  0.43087694454467562     
  0.42930023913227561     
  0.42780476934253853     
  0.42630929955280139     
  0.42481382976306437     
  0.42337094818628285     
  0.42192806660950133     
  0.42048518503271975     
  0.41895794867555047     
  0.41743071231838125     
  0.41590347596121202     
  0.41431148249177374     
  0.41271948902233552     
  0.41112749555289724     
  0.40931722416878435     
  0.40750695278467153     
  0.40569668140055870     
  0.40372778399983300     
  0.40175888659910730     
  0.39978998919838166     
  0.39749368908380134     
  0.39519738896922096     
  0.39290108885464059     
  0.39037805064595610     
  0.38785501243727155     
  0.38533197422858700     
  0.38240926942952558     
  0.37948656463046421     
  0.37656385983140273     
  0.37339220898432668     
  0.37022055813725063     
  0.36704890729017464     
  0.36347314235747930     
  0.35989737742478384     
  0.35632161249208849     
  0.35255433883327475     
  0.34878706517446101     
  0.34501979151564727     
  0.34095289977691540     
  0.33688600803818347     
  0.33281911629945155     
  0.32873027138113814     
  0.32464142646282473     
  0.32055258154451127     
  0.31640478790723331     
  0.31225699426995535     
  0.30810920063267744     
  0.30422498910292012     
  0.30034077757316274     
  0.29645656604340542     
  0.29286639810912812     
  0.28927623017485077     
  0.28568606224057341     
  0.28270789873274149     
  0.27972973522490951     
  0.27675157171707754     
  0.27443281764141059     
  0.27211406356574364     
  0.26979530949007668     
  0.26838772844097980     
  0.26698014739188286     
  0.26557256634278598     
  0.26505392602815858     
  0.26453528571353113     
  0.26401664539890368     
  0.86082891142949047     
  0.85817759886021927     
  0.85552628629094785     
  0.85282718237970501     
  0.84511726535250453     
  0.83740734832530417     
  0.82959753839881945     
  0.81802550408589880     
  0.80645346977297827     
  0.79477398481306105     
  0.78072597393400134     
  0.76667796305494196     
  0.75239580943980910     
  0.73730596133832815     
  0.72221611323684731     
  0.70702801154227657     
  0.69214582273912240     
  0.67726363393596811     
  0.66222307765958965     
  0.64830856134690429     
  0.63439404503421881     
  0.62051337472374679     
  0.60815230495260553     
  0.59579123518146437     
  0.58351473961941502     
  0.57280056507451671     
  0.56208639052961817     
  0.55162329301271895     
  0.54267289404556840     
  0.53372249507841774     
  0.52512188058966336     
  0.51769802810820753     
  0.51027417562675170     
  0.50330549524553625     
  0.49732587981870369     
  0.49134626439187146     
  0.48590598301495758     
  0.48105920821896619     
  0.47621243342297492     
  0.47195055036604944     
  0.46810122646195407     
  0.46425190255785903     
  0.46103515853578630     
  0.45792209945200457     
  0.45480904036822289     
  0.45233015030673474     
  0.44981833883456612     
  0.44730652736239745     
  0.44544450228257598     
  0.44335964858323906     
  0.44127479488390176     
  0.43981179938964865     
  0.43802733323717991     
  0.43624286708471116     
  0.43507530716957032     
  0.43349860175717031     
  0.43192189634476985     
  0.43091243596116774     
  0.42941696617143066     
  0.42792149638169352     
  0.42697660290591211     
  0.42553372132913059     
  0.42409083975234907     
  0.42312910218965183     
  0.42160186583248260     
  0.42007462947531332     
  0.41900382265161451     
  0.41741182918217629     
  0.41581983571273795     
  0.41459373209028144     
  0.41278346070616856     
  0.41097318932205573     
  0.40949524636132195     
  0.40752634896059631     
  0.40555745155987066     
  0.40380722935485902     
  0.40151092924027859     
  0.39921462912569827     
  0.39709130666284143     
  0.39456826845415693     
  0.39204523024547244     
  0.38955867519863407     
  0.38663597039957259     
  0.38371326560051117     
  0.38076672855177096     
  0.37759507770469491     
  0.37442342685761892     
  0.37107503410837595     
  0.36749926917568054     
  0.36392350424298514     
  0.36009990079673176     
  0.35633262713791802     
  0.35256535347910434     
  0.34839780800819964     
  0.34433091626946771     
  0.34026402453073584     
  0.33573233047249212     
  0.33164348555417872     
  0.32755464063586526     
  0.32287800499656916     
  0.31873021135929114     
  0.31458241772201323     
  0.30982342290940423     
  0.30593921137964686     
  0.30205499984988954     
  0.29750057940658736     
  0.29391041147231001     
  0.29032024353803271     
  0.28611954851152083     
  0.28314138500368885     
  0.28016322149585693     
  0.27660240458656943     
  0.27428365051090242     
  0.27196489643523553     
  0.26922773398017869     
  0.26782015293108175     
  0.26641257188198492     
  0.26469283666085436     
  0.26417419634622691     
  0.26365555603159951     
  0.26306657393405314     
  0.85716578257422338     
  0.85451447000495140     
  0.85181536609370911     
  0.84911626218246616     
  0.84140634515526647     
  0.83359653522878130     
  0.82578672530229658     
  0.81421469098937527     
  0.80253520602945860     
  0.79085572106954150     
  0.77680771019048267     
  0.76252555657534904     
  0.74824340296021608     
  0.73315355485873468     
  0.71796545316416438     
  0.70277735146959364     
  0.68789516266644002     
  0.67285460639006112     
  0.65781405011368266     
  0.64389953380099674     
  0.63001886349052527     
  0.61613819318005336     
  0.60377712340891210     
  0.59150062784686286     
  0.57922413228481351     
  0.56850995773991464     
  0.55804686022301597     
  0.54758376270611664     
  0.53863336373896642     
  0.53003274925021171     
  0.52143213476145711     
  0.51400828228000128     
  0.50703960189878583     
  0.50007092151757027     
  0.49409130609073781     
  0.48865102471382427     
  0.48321074333691072     
  0.47836396854091939     
  0.47410208548399402     
  0.46984020242706853     
  0.46599087852297322     
  0.46277413450090088     
  0.45955739047882849     
  0.45644433139504670     
  0.45396544133355865     
  0.45148655127207060     
  0.44897473979990199     
  0.44711271472008041     
  0.44525068964025893     
  0.44316583594092196     
  0.44170284044666858     
  0.44023984495241519     
  0.43845537879994645     
  0.43728781888480561     
  0.43612025896966478     
  0.43454355355726476     
  0.43353409317366232     
  0.43252463279005982     
  0.43102916300032279     
  0.43008426952454132     
  0.42913937604875985     
  0.42769649447197833     
  0.42673475690928109     
  0.42577301934658390     
  0.42424578298941468     
  0.42317497616571587     
  0.42210416934201700     
  0.42051217587257839     
  0.41928607225012215     
  0.41805996862766559     
  0.41624969724355276     
  0.41477175428281898     
  0.41329381132208531     
  0.41132491392135961     
  0.40957469171634792     
  0.40782446951133627     
  0.40552816939675596     
  0.40340484693389911     
  0.40128152447104232     
  0.39875848626235777     
  0.39627193121551940     
  0.39378537616868103     
  0.39086267136961989     
  0.38791613432087946     
  0.38496959727213925     
  0.38179794642506321     
  0.37844955367582023     
  0.37510116092657725     
  0.37152539599388196     
  0.36770179254762847     
  0.36387818910137509     
  0.36011091544256135     
  0.35594336997165671     
  0.35177582450075195     
  0.34770893276202008     
  0.34317723870377642     
  0.33864554464553270     
  0.33455669972721902     
  0.32988006408792314     
  0.32520342844862704     
  0.32105563481134902     
  0.31629663999874003     
  0.31153764518613103     
  0.30765343365637371     
  0.30309901321307148     
  0.29854459276976930     
  0.29495442483549195     
  0.29075372980898018     
  0.28655303478246824     
  0.28357487127463632     
  0.28001405436534876     
  0.27645323745606126     
  0.27413448338039448     
  0.27139732092533753     
  0.26866015847028069     
  0.26725257742118380     
  0.26553284220005324     
  0.26381310697892268     
  0.26329446666429529     
  0.26270548456674891     
  0.26211650246920254     
  0.85350265371895617     
  0.85080354980771333     
  0.84810444589647038     
  0.84540534198522754     
  0.83759553205874293     
  0.82978572213225832     
  0.82197591220577360     
  0.81029642724585638     
  0.79861694228593905     
  0.78693745732602194     
  0.77265530371088897     
  0.75837315009575612     
  0.74409099648062316     
  0.72890289478605252     
  0.71371479309148167     
  0.69852669139691093     
  0.68348613512053258     
  0.66844557884415412     
  0.65340502256777577     
  0.63952435225730386     
  0.62564368194683184     
  0.61176301163635993     
  0.59948651607431058     
  0.58721002051226134     
  0.57493352495021210     
  0.56447042743331288     
  0.55400732991641355     
  0.54354423239951433     
  0.53494361791075984     
  0.52634300342200546     
  0.51774238893325097     
  0.51077370855203552     
  0.50380502817081996     
  0.49683634778960450     
  0.49139606641269107     
  0.48595578503577752     
  0.48051550365886403     
  0.47625362060193854     
  0.47199173754501317     
  0.46772985448808774     
  0.46451311046601540     
  0.46129636644394306     
  0.45807962242187067     
  0.45560073236038257     
  0.45312184229889452     
  0.45064295223740641     
  0.44878092715758494     
  0.44691890207776341     
  0.44505687699794194     
  0.44359388150368856     
  0.44213088600943518     
  0.44066789051518179     
  0.43950033060004096     
  0.43833277068490017     
  0.43716521076975934     
  0.43615575038615684     
  0.43514629000255445     
  0.43413682961895200     
  0.43319193614317059     
  0.43224704266738911     
  0.43130214919160770     
  0.43034041162891046     
  0.42937867406621327     
  0.42841693650351603     
  0.42734612967981722     
  0.42627532285611835     
  0.42520451603241954     
  0.42397841240996298     
  0.42275230878750636     
  0.42152620516504985     
  0.42004826220431607     
  0.41857031924358234     
  0.41709237628284862     
  0.41534215407783698     
  0.41359193187282528     
  0.41184170966781364     
  0.40971838720495690     
  0.40759506474210005     
  0.40547174227924321     
  0.40298518723240484     
  0.40049863218556647     
  0.39801207713872810     
  0.39506554008998795     
  0.39211900304124780     
  0.38917246599250760     
  0.38582407324326456     
  0.38247568049402159     
  0.37912728774477861     
  0.37530368429852523     
  0.37148008085227180     
  0.36765647740601842     
  0.36348893193511372     
  0.35932138646420908     
  0.35515384099330438     
  0.35062214693506072     
  0.34609045287681706     
  0.34155875881857334     
  0.33688212317927724     
  0.33220548753998103     
  0.32752885190068493     
  0.32276985708807587     
  0.31801086227546682     
  0.31325186746285788     
  0.30869744701955565     
  0.30414302657625342     
  0.29958860613295124     
  0.29538791110643942     
  0.29118721607992754     
  0.28698652105341566     
  0.28342570414412815     
  0.27986488723484065     
  0.27630407032555315     
  0.27356690787049631     
  0.27082974541543953     
  0.26809258296038274     
  0.26637284773925213     
  0.26465311251812162     
  0.26293337729699107     
  0.26234439519944469     
  0.26175541310189832     
  0.26116643100435200     
  0.84990214245045514     
  0.84720303853921242     
  0.84450393462797035     
  0.84183452853164864     
  0.83402471860516392     
  0.82621490867868008     
  0.81844369121123828     
  0.80676420625132128     
  0.79508472129140462     
  0.78340142215381570     
  0.76911926853868284     
  0.75483711492354988     
  0.74065625471070828     
  0.72546815301613754     
  0.71028005132156746     
  0.69506679253181003     
  0.68002623625543168     
  0.66498567997905389     
  0.65006937298843226     
  0.63618870267796046     
  0.62230803236748899     
  0.60850627094574772     
  0.59622977538369848     
  0.58395327982164913     
  0.57189359843086063     
  0.56143050091396141     
  0.55096740339706263     
  0.54077757846337493     
  0.53217696397462055     
  0.52357634948586651     
  0.51533673557359627     
  0.50836805519238082     
  0.50139937481116514     
  0.49487999217890594     
  0.48943971080199244     
  0.48399942942507890     
  0.47904082556675470     
  0.47477894250982922     
  0.47051705945290379     
  0.46680610526854416     
  0.46358936124647165     
  0.46037261722439937     
  0.45769952045095164     
  0.45522063038946359     
  0.45274174032797543     
  0.45084273253325768     
  0.44898070745343621     
  0.44711868237361463     
  0.44580737106322721     
  0.44434437556897377     
  0.44288138007472039     
  0.44197700777644999     
  0.44080944786130916     
  0.43964188794616832     
  0.43899319777126528     
  0.43798373738766283     
  0.43697427700406033     
  0.43647132143087530     
  0.43552642795509394     
  0.43458153447931241     
  0.43409706604792686     
  0.43313532848522962     
  0.43217359092253227     
  0.43164442809151127     
  0.43057362126781246     
  0.42950281444411353     
  0.42881141893532876     
  0.42758531531287219     
  0.42635921169041602     
  0.42546943499377066     
  0.42399149203303699     
  0.42251354907230287     
  0.42130786360456784     
  0.41955764139955609     
  0.41780741919454423     
  0.41626788485781002     
  0.41414456239495323     
  0.41202123993209627     
  0.41002857094190082     
  0.40754201589506245     
  0.40505546084822402     
  0.40261525843152229     
  0.39966872138278209     
  0.39672218433404233     
  0.39372280747466126     
  0.39037441472541823     
  0.38702602197617497     
  0.38351731738090944     
  0.37969371393465606     
  0.37587011048840235     
  0.37177236306736794     
  0.36760481759646318     
  0.36343727212555854     
  0.35887594602040118     
  0.35434425196215752     
  0.34981255790391386     
  0.34477855735755197     
  0.34010192171825582     
  0.33542528607895999     
  0.33014433017195555     
  0.32538533535934655     
  0.32062634054673733     
  0.31519842787713026     
  0.31064400743382803     
  0.30608958699052558     
  0.30082801061136533     
  0.29662731558485345     
  0.29242662055834157     
  0.28754329447411320     
  0.28398247756482570     
  0.28042166065553814     
  0.27624391534334830     
  0.27350675288829140     
  0.27076959043323490     
  0.26754992062695054     
  0.26583018540581999     
  0.26411045018468926     
  0.26207606216296048     
  0.26148708006541410     
  0.26089809796786756     
  0.26020517986860042     
  0.84630163118195423     
  0.84360252727071083     
  0.84093312117439067     
  0.83826371507806963     
  0.83045390515158446     
  0.82268268768414421     
  0.81491147021670307     
  0.80323198525678541     
  0.79154868611919782     
  0.77986538698160934     
  0.76558323336647593     
  0.75140237315363489     
  0.73722151294079330     
  0.72203341124622211     
  0.70682015245646590     
  0.69160689366670924     
  0.67656633739033045     
  0.66165003039970982     
  0.64673372340908875     
  0.63285305309861639     
  0.61905129167687623     
  0.60524953025513550     
  0.59297303469308593     
  0.58091335330229765     
  0.56885367191150904     
  0.55839057439460948     
  0.54820074946092268     
  0.53801092452723565     
  0.52941031003848082     
  0.52117069612621136     
  0.51293108221394146     
  0.50596240183272634     
  0.49944301920046663     
  0.49292363656820731     
  0.48748335519129382     
  0.48252475133296957     
  0.47756614747464537     
  0.47330426441772000     
  0.46959331023336015     
  0.46588235604900041     
  0.46266561202692802     
  0.45999251525348028     
  0.45731941848003266     
  0.45484052841854461     
  0.45294152062382675     
  0.45104251282910890     
  0.44918048774928765     
  0.44786917643889984     
  0.44655786512851237     
  0.44509486963425904     
  0.44419049733598864     
  0.44328612503771825     
  0.44211856512257741     
  0.44146987494767431     
  0.44082118477277121     
  0.43981172438916871     
  0.43930876881598369     
  0.43880581324279866     
  0.43786091976701724     
  0.43737645133563163     
  0.43689198290424602     
  0.43593024534154906     
  0.43540108251052756     
  0.43487191967950656     
  0.43380111285580802     
  0.43310971734702286     
  0.43241832183823797     
  0.43119221821578113     
  0.43030244151913644     
  0.42941266482249152     
  0.42793472186175774     
  0.42672903639402238     
  0.42552335092628701     
  0.42377312872127570     
  0.42223359438454083     
  0.42069406004780641     
  0.41857073758494984     
  0.41657806859475399     
  0.41458539960455848     
  0.41209884455772039     
  0.40965864214101827     
  0.40721843972431643     
  0.40427190267557600     
  0.40127252581619571     
  0.39827314895681498     
  0.39492475620757200     
  0.39141605161230608     
  0.38790734701704027     
  0.38408374357078717     
  0.37998599614975209     
  0.37588824872871740     
  0.37172070325781298     
  0.36715937715265540     
  0.36259805104749804     
  0.35806635698925460     
  0.35303235644289249     
  0.34799835589653061     
  0.34332172025723423     
  0.33804076435023034     
  0.33275980844322628     
  0.32800081363061717     
  0.32257290096100988     
  0.31714498829140259     
  0.31259056784810058     
  0.30732899146893983     
  0.30206741508977941     
  0.29786672006326775     
  0.29298339397903916     
  0.28810006789481074     
  0.28453925098552346     
  0.28036150567333329     
  0.27618376036114345     
  0.27344659790608639     
  0.27022692809980248     
  0.26700725829351840     
  0.26528752307238779     
  0.26325313505065878     
  0.26121874702892983     
  0.26062976493138368     
  0.25993684683211615     
  0.25924392873284885     
  0.84270111991345320     
  0.84003171381713237     
  0.83736230772081144     
  0.83469290162449061     
  0.82692168415704970     
  0.81915046668960878     
  0.81137924922216786     
  0.79969595008457950     
  0.78801265094699124     
  0.77632935180940310     
  0.76214849159656151     
  0.74796763138372002     
  0.73378677117087843     
  0.71857351238112166     
  0.70336025359136489     
  0.68814699480160835     
  0.67323068781098727     
  0.65831438082036620     
  0.64339807382974512     
  0.62959631240800451     
  0.61579455098626379     
  0.60199278956452329     
  0.58993310817373468     
  0.57787342678294618     
  0.56581374539215756     
  0.55562392045847042     
  0.54543409552478328     
  0.53524427059109625     
  0.52700465667882634     
  0.51876504276655644     
  0.51052542885428664     
  0.50400604622202738     
  0.49748666358976801     
  0.49096728095750863     
  0.48600867709918449     
  0.48105007324086024     
  0.47609146938253605     
  0.47238051519817631     
  0.46866956101381652     
  0.46495860682945667     
  0.46228551005600899     
  0.45961241328256131     
  0.45693931650911362     
  0.45504030871439582     
  0.45314130091967791     
  0.45124229312496011     
  0.44993098181457258     
  0.44861967050418505     
  0.44730835919379758     
  0.44640398689552718     
  0.44549961459725684     
  0.44459524229898650     
  0.44394655212408340     
  0.44329786194918025     
  0.44264917177427715     
  0.44214621620109207     
  0.44164326062790704     
  0.44114030505472207     
  0.44065583662333641     
  0.44017136819195080     
  0.43968689976056513     
  0.43915773692954402     
  0.43862857409852285     
  0.43809941126750179     
  0.43740801575871691     
  0.43671662024993207     
  0.43602522474114719     
  0.43513544804450216     
  0.43424567134785719     
  0.43335589465121233     
  0.43215020918347702     
  0.43094452371574155     
  0.42973883824800624     
  0.42819930391127170     
  0.42665976957453722     
  0.42512023523780268     
  0.42312756624760717     
  0.42113489725741160     
  0.41914222826721609     
  0.41670202585051430     
  0.41426182343381240     
  0.41182162101711062     
  0.40882224415772994     
  0.40582286729834927     
  0.40282349043896865     
  0.39931478584370284     
  0.39580608124843691     
  0.39229737665317110     
  0.38819962923213636     
  0.38410188181110161     
  0.38000413439006686     
  0.37544280828490956     
  0.37088148217975220     
  0.36632015607459484     
  0.36128615552823296     
  0.35625215498187113     
  0.35121815443550919     
  0.34593719852850507     
  0.34065624262150096     
  0.33537528671449690     
  0.32994737404488950     
  0.32451946137528220     
  0.31909154870567491     
  0.31382997232651444     
  0.30856839594735391     
  0.30330681956819344     
  0.29842349348396507     
  0.29354016739973665     
  0.28865684131550828     
  0.28447909600331839     
  0.28030135069112844     
  0.27612360537893849     
  0.27290393557265435     
  0.26968426576637028     
  0.26646459596008615     
  0.26443020793835720     
  0.26239581991662819     
  0.26036143189489924     
  0.25966851379563194     
  0.25897559569636452     
  0.25828267759709722     
  0.83940513606561717     
  0.83673572996929635     
  0.83406632387297597     
  0.83141871690541735     
  0.82364749943797655     
  0.81587628197053519     
  0.80821724482594159     
  0.79653394568835334     
  0.78485064655076553     
  0.77335052216402078     
  0.75916966195117919     
  0.74498880173833748     
  0.73093165999197662     
  0.71571840120221997     
  0.70050514241246375     
  0.68552612042290773     
  0.67060981343228665     
  0.65569350644166513     
  0.64092299601134728     
  0.62712123458960667     
  0.61331947316786650     
  0.59977619408346550     
  0.58771651269267688     
  0.57565683130188838     
  0.56383379635293862     
  0.55364397141925148     
  0.54345414648556478     
  0.53358519238871827     
  0.52534557847644847     
  0.51710596456417823     
  0.50921932046911811     
  0.50269993783685873     
  0.49618055520459936     
  0.49005724602379375     
  0.48509864216546955     
  0.48014003830714536     
  0.47562003122240926     
  0.47190907703804946     
  0.46819812285368967     
  0.46493264289083747     
  0.46225954611738984     
  0.45958644934394211     
  0.45738849372929818     
  0.45548948593458027     
  0.45359047813986247     
  0.45214965650373401     
  0.45083834519334642     
  0.44952703388295900     
  0.44868747251955637     
  0.44778310022128598     
  0.44687872792301564     
  0.44641568607083726     
  0.44576699589593410     
  0.44511830572103106     
  0.44491274556058963     
  0.44440978998740466     
  0.44390683441421958     
  0.44380819770910473     
  0.44332372927771907     
  0.44283926084633346     
  0.44275308837514493     
  0.44222392554412382     
  0.44169476271310282     
  0.44151695557666659     
  0.44082556006788171     
  0.44013416455909682     
  0.43978072703620052     
  0.43889095033955555     
  0.43800117364291091     
  0.43739097864351162     
  0.43618529317577626     
  0.43497960770804084     
  0.43402901420764889     
  0.43248947987091435     
  0.43094994553417987     
  0.42959006430814872     
  0.42759739531795316     
  0.42560472632775764     
  0.42374887987316612     
  0.42130867745646428     
  0.41886847503976249     
  0.41646692245217243     
  0.41346754559279186     
  0.41046816873341085     
  0.40743818717324354     
  0.40392948257797762     
  0.40042077798271181     
  0.39675987811650293     
  0.39266213069546818     
  0.38856438327443349     
  0.38421648251463542     
  0.37965515640947800     
  0.37509383030432075     
  0.37014990739335729     
  0.36511590684699541     
  0.36008190630063358     
  0.35455317600327374     
  0.34927222009626968     
  0.34399126418926579     
  0.33810543143689537     
  0.33267751876728796     
  0.32724960609768061     
  0.32113122095073349     
  0.31586964457157296     
  0.31060806819241249     
  0.30461783742466442     
  0.29973451134043599     
  0.29485118525620768     
  0.28923931131190961     
  0.28506156599971966     
  0.28088382068752971     
  0.27605271081318072     
  0.27283304100689659     
  0.26961337120061224     
  0.26586602358453543     
  0.26383163556280642     
  0.26179724754107747     
  0.25942077530546959     
  0.25872785720620223     
  0.25803493910693487     
  0.25722471460624874     
  0.83610915221778104     
  0.83343974612145943     
  0.83079213915390215     
  0.82814453218634410     
  0.82037331471890396     
  0.81271427757430925     
  0.80505524042971510     
  0.79337194129212618     
  0.78187181690538265     
  0.77037169251863857     
  0.75619083230579764     
  0.74213369055943590     
  0.72807654881307471     
  0.71286329002331739     
  0.69788426803376247     
  0.68290524604420699     
  0.66798893905358647     
  0.65321842862326773     
  0.63844791819294933     
  0.62464615677120827     
  0.61110287768680815     
  0.59755959860240782     
  0.58549991721161920     
  0.57367688226266944     
  0.56185384731371968     
  0.55166402238003209     
  0.54179506828318647     
  0.53192611418634028     
  0.52368650027407093     
  0.51579985617901003     
  0.50791321208394935     
  0.50139382945169009     
  0.49527052027088436     
  0.48914721109007875     
  0.48418860723175450     
  0.47966860014701851     
  0.47514859306228241     
  0.47143763887792267     
  0.46817215891507041     
  0.46490667895221816     
  0.46223358217877047     
  0.46003562656412661     
  0.45783767094948263     
  0.45593866315476478     
  0.45449784151863637     
  0.45305701988250791     
  0.45174570857212043     
  0.45090614720871780     
  0.45006658584531511     
  0.44916221354704478     
  0.44869917169486634     
  0.44823612984268796     
  0.44758743966778491     
  0.44738187950734343     
  0.44717631934690205     
  0.44667336377371702     
  0.44657472706860218     
  0.44647609036348734     
  0.44599162193210179     
  0.44590544946091326     
  0.44581927698972479     
  0.44529011415870368     
  0.44511230702226756     
  0.44493449988583134     
  0.44424310437704650     
  0.44388966685415010     
  0.44353622933125381     
  0.44264645263460844     
  0.44203625763520982     
  0.44142606263581086     
  0.44022037716807544     
  0.43926978366768343     
  0.43831919016729148     
  0.43677965583055695     
  0.43541977460452580     
  0.43405989337849465     
  0.43206722438829914     
  0.43021137793370762     
  0.42835553147911609     
  0.42591532906241431     
  0.42351377647482430     
  0.42111222388723424     
  0.41811284702785390     
  0.41508286546768597     
  0.41205288390751826     
  0.40854417931225240     
  0.40488327944604358     
  0.40122237957983481     
  0.39712463215880012     
  0.39277673139900193     
  0.38842883063920386     
  0.38386750453404650     
  0.37892358162308315     
  0.37397965871211969     
  0.36894565816575786     
  0.36341692786839808     
  0.35788819757103824     
  0.35260724166403390     
  0.34672140891166398     
  0.34083557615929377     
  0.33540766348968643     
  0.32928927834273919     
  0.32317089319579201     
  0.31790931681663154     
  0.31191908604888335     
  0.30592885528113534     
  0.30104552919690697     
  0.29543365525260890     
  0.28982178130831082     
  0.28564403599612093     
  0.28081292612177189     
  0.27598181624742285     
  0.27276214644113894     
  0.26901479882506174     
  0.26526745120898471     
  0.26323306318725570     
  0.26085659095164776     
  0.25848011871603987     
  0.25778720061677257     
  0.25697697611608639     
  0.25616675161540031     
  0.83281316836994490     
  0.83016556140238684     
  0.82751795443482890     
  0.82487034746727084     
  0.81721131032267680     
  0.80955227317808287     
  0.80189323603348872     
  0.79039311164674464     
  0.77889298726000034     
  0.76739286287325625     
  0.75333572112689517     
  0.73927857938053410     
  0.72522143763417291     
  0.71024241564461743     
  0.69526339365506185     
  0.68028437166550637     
  0.66551386123518808     
  0.65074335080486989     
  0.63597284037455148     
  0.62242956129015103     
  0.60888628220575058     
  0.59534300312135002     
  0.58351996817240026     
  0.57169693322345050     
  0.55987389827450074     
  0.55000494417765466     
  0.54013599008080848     
  0.53026703598396241     
  0.52238039188890184     
  0.51449374779384138     
  0.50660710369878070     
  0.50048379451797509     
  0.49436048533716936     
  0.48823717615636375     
  0.48371716907162771     
  0.47919716198689166     
  0.47467715490215562     
  0.47141167493930336     
  0.46814619497645116     
  0.46488071501359890     
  0.46268275939895498     
  0.46048480378431111     
  0.45828684816966719     
  0.45684602653353867     
  0.45540520489741032     
  0.45396438326128186     
  0.45312482189787923     
  0.45228526053447660     
  0.45144569917107397     
  0.45098265731889553     
  0.45051961546671709     
  0.45005657361453871     
  0.44985101345409734     
  0.44964545329365591     
  0.44943989313321453     
  0.44934125642809974     
  0.44924261972298490     
  0.44914398301787012     
  0.44905781054668159     
  0.44897163807549312     
  0.44888546560430465     
  0.44870765846786848     
  0.44852985133143231     
  0.44835204419499619     
  0.44799860667209979     
  0.44764516914920344     
  0.44729173162630709     
  0.44668153662690813     
  0.44607134162750911     
  0.44546114662811015     
  0.44451055312771814     
  0.44355995962732608     
  0.44260936612693413     
  0.44124948490090299     
  0.43988960367487184     
  0.43852972244884070     
  0.43667387599424923     
  0.43481802953965770     
  0.43296218308506618     
  0.43056063049747612     
  0.42815907790988617     
  0.42575752532229610     
  0.42272754376212840     
  0.41969756220196081     
  0.41666758064179310     
  0.41300668077558422     
  0.40934578090937546     
  0.40568488104316669     
  0.40133698028336862     
  0.39698907952357043     
  0.39264117876377241     
  0.38769725585280901     
  0.38275333294184555     
  0.37780941003088214     
  0.37228067973352241     
  0.36675194943616263     
  0.36122321913880284     
  0.35533738638643264     
  0.34945155363406244     
  0.34356572088169224     
  0.33744733573474495     
  0.33132895058779777     
  0.32521056544085059     
  0.31922033467310251     
  0.31323010390535433     
  0.30723987313760626     
  0.30162799919330824     
  0.29601612524901022     
  0.29040425130471215     
  0.28557314143036311     
  0.28074203155601407     
  0.27591092168166503     
  0.27216357406558800     
  0.26841622644951096     
  0.26466887883343393     
  0.26229240659782599     
  0.25991593436221810     
  0.25753946212661022     
  0.25672923762592409     
  0.25591901312523796     
  0.25510878862455183     
  0.82958962013362902     
  0.82694201316607108     
  0.82429440619851380     
  0.82173891272296751     
  0.81407987557837358     
  0.80642083843378021     
  0.79896828183797131     
  0.78746815745122722     
  0.77596803306448381     
  0.76473158438214317     
  0.75067444263578220     
  0.73661730088942101     
  0.72294373504990661     
  0.70796471306035103     
  0.69298569107079611     
  0.67828297345363209     
  0.66351246302331379     
  0.64874195259299605     
  0.63433558741915430     
  0.62079230833475396     
  0.60724902925035396     
  0.59396646489886262     
  0.58214342994991286     
  0.57032039500096310     
  0.55881064524213087     
  0.54894169114528479     
  0.53907273704843905     
  0.52949563913981534     
  0.52160899504475466     
  0.51372235094969465     
  0.50614546555870155     
  0.50002215637789593     
  0.49389884719709021     
  0.48811660635224274     
  0.48359659926750664     
  0.47907659218277060     
  0.47488829818313849     
  0.47162281822028623     
  0.46835733825743403     
  0.46546450492588143     
  0.46326654931123745     
  0.46106859369659353     
  0.45921954174823731     
  0.45777872011210885     
  0.45633789847598039     
  0.45527568383229250     
  0.45443612246888987     
  0.45359656110548713     
  0.45310824372671427     
  0.45264520187453577     
  0.45218216002235734     
  0.45208520662995250     
  0.45187964646951118     
  0.45167408630906969     
  0.45180890522599870     
  0.45171026852088392     
  0.45161163181576908     
  0.45185588500551421     
  0.45176971253432580     
  0.45168354006313716     
  0.45191641075862787     
  0.45173860362219176     
  0.45156079648575553     
  0.45169413466707042     
  0.45134069714417407     
  0.45098725962127761     
  0.45091925556627588     
  0.45030906056687692     
  0.44969886556747829     
  0.44935424701646270     
  0.44840365351607070     
  0.44745306001567842     
  0.44673334268802078     
  0.44537346146198953     
  0.44401358023595811     
  0.44284697298306419     
  0.44099112652847261     
  0.43913528007388103     
  0.43741911196627109     
  0.43501755937868103     
  0.43261600679109102     
  0.43028995294429151     
  0.42725997138412386     
  0.42422998982395660     
  0.42119307691520280     
  0.41753217704899392     
  0.41387127718278488     
  0.41010561062049472     
  0.40575770986069659     
  0.40140980910089819     
  0.39684341435680148     
  0.39189949144583802     
  0.38695556853487462     
  0.38166656207760918     
  0.37613783178024940     
  0.37060910148288961     
  0.36460782288072435     
  0.35872199012835421     
  0.35283615737598428     
  0.34635238756011166     
  0.34023400241316443     
  0.33411561726621697     
  0.32730550225850064     
  0.32131527149075245     
  0.31532504072300416     
  0.30857699948826883     
  0.30296512554397081     
  0.29735325159967274     
  0.29098966304600993     
  0.28615855317166083     
  0.28132744329731180     
  0.27579813755529137     
  0.27205078993921422     
  0.26830344232313752     
  0.26400459133792287     
  0.26162811910231493     
  0.25925164686670688     
  0.25650593780631209     
  0.25569571330562596     
  0.25488548880493961     
  0.25395731414655692     
  0.82636607189731315     
  0.82371846492975465     
  0.82116297145420969     
  0.81860747797866451     
  0.81094844083406992     
  0.80349588423826224     
  0.79604332764245411     
  0.78454320325570936     
  0.77330675457337006     
  0.76207030589103020     
  0.74801316414466856     
  0.73433959830515461     
  0.72066603246564009     
  0.70568701047608418     
  0.69098429285892127     
  0.67628157524175780     
  0.66151106481143906     
  0.64710469963759842     
  0.63269833446375712     
  0.61915505537935633     
  0.60587249102786600     
  0.59258992667637522     
  0.58076689172742535     
  0.56925714196859323     
  0.55774739220976088     
  0.54787843811291437     
  0.53830134020429143     
  0.52872424229566817     
  0.52083759820060727     
  0.51326071280961516     
  0.50568382741862250     
  0.49956051823781716     
  0.49377827739296931     
  0.48799603654812168     
  0.48347602946338569     
  0.47928773546375347     
  0.47509944146412147     
  0.47183396150126922     
  0.46894112816971656     
  0.46604829483816379     
  0.46385033922351998     
  0.46200128727516365     
  0.46015223532680744     
  0.45871141369067903     
  0.45764919904699103     
  0.45658698440330303     
  0.45574742303990079     
  0.45525910566112743     
  0.45477078828235451     
  0.45430774643017613     
  0.45421079303777118     
  0.45411383964536634     
  0.45390827948492496     
  0.45404309840185386     
  0.45417791731878288     
  0.45407928061366809     
  0.45432353380341317     
  0.45456778699315836     
  0.45448161452196989     
  0.45471448521746050     
  0.45494735591295121     
  0.45476954877651532     
  0.45490288695782977     
  0.45503622513914455     
  0.45468278761624853     
  0.45461478356124640     
  0.45454677950624461     
  0.45393658450684538     
  0.45359196595583051     
  0.45324734740481532     
  0.45229675390442325     
  0.45157703657676529     
  0.45085731924910732     
  0.44949743802307640     
  0.44833083077018182     
  0.44716422351728757     
  0.44530837706269633     
  0.44359220895508600     
  0.44187604084747600     
  0.43947448825988628     
  0.43714843441308648     
  0.43482238056628703     
  0.43179239900611910     
  0.42875548609736602     
  0.42571857318861261     
  0.42205767332240368     
  0.41829200676011313     
  0.41452634019782270     
  0.41017843943802490     
  0.40561204469392753     
  0.40104564994983055     
  0.39610172703886737     
  0.39081272058160166     
  0.38552371412433623     
  0.37999498382697672     
  0.37399370522481118     
  0.36799242662264586     
  0.36210659387027544     
  0.35562282405440337     
  0.34913905423853109     
  0.34302066909158380     
  0.33621055408386719     
  0.32940043907615063     
  0.32341020830840272     
  0.31666216707366690     
  0.30991412583893141     
  0.30430225189463356     
  0.29793866334097052     
  0.29157507478730771     
  0.28674396491295884     
  0.28121465917093813     
  0.27568535342891765     
  0.27193800581284039     
  0.26763915482762624     
  0.26334030384241186     
  0.26096383160680392     
  0.25821812254640891     
  0.25547241348601391     
  0.25466218898532789     
  0.25373401432694487     
  0.25280583966856196     
  0.82314252366099716     
  0.82058703018545187     
  0.81803153670990647     
  0.81547604323436107     
  0.80802348663855295     
  0.80057093004274471     
  0.79311837344693659     
  0.78188192476459673     
  0.77064547608225697     
  0.75940902739991722     
  0.74573546156040271     
  0.73206189572088820     
  0.71838832988137369     
  0.70368561226421023     
  0.68898289464704687     
  0.67428017702988352     
  0.65987381185604232     
  0.64546744668220102     
  0.63106108150835993     
  0.61777851715686927     
  0.60449595280537860     
  0.59121338845388793     
  0.57970363869505559     
  0.56819388893622325     
  0.55668413917739090     
  0.54710704126876752     
  0.53752994336014426     
  0.52795284545152110     
  0.52037596006052844     
  0.51279907466953589     
  0.50522218927854323     
  0.49943994843369577     
  0.49365770758884819     
  0.48787546674400062     
  0.48368717274436857     
  0.47949887874473646     
  0.47531058474510435     
  0.47241775141355169     
  0.46952491808199898     
  0.46663208475044626     
  0.46478303280209005     
  0.46293398085373377     
  0.46108492890537750     
  0.46002271426168961     
  0.45896049961800167     
  0.45789828497431367     
  0.45740996759554070     
  0.45692165021676773     
  0.45643333283799475     
  0.45633637944558991     
  0.45623942605318502     
  0.45614247266078017     
  0.45627729157770913     
  0.45641211049463803     
  0.45654692941156705     
  0.45679118260131213     
  0.45703543579105732     
  0.45727968898080246     
  0.45751255967629312     
  0.45774543037178372     
  0.45797830106727444     
  0.45811163924858922     
  0.45824497742990394     
  0.45837831561121872     
  0.45831031155621693     
  0.45824230750121508     
  0.45817430344621335     
  0.45782968489519815     
  0.45748506634418290     
  0.45714044779316781     
  0.45642073046550985     
  0.45570101313785183     
  0.45498129581019386     
  0.45381468855729956     
  0.45264808130440520     
  0.45148147405151096     
  0.44976530594390091     
  0.44804913783629086     
  0.44633296972868086     
  0.44400691588188140     
  0.44168086203508194     
  0.43935480818828243     
  0.43631789527952902     
  0.43328098237077561     
  0.43024406946202221     
  0.42647840289973171     
  0.42271273633744122     
  0.41894706977515073     
  0.41438067503105369     
  0.40981428028695660     
  0.40524788554285956     
  0.39995887908559413     
  0.39466987262832864     
  0.38938086617106321     
  0.38337958756889795     
  0.37737830896673263     
  0.37137703036456737     
  0.36489326054869509     
  0.35840949073282274     
  0.35192572091695051     
  0.34511560590923385     
  0.33830549090151718     
  0.33149537589380063     
  0.32474733465906508     
  0.31799929342432942     
  0.31125125218959393     
  0.30488766363593112     
  0.29852407508226830     
  0.29216048652860543     
  0.28663118078658495     
  0.28110187504456441     
  0.27557256930254387     
  0.27127371831732949     
  0.26697486733211512     
  0.26267601634690074     
  0.25993030728650574     
  0.25718459822611073     
  0.25443888916571572     
  0.25351071450733281     
  0.25258253984894991     
  0.25165436519056705     
  0.82021019283632035     
  0.81765469936077506     
  0.81509920588523022     
  0.81261678567334306     
  0.80516422907753482     
  0.79771167248172636     
  0.79052694497028675     
  0.77929049628794711     
  0.76805404760560769     
  0.75720968393513011     
  0.74353611809561559     
  0.72986255225610086     
  0.71657809369307701     
  0.70187537607591366     
  0.68717265845875075     
  0.67293391760372701     
  0.65852755242988592     
  0.64412118725604417     
  0.63006750867379036     
  0.61678494432229969     
  0.60350237997080936     
  0.59060248935183934     
  0.57909273959300700     
  0.56758298983417477     
  0.55636724395477621     
  0.54679014604615306     
  0.53721304813753001     
  0.52793510152339429     
  0.52035821613240174     
  0.51278133074140875     
  0.50547360959341425     
  0.49969136874856668     
  0.49390912790371910     
  0.48838773601807473     
  0.48419944201844267     
  0.48001114801881056     
  0.47609051775116040     
  0.47319768441960763     
  0.47030485108805498     
  0.46766420471335979     
  0.46581515276500357     
  0.46396610081664730     
  0.46238822817675457     
  0.46132601353306657     
  0.46026379888937868     
  0.45945519290843095     
  0.45896687552965798     
  0.45847855815088501     
  0.45826286755427947     
  0.45816591416187458     
  0.45806896076946974     
  0.45822805725475402     
  0.45836287617168298     
  0.45849769508861199     
  0.45890406839121234     
  0.45914832158095753     
  0.45939257477070261     
  0.45989317849566780     
  0.46012604919115840     
  0.46035891988664912     
  0.46085935807704587     
  0.46099269625836059     
  0.46112603443967537     
  0.46151060687855094     
  0.46144260282354915     
  0.46137459876854725     
  0.46156290054818838     
  0.46121828199717319     
  0.46087366344615832     
  0.46076211947581280     
  0.46004240214815473     
  0.45932268482049676     
  0.45882982550048923     
  0.45766321824759493     
  0.45649661099470062     
  0.45551729967128030     
  0.45380113156367030     
  0.45208496345606025     
  0.45052930602395491     
  0.44820325217715540     
  0.44587719833035599     
  0.44364378933672199     
  0.44060687642796864     
  0.43756996351921496     
  0.43456655147728618     
  0.43080088491499557     
  0.42703521835270514     
  0.42319772604625727     
  0.41863133130216013     
  0.41406493655806309     
  0.40932761403421564     
  0.40403860757695020     
  0.39874960111968477     
  0.39315227128530594     
  0.38715099268314063     
  0.38114971408097542     
  0.37471127139051297     
  0.36822750157464068     
  0.36174373175876862     
  0.35468786811738295     
  0.34787775310966629     
  0.34106763810194968     
  0.33357019872533511     
  0.32682215749059962     
  0.32007411625586396     
  0.31257226188771009     
  0.30620867333404728     
  0.29984508478038452     
  0.29269970626720865     
  0.28717040052518811     
  0.28164109478316762     
  0.27539891778001901     
  0.27110006679480464     
  0.26680121580959010     
  0.26190775348129008     
  0.25916204442089497     
  0.25641633536050001     
  0.25329028837593887     
  0.25236211371755601     
  0.25143393905917305     
  0.25036564409808559     
  0.81727786201164365     
  0.81472236853609759     
  0.81223994832421142     
  0.80975752811232482     
  0.80230497151651747     
  0.79512024400507708     
  0.78793551649363702     
  0.77669906781129661     
  0.76585470414082013     
  0.75501034047034299     
  0.74133677463082925     
  0.72805231606780452     
  0.71476785750478034     
  0.70006513988761632     
  0.68582639903259368     
  0.67158765817757038     
  0.65718129300372974     
  0.64312761442147492     
  0.62907393583922055     
  0.61579137148772933     
  0.60289148086876032     
  0.58999159024979075     
  0.57848184049095841     
  0.56726609461155997     
  0.55605034873216153     
  0.54647325082353782     
  0.53719530420940287     
  0.52791735759526748     
  0.52034047220427526     
  0.51303275105627999     
  0.50572502990828505     
  0.49994278906343753     
  0.49442139717779310     
  0.48890000529214872     
  0.48471171129251672     
  0.48079108102486656     
  0.47687045075721635     
  0.47397761742566363     
  0.47133697105096839     
  0.46869632467627320     
  0.46684727272791710     
  0.46526940008802437     
  0.46369152744813158     
  0.46262931280444358     
  0.46182070682349585     
  0.46101210084254818     
  0.46052378346377520     
  0.46030809286716962     
  0.46009240227056414     
  0.45999544887815924     
  0.46015454536344358     
  0.46031364184872792     
  0.46044846076565682     
  0.46085483406825722     
  0.46126120737085763     
  0.46150546056060282     
  0.46200606428556790     
  0.46250666801053308     
  0.46273953870602369     
  0.46323997689642044     
  0.46374041508681729     
  0.46387375326813207     
  0.46425832570700754     
  0.46464289814588311     
  0.46457489409088132     
  0.46476319587052239     
  0.46495149765016341     
  0.46460687909914788     
  0.46449533512880298     
  0.46438379115845774     
  0.46366407383079972     
  0.46317121451079213     
  0.46267835519078460     
  0.46151174793789029     
  0.46053243661446996     
  0.45955312529104958     
  0.45783695718343959     
  0.45628129975133425     
  0.45472564231922885     
  0.45239958847242945     
  0.45016617947879545     
  0.44793277048516161     
  0.44489585757640854     
  0.44189244553447915     
  0.43888903349255004     
  0.43512336693025955     
  0.43128587462381157     
  0.42744838231736371     
  0.42288198757326667     
  0.41814466504941905     
  0.41340734252557165     
  0.40811833606830622     
  0.40252100623392745     
  0.39692367639954851     
  0.39092239779738330     
  0.38448395510692090     
  0.37804551241645851     
  0.37156174260058594     
  0.36450587895920084     
  0.35745001531781539     
  0.35063990031009873     
  0.34314246093348416     
  0.33564502155686959     
  0.32889698032213410     
  0.32139512595398012     
  0.31389327158582625     
  0.30752968303216349     
  0.30038430451898768     
  0.29323892600581181     
  0.28770962026379132     
  0.28146744326064277     
  0.27522526625749416     
  0.27092641527227995     
  0.26603295294397955     
  0.26113949061567931     
  0.25839378155528425     
  0.25526773457072316     
  0.25214168758616201     
  0.25121351292777916     
  0.25014521796669165     
  0.24907692300560413     
  0.81434553118696673     
  0.81186311097508013     
  0.80938069076319352     
  0.80689827055130681     
  0.79971354303986697     
  0.79252881552842713     
  0.78534408801698719     
  0.77449972434651015     
  0.76365536067603301     
  0.75281099700555598     
  0.73952653844253191     
  0.72624207987950773     
  0.71295762131648366     
  0.69871888046146047     
  0.68448013960643717     
  0.67024139875141386     
  0.65618772016915949     
  0.64213404158690524     
  0.62808036300465087     
  0.61518047238568141     
  0.60228058176671184     
  0.58938069114774227     
  0.57816494526834383     
  0.56694919938894528     
  0.55573345350954684     
  0.54645550689541145     
  0.53717756028127606     
  0.52789961366714067     
  0.52059189251914573     
  0.51328417137115090     
  0.50597645022315596     
  0.50045505833751158     
  0.49493366645186720     
  0.48941227456622283     
  0.48549164429857272     
  0.48157101403092251     
  0.47765038376327235     
  0.47500973738857710     
  0.47236909101388191     
  0.46972844463918673     
  0.46815057199929405     
  0.46657269935940132     
  0.46499482671950859     
  0.46418622073856086     
  0.46337761475761319     
  0.46256900877666546     
  0.46235331818005987     
  0.46213762758345434     
  0.46192193698684886     
  0.46208103347213320     
  0.46224012995741748     
  0.46239922644270176     
  0.46280559974530211     
  0.46321197304790257     
  0.46361834635050297     
  0.46411895007546816     
  0.46461955380043318     
  0.46512015752539837     
  0.46562059571579512     
  0.46612103390619192     
  0.46662147209658872     
  0.46700604453546418     
  0.46739061697433976     
  0.46777518941321528     
  0.46796349119285630     
  0.46815179297249743     
  0.46834009475213850     
  0.46822855078179326     
  0.46811700681144797     
  0.46800546284110273     
  0.46751260352109514     
  0.46701974420108761     
  0.46652688488108007     
  0.46554757355765969     
  0.46456826223423936     
  0.46358895091081898     
  0.46203329347871369     
  0.46047763604660830     
  0.45892197861450296     
  0.45668856962086907     
  0.45445516062723518     
  0.45222175163360123     
  0.44921833959167212     
  0.44621492754974312     
  0.44321151550781401     
  0.43937402320136598     
  0.43553653089491812     
  0.43169903858847020     
  0.42696171606462274     
  0.42222439354077523     
  0.41748707101692778     
  0.41188974118254895     
  0.40629241134817018     
  0.40069508151379124     
  0.39425663882332890     
  0.38781819613286650     
  0.38137975344240410     
  0.37432388980101872     
  0.36726802615963328     
  0.36021216251824789     
  0.35271472314163321     
  0.34521728376501865     
  0.33771984438840413     
  0.33021799002025026     
  0.32271613565209634     
  0.31521428128394247     
  0.30806890277076671     
  0.30092352425759089     
  0.29377814574441502     
  0.28753596874126647     
  0.28129379173811792     
  0.27505161473496936     
  0.27015815240666907     
  0.26526469007836884     
  0.26037122775006860     
  0.25724518076550745     
  0.25411913378094630     
  0.25099308679638521     
  0.24992479183529770     
  0.24885649687421019     
  0.24778820191312270     
  0.81149535191239153     
  0.80901293170050503     
  0.80653051148861832     
  0.80418211063296285     
  0.79699738312152302     
  0.78981265561008329     
  0.78294905688173722     
  0.77210469321126030     
  0.76126032954078315     
  0.75086832787680702     
  0.73758386931378284     
  0.72429941075075877     
  0.71158737048404652     
  0.69734862962902333     
  0.68310988877399992     
  0.66935941491501694     
  0.65530573633276257     
  0.64125205775050831     
  0.62771476015745575     
  0.61481486953848630     
  0.60191497891951673     
  0.58938492482930604     
  0.57816917894990760     
  0.56695343307050905     
  0.55608485448972322     
  0.54680690787558783     
  0.53752896126145233     
  0.52850846487616598     
  0.52120074372817116     
  0.51389302258017622     
  0.50680464693228156     
  0.50128325504663729     
  0.49576186316099286     
  0.49043863800437559     
  0.48651800773672543     
  0.48259737746907572     
  0.47883850788611237     
  0.47619786151141708     
  0.47355721513672189     
  0.47109473706798888     
  0.46951686442809615     
  0.46793899178820397     
  0.46651181697933886     
  0.46570321099839107     
  0.46489460501744340     
  0.46426441086222381     
  0.46404872026561833     
  0.46383302966901280     
  0.46377907919302841     
  0.46393817567831275     
  0.46409727216359753     
  0.46444462820470866     
  0.46485100150730901     
  0.46525737480990942     
  0.46584477952795200     
  0.46634538325291719     
  0.46684598697788271     
  0.46754906387526657     
  0.46804950206566337     
  0.46854994025606012     
  0.46925165597973234     
  0.46963622841860786     
  0.47002080085748343     
  0.47062158344376576     
  0.47080988522340678     
  0.47099818700304791     
  0.47140202855414370     
  0.47129048458379852     
  0.47117894061345311     
  0.47128817359205444     
  0.47079531427204685     
  0.47030245495203926     
  0.47002160000923388     
  0.46904228868581360     
  0.46806297736239322     
  0.46728384889543328     
  0.46572819146332795     
  0.46417253403122261     
  0.46278750090095083     
  0.46055409190731689     
  0.45832068291368300     
  0.45621717410757961     
  0.45321376206565051     
  0.45021035002372145     
  0.44727124940433782     
  0.44343375709788985     
  0.43959626479144187     
  0.43574107190402855     
  0.43100374938018116     
  0.42626642685633365     
  0.42139967473684670     
  0.41580234490246787     
  0.41020501506808904     
  0.40435333542871471     
  0.39791489273825237     
  0.39147645004778997     
  0.38463732177157117     
  0.37758145813018584     
  0.37052559448880040     
  0.36292829272736205     
  0.35543085335074742     
  0.34793341397413280     
  0.33976521473184979     
  0.33226336036369591     
  0.32476150599554199     
  0.31649849034762767     
  0.30935311183445185     
  0.30220773332127615     
  0.29427569791813812     
  0.28803352091498957     
  0.28179134391184102     
  0.27480197551590602     
  0.26990851318760573     
  0.26501505085930555     
  0.25951902395503929     
  0.25639297697047814     
  0.25326692998591699     
  0.24973032563064279     
  0.24866203066955528     
  0.24759373570846777     
  0.24639612890832219     
  0.80864517263781632     
  0.80616275242593050     
  0.80381435157027437     
  0.80146595071461901     
  0.79428122320317995     
  0.78741762447483332     
  0.78055402574648736     
  0.76970966207601077     
  0.75931766041203419     
  0.74892565874805817     
  0.73564120018503465     
  0.72292915991832174     
  0.71021711965160939     
  0.69597837879658653     
  0.68222790493760321     
  0.66847743107862012     
  0.65442375249636620     
  0.64088645490331331     
  0.62734915731026075     
  0.61444926669129163     
  0.60191921260108061     
  0.58938915851086993     
  0.57817341263147148     
  0.56730483405068544     
  0.55643625546989950     
  0.54715830885576455     
  0.53813781247047776     
  0.52911731608519141     
  0.52180959493719692     
  0.51472121928930203     
  0.50763284364140726     
  0.50211145175576299     
  0.49678822659914568     
  0.49146500144252842     
  0.48754437117487831     
  0.48378550159191536     
  0.48002663200895240     
  0.47738598563425716     
  0.47492350756552415     
  0.47246102949679114     
  0.47088315685689847     
  0.46945598204803385     
  0.46802880723916912     
  0.46722020125822139     
  0.46659000710300180     
  0.46595981294778233     
  0.46574412235117679     
  0.46569017187519246     
  0.46563622139920807     
  0.46579531788449235     
  0.46614267392560399     
  0.46649002996671551     
  0.46689640326931592     
  0.46748380798735850     
  0.46807121270540097     
  0.46857181643036616     
  0.46927489332775052     
  0.46997797022513488     
  0.47047840841553162     
  0.47118012413920385     
  0.47188183986287607     
  0.47226641230175159     
  0.47286719488803391     
  0.47346797747431624     
  0.47365627925395737     
  0.47406012080505311     
  0.47446396235614896     
  0.47435241838580394     
  0.47446165136440499     
  0.47457088434300621     
  0.47407802502299856     
  0.47379717008019318     
  0.47351631513738779     
  0.47253700381396746     
  0.47175787534700753     
  0.47097874688004765     
  0.46942308944794231     
  0.46803805631767048     
  0.46665302318739876     
  0.46441961419376487     
  0.46231610538766144     
  0.46021259658155811     
  0.45720918453962928     
  0.45427008392024537     
  0.45133098330086163     
  0.44749349099441371     
  0.44363829810700028     
  0.43978310521958697     
  0.43504578269573957     
  0.43017903057625251     
  0.42531227845676561     
  0.41971494862238679     
  0.41386326898301251     
  0.40801158934363824     
  0.40157314665317589     
  0.39473401837695715     
  0.38789489010073841     
  0.38083902645935325     
  0.37324172469791461     
  0.36564442293647625     
  0.35814698355986158     
  0.34997878431757851     
  0.34181058507529549     
  0.33430873070714162     
  0.32604571505922719     
  0.31778269941131293     
  0.31063732089813711     
  0.30270528549499925     
  0.29477325009186128     
  0.28853107308871273     
  0.28154170469277773     
  0.27455233629684273     
  0.26965887396854266     
  0.26416284706427623     
  0.25866682016000991     
  0.25554077317544877     
  0.25200416882017451     
  0.24846756446490037     
  0.24739926950381289     
  0.24620166270366728     
  0.24500405590352170     
  0.80579499336324123     
  0.80344659250758588     
  0.80109819165193052     
  0.79874979079627517     
  0.79188619206792932     
  0.78502259333958346     
  0.77815899461123750     
  0.76776699294726136     
  0.75737499128328534     
  0.74698298961930920     
  0.73427094935259685     
  0.72155890908588460     
  0.70884686881917225     
  0.69509639496018927     
  0.68134592110120629     
  0.66759544724222319     
  0.65405814964917064     
  0.64052085205611820     
  0.62698355446306564     
  0.61445350037285507     
  0.60192344628264438     
  0.58939339219243370     
  0.57852481361164776     
  0.56765623503086182     
  0.55678765645007589     
  0.54776716006478954     
  0.53874666367950319     
  0.52972616729421684     
  0.52263779164632218     
  0.51554941599842763     
  0.50846104035053297     
  0.50313781519391576     
  0.49781459003729844     
  0.49249136488068124     
  0.48873249529771834     
  0.48497362571475533     
  0.48121475613179243     
  0.47875227806305942     
  0.47628979999432630     
  0.47382732192559335     
  0.47240014711672873     
  0.47097297230786406     
  0.46954579749899938     
  0.46891560334377985     
  0.46828540918856032     
  0.46765521503334079     
  0.46760126455735640     
  0.46754731408137207     
  0.46749336360538768     
  0.46784071964649931     
  0.46818807568761089     
  0.46853543172872247     
  0.46912283644676500     
  0.46971024116480747     
  0.47029764588285006     
  0.47100072278023442     
  0.47170379967761877     
  0.47240687657500308     
  0.47310859229867530     
  0.47381030802234753     
  0.47451202374601975     
  0.47511280633230213     
  0.47571358891858440     
  0.47631437150486672     
  0.47671821305596251     
  0.47712205460705831     
  0.47752589615815411     
  0.47763512913675532     
  0.47774436211535665     
  0.47785359509395792     
  0.47757274015115248     
  0.47729188520834709     
  0.47701103026554170     
  0.47623190179858177     
  0.47545277333162184     
  0.47467364486466196     
  0.47328861173439019     
  0.47190357860411841     
  0.47051854547384664     
  0.46841503666774331     
  0.46631152786163987     
  0.46420801905553649     
  0.46126891843615281     
  0.45832981781676913     
  0.45539071719738544     
  0.45153552430997212     
  0.44768033142255870     
  0.44382513853514544     
  0.43895838641565849     
  0.43409163429617148     
  0.42922488217668453     
  0.42337320253731026     
  0.41752152289793598     
  0.41166984325856176     
  0.40483071498234302     
  0.39799158670612433     
  0.39115245842990554     
  0.38355515666846718     
  0.37595785490702882     
  0.36836055314559041     
  0.36019235390330728     
  0.35202415466102421     
  0.34385595541874114     
  0.33559293977082683     
  0.32732992412291240     
  0.31906690847499813     
  0.31113487307186027     
  0.30320283766872236     
  0.29527080226558444     
  0.28828143386964944     
  0.28129206547371444     
  0.27430269707777943     
  0.26880667017351312     
  0.26331064326924691     
  0.25781461636498060     
  0.25427801200970634     
  0.25074140765443215     
  0.24720480329915795     
  0.24600719649901237     
  0.24480958969886674     
  0.24361198289872119     
  0.80321287058154667     
  0.80086446972589131     
  0.79851606887023530     
  0.79627495830539097     
  0.78941135957704511     
  0.78254776084869970     
  0.77605368341414027     
  0.76566168175016425     
  0.75526968008618756     
  0.74540576240945544     
  0.73269372214274320     
  0.71998168187603084     
  0.70784162954921415     
  0.69409115569023117     
  0.68034068183124763     
  0.66720599518597090     
  0.65366869759291846     
  0.64013139999986624     
  0.62708956109710468     
  0.61455950700689410     
  0.60202945291668297     
  0.58995661592714177     
  0.57908803734635583     
  0.56821945876556990     
  0.55766934813435354     
  0.54864885174906719     
  0.53962835536378040     
  0.53086690977803574     
  0.52377853413014119     
  0.51669015848224675     
  0.50977867084611905     
  0.50445544568950185     
  0.49913222053288453     
  0.49393848231097748     
  0.49017961272801452     
  0.48642074314505152     
  0.48276630795714820     
  0.48030382988841513     
  0.47784135181968213     
  0.47545526727730736     
  0.47402809246844274     
  0.47260091765957796     
  0.47125896200764972     
  0.47062876785243013     
  0.46999857369721065     
  0.46944202094946763     
  0.46938807047348319     
  0.46933411999749886     
  0.46937709710798703     
  0.46972445314909855     
  0.47007180919021019     
  0.47051616342493885     
  0.47110356814298132     
  0.47169097286102390     
  0.47240242927586262     
  0.47310550617324687     
  0.47380858307063128     
  0.47464297022206020     
  0.47534468594573243     
  0.47604640166940465     
  0.47690513218081254     
  0.47750591476709481     
  0.47810669735337719     
  0.47887426596296645     
  0.47927810751406225     
  0.47968194906515804     
  0.48027321621042973     
  0.48038244918903100     
  0.48049168216763194     
  0.48079388603078704     
  0.48051303108798160     
  0.48023217614517588     
  0.48015415765965108     
  0.47937502919269115     
  0.47859590072573160     
  0.47801001686572686     
  0.47662498373545509     
  0.47523995060518331     
  0.47403740160375352     
  0.47193389279765008     
  0.46983038399154675     
  0.46786884510373872     
  0.46492974448435498     
  0.46199064386497163     
  0.45914849548244319     
  0.45529330259502976     
  0.45143810970761677     
  0.44759182248307905     
  0.44272507036359210     
  0.43785831824410482     
  0.43290965043085050     
  0.42705797079147623     
  0.42120629115210206     
  0.41513284846554732     
  0.40829372018932858     
  0.40145459191310984     
  0.39426227119656621     
  0.38666496943512785     
  0.37906766767368916     
  0.37095542479747773     
  0.36278722555519455     
  0.35461902631291131     
  0.34580598397370538     
  0.33754296832579106     
  0.32927995267787691     
  0.32026591198552451     
  0.31233387658238665     
  0.30440184117924873     
  0.29567341320527629     
  0.28868404480934129     
  0.28169467641340629     
  0.27395351413921126     
  0.26845748723494489     
  0.26296146033067880     
  0.25682880348805820     
  0.25329219913278395     
  0.24975559477750991     
  0.24580813875587632     
  0.24461053195573074     
  0.24341292515558499     
  0.24205999083992061     
  0.80063074779985188     
  0.79828234694419709     
  0.79604123637935165     
  0.79380012581450665     
  0.78693652708616013     
  0.78044244965160203     
  0.77394837221704305     
  0.76355637055306769     
  0.75369245287633424     
  0.74382853519960168     
  0.73111649493288899     
  0.71897644260607274     
  0.70683639027925604     
  0.69308591642027362     
  0.67995122977499578     
  0.66681654312971861     
  0.65327924553666561     
  0.64023740663390494     
  0.62719556773114382     
  0.61466551364093369     
  0.60259267665139138     
  0.59051983966184984     
  0.57965126108106380     
  0.56910115044984744     
  0.55855103981863108     
  0.54953054343334518     
  0.54076909784759963     
  0.53200765226185465     
  0.52491927661395965     
  0.51800778897783262     
  0.51109630134170514     
  0.50577307618508749     
  0.50057933796318088     
  0.49538559974127372     
  0.49162673015831077     
  0.48797229497040739     
  0.48431785978250402     
  0.48185538171377096     
  0.47946929717139630     
  0.47708321262902137     
  0.47565603782015664     
  0.47431408216822840     
  0.47297212651630005     
  0.47234193236108046     
  0.47178537961333744     
  0.47122882686559447     
  0.47117487638961042     
  0.47121785350009815     
  0.47126083061058632     
  0.47160818665169790     
  0.47205254088642656     
  0.47249689512115528     
  0.47308429983919775     
  0.47379575625403642     
  0.47450721266887519     
  0.47521028956625944     
  0.47604467671768835     
  0.47687906386911738     
  0.47758077959278955     
  0.47843951010419739     
  0.47929824061560533     
  0.47989902320188726     
  0.48066659181147692     
  0.48143416042106624     
  0.48183800197216242     
  0.48242926911743367     
  0.48302053626270536     
  0.48312976924130702     
  0.48343197310446134     
  0.48373417696761623     
  0.48345332202481078     
  0.48337530353928565     
  0.48329728505376057     
  0.48251815658680031     
  0.48193227272679628     
  0.48134638886679182     
  0.47996135573652043     
  0.47875880673509019     
  0.47755625773366039     
  0.47545274892755662     
  0.47349121003974892     
  0.47152967115194089     
  0.46859057053255687     
  0.46574842215002910     
  0.46290627376750093     
  0.45905108088008750     
  0.45520479365555017     
  0.45135850643101272     
  0.44649175431152610     
  0.44154308649827112     
  0.43659441868501658     
  0.43074273904564203     
  0.42466929635908768     
  0.41859585367253294     
  0.41175672539631453     
  0.40456440467977051     
  0.39737208396322687     
  0.38977478220178885     
  0.38166253932557676     
  0.37355029644936510     
  0.36538209720708192     
  0.35656905486787577     
  0.34775601252866967     
  0.33949299688075507     
  0.33047895618840306     
  0.32146491549605083     
  0.31353288009291325     
  0.30480445211894058     
  0.29607602414496814     
  0.28908665574903292     
  0.28134549347483812     
  0.27360433120064304     
  0.26810830429637650     
  0.26197564745375623     
  0.25584299061113580     
  0.25230638625586155     
  0.24835893023422811     
  0.24441147421259468     
  0.24321386741244930     
  0.24186093309678458     
  0.24050799878112006     
  0.79804862501815732     
  0.79580751445331244     
  0.79356640388846733     
  0.79132529332362245     
  0.78483121588906357     
  0.77833713845450481     
  0.77184306101994582     
  0.76197914334321326     
  0.75211522566648048     
  0.74225130798974792     
  0.73011125566293122     
  0.71797120333611464     
  0.70583115100929794     
  0.69269646436402077     
  0.67956177771874349     
  0.66642709107346632     
  0.65338525217070509     
  0.64034341326794397     
  0.62730157436518286     
  0.61522873737564121     
  0.60315590038609956     
  0.59108306339655792     
  0.58053295276534156     
  0.56998284213412498     
  0.55943273150290862     
  0.55067128591716363     
  0.54190984033141865     
  0.53314839474567366     
  0.52623690710954618     
  0.51932541947341870     
  0.51241393183729123     
  0.50722019361538417     
  0.50202645539347712     
  0.49683271717157002     
  0.49317828198366664     
  0.48952384679576322     
  0.48586941160785985     
  0.48348332706548502     
  0.48109724252311026     
  0.47871115798073544     
  0.47736920232880709     
  0.47602724667687868     
  0.47468529102495038     
  0.47412873827720731     
  0.47357218552946428     
  0.47301563278172126     
  0.47305860989220938     
  0.47310158700269744     
  0.47314456411318562     
  0.47358891834791433     
  0.47403327258264294     
  0.47447762681737160     
  0.47518908323221032     
  0.47590053964704898     
  0.47661199606188770     
  0.47744638321331667     
  0.47828077036474553     
  0.47911515751617445     
  0.47997388802758234     
  0.48083261853899018     
  0.48169134905039807     
  0.48245891765998733     
  0.48322648626957665     
  0.48399405487916597     
  0.48458532202443760     
  0.48517658916970918     
  0.48576785631498093     
  0.48607006017813575     
  0.48637226404129053     
  0.48667446790444530     
  0.48659644941892022     
  0.48651843093339509     
  0.48644041244786995     
  0.48585452858786554     
  0.48526864472786113     
  0.48468276086785672     
  0.48348021186642687     
  0.48227766286499696     
  0.48107511386356716     
  0.47911357497575913     
  0.47715203608795115     
  0.47519049720014311     
  0.47234834881761500     
  0.46950620043508684     
  0.46666405205255868     
  0.46281776482802117     
  0.45897147760348367     
  0.45512519037894628     
  0.45017652256569174     
  0.44522785475243709     
  0.44027918693918255     
  0.43420574425262787     
  0.42813230156607318     
  0.42205885887951844     
  0.41486653816297481     
  0.40767421744643118     
  0.40048189672988749     
  0.39236965385367584     
  0.38425741097746413     
  0.37614516810125243     
  0.36733212576204616     
  0.35851908342284000     
  0.34970604108363390     
  0.34069200039128167     
  0.33167795969892938     
  0.32266391900657720     
  0.31393549103260482     
  0.30520706305863243     
  0.29647863508465994     
  0.28873747281046491     
  0.28099631053626989     
  0.27325514826207487     
  0.26712249141945432     
  0.26098983457683389     
  0.25485717773421340     
  0.25090972171257991     
  0.24696226569094648     
  0.24301480966931305     
  0.24166187535364853     
  0.24030894103798400     
  0.23895600672231948     
  0.79555725599488181     
  0.79331614543003692     
  0.79107503486519160     
  0.78899160668436952     
  0.78249752924981064     
  0.77600345181525132     
  0.76989922296191926     
  0.76003530528518670     
  0.75017138760845337     
  0.74087893550895367     
  0.72873888318213698     
  0.71659883085532006     
  0.70514594466070268     
  0.69201125801542551     
  0.67887657137014767     
  0.66637379297840582     
  0.65333195407564459     
  0.64029011517288303     
  0.62786266520464407     
  0.61578982821510242     
  0.60371699122556033     
  0.59209145915944461     
  0.58154134852822825     
  0.57099123789701178     
  0.56080927653678025     
  0.55204783095103538     
  0.54328638536528995     
  0.53475298709322616     
  0.52784149945709868     
  0.52093001182097076     
  0.51416747818305231     
  0.50897373996114537     
  0.50378000173923820     
  0.49866818629348608     
  0.49501375110558277     
  0.49135931591767934     
  0.48773275191640064     
  0.48534666737402582     
  0.48296058283165100     
  0.48059335873081577     
  0.47925140307888742     
  0.47790944742695907     
  0.47655952741097440     
  0.47600297466323138     
  0.47544642191548830     
  0.47490339505116691     
  0.47494637216165503     
  0.47498934927214315     
  0.47504019339675496     
  0.47548454763148373     
  0.47592890186621228     
  0.47641364246184487     
  0.47712509887668358     
  0.47783655529152230     
  0.47859684254368823     
  0.47943122969511720     
  0.48026561684654606     
  0.48118248278267040     
  0.48204121329407823     
  0.48289994380548618     
  0.48385761564923579     
  0.48462518425882506     
  0.48539275286841443     
  0.48628925809558432     
  0.48688052524085595     
  0.48747179238612764     
  0.48821042397937120     
  0.48851262784252597     
  0.48881483170568041     
  0.48928634201836912     
  0.48920832353284399     
  0.48913030504731891     
  0.48923362447244062     
  0.48864774061243621     
  0.48806185675243174     
  0.48766356940726169     
  0.48646102040583189     
  0.48525847140440204     
  0.48423599681414697     
  0.48227445792633894     
  0.48031291903853096     
  0.47850943982543426     
  0.47566729144290604     
  0.47282514306037760     
  0.47009563374271907     
  0.46624934651818162     
  0.46240305929364411     
  0.45860397597029012     
  0.45365530815703564     
  0.44870664034378099     
  0.44370456186242369     
  0.43763111917586905     
  0.43155767648931431     
  0.42531488723743266     
  0.41812256652088908     
  0.41093024580434534     
  0.40341487021556288     
  0.39530262733935129     
  0.38719038446313925     
  0.37861022391508947     
  0.36979718157588326     
  0.36098413923667710     
  0.35154512297452983     
  0.34253108228217766     
  0.33351704158982531     
  0.32377124078488606     
  0.31504281281091367     
  0.30631438483694129     
  0.29679404339912963     
  0.28905288112493466     
  0.28131171885073958     
  0.27280519901661737     
  0.26667254217399683     
  0.26053988533137618     
  0.25377459367411015     
  0.24982713765247663     
  0.24587968163084323     
  0.24149460345436896     
  0.24014166913870444     
  0.23878873482303989     
  0.23729996055816321     
  0.79306588697160652     
  0.79082477640676230     
  0.78874134822593911     
  0.78665792004511670     
  0.78016384261055849     
  0.77405961375722532     
  0.76795538490389270     
  0.75809146722716048     
  0.74879901512765978     
  0.73950656302815942     
  0.72736651070134339     
  0.71591362450672502     
  0.70446073831210732     
  0.69132605166683059     
  0.67882327327508774     
  0.66632049488334533     
  0.65327865598058454     
  0.64085120601234480     
  0.62842375604410539     
  0.61635091905456407     
  0.60472538698844758     
  0.59309985492233142     
  0.58254974429111506     
  0.57236778293088353     
  0.56218582157065211     
  0.55342437598490746     
  0.54489097771284289     
  0.53635757944077866     
  0.52944609180465163     
  0.52268355816673240     
  0.51592102452881350     
  0.51072728630690645     
  0.50561547086115433     
  0.50050365541540220     
  0.49684922022749883     
  0.49322265622622019     
  0.48959609222494149     
  0.48721000768256667     
  0.48484278358173138     
  0.48247555948089615     
  0.48113360382896780     
  0.47978368381298320     
  0.47843376379699848     
  0.47787721104925540     
  0.47733418418493395     
  0.47679115732061261     
  0.47683413443110079     
  0.47688497855571255     
  0.47693582268032442     
  0.47738017691505308     
  0.47786491751068566     
  0.47834965810631824     
  0.47906111452115696     
  0.47982140177332278     
  0.48058168902548881     
  0.48141607617691762     
  0.48233294211304206     
  0.48324980804916640     
  0.48410853856057429     
  0.48506621040432385     
  0.48602388224807358     
  0.48679145085766290     
  0.48768795608483284     
  0.48858446131200273     
  0.48917572845727431     
  0.48991436005051792     
  0.49065299164376147     
  0.49095519550691658     
  0.49142670581960463     
  0.49189821613229290     
  0.49182019764676788     
  0.49192351707188953     
  0.49202683649701134     
  0.49144095263700693     
  0.49104266529183682     
  0.49064437794666671     
  0.48944182894523686     
  0.48841935435498185     
  0.48739687976472684     
  0.48543534087691886     
  0.48363186166382210     
  0.48182838245072540     
  0.47898623406819757     
  0.47625672475053837     
  0.47352721543287946     
  0.46968092820834201     
  0.46588184488498807     
  0.46208276156163414     
  0.45713409374837954     
  0.45213201526702218     
  0.44712993678566487     
  0.44105649409911019     
  0.43481370484722853     
  0.42857091559534688     
  0.42137859487880325     
  0.41386321929002079     
  0.40634784370123833     
  0.39823560082502696     
  0.38965544027697668     
  0.38107527972892663     
  0.37226223738972036     
  0.36282322112757309     
  0.35338420486542577     
  0.34437016417307359     
  0.33462436336813417     
  0.32487856256319497     
  0.31615013458922259     
  0.30662979315141103     
  0.29710945171359937     
  0.28936828943940435     
  0.28086176960528220     
  0.27235524977115999     
  0.26622259292853956     
  0.25945730127127320     
  0.25269200961400690     
  0.24874455359237341     
  0.24435947541589911     
  0.23997439723942487     
  0.23862146292376035     
  0.23713268865888362     
  0.23564391439400695     
  0.79057451794833111     
  0.78849108976750870     
  0.78640766158668618     
  0.78432423340586377     
  0.77822000455253126     
  0.77211577569919876     
  0.76601154684586614     
  0.75671909474636578     
  0.74742664264686554     
  0.73813419054736518     
  0.72668130435274747     
  0.71522841815812976     
  0.70377553196351206     
  0.69127275357176965     
  0.67876997518002735     
  0.66626719678828483     
  0.65383974682004542     
  0.64141229685180612     
  0.62898484688356660     
  0.61735931481745043     
  0.60573378275133438     
  0.59410825068521822     
  0.58392628932498680     
  0.57374432796475527     
  0.56356236660452386     
  0.55502896833245963     
  0.54649557006039551     
  0.53796217178833128     
  0.53119963815041249     
  0.52443710451249359     
  0.51767457087457469     
  0.51256275542882257     
  0.50745093998307045     
  0.50233912453731833     
  0.49871256053603963     
  0.49508599653476104     
  0.49145943253348229     
  0.48909220843264700     
  0.48672498433181177     
  0.48435776023097649     
  0.48300784021499188     
  0.48165792019900722     
  0.48030800018302255     
  0.47976497331870116     
  0.47922194645437971     
  0.47867891959005832     
  0.47872976371467013     
  0.47878060783928195     
  0.47883145196389382     
  0.47931619255952640     
  0.47980093315515898     
  0.48028567375079151     
  0.48104596100295749     
  0.48180624825512336     
  0.48256653550728928     
  0.48348340144341362     
  0.48440026737953801     
  0.48531713331566240     
  0.48627480515941207     
  0.48723247700316163     
  0.48819014884691136     
  0.48908665407408125     
  0.48998315930125114     
  0.49087966452842108     
  0.49161829612166463     
  0.49235692771490813     
  0.49309555930815174     
  0.49356706962084007     
  0.49403857993352845     
  0.49451009024621678     
  0.49461340967133854     
  0.49471672909646025     
  0.49482004852158201     
  0.49442176117641196     
  0.49402347383124179     
  0.49362518648607173     
  0.49260271189581673     
  0.49158023730556172     
  0.49055776271530671     
  0.48875428350220995     
  0.48695080428911319     
  0.48514732507601654     
  0.48241781575835768     
  0.47968830644069882     
  0.47695879712303990     
  0.47315971379968591     
  0.46936063047633192     
  0.46556154715297804     
  0.46055946867162068     
  0.45555739019026331     
  0.45055531170890600     
  0.44431252245702441     
  0.43806973320514275     
  0.43182694395326110     
  0.42431156836447870     
  0.41679619277569629     
  0.40928081718691384     
  0.40070065663886378     
  0.39212049609081379     
  0.38354033554276373     
  0.37410131928061635     
  0.36466230301846903     
  0.35522328675632175     
  0.34547748595138250     
  0.33573168514644308     
  0.32598588434150383     
  0.31646554290369233     
  0.30694520146588078     
  0.29742486002806912     
  0.28891834019394691     
  0.28041182035982470     
  0.27190530052570250     
  0.26514000886843614     
  0.25837471721116989     
  0.25160942555390364     
  0.24722434737742929     
  0.24283926920095500     
  0.23845419102448076     
  0.23696541675960409     
  0.23547664249472738     
  0.23398786822985071     
  0.78832332852233789     
  0.78623990034151547     
  0.78415647216069240     
  0.78220025645767355     
  0.77609602760434082     
  0.76999179875100898     
  0.76431291925468869     
  0.75502046715518856     
  0.74572801505568753     
  0.73704049590896847     
  0.72558760971435077     
  0.71413472351973306     
  0.70336882533598821     
  0.69086604694424592     
  0.67836326855250295     
  0.66657252433959657     
  0.65414507437135727     
  0.64171762440311819     
  0.62988921151034827     
  0.61826367944423222     
  0.60663814737811572     
  0.59552782655366743     
  0.58534586519343590     
  0.57516390383320437     
  0.56533031097662301     
  0.55679691270455889     
  0.54826351443249433     
  0.53997262327140860     
  0.53321008963348981     
  0.52644755599557125     
  0.51980612854529784     
  0.51469431309954583     
  0.50958249765379360     
  0.50451467650355997     
  0.50088811250228127     
  0.49726154850100246     
  0.49362447239641766     
  0.49125724829558237     
  0.48889002419474714     
  0.48647404593566501     
  0.48512412591968040     
  0.48377420590369569     
  0.48237021124760404     
  0.48182718438328254     
  0.48128415751896114     
  0.48067930049360319     
  0.48073014461821506     
  0.48078098874282688     
  0.48079086194950105     
  0.48127560254513357     
  0.48176034314076616     
  0.48221565709857639     
  0.48297594435074226     
  0.48373623160290818     
  0.48449813611570725     
  0.48541500205183158     
  0.48633186798795602     
  0.48727270395070821     
  0.48823037579445783     
  0.48918804763820750     
  0.49020204232681336     
  0.49109854755398319     
  0.49199505278115313     
  0.49297496446455868     
  0.49371359605780218     
  0.49445222765104574     
  0.49530249552239924     
  0.49577400583508763     
  0.49624551614777557     
  0.49685411633629195     
  0.49695743576141371     
  0.49706075518653520     
  0.49731937761361839     
  0.49692109026844822     
  0.49652280292327849     
  0.49629354375634888     
  0.49527106916609387     
  0.49424859457583886     
  0.49339403425196782     
  0.49159055503887111     
  0.48978707582577441     
  0.48813696041438470     
  0.48540745109672589     
  0.48267794177906731     
  0.48006793004613191     
  0.47626884672277792     
  0.47246976339942426     
  0.46872576890586326     
  0.46372369042450584     
  0.45872161194314820     
  0.45369498502231337     
  0.44745219577043172     
  0.44120940651855017     
  0.43481298344451430     
  0.42729760785573190     
  0.41978223226694950     
  0.41198906286692838     
  0.40340890231887838     
  0.39482874177082805     
  0.38579561391207684     
  0.37635659764992940     
  0.36691758138778191     
  0.35689484075933819     
  0.34714903995439889     
  0.33740323914945974     
  0.32693200618211365     
  0.31741166474430210     
  0.30789132330649061     
  0.29759327331140961     
  0.28908675347728735     
  0.28058023364316514     
  0.27130875300334117     
  0.26454346134607482     
  0.25777816968880873     
  0.25036068242123477     
  0.24597560424476042     
  0.24159052606828635     
  0.23677876176048718     
  0.23528998749561048     
  0.23380121323073366     
  0.23214756499603456     
  0.78607213909634455     
  0.78398871091552269     
  0.78203249521250262     
  0.78007627950948311     
  0.77397205065615005     
  0.76829317115983109     
  0.76261429166351136     
  0.75332183956401177     
  0.74463432041729138     
  0.73594680127057177     
  0.72449391507595373     
  0.71372801689220922     
  0.70296211870846459     
  0.69045934031672274     
  0.67866859610381525     
  0.66687785189090842     
  0.65445040192266846     
  0.64262198902989953     
  0.63079357613712994     
  0.61916804407101456     
  0.60805772324656515     
  0.59694740242211664     
  0.58676544106188500     
  0.57693184820530363     
  0.56709825534872227     
  0.55856485707665859     
  0.55027396591557198     
  0.54198307475448604     
  0.53522054111656669     
  0.52857911366629418     
  0.52193768621602099     
  0.51682587077026865     
  0.51175804962003524     
  0.50669022846980150     
  0.50306366446852280     
  0.49942658836393783     
  0.49578951225935297     
  0.49342228815851763     
  0.49100630989943572     
  0.48859033164035359     
  0.48724041162436893     
  0.48583641696827717     
  0.48443242231218542     
  0.48388939544786402     
  0.48328453842250607     
  0.48267968139714812     
  0.48273052552176038     
  0.48274039872843405     
  0.48275027193510828     
  0.48323501253074075     
  0.48369032648855104     
  0.48414564044636121     
  0.48490592769852714     
  0.48566783221132614     
  0.48642973672412526     
  0.48734660266024954     
  0.48828743862300178     
  0.48922827458575407     
  0.49018594642950364     
  0.49119994111810950     
  0.49221393580671535     
  0.49311044103388491     
  0.49409035271729079     
  0.49507026440069635     
  0.49580889599394029     
  0.49665916386529324     
  0.49750943173664680     
  0.49798094204933557     
  0.49858954223785112     
  0.49919814242636723     
  0.49930146185148899     
  0.49956008427857179     
  0.49981870670565476     
  0.49942041936048431     
  0.49919116019355536     
  0.49896190102662608     
  0.49793942643637146     
  0.49708486611250002     
  0.49623030578862903     
  0.49442682657553194     
  0.49277671116414262     
  0.49112659575275291     
  0.48839708643509366     
  0.48578707470215898     
  0.48317706296922391     
  0.47937797964586992     
  0.47563398515230920     
  0.47188999065874848     
  0.46688791217739145     
  0.46186128525655590     
  0.45683465833572079     
  0.45059186908383886     
  0.44419544600980332     
  0.43779902293576745     
  0.43028364734698543     
  0.42249047794696404     
  0.41469730854694287     
  0.40611714799889320     
  0.39708402014014132     
  0.38805089228139000     
  0.37861187601924245     
  0.36858913539079852     
  0.35856639476235463     
  0.34882059395741505     
  0.33834936099006935     
  0.32787812802272354     
  0.31835778658491221     
  0.30805973658983110     
  0.29776168659475005     
  0.28925516676062762     
  0.27998368612080388     
  0.27071220548097980     
  0.26394691382371327     
  0.25652942655613975     
  0.24911193928856590     
  0.24472686111209152     
  0.23991509680429263     
  0.23510333249649359     
  0.23361455823161711     
  0.23196090999691760     
  0.23030726176221836     
  0.78382094967035143     
  0.78186473396733203     
  0.77990851826431240     
  0.77795230256129289     
  0.77227342306497326     
  0.76659454356865364     
  0.76091566407233402     
  0.75222814492561452     
  0.74354062577889479     
  0.73485310663217507     
  0.72408720844843033     
  0.71332131026468559     
  0.70255541208094074     
  0.69076466786803392     
  0.67897392365512710     
  0.66718317944222016     
  0.65535476654945068     
  0.64352635365668132     
  0.63169794076391172     
  0.62058761993946310     
  0.60947729911501436     
  0.59836697829056573     
  0.58853338543398426     
  0.57869979257740289     
  0.56886619972082142     
  0.56057530855973547     
  0.55228441739864942     
  0.54399352623756336     
  0.53735209878729029     
  0.53071067133701733     
  0.52406924388674425     
  0.51900142273651051     
  0.51393360158627688     
  0.50886578043604314     
  0.50522870433145828     
  0.50159162822687320     
  0.49795455212228834     
  0.49553857386320621     
  0.49312259560412425     
  0.49070661734504217     
  0.48930262268895042     
  0.48789862803285861     
  0.48649463337676691     
  0.48588977635140895     
  0.48528491932605095     
  0.48468006230069299     
  0.48468993550736716     
  0.48469980871404128     
  0.48470968192071545     
  0.48516499587852568     
  0.48562030983633586     
  0.48607562379414609     
  0.48683752830694510     
  0.48759943281974405     
  0.48836133733254311     
  0.48930217329529541     
  0.49024300925804765     
  0.49118384522079983     
  0.49219783990940569     
  0.49321183459801143     
  0.49422582928661735     
  0.49520574097002285     
  0.49618565265342840     
  0.49716556433683390     
  0.49801583220818735     
  0.49886610007954080     
  0.49971636795089430     
  0.50032496813941041     
  0.50093356832792635     
  0.50154216851644240     
  0.50180079094352537     
  0.50205941337060822     
  0.50231803579769108     
  0.50208877663076179     
  0.50185951746383251     
  0.50163025829690322     
  0.50077569797303223     
  0.49992113764916113     
  0.49906657732529019     
  0.49741646191390043     
  0.49576634650251084     
  0.49411623109112113     
  0.49150621935818606     
  0.48889620762525110     
  0.48628619589231598     
  0.48254220139875509     
  0.47879820690519437     
  0.47505421241163359     
  0.47002758549079848     
  0.46500095856996326     
  0.45997433164912815     
  0.45357790857509234     
  0.44718148550105652     
  0.44078506242702065     
  0.43299189302699959     
  0.42519872362697853     
  0.41740555422695735     
  0.40837242636820592     
  0.39933929850945449     
  0.39030617065070300     
  0.38028343002225895     
  0.37026068939381496     
  0.36023794876537102     
  0.34976671579802515     
  0.33929548283067917     
  0.32882424986333331     
  0.31852619986825242     
  0.30822814987317149     
  0.29793009987809049     
  0.28865861923826652     
  0.27938713859844255     
  0.27011565795861853     
  0.26269817069104462     
  0.25528068342347088     
  0.24786319615589705     
  0.24305143184809799     
  0.23823966754029902     
  0.23342790323250001     
  0.23177425499780074     
  0.23012060676310142     
  0.22846695852840215     
  0.78166725430223405     
  0.77971103859921465     
  0.77775482289619458     
  0.77596532783085426     
  0.77028644833453475     
  0.76460756883821457     
  0.75935077255107730     
  0.75066325340435780     
  0.74197573425763752     
  0.73392212353877484     
  0.72315622535502999     
  0.71239032717128503     
  0.70237099325156305     
  0.69058024903865634     
  0.67878950482574885     
  0.66772344338772172     
  0.65589503049495235     
  0.64406661760218231     
  0.63291870543477136     
  0.62180838461032262     
  0.61069806378587344     
  0.60010403729833550     
  0.59027044444175414     
  0.58043685158517278     
  0.57100478025608581     
  0.56271388909499986     
  0.55442299793391325     
  0.54636485708319549     
  0.53972342963292252     
  0.53308200218264901     
  0.52656622866293135     
  0.52149840751269760     
  0.51643058636246386     
  0.51138441457655004     
  0.50774733847196507     
  0.50411026236738021     
  0.50042732688239044     
  0.49801134862330831     
  0.49559537036422635     
  0.49309682213045458     
  0.49169282747436283     
  0.49028883281827107     
  0.48877433315063190     
  0.48816947612527389     
  0.48756461909991589     
  0.48685644069014711     
  0.48686631389682122     
  0.48687618710349545     
  0.48678313282600372     
  0.48723844678381389     
  0.48769376074162413     
  0.48807450473557590     
  0.48883640924837490     
  0.48959831376117391     
  0.49030318790916594     
  0.49124402387191823     
  0.49218485983467042     
  0.49310379144589406     
  0.49411778613449986     
  0.49513178082310572     
  0.49615055285774418     
  0.49713046454114973     
  0.49811037622455523     
  0.49912914825919358     
  0.49997941613054703     
  0.50082968400190053     
  0.50174861561312412     
  0.50235721580164028     
  0.50296581599015577     
  0.50367069013814814     
  0.50392931256523099     
  0.50418793499231396     
  0.50456867898626556     
  0.50433941981933628     
  0.50411016065240699     
  0.50401710637491526     
  0.50316254605104427     
  0.50230798572717328     
  0.50159980731740450     
  0.49994969190601485     
  0.49829957649462520     
  0.49678507682698592     
  0.49417506509405090     
  0.49156505336111544     
  0.48906650512734406     
  0.48532251063378323     
  0.48157851614022240     
  0.47789558065523274     
  0.47286895373439758     
  0.46784232681356241     
  0.46279615502764859     
  0.45639973195361283     
  0.45000330887957696     
  0.44348753535985874     
  0.43569436595983768     
  0.42790119655981662     
  0.41984305570909830     
  0.41080992785034687     
  0.40177679999159510     
  0.39234472866250858     
  0.38232198803406447     
  0.37229924740562054     
  0.36170522091808227     
  0.35123398795073640     
  0.34076275498339043     
  0.32961484281597886     
  0.31931679282089798     
  0.30901874282581709     
  0.29795268138778958     
  0.28868120074796561     
  0.27940972010814158     
  0.26939038618841926     
  0.26197289892084530     
  0.25455541165327134     
  0.24650180093440838     
  0.24169003662660932     
  0.23687827231881031     
  0.23162147603167271     
  0.22996782779697345     
  0.22831417956227418     
  0.22652468449693347     
  0.77951355893411689     
  0.77755734323109804     
  0.77576784816575672     
  0.77397835310041596     
  0.76829947360409689     
  0.76304267731695863     
  0.75778588102982092     
  0.74909836188310164     
  0.74104475116423796     
  0.73299114044537461     
  0.72222524226163043     
  0.71220590834190767     
  0.70218657442218546     
  0.69039583020927897     
  0.67932976877125106     
  0.66826370733322349     
  0.65643529444045445     
  0.64528738227304250     
  0.63413947010563088     
  0.62302914928118258     
  0.61243512279364387     
  0.60184109630610538     
  0.59200750344952402     
  0.58257543212043705     
  0.57314336079135020     
  0.56485246963026459     
  0.55679432877954593     
  0.54873618792882772     
  0.54209476047855498     
  0.53557898695883654     
  0.52906321343911844     
  0.52399539228888470     
  0.51894922050297088     
  0.51390304871705705     
  0.51026597261247209     
  0.50658303712748243     
  0.50290010164249255     
  0.50048412338341053     
  0.49798557514963881     
  0.49548702691586705     
  0.49408303225977529     
  0.49256853259213607     
  0.49105403292449690     
  0.49044917589913894     
  0.48974099748937006     
  0.48903281907960128     
  0.48904269228627539     
  0.48894963800878366     
  0.48885658373129193     
  0.48931189768910216     
  0.48969264168305404     
  0.49007338567700576     
  0.49083529018980476     
  0.49154016433779668     
  0.49224503848578877     
  0.49318587444854101     
  0.49410480605976470     
  0.49502373767098828     
  0.49603773235959414     
  0.49705650439423255     
  0.49807527642887106     
  0.49905518811227656     
  0.50007396014691485     
  0.50109273218155326     
  0.50194300005290671     
  0.50286193166413029     
  0.50378086327535399     
  0.50438946346387037     
  0.50509433761186195     
  0.50579921175985387     
  0.50605783418693673     
  0.50643857818088844     
  0.50681932217484027     
  0.50659006300791098     
  0.50649700873041914     
  0.50640395445292752     
  0.50554939412905642     
  0.50484121571928764     
  0.50413303730951897     
  0.50248292189812926     
  0.50096842223048998     
  0.49945392256285076     
  0.49684391082991602     
  0.49434536259614392     
  0.49184681436237215     
  0.48810281986881132     
  0.48441988438382155     
  0.48073694889883190     
  0.47571032197799679     
  0.47066415019208285     
  0.46561797840616909     
  0.45922155533213321     
  0.45270578181241511     
  0.44619000829269689     
  0.43839683889267589     
  0.43033869804195757     
  0.42228055719123925     
  0.41324742933248804     
  0.40381535800340101     
  0.39438328667431422     
  0.38436054604587011     
  0.37376651955833184     
  0.36317249307079358     
  0.35270126010344771     
  0.34155334793603603     
  0.33040543576862452     
  0.32010738577354364     
  0.30904132433551623     
  0.29797526289748871     
  0.28870378225766474     
  0.27868444833794231     
  0.26866511441822000     
  0.26124762715064620     
  0.25319401643178291     
  0.24514040571291973     
  0.24032864140512067     
  0.23507184511798307     
  0.22981504883084550     
  0.22816140059614620     
  0.22637190553080550     
  0.22458241046546482     
  0.77735986356599962     
  0.77557036850065897     
  0.77378087343531821     
  0.77199137836997744     
  0.76673458208283973     
  0.76147778579570202     
  0.75622098950856431     
  0.74816737878970097     
  0.74011376807083773     
  0.73206015735197438     
  0.72204082343225218     
  0.71202148951252997     
  0.70200215559280776     
  0.69093609415478019     
  0.67987003271675273     
  0.66880397127872515     
  0.65765605911131364     
  0.64650814694390213     
  0.63536023477649051     
  0.62476620828895202     
  0.61417218180141364     
  0.60357815531387526     
  0.59414608398478841     
  0.58471401265570155     
  0.57528194132661459     
  0.56722380047589638     
  0.55916565962517817     
  0.55110751877445985     
  0.54459174525474174     
  0.53807597173502364     
  0.53156019821530542     
  0.52651402642939160     
  0.52146785464347778     
  0.51642168285756396     
  0.51273874737257419     
  0.50905581188758453     
  0.50537287640259476     
  0.50287432816882305     
  0.50037577993505122     
  0.49787723170127951     
  0.49636273203364034     
  0.49484823236600117     
  0.49333373269836189     
  0.49262555428859306     
  0.49191737587882423     
  0.49120919746905539     
  0.49111614319156360     
  0.49102308891407187     
  0.49093003463658019     
  0.49131077863053202     
  0.49169152262448385     
  0.49207226661843562     
  0.49277714076642765     
  0.49348201491441956     
  0.49418688906241159     
  0.49510582067363529     
  0.49602475228485893     
  0.49694368389608257     
  0.49796245593072097     
  0.49898122796535943     
  0.49999999999999795     
  0.50101877203463629     
  0.50203754406927459     
  0.50305631610391299     
  0.50397524771513658     
  0.50489417932636016     
  0.50581311093758385     
  0.50651798508557577     
  0.50722285923356769     
  0.50792773338155961     
  0.50830847737551133     
  0.50868922136946304     
  0.50906996536341476     
  0.50897691108592302     
  0.50888385680843129     
  0.50879080253093956     
  0.50808262412117089     
  0.50737444571140211     
  0.50666626730163333     
  0.50515176763399405     
  0.50363726796635477     
  0.50212276829871560     
  0.49962422006494378     
  0.49712567183117207     
  0.49462712359740024     
  0.49094418811241047     
  0.48726125262742076     
  0.48357831714243105     
  0.47853214535651722     
  0.47348597357060335     
  0.46843980178468952     
  0.46192402826497136     
  0.45540825474525326     
  0.44889248122553504     
  0.44083434037481678     
  0.43277619952409851     
  0.42471805867338014     
  0.41528598734429334     
  0.40585391601520659     
  0.39642184468611980     
  0.38582781819858136     
  0.37523379171104310     
  0.36463976522350483     
  0.35349185305609332     
  0.34234394088868164     
  0.33119602872127013     
  0.32012996728324272     
  0.30906390584521531     
  0.29799784440718780     
  0.28797851048746542     
  0.27795917656774305     
  0.26793984264802062     
  0.25988623192915739     
  0.25183262121029426     
  0.24377901049143108     
  0.23852221420429343     
  0.23326541791715580     
  0.22800862163001823     
  0.22621912656467752     
  0.22442963149933681     
  0.22264013643399613     
  0.77541758953453099     
  0.77362809446919023     
  0.77183859940384947     
  0.77018495116915009     
  0.76492815488201260     
  0.75967135859487478     
  0.75485959428707572     
  0.74680598356821248     
  0.73875237284934903     
  0.73133488558177517     
  0.72131555166205308     
  0.71129621774233076     
  0.70202473710250679     
  0.69095867566447933     
  0.67989261422645186     
  0.66959456423137076     
  0.65844665206395925     
  0.64729873989654774     
  0.63682750692920176     
  0.62623348044166338     
  0.61563945395412500     
  0.60561671332568090     
  0.59618464199659404     
  0.58675257066750719     
  0.57771944280875553     
  0.56966130195803732     
  0.56160316110731900     
  0.55380999170729794     
  0.54729421818757984     
  0.54077844466786174     
  0.53438202159382586     
  0.52933584980791204     
  0.52428967802199822     
  0.51926305110116311     
  0.51558011561617345     
  0.51189718013118402     
  0.50815318563762280     
  0.50565463740385108     
  0.50315608917007937     
  0.50054607743714441     
  0.49903157776950513     
  0.49751707810186635     
  0.49586696269047625     
  0.49515878428070736     
  0.49445060587093859     
  0.49359604554706749     
  0.49350299126957581     
  0.49340993699208402     
  0.49318067782515473     
  0.49356142181910662     
  0.49394216581305805     
  0.49420078824014135     
  0.49490566238813327     
  0.49561053653612530     
  0.49621913672464135     
  0.49713806833586499     
  0.49805699994708830     
  0.49890726781844230     
  0.49992603985308071     
  0.50094481188771911     
  0.50192472357112472     
  0.50294349560576301     
  0.50396226764040142     
  0.50497626232900727     
  0.50589519394023086     
  0.50681412555145444     
  0.50775496151420674     
  0.50845983566219866     
  0.50916470981019057     
  0.50992661432298947     
  0.51030735831694118     
  0.51068810231089290     
  0.51114341626870297     
  0.51105036199121123     
  0.51095730771371950     
  0.51096718092039373     
  0.51025900251062506     
  0.50955082410085628     
  0.50894596707549833     
  0.50743146740785905     
  0.50591696774021977     
  0.50451297308412812     
  0.50201442485035641     
  0.49951587661658459     
  0.49709989835750251     
  0.49341696287251269     
  0.48973402738752303     
  0.48609695128293806     
  0.48105077949702413     
  0.47600460771111031     
  0.47093678656087656     
  0.46442101304115846     
  0.45790523952144035     
  0.45126381207116723     
  0.44320567122044896     
  0.43514753036973070     
  0.42685663920864458     
  0.41742456787955778     
  0.40799249655047098     
  0.39815890369388968     
  0.38756487720635124     
  0.37697085071881298     
  0.36586052989436429     
  0.35471261772695278     
  0.34356470555954111     
  0.33173629266677174     
  0.32067023122874433     
  0.30960416979071698     
  0.29781342557780999     
  0.28779409165808761     
  0.27777475773836524     
  0.26700885955462056     
  0.25895524883575732     
  0.25090163811689414     
  0.24221411897017453     
  0.23695732268303688     
  0.23170052639589928     
  0.22602164689957974     
  0.22423215183423906     
  0.22244265676889835     
  0.22048644106587884     
  0.77347531550306226     
  0.77168582043772149     
  0.77003217220302211     
  0.76837852396832285     
  0.76312172768118514     
  0.75830996337338619     
  0.75349819906558713     
  0.74544458834672378     
  0.73802710107914993     
  0.73060961381157596     
  0.72059027989185376     
  0.71131879925202990     
  0.70204731861220582     
  0.69098125717417835     
  0.68068320717909736     
  0.67038515718401626     
  0.65923724501660474     
  0.64876601204925888     
  0.63829477908191301     
  0.62770075259437463     
  0.61767801196593053     
  0.60765527133748654     
  0.59822320000839957     
  0.58919007214964814     
  0.58015694429089648     
  0.57209880344017816     
  0.56430563404015710     
  0.55651246464013604     
  0.54999669112041794     
  0.54360026804638217     
  0.53720384497234630     
  0.53215767318643248     
  0.52713104626559737     
  0.52210441934476226     
  0.51842148385977260     
  0.51467748936621183     
  0.51093349487265094     
  0.50843494663887911     
  0.50582493490594416     
  0.50321492317300920     
  0.50170042350537003     
  0.50005030809398032     
  0.49840019268259061     
  0.49769201427282173     
  0.49683745394895074     
  0.49598289362507963     
  0.49588983934758801     
  0.49566058018065873     
  0.49543132101372933     
  0.49581206500768116     
  0.49607068743476407     
  0.49632930986184698     
  0.49703418400983895     
  0.49764278419835506     
  0.49825138438687111     
  0.49917031599809469     
  0.50002058386944837     
  0.50087085174080204     
  0.50188962377544044     
  0.50286953545884594     
  0.50384944714225144     
  0.50486821917688984     
  0.50588221386549570     
  0.50689620855410156     
  0.50781514016532514     
  0.50875597612807733     
  0.50969681209082962     
  0.51040168623882154     
  0.51116359075162043     
  0.51192549526441933     
  0.51230623925837115     
  0.51276155321618111     
  0.51321686717399118     
  0.51312381289649944     
  0.51313368610317367     
  0.51314355930984790     
  0.51243538090007912     
  0.51183052387472117     
  0.51122566684936321     
  0.50971116718172393     
  0.50830717252563229     
  0.50690317786954064     
  0.50440462963576882     
  0.50198865137668680     
  0.49957267311760467     
  0.49588973763261490     
  0.49225266152802993     
  0.48861558542344496     
  0.48356941363753109     
  0.47850159248729734     
  0.47343377133706366     
  0.46691799781734555     
  0.46027657036707254     
  0.45363514291679941     
  0.44557700206608114     
  0.43728611090499514     
  0.42899521974390897     
  0.41956314841482217     
  0.40972955555824087     
  0.39989596270165950     
  0.38930193621412112     
  0.37819161538967244     
  0.36708129456522376     
  0.35593338239781225     
  0.34410496950504271     
  0.33227655661227334     
  0.32121049517424599     
  0.30941975096133917     
  0.29762900674843218     
  0.28760967282870981     
  0.27684377464496512     
  0.26607787646122044     
  0.25802426574235715     
  0.24933674659563759     
  0.24064922744891801     
  0.23539243116178035     
  0.22971355166546079     
  0.22403467216914125     
  0.22224517710380057     
  0.22028896140078102     
  0.21833274569776151     
  0.77153304147159363     
  0.76987939323689436     
  0.76822574500219498     
  0.76657209676749560     
  0.76176033245969665     
  0.75694856815189770     
  0.75213680384409853     
  0.74471931657652468     
  0.73730182930895083     
  0.72988434204137687     
  0.72061286140155290     
  0.71134138076172893     
  0.70206990012190496     
  0.69177185012682396     
  0.68147380013174286     
  0.67117575013666186     
  0.66070451716931600     
  0.65023328420197024     
  0.63976205123462437     
  0.62973931060618038     
  0.61971656997773628     
  0.60969382934929217     
  0.60066070149054063     
  0.59162757363178908     
  0.58259444577303754     
  0.57480127637301648     
  0.56700810697299531     
  0.55921493757297425     
  0.55281851449893848     
  0.54642209142490272     
  0.54002566835086685     
  0.53499904143003174     
  0.52997241450919663     
  0.52494578758836152     
  0.52120179309480075     
  0.51745779860123986     
  0.51371380410767908     
  0.51110379237474413     
  0.50849378064180906     
  0.50588376890887410     
  0.50423365349748439     
  0.50258353808609479     
  0.50093342267470498     
  0.50007886235083387     
  0.49922430202696289     
  0.49836974170309184     
  0.49814048253616261     
  0.49791122336923327     
  0.49768196420230404     
  0.49794058662938695     
  0.49819920905646986     
  0.49845783148355277     
  0.49906643167206877     
  0.49967503186058482     
  0.50028363204910087     
  0.50113389992045454     
  0.50198416779180810     
  0.50283443566316177     
  0.50381434734656727     
  0.50479425902997277     
  0.50577417071337827     
  0.50678816540198413     
  0.50780216009058998     
  0.50881615477919584     
  0.50975699074194813     
  0.51069782670470021     
  0.51163866266745250     
  0.51240056718025151     
  0.51316247169305040     
  0.51392437620584930     
  0.51437969016365936     
  0.51483500412146932     
  0.51529031807927950     
  0.51530019128595361     
  0.51531006449262795     
  0.51531993769930218     
  0.51471508067394423     
  0.51411022364858616     
  0.51350536662322821     
  0.51210137196713656     
  0.51069737731104481     
  0.50929338265495316     
  0.50687740439587103     
  0.50446142613678902     
  0.50204544787770700     
  0.49840837177312192     
  0.49477129566853695     
  0.49113421956395198     
  0.48606639841371824     
  0.48099857726348449     
  0.47593075611325081     
  0.46928932866297779     
  0.46264790121270472     
  0.45600647376243164     
  0.44771558260134559     
  0.43942469144025953     
  0.43113380027917342     
  0.42130020742259211     
  0.41146661456601075     
  0.40163302170942944     
  0.39052270088498064     
  0.37941238006053191     
  0.36830205923608328     
  0.35647364634331391     
  0.34464523345054437     
  0.33281682055777501     
  0.32102607634486824     
  0.30923533213196136     
  0.29744458791905443     
  0.28667868973530974     
  0.27591279155156506     
  0.26514689336782038     
  0.25645937422110066     
  0.24777185507438107     
  0.23908433592766148     
  0.23340545643134183     
  0.22772657693502230     
  0.22204769743870273     
  0.22009148173568321     
  0.21813526603266364     
  0.21617905032964416     
  0.76969273823777740     
  0.76803909000307802     
  0.76638544176837864     
  0.76489666750350205     
  0.76008490319570288     
  0.75527313888790415     
  0.75088806071142966     
  0.74347057344385581     
  0.73605308617628185     
  0.72928779451901549     
  0.72001631387919152     
  0.71074483323936766     
  0.70223831340524545     
  0.69194026341016446     
  0.68164221341508335     
  0.67212187197727169     
  0.66165063900992593     
  0.65117940604258007     
  0.64143360523764059     
  0.63141086460919671     
  0.62138812398075260     
  0.61194910771860522     
  0.60291597985985368     
  0.59388285200110214     
  0.58530269145305214     
  0.57750952205303108     
  0.56971635265300991     
  0.56220097706422734     
  0.55580455399019169     
  0.54940813091615581     
  0.54316534166427433     
  0.53813871474343911     
  0.53311208782260411     
  0.52811000934124674     
  0.52436601484768597     
  0.52062202035412564     
  0.51682293703077120     
  0.51421292529783613     
  0.51160291356490117     
  0.50887340424724237     
  0.50722328883585266     
  0.50557317342446340     
  0.50376969421136619     
  0.50291513388749520     
  0.50206057356362410     
  0.50103809897336904     
  0.50080883980643975     
  0.50057958063951047     
  0.50018129329434058     
  0.50043991572142343     
  0.50069853814850684     
  0.50080185757362805     
  0.50141045776214410     
  0.50201905795066015     
  0.50249056826334848     
  0.50334083613470215     
  0.50419110400605627     
  0.50492973559929932     
  0.50590964728270493     
  0.50688955896611032     
  0.50778606419328032     
  0.50880005888188617     
  0.50981405357049203     
  0.51077172541424165     
  0.51171256137699395     
  0.51265339733974613     
  0.51357026327587052     
  0.51433216778866941     
  0.51509407230146831     
  0.51585435955363423     
  0.51630967351144430     
  0.51676498746925437     
  0.51724972806488689     
  0.51725960127156112     
  0.51726947447823535     
  0.51732031860284711     
  0.51671546157748915     
  0.51611060455213120     
  0.51556757768780970     
  0.51416358303171805     
  0.51275958837562641     
  0.51140966835964186     
  0.50899369010055973     
  0.50657771184147771     
  0.50421048774064237     
  0.50057341163605729     
  0.49693633553147232     
  0.49330977153019356     
  0.48824195037995993     
  0.48317412922972613     
  0.47806231378397401     
  0.47142088633370099     
  0.46477945888342798     
  0.45801692524550908     
  0.44972603408442302     
  0.44143514292333697     
  0.43290174465127268     
  0.42306815179469137     
  0.41323455893811001     
  0.40305259757787859     
  0.39194227675342974     
  0.38083195592898111     
  0.36920642386286495     
  0.35737801097009558     
  0.34554959807732605     
  0.33312214810908669     
  0.32133140389617992     
  0.30954065968327310     
  0.29703788129153069     
  0.28627198310778601     
  0.27550608492404133     
  0.26405319872942368     
  0.25536567958270395     
  0.24667816043598439     
  0.23738570833648415     
  0.23170682884016450     
  0.22602794934384496     
  0.21992372049051229     
  0.21796750478749283     
  0.21601128908447326     
  0.21392786090365087     
  0.76785243500396116     
  0.76619878676926190     
  0.76471001250438508     
  0.76322123823950838     
  0.75840947393170954     
  0.75402439575523528     
  0.74963931757876079     
  0.74222183031118694     
  0.73545653865392069     
  0.72869124699665433     
  0.71941976635683036     
  0.71091324652270815     
  0.70240672668858595     
  0.69210867669350495     
  0.68258833525569340     
  0.67306799381788163     
  0.66259676085053576     
  0.65285096004559651     
  0.64310515924065703     
  0.63308241861221304     
  0.62364340235006566     
  0.61420438608791827     
  0.60517125822916684     
  0.59659109768111684     
  0.58801093713306674     
  0.58021776773304556     
  0.57270239214426311     
  0.56518701655548065     
  0.55879059348144478     
  0.55254780422956329     
  0.54630501497768180     
  0.54127838805684669     
  0.53627630957548933     
  0.53127423109413208     
  0.52753023660057119     
  0.52373115327721731     
  0.51993206995386332     
  0.51732205822092836     
  0.51459254890326944     
  0.51186303958561064     
  0.51021292417422093     
  0.50840944496112428     
  0.50660596574802752     
  0.50575140542415642     
  0.50472893083390125     
  0.50370645624364629     
  0.50347719707671701     
  0.50307890973154712     
  0.50268062238637712     
  0.50293924481345997     
  0.50304256423858162     
  0.50314588366370339     
  0.50375448385221944     
  0.50422599416490776     
  0.50469750447759620     
  0.50554777234894976     
  0.50628640394219337     
  0.50702503553543710     
  0.50800494721884260     
  0.50890145244601237     
  0.50979795767318237     
  0.51081195236178822     
  0.51176962420553784     
  0.51272729604928757     
  0.51366813201203976     
  0.51458499794816415     
  0.51550186388428854     
  0.51626376839708743     
  0.51702405564925336     
  0.51778434290141917     
  0.51823965685922935     
  0.51872439745486176     
  0.51920913805049440     
  0.51921901125716863     
  0.51926985538178039     
  0.51932069950639215     
  0.51871584248103408     
  0.51817281561671269     
  0.51762978875239130     
  0.51622579409629965     
  0.51487587408031499     
  0.51352595406433044     
  0.51110997580524842     
  0.50874275170441308     
  0.50637552760357774     
  0.50273845149899277     
  0.49911188749771396     
  0.49548532349643526     
  0.49041750234620152     
  0.48530568690044934     
  0.48019387145469727     
  0.47355244400442420     
  0.46678991036650541     
  0.46002737672858651     
  0.45173648556750046     
  0.44320308729543623     
  0.43466968902337194     
  0.42483609616679058     
  0.41465413480655922     
  0.40447217344632774     
  0.39336185262187895     
  0.38173632055576279     
  0.37011078848964668     
  0.35828237559687731     
  0.34585492562863779     
  0.33342747566039843     
  0.32163673144749166     
  0.30913395305574942     
  0.29663117466400701     
  0.28586527648026233     
  0.27441239028564468     
  0.26295950409102703     
  0.25427198494430736     
  0.24497953284480706     
  0.23568708074530684     
  0.23000820124898719     
  0.22390397239565454     
  0.21779974354232190     
  0.21584352783930238     
  0.21376009965847997     
  0.21167667147765762     
  0.76601213177014493     
  0.76452335750526823     
  0.76303458324039153     
  0.76154580897551483     
  0.75716073079904056     
  0.75277565262256640     
  0.74839057444609203     
  0.74162528278882567     
  0.73485999113155942     
  0.72809469947429306     
  0.71958817964017086     
  0.71108165980604865     
  0.70257513997192644     
  0.69305479853411489     
  0.68353445709630323     
  0.67401411565849156     
  0.66426831485355220     
  0.65452251404861284     
  0.64477671324367336     
  0.63533769698152609     
  0.62589868071937871     
  0.61645966445723144     
  0.60787950390918144     
  0.59929934336113133     
  0.59071918281308133     
  0.58320380722429888     
  0.57568843163551642     
  0.56817305604673385     
  0.56193026679485236     
  0.55568747754297076     
  0.54944468829108928     
  0.54444260980973203     
  0.53944053132837455     
  0.53443845284701730     
  0.53063936952366342     
  0.52684028620030954     
  0.52304120287695555     
  0.52031169355929663     
  0.51758218424163771     
  0.51485267492397890     
  0.51304919571088226     
  0.51124571649778550     
  0.50944223728468874     
  0.50841976269443367     
  0.50739728810417861     
  0.50637481351392355     
  0.50597652616875355     
  0.50557823882358355     
  0.50517995147841366     
  0.50528327090353531     
  0.50538659032865707     
  0.50548990975377872     
  0.50596142006646705     
  0.50643293037915549     
  0.50690444069184382     
  0.50764307228508743     
  0.50838170387833104     
  0.50912033547157465     
  0.51001684069874464     
  0.51091334592591442     
  0.51180985115308442     
  0.51276752299683415     
  0.51372519484058377     
  0.51468286668433350     
  0.51559973262045777     
  0.51651659855658216     
  0.51743346449270655     
  0.51819375174487248     
  0.51895403899703840     
  0.51971432624920422     
  0.52019906684483674     
  0.52068380744046927     
  0.52116854803610180     
  0.52121939216071356     
  0.52127023628532532     
  0.52132108040993719     
  0.52077805354561568     
  0.52023502668129429     
  0.51969199981697289     
  0.51834207980098834     
  0.51699215978500368     
  0.51564223976901913     
  0.51327501566818379     
  0.51090779156734856     
  0.50854056746651322     
  0.50491400346523441     
  0.50128743946395571     
  0.49766087546267695     
  0.49254906001692483     
  0.48743724457117260     
  0.48232542912542054     
  0.47556289548750169     
  0.46880036184958285     
  0.46203782821166395     
  0.45350442993959972     
  0.44497103166753549     
  0.43643763339547120     
  0.42625567203523973     
  0.41607371067500837     
  0.40589174931477690     
  0.39426621724866062     
  0.38264068518254452     
  0.37101515311642841     
  0.35858770314818905     
  0.34616025317994953     
  0.33373280321171017     
  0.32123002481996793     
  0.30872724642822569     
  0.29622446803648328     
  0.28477158184186563     
  0.27331869564724798     
  0.26186580945263033     
  0.25257335735312997     
  0.24328090525362972     
  0.23398845315412947     
  0.22788422430079674     
  0.22177999544746407     
  0.21567576659413146     
  0.21359233841330910     
  0.21150891023248669     
  0.20942548205166434     
  0.76435608560598878     
  0.76286731134111196     
  0.76137853707623515     
  0.76002560276057074     
  0.75564052458409647     
  0.75125544640762221     
  0.74730799038598883     
  0.74054269872872258     
  0.73377740707145622     
  0.72764475022883568     
  0.71913823039471347     
  0.71063171056059149     
  0.70289054828639630     
  0.69337020684858464     
  0.68384986541077297     
  0.67512143743680064     
  0.66537563663186117     
  0.65562983582692169     
  0.64661579513456946     
  0.63717677887242219     
  0.62773776261027481     
  0.61892472027106860     
  0.61034455972301860     
  0.60176439917496904     
  0.59365215629875678     
  0.58613678070997433     
  0.57862140512119187     
  0.57142908440464824     
  0.56518629515276675     
  0.55894350590088515     
  0.55287006321433041     
  0.54786798473297316     
  0.54286590625161546     
  0.53791723843836126     
  0.53411815511500738     
  0.53031907179165294     
  0.52647278456711599     
  0.52374327524945707     
  0.52101376593179793     
  0.51817161754927010     
  0.51636813833617334     
  0.51456465912307625     
  0.51260312023526877     
  0.51158064564501360     
  0.51055817105475831     
  0.50935562205332863     
  0.50895733470815863     
  0.50855904736298907     
  0.50797316350298427     
  0.50807648292810592     
  0.50817980235322802     
  0.50810178386770266     
  0.50857329418039088     
  0.50904480449307976     
  0.50934700835623425     
  0.51008563994947775     
  0.51082427154272181     
  0.51141553868799317     
  0.51231204391516305     
  0.51320854914233338     
  0.51397611775192231     
  0.51493378959567204     
  0.51589146143942177     
  0.51675019195082961     
  0.51766705788695389     
  0.51858392382307827     
  0.51941831097450719     
  0.52017859822667312     
  0.52093888547883893     
  0.52165034189367754     
  0.52213508248931007     
  0.52261982308494270     
  0.52306417731967136     
  0.52311502144428312     
  0.52316586556889488     
  0.52320884267938306     
  0.52266581581506155     
  0.52212278895074016     
  0.52156623620299714     
  0.52021631618701247     
  0.51886639617102792     
  0.51752444051909952     
  0.51515721641826429     
  0.51278999231742883     
  0.51040390777505396     
  0.50677734377377515     
  0.50315077977249656     
  0.49949634458459308     
  0.49438452913884090     
  0.48927271369308883     
  0.48407897547118173     
  0.47731644183326283     
  0.47055390819534404     
  0.46364242055921645     
  0.45510902228715228     
  0.44657562401508799     
  0.43781417842934295     
  0.42763221706911159     
  0.41745025570888011     
  0.40690014507766359     
  0.39527461301154732     
  0.38364908094543121     
  0.37157624395588962     
  0.35914879398765021     
  0.34672134401941068     
  0.33367950511664962     
  0.32117672672490738     
  0.30867394833316514     
  0.29553926168788797     
  0.28408637549327032     
  0.27263348929865266     
  0.26049343697183608     
  0.25120098487233572     
  0.24190853277283544     
  0.23204461509610275     
  0.22594038624276999     
  0.21983615738943735     
  0.21334207995487864     
  0.21125865177405623     
  0.20917522359323387     
  0.20693411302838893     
  0.76270003944183262     
  0.76121126517695581     
  0.75985833086129140     
  0.75850539654562676     
  0.75412031836915228     
  0.75017286234751901     
  0.74622540632588574     
  0.73946011466861938     
  0.73332745782599884     
  0.72719480098337841     
  0.71868828114925620     
  0.71094711887506112     
  0.70320595660086604     
  0.69368561516305438     
  0.68495718718908205     
  0.67622875921510961     
  0.66648295841017013     
  0.65746891771781790     
  0.64845487702546556     
  0.63901586076331829     
  0.63020281842411197     
  0.62138977608490575     
  0.61280961553685598     
  0.60469737266064394     
  0.59658512978443234     
  0.58906975419564978     
  0.58187743347910625     
  0.57468511276256251     
  0.56844232351068102     
  0.56236888082412639     
  0.55629543813757176     
  0.55129335965621440     
  0.54634469184295986     
  0.54139602402970533     
  0.53759694070635167     
  0.53375065348181383     
  0.52990436625727655     
  0.52717485693961808     
  0.52433270855708958     
  0.52149056017456141     
  0.51968708096146499     
  0.51772554207365662     
  0.51576400318584881     
  0.51474152859559408     
  0.51353897959416372     
  0.51233643059273370     
  0.51193814324756370     
  0.51135225938755924     
  0.51076637552755488     
  0.51086969495267609     
  0.51079167646715162     
  0.51071365798162649     
  0.51118516829431448     
  0.51148737215746976     
  0.51178957602062469     
  0.51252820761386786     
  0.51311947475913999     
  0.51371074190441168     
  0.51460724713158124     
  0.51537481574117083     
  0.51614238435076032     
  0.51710005619451005     
  0.51795878670591788     
  0.51881751721732572     
  0.51973438315345000     
  0.52056877030487891     
  0.52140315745630783     
  0.52216344470847365     
  0.52287490112331236     
  0.52358635753815097     
  0.52407109813378350     
  0.52451545236851216     
  0.52495980660324082     
  0.52501065072785269     
  0.52505362783834086     
  0.52509660494882882     
  0.52455357808450742     
  0.52399702533676429     
  0.52344047258902138     
  0.52209055257303671     
  0.52074859692110831     
  0.51940664126917990     
  0.51703941716834456     
  0.51465333262596979     
  0.51226724808359481     
  0.50864068408231611     
  0.50498624889441257     
  0.50133181370650926     
  0.49621999826075713     
  0.49102626003884997     
  0.48583252181694286     
  0.47906998817902402     
  0.47215850054289654     
  0.46524701290676906     
  0.45671361463470478     
  0.44795216904895974     
  0.43919072346321475     
  0.42900876210298333     
  0.41845865147176686     
  0.40790854084055034     
  0.39628300877443401     
  0.38421017178489236     
  0.37213733479535077     
  0.35970988482711141     
  0.34666804592435019     
  0.33362620702158907     
  0.32112342862984683     
  0.30798874198456982     
  0.29485405533929265     
  0.28340116914467500     
  0.27126111681785847     
  0.25912106449104183     
  0.24982861239154142     
  0.23996469471480872     
  0.23010077703807602     
  0.22399654818474329     
  0.21750247075018453     
  0.21100839331562582     
  0.20892496513480341     
  0.20668385456995847     
  0.20444274400511356     
  0.76104399327767625     
  0.75969105896201183     
  0.75833812464634720     
  0.75698519033068257     
  0.75303773430904919     
  0.74909027828741581     
  0.74514282226578243     
  0.73901016542316200     
  0.73287750858054146     
  0.72674485173792092     
  0.71900368946372584     
  0.71126252718953087     
  0.70352136491533579     
  0.69479293694136346     
  0.68606450896739091     
  0.67733608099341858     
  0.66832204030106623     
  0.65930799960871389     
  0.65029395891636155     
  0.64148091657715534     
  0.63266787423794912     
  0.62385483189874291     
  0.61574258902253121     
  0.60763034614631950     
  0.59951810327010779     
  0.59232578255356416     
  0.58513346183702053     
  0.57794114112047690     
  0.57186769843392216     
  0.56579425574736764     
  0.55972081306081289     
  0.55477214524755836     
  0.54982347743430382     
  0.54487480962104917     
  0.54102852239651178     
  0.53718223517197439     
  0.53333594794743699     
  0.53049379956490883     
  0.52765165118238078     
  0.52480950279985261     
  0.52284796391204469     
  0.52088642502423665     
  0.51892488613642873     
  0.51772233713499871     
  0.51651978813356880     
  0.51531723913213878     
  0.51473135527213432     
  0.51414547141212985     
  0.51355958755212539     
  0.51348156906660036     
  0.51340355058107545     
  0.51332553209555043     
  0.51362773595870526     
  0.51392993982186008     
  0.51423214368501502     
  0.51482341083028682     
  0.51541467797555840     
  0.51600594512083020     
  0.51677351373041958     
  0.51754108234000884     
  0.51830865094959822     
  0.51916738146100605     
  0.52002611197241388     
  0.52088484248382172     
  0.52171922963525064     
  0.52255361678667944     
  0.52338800393810836     
  0.52409946035294708     
  0.52481091676778568     
  0.52552237318262440     
  0.52596672741735306     
  0.52641108165208172     
  0.52685543588681039     
  0.52689841299729845     
  0.52694139010778662     
  0.52698436721827469     
  0.52642781447053166     
  0.52587126172278853     
  0.52531470897504551     
  0.52397275332311710     
  0.52263079767118870     
  0.52128884201926029     
  0.51890275747688541     
  0.51651667293451053     
  0.51413058839213566     
  0.51047615320423212     
  0.50682171801632880     
  0.50316728282842538     
  0.49797354460651821     
  0.49277980638461105     
  0.48758606816270395     
  0.48067458052657641     
  0.47376309289044904     
  0.46685160525432151     
  0.45809015966857658     
  0.44932871408283154     
  0.44056726849708649     
  0.43001715786587003     
  0.41946704723465350     
  0.40891693660343698     
  0.39684409961389516     
  0.38477126262435352     
  0.37269842563481193     
  0.35965658673205081     
  0.34661474782928958     
  0.33357290892652852     
  0.32043822228125152     
  0.30730353563597446     
  0.29416884899069728     
  0.28202879666388070     
  0.26988874433706417     
  0.25774869201024758     
  0.24788477433351469     
  0.23802085665678199     
  0.22815693898004924     
  0.22166286154549042     
  0.21516878411093165     
  0.20867470667637295     
  0.20643359611152801     
  0.20419248554668304     
  0.20195137498183813     
  0.75949200121887561     
  0.75813906690321109     
  0.75678613258754657     
  0.75558852578740099     
  0.75164106976576761     
  0.74769361374413412     
  0.74415700938885998     
  0.73802435254623955     
  0.73189169570361901     
  0.72639566879935269     
  0.71865450652515772     
  0.71091334425096264     
  0.70392397585502753     
  0.69519554788105520     
  0.68646711990708276     
  0.67853508450394495     
  0.66952104381159261     
  0.66050700311924027     
  0.65224398747132595     
  0.64343094513211974     
  0.63461790279291352     
  0.62644970355063034     
  0.61833746067441864     
  0.61022521779820693     
  0.60262791603676846     
  0.59543559532022494     
  0.58824327460368120     
  0.58140414632746251     
  0.57533070364090788     
  0.56925726095435314     
  0.56340558131497898     
  0.55845691350172433     
  0.55350824568846979     
  0.54864149356898273     
  0.54479520634444545     
  0.54094891911990806     
  0.53709372623249485     
  0.53425157784996669     
  0.53140942946743863     
  0.52847032884805500     
  0.52650878996024697     
  0.52454725107243905     
  0.52244374226633561     
  0.52124119326490559     
  0.52003864426347557     
  0.51865361113320363     
  0.51806772727319927     
  0.51748184341319470     
  0.51670271494623476     
  0.51662469646070985     
  0.51654667797518483     
  0.51626582303237956     
  0.51656802689553449     
  0.51687023075868932     
  0.51697946373729076     
  0.51757073088256256     
  0.51816199802783414     
  0.51856583957892999     
  0.51933340818851936     
  0.52010097679810874     
  0.52070175938439101     
  0.52156048989579895     
  0.52241922040720667     
  0.52312093613087884     
  0.52395532328230765     
  0.52478971043373657     
  0.52549278733112081     
  0.52620424374595953     
  0.52691570016079825     
  0.52750310487884078     
  0.52794745911356944     
  0.52839181334829810     
  0.52873916938940968     
  0.52878214649989785     
  0.52882512361038592     
  0.52877117313440147     
  0.52821462038665845     
  0.52765806763891532     
  0.52702787348369584     
  0.52568591783176744     
  0.52434396217983903     
  0.52291678737097436     
  0.52053070282859937     
  0.51814461828622460     
  0.51568214021749137     
  0.51202770502958805     
  0.50837326984168452     
  0.50461440025872162     
  0.49942066203681451     
  0.49422692381490729     
  0.48890369865829003     
  0.48199221102216255     
  0.47508072338603513     
  0.46799234773814030     
  0.45923090215239537     
  0.45046945656665038     
  0.44144896018136398     
  0.43089884955014757     
  0.42034873891893099     
  0.40948016033814505     
  0.39740732334860318     
  0.38533448635906165     
  0.37280443226885090     
  0.35976259336608984     
  0.34672075446332856     
  0.33318345687027617     
  0.32004877022499911     
  0.30691408357972211     
  0.29316360972073907     
  0.28102355739392249     
  0.26888350506710595     
  0.25617146480039371     
  0.24630754712366082     
  0.23644362944692809     
  0.22605162778295190     
  0.21955755034839308     
  0.21306347291383432     
  0.20619987418548874     
  0.20395876362064380     
  0.20171765305579883     
  0.19936925220014357     
  0.75794000916007520     
  0.75658707484441057     
  0.75538946804426499     
  0.75419186124411941     
  0.75024440522248614     
  0.74670780086721189     
  0.74317119651193764     
  0.73703853966931709     
  0.73154251276505100     
  0.72604648586078468     
  0.71830532358658961     
  0.71131595519065449     
  0.70432658679471938     
  0.69559815882074694     
  0.68766612341760924     
  0.67973408801447144     
  0.67072004732211910     
  0.66245703167420467     
  0.65419401602629024     
  0.64538097368708414     
  0.63721277444480107     
  0.62904457520251778     
  0.62093233232630607     
  0.61333503056486760     
  0.60573772880342924     
  0.59854540808688561     
  0.59170627981066692     
  0.58486715153444813     
  0.57879370884789350     
  0.57294202920851922     
  0.56709034956914506     
  0.56214168175589041     
  0.55727492963640346     
  0.55240817751691651     
  0.54856189029237867     
  0.54470669740496591     
  0.54085150451755271     
  0.53800935613502454     
  0.53507025551564091     
  0.53213115489625729     
  0.53016961600844903     
  0.52806610720234592     
  0.52596259839624238     
  0.52476004939481247     
  0.52337501626454053     
  0.52198998313426859     
  0.52140409927426412     
  0.52062497080730408     
  0.51984584234034414     
  0.51976782385481879     
  0.51948696891201396     
  0.51920611396920879     
  0.51950831783236362     
  0.51961755081096506     
  0.51972678378956649     
  0.52031805093483785     
  0.52072189248593403     
  0.52112573403702989     
  0.52189330264661926     
  0.52249408523290153     
  0.52309486781918391     
  0.52395359833059174     
  0.52465531405426380     
  0.52535702977793597     
  0.52619141692936477     
  0.52689449382674902     
  0.52759757072413338     
  0.52830902713897210     
  0.52889643185701463     
  0.52948383657505715     
  0.52992819080978582     
  0.53027554685089739     
  0.53062290289200909     
  0.53066588000249715     
  0.53061192952651270     
  0.53055797905052826     
  0.53000142630278524     
  0.52937123214756565     
  0.52874103799234606     
  0.52739908234041766     
  0.52597190753155298     
  0.52454473272268831     
  0.52215864818031354     
  0.51969617011158031     
  0.51723369204284719     
  0.51357925685494377     
  0.50982038727198076     
  0.50606151768901786     
  0.50086777946711070     
  0.49554455431049343     
  0.49022132915387617     
  0.48330984151774875     
  0.47622146586985403     
  0.46913309022195920     
  0.46037164463621427     
  0.45135114825092792     
  0.44233065186564147     
  0.43178054123442500     
  0.42091196265363906     
  0.41004338407285312     
  0.39797054708331131     
  0.38544049299310063     
  0.37291043890288994     
  0.35986860000012888     
  0.34633130240707621     
  0.33279400481402377     
  0.31965931816874676     
  0.30590884430976389     
  0.29215837045078091     
  0.28001831812396433     
  0.26730627785725208     
  0.25459423759053990     
  0.24473031991380695     
  0.23433831824983081     
  0.22394631658585462     
  0.21745223915129580     
  0.21058864042295017     
  0.20372504169460454     
  0.20148393112975962     
  0.19913553027410430     
  0.19678712941844903     
  0.75638801710127457     
  0.75519041030112899     
  0.75399280350098341     
  0.75279519670083783     
  0.74925859234556369     
  0.74572198799028944     
  0.74218538363501529     
  0.73668935673074909     
  0.73119332982648277     
  0.72569730292221646     
  0.71870793452628134     
  0.71171856613034623     
  0.70472919773441112     
  0.69679716233127331     
  0.68886512692813562     
  0.68093309152499781     
  0.67267007587708338     
  0.66440706022916907     
  0.65614404458125464     
  0.64797584533897146     
  0.63980764609668839     
  0.63163944685440521     
  0.62404214509296674     
  0.61644484333152838     
  0.60884754157008991     
  0.60200841329387123     
  0.59516928501765243     
  0.58833015674143374     
  0.58247847710205947     
  0.57662679746268530     
  0.57077511782331103     
  0.56590836570382408     
  0.56104161358433702     
  0.55617486146485007     
  0.55231966857743686     
  0.54846447569002377     
  0.54460928280261056     
  0.54167018218322682     
  0.53873108156384319     
  0.53579198094445957     
  0.53368847213835613     
  0.53158496333225269     
  0.52948145452614925     
  0.52809642139587731     
  0.52671138826560537     
  0.52532635513533354     
  0.52454722666837350     
  0.52376809820141346     
  0.52298896973445352     
  0.52270811479164836     
  0.52242725984884308     
  0.52214640490603792     
  0.52225563788463925     
  0.52236487086324068     
  0.52247410384184212     
  0.52287794539293797     
  0.52328178694403382     
  0.52368562849512967     
  0.52428641108141205     
  0.52488719366769432     
  0.52548797625397670     
  0.52618969197764875     
  0.52689140770132092     
  0.52759312342499298     
  0.52829620032237723     
  0.52899927721976148     
  0.52970235411714583     
  0.53028975883518847     
  0.53087716355323100     
  0.53146456827127353     
  0.53181192431238511     
  0.53215928035349669     
  0.53250663639460838     
  0.53245268591862394     
  0.53239873544263949     
  0.53234478496665505     
  0.53171459081143546     
  0.53108439665621598     
  0.53045420250099640     
  0.52902702769213172     
  0.52759985288326705     
  0.52617267807440238     
  0.52371020000566926     
  0.52124772193693625     
  0.51878524386820302     
  0.51502637428524001     
  0.51126750470227700     
  0.50750863511931410     
  0.50218540996269678     
  0.49686218480607958     
  0.49153895964946231     
  0.48445058400156760     
  0.47736220835367282     
  0.47027383270577805     
  0.46125333632049176     
  0.45223283993520541     
  0.44321234354991901     
  0.43234376496913307     
  0.42147518638834713     
  0.41060660780756114     
  0.39807655371735029     
  0.38554649962713960     
  0.37301644553692892     
  0.35947914794387648     
  0.34594185035082387     
  0.33240455275777142     
  0.31865407889878861     
  0.30490360503980574     
  0.29115313118082270     
  0.27844109091411051     
  0.26572905064739827     
  0.25301701038068597     
  0.24262500871670967     
  0.23223300705273353     
  0.22184100538875734     
  0.21497740666041162     
  0.20811380793206602     
  0.20125020920372039     
  0.19890180834806509     
  0.19655340749240977     
  0.19420500663675450     
  0.75499594409647419     
  0.75379833729632861     
  0.75260073049618303     
  0.75153243553509541     
  0.74799583117982116     
  0.74445922682454713     
  0.74133317983998603     
  0.73583715293571972     
  0.73034112603145340     
  0.72544766370315317     
  0.71845829530721805     
  0.71146892691128294     
  0.70522674990813428     
  0.69729471450499658     
  0.68936267910185878     
  0.68221730058868302     
  0.67395428494076870     
  0.66569126929285416     
  0.65818941492470018     
  0.65002121568241711     
  0.64185301644013393     
  0.63435557706351942     
  0.62675827530208084     
  0.61916097354064259     
  0.61210510989925704     
  0.60526598162303835     
  0.59842685334681955     
  0.59198841065635721     
  0.58613673101698305     
  0.58028505137760877     
  0.57468772154322989     
  0.56982096942374283     
  0.56495421730425599     
  0.56021689478040848     
  0.55636170189299528     
  0.55250650900558251     
  0.54866901669913426     
  0.54572991607975063     
  0.54279081546036700     
  0.53978740341843789     
  0.53768389461233457     
  0.53558038580623157     
  0.53334697681259713     
  0.53196194368232519     
  0.53057691055205325     
  0.52902125311994785     
  0.52824212465298781     
  0.52746299618602788     
  0.52648368486260755     
  0.52620282991980238     
  0.52592197497699678     
  0.52542911565698969     
  0.52553834863559112     
  0.52564758161419245     
  0.52553603764384738     
  0.52593987919494323     
  0.52634372074603863     
  0.52653202252568021     
  0.52713280511196248     
  0.52773358769824485     
  0.52811816013712032     
  0.52881987586079238     
  0.52952159158446443     
  0.53002202977486124     
  0.53072510667224548     
  0.53142818356962973     
  0.53192878729459481     
  0.53251619201263745     
  0.53310359673067997     
  0.53350997003328049     
  0.53385732607439196     
  0.53420468211550376     
  0.53436377860078799     
  0.53430982812480354     
  0.53425587764881910     
  0.53404018705221346     
  0.53340999289699398     
  0.53277979874177439     
  0.53197119276082649     
  0.53054401795196182     
  0.52911684314309715     
  0.52753897050320453     
  0.52507649243447141     
  0.52261401436573818     
  0.51997336799104299     
  0.51621449840807987     
  0.51245562882511697     
  0.50853499855746687     
  0.50321177340084955     
  0.49788854824423234     
  0.49236715635858785     
  0.48527878071069308     
  0.47819040506279836     
  0.47088268391480337     
  0.46186218752951708     
  0.45284169114423078     
  0.44356374453009528     
  0.43269516594930935     
  0.42182658736852335     
  0.41061084148912497     
  0.39808078739891406     
  0.38555073330870338     
  0.37265084268973386     
  0.35911354509668147     
  0.34557624750362881     
  0.33152256892137461     
  0.31777209506239174     
  0.30402162120340886     
  0.28978288034838556     
  0.27707084008167332     
  0.26435879981496113     
  0.25107434125193717     
  0.24068233958796087     
  0.23029033792398471     
  0.21944597425350759     
  0.21258237552516185     
  0.20571877679681624     
  0.19853404928537655     
  0.19618564842972125     
  0.19383724757406595     
  0.19135482736217935     
  0.75360387109167348     
  0.75240626429152790     
  0.75133796933044050     
  0.75026967436935299     
  0.74673307001407874     
  0.74360702302951776     
  0.74048097604495655     
  0.73498494914069024     
  0.73009148681239000     
  0.72519802448408976     
  0.71820865608815465     
  0.71196647908500599     
  0.70572430208185744     
  0.69779226667871963     
  0.69064688816554387     
  0.68350150965236811     
  0.67523849400445379     
  0.66773663963629981     
  0.66023478526814572     
  0.65206658602586254     
  0.64456914664924803     
  0.63707170727263362     
  0.62947440551119516     
  0.62241854186980961     
  0.61536267822842416     
  0.60852354995220548     
  0.60208510726174302     
  0.59564666457128068     
  0.58979498493190641     
  0.58419765509752763     
  0.57860032526314886     
  0.57373357314366180     
  0.56899625061981429     
  0.56425892809596678     
  0.56040373520855336     
  0.55656624290210588     
  0.55272875059565796     
  0.54978964997627433     
  0.54678623793434533     
  0.54378282589241633     
  0.54167931708631267     
  0.53944590809267901     
  0.53721249909904489     
  0.53582746596877295     
  0.53427180853666756     
  0.53271615110456227     
  0.53193702263760234     
  0.53095771131418201     
  0.52997839999076168     
  0.52969754504795696     
  0.52920468572794899     
  0.52871182640794157     
  0.52882105938654289     
  0.52870951541619782     
  0.52859797144585252     
  0.52900181299694893     
  0.52919011477658950     
  0.52937841655623064     
  0.52997919914251301     
  0.53036377158138848     
  0.53074834402026394     
  0.53145005974393600     
  0.53195049793433269     
  0.53245093612472938     
  0.53315401302211374     
  0.53365461674707881     
  0.53415522047204389     
  0.53474262519008642     
  0.53514899849268693     
  0.53555537179528734     
  0.53590272783639903     
  0.53606182432168337     
  0.53622092080696770     
  0.53616697033098326     
  0.53595127973437751     
  0.53573558913777197     
  0.53510539498255238     
  0.53429678900160460     
  0.53348818302065670     
  0.53206100821179203     
  0.53048313557189930     
  0.52890526293200657     
  0.52644278486327345     
  0.52380213848857826     
  0.52116149211388296     
  0.51740262253091995     
  0.51348199226326985     
  0.50956136199561963     
  0.50423813683900243     
  0.49871674495335783     
  0.49319535306771334     
  0.48610697741981868     
  0.47879925627182374     
  0.47149153512382869     
  0.46247103873854245     
  0.45319309212440706     
  0.44391514551027156     
  0.43304656692948557     
  0.42183082105008712     
  0.41061507517068868     
  0.39808502108047783     
  0.38518513046150832     
  0.37228523984253881     
  0.35874794224948636     
  0.34469426366723199     
  0.33064058508497773     
  0.31689011122599497     
  0.30265137037097173     
  0.28841262951594843     
  0.27570058924923618     
  0.26241613068621228     
  0.24913167212318832     
  0.23873967045921202     
  0.22789530678873487     
  0.21705094311825779     
  0.21018734438991207     
  0.20300261687847232     
  0.19581788936703265     
  0.19346948851137741     
  0.19098706829949072     
  0.18850464808760412     
  0.75221179808687311     
  0.75114350312578559     
  0.75007520816469808     
  0.74900691320361057     
  0.74588086621904948     
  0.74275481923448838     
  0.73962877224992729     
  0.73473530992162706     
  0.72984184759332682     
  0.72494838526502647     
  0.71870620826187781     
  0.71246403125872926     
  0.70622185425558059     
  0.69907647574240483     
  0.69193109722922908     
  0.68478571871605332     
  0.67728386434789933     
  0.66978200997974535     
  0.66228015561159137     
  0.65478271623497686     
  0.64728527685836235     
  0.63978783748174783     
  0.63273197384036228     
  0.62567611019897673     
  0.61862024655759129     
  0.61218180386712895     
  0.60574336117666649     
  0.59930491848620415     
  0.59370758865182527     
  0.58811025881744650     
  0.58251292898306772     
  0.57777560645922021     
  0.57303828393537271     
  0.56830096141152520     
  0.56446346910507739     
  0.56062597679862958     
  0.55678848449218177     
  0.55378507245025266     
  0.55078166040832377     
  0.54777824836639477     
  0.54554483937276077     
  0.54331143037912688     
  0.54107802138549277     
  0.53952236395338737     
  0.53796670652128209     
  0.53641104908917669     
  0.53543173776575637     
  0.53445242644233604     
  0.53347311511891571     
  0.53298025579890829     
  0.53248739647890075     
  0.53199453715889333     
  0.53188299318854815     
  0.53177144921820296     
  0.53165990524785778     
  0.53184820702749891     
  0.53203650880714004     
  0.53222481058678117     
  0.53260938302565664     
  0.53299395546453210     
  0.53337852790340756     
  0.53387896609380425     
  0.53437940428420094     
  0.53487984247459763     
  0.53538044619956271     
  0.53588104992452779     
  0.53638165364949297     
  0.53678802695209349     
  0.53719440025469389     
  0.53760077355729430     
  0.53775987004257864     
  0.53791896652786297     
  0.53807806301314731     
  0.53786237241654167     
  0.53764668181993602     
  0.53743099122333038     
  0.53662238524238259     
  0.53581377926143470     
  0.53500517328048691     
  0.53342730064059418     
  0.53184942800070145     
  0.53027155536080872     
  0.52763090898611342     
  0.52499026261141823     
  0.52234961623672294     
  0.51842898596907272     
  0.51450835570142250     
  0.51058772543377240     
  0.50506633354812791     
  0.49954494166248337     
  0.49402354977683893     
  0.48671582862884399     
  0.47940810748084906     
  0.47210038633285406     
  0.46282243971871873     
  0.45354449310458333     
  0.44426654649044783     
  0.43305080061104939     
  0.42183505473165095     
  0.41061930885225245     
  0.39771941823328283     
  0.38481952761431326     
  0.37191963699534381     
  0.35786595841308955     
  0.34381227983083518     
  0.32975860124858097     
  0.31551986039355784     
  0.30128111953853465     
  0.28704237868351129     
  0.27375792012048739     
  0.26047346155746343     
  0.24718900299443955     
  0.23634463932396224     
  0.22550027565348515     
  0.21465591198300804     
  0.20747118447156820     
  0.20028645696012853     
  0.19310172944868881     
  0.19061930923680220     
  0.18813688902491554     
  0.18565446881302897     
  0.75092307699439165     
  0.74985478203330425     
  0.74878648707221673     
  0.74785831241383371     
  0.74473226542927262     
  0.74160621844471164     
  0.73886050938431636     
  0.73396704705601623     
  0.72907358472771588     
  0.72477473374250156     
  0.71853255673935290     
  0.71229037973620435     
  0.70676107399418375     
  0.69961569548100799     
  0.69247031696783223     
  0.68610672841416931     
  0.67860487404601533     
  0.67110301967786135     
  0.66435497844312574     
  0.65685753906651134     
  0.64936009968989672     
  0.64254998468218016     
  0.63549412104079472     
  0.62843825739940917     
  0.62195448758353700     
  0.61551604489307454     
  0.60907760220261220     
  0.60307632360044694     
  0.59747899376606806     
  0.59188166393168928     
  0.58659265747442380     
  0.58185533495057629     
  0.57711801242672878     
  0.57255161768263174     
  0.56871412537618393     
  0.56487663306973668     
  0.56111096650744574     
  0.55810755446551674     
  0.55510414242358774     
  0.55206722951483456     
  0.54983382052120056     
  0.54760041152756700     
  0.54527435768076704     
  0.54371870024866165     
  0.54216304281655625     
  0.54044687470894615     
  0.53946756338552593     
  0.53848825206210549     
  0.53732164480921119     
  0.53682878548920376     
  0.53633592616919679     
  0.53561620884153849     
  0.53550466487119319     
  0.53539312090084812     
  0.53504850234983292     
  0.53523680412947416     
  0.53542510590911574     
  0.53535710185411334     
  0.53574167429298880     
  0.53612624673186438     
  0.53625958491317904     
  0.53676002310357573     
  0.53726046129397242     
  0.53749333198946292     
  0.53799393571442811     
  0.53849453943939318     
  0.53873879262913826     
  0.53914516593173878     
  0.53955153923433918     
  0.53968635815126820     
  0.53984545463655254     
  0.54000455112183687     
  0.53990759772943209     
  0.53969190713282633     
  0.53947621653622080     
  0.53898789915744771     
  0.53817929317649982     
  0.53737068719555203     
  0.53630847255186387     
  0.53473059991197114     
  0.53315272727207841     
  0.53130367532372225     
  0.52866302894902695     
  0.52602238257433165     
  0.52312954924277899     
  0.51920891897512877     
  0.51528828870747856     
  0.51109999470784639     
  0.50557860282220191     
  0.50005721093655742     
  0.49427497009170984     
  0.48696724894371490     
  0.47965952779571996     
  0.47208264240472719     
  0.46280469579059180     
  0.45352674917645641     
  0.44394965126783303     
  0.43273390538843470     
  0.42151815950903615     
  0.41000840975020392     
  0.39710851913123429     
  0.38420862851226478     
  0.37092606416077412     
  0.35687238557851991     
  0.34281870699626549     
  0.32841234182242429     
  0.31417360096740116     
  0.29993486011237802     
  0.28523214249521467     
  0.27194768393219071     
  0.25866322536916680     
  0.24498965952965249     
  0.23414529585917521     
  0.22330093218869809     
  0.21206448350635834     
  0.20487975599491853     
  0.19769502848347884     
  0.19024247188767074     
  0.18776005167578413     
  0.18527763146389750     
  0.18272213798835216     
  0.74963435590191030     
  0.74856606094082290     
  0.74763788628243977     
  0.74670971162405686     
  0.74358366463949588     
  0.74083795557910070     
  0.73809224651870564     
  0.73319878419040529     
  0.72889993320519109     
  0.72460108221997677     
  0.71835890521682810     
  0.71282959947480751     
  0.70730029373278702     
  0.70015491521961126     
  0.69379132666594845     
  0.68742773811228552     
  0.67992588374413154     
  0.67317784250939594     
  0.66642980127466034     
  0.65893236189804583     
  0.65212224689032927     
  0.64531213188261261     
  0.63825626824122705     
  0.63177249842535488     
  0.62528872860948270     
  0.61885028591902036     
  0.61284900731685510     
  0.60684772871468973     
  0.60125039888031084     
  0.59596139242304536     
  0.59067238596577987     
  0.58593506344193247     
  0.58136866869783532     
  0.57680227395373829     
  0.57296478164729048     
  0.56919911508500010     
  0.56543344852270971     
  0.56243003648078072     
  0.55939312357202753     
  0.55635621066327434     
  0.55412280166964023     
  0.55179674782284083     
  0.54947069397604120     
  0.54791503654393592     
  0.54619886843632581     
  0.54448270032871582     
  0.54350338900529549     
  0.54233678175240108     
  0.54117017449950666     
  0.54067731517949924     
  0.53995759785184139     
  0.53923788052418364     
  0.53912633655383835     
  0.53878171800282326     
  0.53843709945180818     
  0.53862540123144931     
  0.53855739717644746     
  0.53848939312144561     
  0.53887396556032108     
  0.53900730374163586     
  0.53914064192295053     
  0.53964108011334733     
  0.53987395080883782     
  0.54010682150432832     
  0.54060742522929350     
  0.54085167841903847     
  0.54109593160878355     
  0.54150230491138407     
  0.54163712382831308     
  0.54177194274524221     
  0.54193103923052655     
  0.54183408583812165     
  0.54173713244571675     
  0.54152144184911122     
  0.54103312447033802     
  0.54054480709156494     
  0.53973620111061715     
  0.53867398646692899     
  0.53761177182324094     
  0.53603389918334821     
  0.53418484723499193     
  0.53233579528663577     
  0.52969514891194047     
  0.52680231558038781     
  0.52390948224883516     
  0.51998885198118494     
  0.51580055798155267     
  0.51161226398192050     
  0.50609087209627601     
  0.50030863125142833     
  0.49452639040658075     
  0.48721866925858581     
  0.47964178386759304     
  0.47206489847660033     
  0.46278695186246499     
  0.45320985395384172     
  0.44363275604521835     
  0.43241701016581990     
  0.42090726040698767     
  0.40939751064815544     
  0.39649762002918576     
  0.38321505567769509     
  0.36993249132620443     
  0.35587881274395028     
  0.34147244757010886     
  0.32706608239626772     
  0.31282734154124459     
  0.29812462392408140     
  0.28342190630691799     
  0.27013744774389414     
  0.25646388190437974     
  0.24279031606486545     
  0.23194595239438820     
  0.22070950371204845     
  0.20947305502970870     
  0.20228832751826886     
  0.19483577092246079     
  0.18738321432665273     
  0.18490079411476612     
  0.18234530063922072     
  0.17978980716367540     
  0.74834563480942884     
  0.74741746015104593     
  0.74648928549266291     
  0.74556111083428001     
  0.74281540177388494     
  0.74006969271348977     
  0.73732398365309471     
  0.73302513266788050     
  0.72872628168266618     
  0.72442743069745186     
  0.71889812495543126     
  0.71336881921341067     
  0.70783951347139018     
  0.70147592491772737     
  0.69511233636406455     
  0.68874874781040163     
  0.68200070657566603     
  0.67525266534093054     
  0.66850462410619482     
  0.66169450909847827     
  0.65488439409076160     
  0.64807427908304505     
  0.64159050926717287     
  0.63510673945130058     
  0.62862296963542841     
  0.62262169103326315     
  0.61662041243109789     
  0.61061913382893251     
  0.60533012737166703     
  0.60004112091440154     
  0.59475211445713605     
  0.59018571971303901     
  0.58561932496894198     
  0.58105293022484494     
  0.57728726366255456     
  0.57352159710026418     
  0.56975593053797380     
  0.56671901762922050     
  0.56368210472046731     
  0.56064519181171413     
  0.55831913796491461     
  0.55599308411811510     
  0.55366703027131559     
  0.55195086216370548     
  0.55023469405609537     
  0.54851852594848538     
  0.54735191869559108     
  0.54618531144269666     
  0.54501870418980225     
  0.54429898686214440     
  0.54357926953448665     
  0.54285955220682880     
  0.54251493365581371     
  0.54217031510479852     
  0.54182569655378343     
  0.54175769249878158     
  0.54168968844377974     
  0.54162168438877789     
  0.54175502257009267     
  0.54188836075140734     
  0.54202169893272212     
  0.54225456962821261     
  0.54248744032370311     
  0.54272031101919371     
  0.54296456420893879     
  0.54320881739868376     
  0.54345307058842895     
  0.54358788950535808     
  0.54372270842228709     
  0.54385752733921611     
  0.54376057394681121     
  0.54366362055440631     
  0.54356666716200153     
  0.54307834978322844     
  0.54259003240445525     
  0.54210171502568227     
  0.54103950038199411     
  0.53997728573830606     
  0.53891507109461789     
  0.53706601914626173     
  0.53521696719790546     
  0.53336791524954930     
  0.53047508191799664     
  0.52758224858644387     
  0.52468941525489121     
  0.52050112125525894     
  0.51631282725562677     
  0.51212453325599450     
  0.50634229241114692     
  0.50056005156629924     
  0.49477781072145166     
  0.48720092533045900     
  0.47962403993946628     
  0.47204715454847351     
  0.46247005663985025     
  0.45289295873122698     
  0.44331586082260360     
  0.43180611106377143     
  0.42029636130493919     
  0.40878661154610696     
  0.39550404719461613     
  0.38222148284312540     
  0.36893891849163479     
  0.35453255331779365     
  0.34012618814395223     
  0.32571982297011109     
  0.31101710535294791     
  0.29631438773578472     
  0.28161167011862137     
  0.26793810427910703     
  0.25426453843959274     
  0.24059097260007836     
  0.22935452391773847     
  0.21811807523539872     
  0.20688162655305894     
  0.19942906995725079     
  0.19197651336144270     
  0.18452395676563463     
  0.18196846329008928     
  0.17941296981454391     
  0.17685747633899856     
  0.74719416033143382     
  0.74626598567305091     
  0.74533781101466801     
  0.74452758651398188     
  0.74178187745358670     
  0.73903616839319175     
  0.73665969615758364     
  0.73236084517236943     
  0.72806199418715511     
  0.72431464657107814     
  0.71878534082905765     
  0.71325603508703705     
  0.70842492521268796     
  0.70206133665902515     
  0.69569774810536233     
  0.69008587416106415     
  0.68333783292632866     
  0.67658979169159295     
  0.67059956092384487     
  0.66378944591612832     
  0.65697933090841176     
  0.65086094576146447     
  0.64437717594559230     
  0.63789340612972012     
  0.63200757337734992     
  0.62600629477518466     
  0.62000501617301929     
  0.61447628587565961     
  0.60918727941839412     
  0.60389827296112863     
  0.59895435005016529     
  0.59438795530606825     
  0.58982156056197121     
  0.58547365980217314     
  0.58170799323988276     
  0.57794232667759282     
  0.57428142681138372     
  0.57124451390263054     
  0.56820760099387724     
  0.56517761943370981     
  0.56285156558691030     
  0.56052551174011112     
  0.55812395915252067     
  0.55640779104491056     
  0.55469162293730045     
  0.55283577648270898     
  0.55166916922981457     
  0.55050256197692016     
  0.54914268075088901     
  0.54842296342323127     
  0.54770324609557308     
  0.54675265259518158     
  0.54640803404416638     
  0.54606341549315118     
  0.54545322049375233     
  0.54538521643875049     
  0.54531721238374820     
  0.54496377486085223     
  0.54509711304216690     
  0.54523045122348157     
  0.54505264408704535     
  0.54528551478253595     
  0.54551838547802645     
  0.54543221300683797     
  0.54567646619658294     
  0.54592071938632802     
  0.54582208268121324     
  0.54595690159814236     
  0.54609172051507127     
  0.54588616035462989     
  0.54578920696222499     
  0.54569225356982021     
  0.54522921171764183     
  0.54474089433886863     
  0.54425257696009555     
  0.54341301559669286     
  0.54235080095300470     
  0.54128858630931664     
  0.53984776467318807     
  0.53799871272483180     
  0.53614966077647574     
  0.53395170516183166     
  0.53105887183027900     
  0.52816603849872634     
  0.52490055853587414     
  0.52071226453624186     
  0.51652397053660959     
  0.51200396345187349     
  0.50622172260702580     
  0.50043948176217823     
  0.49431617258137256     
  0.48673928719037984     
  0.47916240179938718     
  0.47127575770432650     
  0.46169865979570318     
  0.45212156188707997     
  0.44225260779023368     
  0.43074285803140144     
  0.41923310827256921     
  0.40741007332361956     
  0.39412750897212867     
  0.38084494462063800     
  0.36730166553623766     
  0.35289530036239641     
  0.33848893518855505     
  0.32371842475823676     
  0.30901570714107363     
  0.29431298952391044     
  0.27933396753435491     
  0.26566040169484062     
  0.25198683585532627     
  0.23792969410896544     
  0.22669324542662556     
  0.21545679674428581     
  0.20395667235754178     
  0.19650411576173357     
  0.18905155916592553     
  0.18139252202133155     
  0.17883702854578620     
  0.17628153507024083     
  0.17363392810268286     
  0.74604268585343880     
  0.74511451119505590     
  0.74430428669436977     
  0.74349406219368375     
  0.74074835313328868     
  0.73837188089768069     
  0.73599540866207258     
  0.73169655767685826     
  0.72794921006078128     
  0.72420186244470441     
  0.71867255670268393     
  0.71384144682833495     
  0.70901033695398574     
  0.70264674840032293     
  0.69703487445602486     
  0.69142300051172667     
  0.68467495927699118     
  0.67868472850924311     
  0.67269449774149492     
  0.66588438273377837     
  0.65976599758683119     
  0.65364761243988401     
  0.64716384262401183     
  0.64127800987164152     
  0.63539217711927143     
  0.62939089851710617     
  0.62386216821974638     
  0.61833343792238660     
  0.61304443146512122     
  0.60810050855415776     
  0.60315658564319441     
  0.59859019089909737     
  0.59424229013929930     
  0.58989438937950123     
  0.58612872281721085     
  0.58246782295100230     
  0.57880692308479365     
  0.57577001017604035     
  0.57274002861587281     
  0.56971004705570538     
  0.56738399320890587     
  0.56498244062131586     
  0.56258088803372563     
  0.56086471992611564     
  0.55900887347152406     
  0.55715302701693248     
  0.55598641976403818     
  0.55462653853800692     
  0.55326665731197577     
  0.55254693998431803     
  0.55159634648392608     
  0.55064575298353424     
  0.55030113443251916     
  0.54969093943312008     
  0.54908074443372112     
  0.54901274037871928     
  0.54865930285582287     
  0.54830586533292647     
  0.54843920351424136     
  0.54826139637780491     
  0.54808358924136868     
  0.54831645993685918     
  0.54823028746567060     
  0.54814411499448212     
  0.54838836818422720     
  0.54828973147911231     
  0.54819109477399741     
  0.54832591369092654     
  0.54812035353048505     
  0.54791479337004367     
  0.54781783997763878     
  0.54735479812546028     
  0.54689175627328190     
  0.54640343889450882     
  0.54556387753110613     
  0.54472431616770345     
  0.54366210152401528     
  0.54222127988788682     
  0.54078045825175813     
  0.53893140630340197     
  0.53673345068875811     
  0.53453549507411413     
  0.53164266174256147     
  0.52837718177970927     
  0.52511170181685696     
  0.52092340781722468     
  0.51640340073248847     
  0.51188339364775237     
  0.50610115280290480     
  0.49997784362209907     
  0.49385453444129340     
  0.48627764905030069     
  0.47839100495524017     
  0.47050436086017944     
  0.46092726295155623     
  0.45105830885470999     
  0.44118935475786375     
  0.42967960499903152     
  0.41785657005008181     
  0.40603353510113205     
  0.39275097074964122     
  0.37920769166524082     
  0.36566441258084043     
  0.35125804740699929     
  0.33648753697668077     
  0.32171702654636247     
  0.30701430892919934     
  0.29203528693964398     
  0.27705626495008845     
  0.26338269911057416     
  0.24932555736421330     
  0.23526841561785250     
  0.22403196693551258     
  0.21253184254876856     
  0.20103171816202456     
  0.19357916156621638     
  0.18592012442162242     
  0.17826108727702844     
  0.17570559380148312     
  0.17305798683392512     
  0.17041037986636715     
  0.74489121137544390     
  0.74408098687475777     
  0.74327076237407175     
  0.74246053787338562     
  0.74008406563777762     
  0.73770759340216951     
  0.73533112116656152     
  0.73158377355048465     
  0.72783642593440767     
  0.72408907831833080     
  0.71925796844398171     
  0.71442685856963273     
  0.70959574869528363     
  0.70398387475098556     
  0.69837200080668738     
  0.69276012686238930     
  0.68676989609464123     
  0.68077966532689316     
  0.67478943455914508     
  0.66867104941219790     
  0.66255266426525072     
  0.65643427911830354     
  0.65054844636593345     
  0.64466261361356314     
  0.63877678086119305     
  0.63324805056383338     
  0.62771932026647348     
  0.62219058996911381     
  0.61724666705815046     
  0.61230274414718711     
  0.60735882123622364     
  0.60301092047642557     
  0.59866301971662750     
  0.59431511895682942     
  0.59065421909062077     
  0.58699331922441222     
  0.58333241935820357     
  0.58030243779803603     
  0.57727245623786860     
  0.57424247467770106     
  0.57184092209011106     
  0.56943936950252094     
  0.56703781691493083     
  0.56518197046033924     
  0.56332612400574777     
  0.56147027755115619     
  0.56011039632512505     
  0.55875051509909390     
  0.55739063387306276     
  0.55644004037267081     
  0.55548944687227886     
  0.55453885337188702     
  0.55392865837248806     
  0.55331846337308899     
  0.55270826837369003     
  0.55235483085079362     
  0.55200139332789733     
  0.55164795580500092     
  0.55147014866856459     
  0.55129234153212825     
  0.55111453439569202     
  0.55102836192450344     
  0.55094218945331497     
  0.55085601698212638     
  0.55075738027701160     
  0.55065874357189659     
  0.55056010686678181     
  0.55035454670634043     
  0.55014898654589894     
  0.54994342638545746     
  0.54948038453327896     
  0.54901734268110058     
  0.54855430082892220     
  0.54771473946551952     
  0.54687517810211683     
  0.54603561673871404     
  0.54459479510258557     
  0.54315397346645689     
  0.54171315183032842     
  0.53951519621568444     
  0.53731724060104058     
  0.53511928498639660     
  0.53185380502354440     
  0.52858832506069220     
  0.52532284509783989     
  0.52080283801310356     
  0.51628283092836746     
  0.51176282384363136     
  0.50563951466282564     
  0.49951620548201997     
  0.49339289630121436     
  0.48550625220615373     
  0.47761960811109316     
  0.46973296401603243     
  0.45986400991918630     
  0.44999505582234012     
  0.44012610172549382     
  0.42830306677654412     
  0.41648003182759430     
  0.40465699687864459     
  0.39111371779424398     
  0.37757043870984364     
  0.36402715962544324     
  0.34925664919512495     
  0.33448613876480648     
  0.31971562833448819     
  0.30473660634493288     
  0.28975758435537752     
  0.27477856236582199     
  0.26072142061946119     
  0.24666427887310038     
  0.23260713712673955     
  0.22110701273999533     
  0.20960688835325136     
  0.19810676396650734     
  0.19044772682191324     
  0.18278868967731932     
  0.17512965253272533     
  0.17248204556516739     
  0.16983443859760938     
  0.16718683163005144     
  0.74383324838459541     
  0.74302302388390928     
  0.74221279938322327     
  0.74151988128395596     
  0.73914340904834797     
  0.73676693681273997     
  0.73473254879101080     
  0.73098520117493404     
  0.72723785355885706     
  0.72401818375257287     
  0.71918707387822378     
  0.71435596400387502     
  0.71017821869168496     
  0.70456634474738689     
  0.69895447080308881     
  0.69407114471886033     
  0.68808091395111237     
  0.68209068318336419     
  0.67682910680420372     
  0.67071072165725654     
  0.66459233651030936     
  0.65916442384070206     
  0.65327859108833186     
  0.64739275833596222     
  0.64211180242895760     
  0.63658307213159782     
  0.63105434183423803     
  0.62602034128787620     
  0.62107641837691285     
  0.61613249546594939     
  0.61157116936079237     
  0.60722326860099418     
  0.60287536784119666     
  0.59877762042016158     
  0.59511672055395293     
  0.59145582068774383     
  0.58794711609247874     
  0.58491713453231120     
  0.58188715297214422     
  0.57888777611276310     
  0.57648622352517298     
  0.57408467093758242     
  0.57164446852088091     
  0.56978862206628933     
  0.56793277561169830     
  0.56594010662150229     
  0.56458022539547115     
  0.56322034416944045     
  0.56168080983270552     
  0.56073021633231357     
  0.55977962283192118     
  0.55857393736418637     
  0.55796374236478741     
  0.55735354736538878     
  0.55646377066874342     
  0.55611033314584701     
  0.55575689562295028     
  0.55506550011416578     
  0.55488769297772944     
  0.55470988584129355     
  0.55418072301027199     
  0.55409455053908330     
  0.55400837806789482     
  0.55352390963650899     
  0.55342527293139421     
  0.55332663622627942     
  0.55282368065309428     
  0.55261812049265280     
  0.55241256033221142     
  0.55176387015730821     
  0.55130082830512972     
  0.55083778645295134     
  0.54993341415468100     
  0.54909385279127820     
  0.54825429142787552     
  0.54694298011748788     
  0.54550215848135930     
  0.54406133684523084     
  0.54216232905051287     
  0.53996437343586889     
  0.53776641782122503     
  0.53509332104777729     
  0.53182784108492509     
  0.52856236112207289     
  0.52485140693771304     
  0.52033139985297672     
  0.51581139276824062     
  0.51085278890991637     
  0.50472947972911075     
  0.49860617054830503     
  0.49208678791604571     
  0.48420014382098508     
  0.47631349972592452     
  0.46807388581365444     
  0.45820493171680832     
  0.44833597761996213     
  0.43814615268627488     
  0.42632311773732512     
  0.41450008278837536     
  0.40244040139758680     
  0.38889712231318624     
  0.37535384322878584     
  0.36155208180704523     
  0.34678157137672694     
  0.33201106094640848     
  0.31709475395578762     
  0.30211573196623231     
  0.28713670997667695     
  0.27192345118692024     
  0.25786630944055938     
  0.24380916769419861     
  0.22962830748135735     
  0.21812818309461313     
  0.20662805870786913     
  0.19494475957028107     
  0.18728572242568697     
  0.17962668528109302     
  0.17185546781365216     
  0.16920786084609421     
  0.16656025387853624     
  0.16389084778221541     
  0.74277528539374682     
  0.74196506089306080     
  0.74127214279379350     
  0.74057922469452619     
  0.73820275245891809     
  0.73616836443718914     
  0.73413397641546019     
  0.73038662879938321     
  0.72716695899309913     
  0.72394728918681484     
  0.71911617931246596     
  0.71493843400027601     
  0.71076068868808628     
  0.70514881474378821     
  0.70026548865955984     
  0.69538216257533136     
  0.68939193180758329     
  0.68413035542842282     
  0.67886877904926224     
  0.67275039390231506     
  0.66732248123270788     
  0.66189456856310047     
  0.65600873581073049     
  0.65072777990372610     
  0.64544682399672193     
  0.63991809369936226     
  0.63488409315300043     
  0.62985009260663849     
  0.62490616969567514     
  0.62034484359051811     
  0.61578351748536098     
  0.61143561672556290     
  0.60733786930452816     
  0.60324012188349352     
  0.59957922201728542     
  0.59607051742201933     
  0.59256181282675380     
  0.58953183126658593     
  0.58653245440720569     
  0.58353307754782502     
  0.58113152496023535     
  0.57869132254353284     
  0.57625112012683100     
  0.57439527367223908     
  0.57240260468204385     
  0.57040993569184839     
  0.56905005446581725     
  0.56751052012908265     
  0.56597098579234817     
  0.56502039229195655     
  0.56381470682422086     
  0.56260902135648561     
  0.56199882635708620     
  0.56110904966044162     
  0.56021927296379681     
  0.55986583544090085     
  0.55917443993211546     
  0.55848304442333052     
  0.55830523728689374     
  0.55777607445587296     
  0.55724691162485174     
  0.55716073915366326     
  0.55667627072227743     
  0.55619180229089171     
  0.55609316558577682     
  0.55559021001259179     
  0.55508725443940665     
  0.55488169427896517     
  0.55423300410406207     
  0.55358431392915874     
  0.55312127207698036     
  0.55221689977871002     
  0.55131252748043968     
  0.55047296611703689     
  0.54916165480664925     
  0.54785034349626160     
  0.54640952186013314     
  0.54451051406541517     
  0.54261150627069732     
  0.54041355065605345     
  0.53774045388260561     
  0.53506735710915798     
  0.53180187714630567     
  0.52809092296194593     
  0.52437996877758608     
  0.51985996169284987     
  0.51490135783452562     
  0.50994275397620137     
  0.50381944479539564     
  0.49730006216313627     
  0.49078067953087701     
  0.48289403543581633     
  0.47465442152354642     
  0.46641480761127641     
  0.45654585351443033     
  0.44635602858074308     
  0.43616620364705583     
  0.42434316869810607     
  0.41228348730731756     
  0.40022380591652895     
  0.38668052683212839     
  0.37287876541038778     
  0.35907700398864728     
  0.34430649355832899     
  0.32939018656770791     
  0.31447387957708706     
  0.29949485758753169     
  0.28428159879777515     
  0.26906834000801844     
  0.25501119826165763     
  0.24083033804881637     
  0.22664947783597514     
  0.21514935344923092     
  0.20346605431164283     
  0.19178275517405474     
  0.18412371802946068     
  0.17635250056201979     
  0.16858128309457898     
  0.16593367612702101     
  0.16326427003070015     
  0.16059486393437936     
  0.74171732240289823     
  0.74102440430363103     
  0.74033148620436373     
  0.73963856810509632     
  0.73760418008336748     
  0.73556979206163842     
  0.73353540403990947     
  0.73031573423362528     
  0.72709606442734120     
  0.72387639462105691     
  0.71969864930886718     
  0.71552090399667745     
  0.71134315868448761     
  0.70645983260025924     
  0.70157650651603087     
  0.69669318043180239     
  0.69143160405264192     
  0.68617002767348145     
  0.68090845129432087     
  0.67548053862471358     
  0.67005262595510628     
  0.66462471328549888     
  0.65934375737849471     
  0.65406280147149054     
  0.64878184556448648     
  0.64374784501812465     
  0.63871384447176283     
  0.63367984392540089     
  0.62911851782024375     
  0.62455719171508672     
  0.61999586560992959     
  0.61589811818889495     
  0.61180037076786031     
  0.60770262334682557     
  0.60419391875156014     
  0.60068521415629450     
  0.59717650956102897     
  0.59417713270164829     
  0.59117775584226762     
  0.58817837898288683     
  0.58573817656618499     
  0.58329797414948303     
  0.58085777173278108     
  0.57886510274258551     
  0.57687243375238995     
  0.57487976476219449     
  0.57334023042545990     
  0.57180069608872541     
  0.57026116175199082     
  0.56905547628425546     
  0.56784979081652009     
  0.56664410534878484     
  0.56575432865213993     
  0.56486455195549501     
  0.56397477525885020     
  0.56328337975006526     
  0.56259198424128021     
  0.56190058873249527     
  0.56137142590147404     
  0.56084226307045282     
  0.56031310023943171     
  0.55982863180804587     
  0.55934416337666004     
  0.55885969494527432     
  0.55835673937208918     
  0.55785378379890416     
  0.55735082822571913     
  0.55670213805081592     
  0.55605344787591271     
  0.55540475770100950     
  0.55450038540273905     
  0.55359601310446871     
  0.55269164080619837     
  0.55138032949581073     
  0.55006901818542309     
  0.54875770687503544     
  0.54685869908031748     
  0.54495969128559962     
  0.54306068349088177     
  0.54038758671743403     
  0.53771448994398630     
  0.53504139317053856     
  0.53133043898617882     
  0.52761948480181897     
  0.52390853061745923     
  0.51894992675913487     
  0.51399132290081062     
  0.50903271904248637     
  0.50251333641022700     
  0.49599395377796762     
  0.48947457114570830     
  0.48123495723343834     
  0.47299534332116844     
  0.46475572940889842     
  0.45456590447521128     
  0.44437607954152414     
  0.43418625460783689     
  0.42212657321704827     
  0.41006689182625977     
  0.39800721043547116     
  0.38420544901373044     
  0.37040368759198983     
  0.35660192617024927     
  0.34168561917962842     
  0.32676931218900734     
  0.31185300519838649     
  0.29663974640862995     
  0.28142648761887340     
  0.26621322882911669     
  0.25203236861627543     
  0.23785150840343414     
  0.22367064819059287     
  0.21198734905300462     
  0.20030404991541656     
  0.18862075077782847     
  0.18084953331038750     
  0.17307831584294664     
  0.16530709837550578     
  0.16263769227918495     
  0.15996828618286410     
  0.15729888008654330     
  0.74075607126714682     
  0.74006315316787952     
  0.73937023506861221     
  0.73878125297106578     
  0.73674686494933672     
  0.73471247692760777     
  0.73299274170647721     
  0.72977307190019314     
  0.72655340209390884     
  0.72381623963885211     
  0.71963849432666238     
  0.71546074901447254     
  0.71189993210518510     
  0.70701660602095684     
  0.70213327993672836     
  0.69793258491021637     
  0.69267100853105590     
  0.68740943215189554     
  0.68285501170859320     
  0.67742709903898590     
  0.67199918636937861     
  0.66724019155676961     
  0.66195923564976544     
  0.65667827974276127     
  0.65200164410346517     
  0.64696764355710334     
  0.64193364301074141     
  0.63740194895249780     
  0.63284062284734066     
  0.62827929674218363     
  0.62411175127127905     
  0.62001400385024430     
  0.61591625642920977     
  0.61209265298295645     
  0.60858394838769092     
  0.60507524379242539     
  0.60172685104318258     
  0.59872747418380179     
  0.59572809732442122     
  0.59278156027568107     
  0.59034135785897912     
  0.58790115544227728     
  0.58541460039543869     
  0.58342193140524312     
  0.58142926241504767     
  0.57930593995219071     
  0.57776640561545622     
  0.57622687127872163     
  0.57447664907371010     
  0.57327096360597474     
  0.57206527813823937     
  0.57058733517750571     
  0.56969755848086079     
  0.56880778178421598     
  0.56758167816175942     
  0.56689028265297448     
  0.56619888714418942     
  0.56512808032049056     
  0.56459891748946922     
  0.56406975465844811     
  0.56310801709575087     
  0.56262354866436504     
  0.56213908023297932     
  0.56119418675719779     
  0.56069123118401265     
  0.56018827561082762     
  0.55917881522722501     
  0.55853012505232180     
  0.55788143487741859     
  0.55671387496227764     
  0.55580950266400730     
  0.55490513036573696     
  0.55344213487148353     
  0.55213082356109577     
  0.55081951225070824     
  0.54895748717088666     
  0.54705847937616869     
  0.54515947158145084     
  0.54268058151996268     
  0.54000748474651494     
  0.53733438797306721     
  0.53411764395099481     
  0.53040668976663508     
  0.52669573558227523     
  0.52243385252534968     
  0.51747524866702532     
  0.51251664480870107     
  0.50707636343178764     
  0.50055698079952837     
  0.49403759816726889     
  0.48706891778605355     
  0.47882930387378358     
  0.47058968996151374     
  0.46198907547275903     
  0.45179925053907188     
  0.44160942560538480     
  0.43114632808848530     
  0.41908664669769669     
  0.40702696530690807     
  0.39475046974485883     
  0.38094870832311800     
  0.36714694690137745     
  0.35326627659090565     
  0.33834996960028474     
  0.32343366260966372     
  0.30839310633328548     
  0.29317984754352888     
  0.27796658875377245     
  0.26277848705920170     
  0.24859762684636044     
  0.23441676663351918     
  0.22013461301838655     
  0.20845131388079832     
  0.19676801474321021     
  0.18508852978329318     
  0.17731731231585221     
  0.16954609484841135     
  0.16173628492192693     
  0.15906687882560611     
  0.15639747272928525     
  0.15369836881804236     
  0.73979482013139519     
  0.73910190203212789     
  0.73851291993458146     
  0.73792393783703514     
  0.73588954981530608     
  0.73416981459417563     
  0.73245007937304507     
  0.72923040956676077     
  0.72649324711170404     
  0.72375608465664731     
  0.71957833934445747     
  0.71601752243517003     
  0.71245670552588258     
  0.70757337944165410     
  0.70337268441514222     
  0.69917198938863034     
  0.69391041300946987     
  0.68935599256616786     
  0.68480157212286552     
  0.67937365945325823     
  0.67461466464064923     
  0.66985566982804023     
  0.66457471392103606     
  0.65989807828173985     
  0.65522144264244375     
  0.65018744209608192     
  0.64565574803783821     
  0.64112405397959460     
  0.63656272787443757     
  0.63239518240353298     
  0.62822763693262829     
  0.62412988951159376     
  0.62030628606534055     
  0.61648268261908723     
  0.61297397802382125     
  0.60962558527457889     
  0.60627719252533607     
  0.60327781566595529     
  0.60033127861721525     
  0.59738474156847510     
  0.59494453915177281     
  0.59245798410493478     
  0.58997142905809619     
  0.58797876006790073     
  0.58585543760504377     
  0.58373211514218704     
  0.58219258080545244     
  0.58044235860044080     
  0.57869213639542916     
  0.57748645092769446     
  0.57600850796696013     
  0.57453056500622646     
  0.57364078830958165     
  0.57241468468712497     
  0.57118858106466852     
  0.57049718555588402     
  0.56942637873218460     
  0.56835557190848562     
  0.56782640907746451     
  0.56686467151476727     
  0.56590293395206992     
  0.56541846552068420     
  0.56447357204490267     
  0.56352867856912114     
  0.56302572299593612     
  0.56201626261233351     
  0.56100680222873089     
  0.56035811205382768     
  0.55919055213868685     
  0.55802299222354579     
  0.55711861992527556     
  0.55565562443102201     
  0.55419262893676857     
  0.55288131762638093     
  0.55101929254655935     
  0.54915726746673776     
  0.54725825967201991     
  0.54477936961053175     
  0.54230047954904359     
  0.53962738277559585     
  0.53641063875352346     
  0.53319389473145096     
  0.52948294054709133     
  0.52522105749016579     
  0.52095917443324014     
  0.51600057057491577     
  0.51056028919800245     
  0.50512000782108890     
  0.49860062518882964     
  0.49163194480761413     
  0.48466326442639879     
  0.47642365051412888     
  0.46782303602537428     
  0.45922242153661968     
  0.44903259660293260     
  0.43856949908603315     
  0.42810640156913365     
  0.41604672017834510     
  0.40377022461629580     
  0.39149372905424651     
  0.37769196763250573     
  0.36381129732203388     
  0.34993062701156202     
  0.33501432002094117     
  0.31997376374456271     
  0.30493320746818453     
  0.28971994867842799     
  0.27453184698385746     
  0.25934374528928678     
  0.24516288507644551     
  0.23088073146131291     
  0.21659857784618025     
  0.20491527870859200     
  0.19323579374867497     
  0.18155630878875795     
  0.17378509132131698     
  0.16597528139483253     
  0.15816547146834808     
  0.15549606537202729     
  0.15279696146078434     
  0.15009785754954147     
  0.73883356899564367     
  0.73824458689809735     
  0.73765560480055092     
  0.73706662270300449     
  0.73534688748187393     
  0.73362715226074338     
  0.73190741703961282     
  0.72917025458455609     
  0.72643309212949925     
  0.72369592967444252     
  0.72013511276515507     
  0.71657429585586763     
  0.71301347894658007     
  0.70881278392006819     
  0.70461208889355631     
  0.70041139386704443     
  0.69585697342374231     
  0.69130255298044019     
  0.68674813253713796     
  0.68198913772452896     
  0.67723014291191985     
  0.67247114809931086     
  0.66779451246001476     
  0.66311787682071854     
  0.65844124118142244     
  0.65390954712317884     
  0.64937785306493523     
  0.64484615900669151     
  0.64067861353578692     
  0.63651106806488245     
  0.63234352259397775     
  0.62851991914772443     
  0.62469631570147133     
  0.62087271225521801     
  0.61752431950597519     
  0.61417592675673238     
  0.61082753400748957     
  0.60788099695874942     
  0.60493445991000927     
  0.60198792286126923     
  0.59950136781443075     
  0.59701481276759227     
  0.59452825772075379     
  0.59240493525789684     
  0.59028161279504010     
  0.58815829033218325     
  0.58640806812717161     
  0.58465784592216008     
  0.58290762371714844     
  0.58142968075641477     
  0.57995173779568099     
  0.57847379483494732     
  0.57724769121249075     
  0.57602158759003419     
  0.57479548396757763     
  0.57372467714387876     
  0.57265387032017978     
  0.57158306349648091     
  0.57062132593378356     
  0.56965958837108632     
  0.56869785080838908     
  0.56775295733260756     
  0.56680806385682603     
  0.56586317038104450     
  0.56485370999744200     
  0.56384424961383939     
  0.56283478923023689     
  0.56166722931509594     
  0.56049966939995499     
  0.55933210948481404     
  0.55786911399056061     
  0.55640611849630717     
  0.55494312300205373     
  0.55308109792223215     
  0.55121907284241056     
  0.54935704776258898     
  0.54687815770110082     
  0.54439926763961266     
  0.54192037757812450     
  0.53870363355605211     
  0.53548688953397972     
  0.53227014551190732     
  0.52800826245498178     
  0.52374637939805635     
  0.51948449634113070     
  0.51404421496421715     
  0.50860393358730371     
  0.50316365221039028     
  0.49619497182917488     
  0.48922629144795943     
  0.48225761106674409     
  0.47365699657798954     
  0.46505638208923494     
  0.45645576760048034     
  0.44599267008358101     
  0.43552957256668157     
  0.42506647504978212     
  0.41278997948773283     
  0.40051348392568353     
  0.38823698836363424     
  0.37435631805316216     
  0.36047564774269031     
  0.34659497743221845     
  0.33155442115584022     
  0.31651386487946176     
  0.30147330860308358     
  0.28628520690851306     
  0.27109710521394259     
  0.25590900351937190     
  0.24162684990423924     
  0.22734469628910664     
  0.21306254267397401     
  0.20138305771405676     
  0.18970357275413974     
  0.17802408779422271     
  0.17021427786773816     
  0.16240446794125371     
  0.15459465801476927     
  0.15189555410352640     
  0.14919645019228345     
  0.14649734628104058     
  0.73788349753079296     
  0.73729451543324676     
  0.73670553333570021     
  0.73618689302107287     
  0.73446715779994232     
  0.73274742257881187     
  0.73133984152971487     
  0.72860267907465814     
  0.72586551661960130     
  0.72354676254393435     
  0.71998594563464691     
  0.71642512872535935     
  0.71344696521752726     
  0.70924627019101549     
  0.70504557516450350     
  0.70145540723022637     
  0.69690098678692414     
  0.69234656634362202     
  0.68846235481386475     
  0.68370336000125587     
  0.67894436518864676     
  0.67479657155136885     
  0.67011993591207264     
  0.66544330027277654     
  0.66135445535446313     
  0.65682276129621964     
  0.65229106723797581     
  0.64822417549924383     
  0.64405663002833924     
  0.63988908455743465     
  0.63612181089862097     
  0.63229820745236764     
  0.62847460400611443     
  0.62489883907341903     
  0.62155044632417622     
  0.61820205357493407     
  0.61503040272785769     
  0.61208386567911754     
  0.60913732863037739     
  0.60621462383131608     
  0.60372806878447760     
  0.60124151373763968     
  0.59871847552895463     
  0.59659515306609778     
  0.59447183060324094     
  0.59217553048866045     
  0.59042530828364881     
  0.58867508607863728     
  0.58670618867791169     
  0.58522824571717802     
  0.58375030275644479     
  0.58194003137233152     
  0.58071392774987485     
  0.57948782412741839     
  0.57789583065798011     
  0.57682502383428136     
  0.57575421701058282     
  0.57422698065341293     
  0.57326524309071569     
  0.57230350552801845     
  0.57086062395123682     
  0.56991573047545541     
  0.56897083699967388     
  0.56747536720993663     
  0.56646590682633402     
  0.56545644644273152     
  0.56387974103033134     
  0.56271218111519050     
  0.56154462120004944     
  0.55976015504758059     
  0.55829715955332715     
  0.55683416405907371     
  0.55474931035973662     
  0.55288728527991504     
  0.55102526020009346     
  0.54851344872792474     
  0.54603455866643658     
  0.54355566860494842     
  0.54044260952116652     
  0.53722586549909424     
  0.53400912147702173     
  0.53015979757292642     
  0.52589791451600088     
  0.52163603145907533     
  0.51678925666308384     
  0.51134897528617040     
  0.50590869390925697     
  0.49992907848242440     
  0.49296039810120906     
  0.48599171771999361     
  0.47856786523853789     
  0.46996725074978335     
  0.46136663626102881     
  0.45241623729387803     
  0.44195313977697870     
  0.43149004226007925     
  0.42077586771518061     
  0.40849937215313131     
  0.39622287659108202     
  0.38386180681994087     
  0.36998113650946884     
  0.35610046619899693     
  0.34218594988631162     
  0.32714539360993339     
  0.31210483733355499     
  0.29722264853040087     
  0.28203454683583040     
  0.26684644514125988     
  0.25175659703977904     
  0.23747444342464641     
  0.22319228980951378     
  0.20914427893045448     
  0.19746479397053729     
  0.18578530901062024     
  0.17421327469769984     
  0.16640346477121531     
  0.15859365484473084     
  0.15088373781753062     
  0.14818463390628772     
  0.14548552999504483     
  0.14283421742577351     
  0.73693342606594237     
  0.73634444396839593     
  0.73582580365376860     
  0.73530716333914126     
  0.73358742811801070     
  0.73217984706891381     
  0.73077226601981704     
  0.72803510356476020     
  0.72571634948909325     
  0.72339759541342630     
  0.71983677850413874     
  0.71685861499630676     
  0.71388045148847468     
  0.70967975646196280     
  0.70608958852768555     
  0.70249942059340831     
  0.69794500015010619     
  0.69406078862034892     
  0.69017657709059166     
  0.68541758227798266     
  0.68126978864070475     
  0.67712199500342685     
  0.67244535936413063     
  0.66835651444581723     
  0.66426766952750393     
  0.65973597546926022     
  0.65566908373052835     
  0.65160219199179636     
  0.64743464652089167     
  0.64366737286207809     
  0.63990009920326429     
  0.63607649575701108     
  0.63250073082431557     
  0.62892496589162028     
  0.62557657314237702     
  0.62240492229530164     
  0.61923327144822582     
  0.61628673439948578     
  0.61336402960042435     
  0.61044132480136304     
  0.60795476975452412     
  0.60543173154584007     
  0.60290869333715558     
  0.60078537087429873     
  0.59848907075971824     
  0.59619277064513776     
  0.59444254844012623     
  0.59247365103940064     
  0.59050475363867505     
  0.58902681067794094     
  0.58721653929382867     
  0.58540626790971573     
  0.58418016428725916     
  0.58258817081782088     
  0.58099617734838271     
  0.57992537052468340     
  0.57839813416751451     
  0.57687089781034506     
  0.57590916024764782     
  0.57446627867086619     
  0.57302339709408479     
  0.57207850361830315     
  0.57058303382856590     
  0.56908756403882876     
  0.56807810365522626     
  0.56650139824282608     
  0.56492469283042590     
  0.56375713291528495     
  0.56197266676281610     
  0.56018820061034724     
  0.55872520511609380     
  0.55664035141675661     
  0.55455549771741952     
  0.55269347263759794     
  0.55018166116542921     
  0.54766984969326049     
  0.54519095963177233     
  0.54207790054799043     
  0.53896484146420864     
  0.53574809744213625     
  0.53189877353804094     
  0.52804944963394562     
  0.52378756657701997     
  0.51894079178102859     
  0.51409401698503721     
  0.50865373560812355     
  0.50267412018129098     
  0.49669450475445853     
  0.48972582437324319     
  0.48230197189178736     
  0.47487811941033170     
  0.46627750492157716     
  0.45732710595442649     
  0.44837670698727566     
  0.43791360947037627     
  0.42719943492547774     
  0.41648526038057909     
  0.40420876481852974     
  0.39184769504738859     
  0.37948662527624744     
  0.36560595496577541     
  0.35169143865309010     
  0.33777692234040479     
  0.32273636606402656     
  0.30785417726087227     
  0.29297198845771816     
  0.27778388676314764     
  0.26269403866166696     
  0.24760419056018618     
  0.23332203694505355     
  0.21927402606599422     
  0.20522601518693495     
  0.19354653022701773     
  0.18197449591409737     
  0.17040246160117695     
  0.16259265167469242     
  0.15488273464749217     
  0.14717281762029194     
  0.14447371370904905     
  0.14182240113977768     
  0.13917108857050636     
  0.73598335460109177     
  0.73546471428646432     
  0.73494607397183698     
  0.73442743365720964     
  0.73301985260811275     
  0.73161227155901598     
  0.73020469050991910     
  0.72788593643425215     
  0.72556718235858519     
  0.72324842828291813     
  0.72027026477508604     
  0.71729210126725407     
  0.71431393775942198     
  0.71072376982514474     
  0.70713360189086749     
  0.70354343395659025     
  0.69965922242683298     
  0.69577501089707583     
  0.69189079936731857     
  0.68774300573004066     
  0.68359521209276264     
  0.67944741845548473     
  0.67535857353717133     
  0.67126972861885803     
  0.66718088370054462     
  0.66311399196181264     
  0.65904710022308066     
  0.65498020848434868     
  0.65121293482553488     
  0.64744566116672120     
  0.64367838750790751     
  0.64010262257521211     
  0.63652685764251671     
  0.63295109270982131     
  0.62977944186274559     
  0.62660779101566977     
  0.62343614016859394     
  0.62051343536953263     
  0.61759073057047120     
  0.61466802577140989     
  0.61214498756272540     
  0.60962194935404090     
  0.60709891114535641     
  0.60480261103077604     
  0.60250631091619544     
  0.60021001080161507     
  0.59824111340088948     
  0.59627221600016389     
  0.59430331859943830     
  0.59249304721532559     
  0.59068277583121276     
  0.58887250444709993     
  0.58728051097766176     
  0.58568851750822337     
  0.58409652403878520     
  0.58256928768161587     
  0.58104205132444653     
  0.57951481496727719     
  0.57807193339049567     
  0.57662905181371404     
  0.57518617023693253     
  0.57369070044719539     
  0.57219523065745803     
  0.57069976086772090     
  0.56912305545532071     
  0.56754635004292053     
  0.56596964463052035     
  0.56418517847805150     
  0.56240071232558264     
  0.56061624617311379     
  0.55853139247377670     
  0.55644653877443950     
  0.55436168507510242     
  0.55184987360293369     
  0.54933806213076497     
  0.54682625065859625     
  0.54371319157481446     
  0.54060013249103256     
  0.53748707340725077     
  0.53363774950315546     
  0.52978842559906014     
  0.52593910169496472     
  0.52109232689897322     
  0.51624555210298184     
  0.51139877730699035     
  0.50541916188015779     
  0.49943954645332528     
  0.49345993102649277     
  0.48603607854503705     
  0.47861222606358123     
  0.47118837358212551     
  0.46223797461497484     
  0.45328757564782418     
  0.44433717668067341     
  0.43362300213577482     
  0.42290882759087622     
  0.41219465304597758     
  0.39983358327483642     
  0.38747251350369527     
  0.37511144373255412     
  0.36119692741986864     
  0.34728241110718328     
  0.33336789479449797     
  0.31848570599134385     
  0.30360351718818956     
  0.28872132838503545     
  0.27363148028355483     
  0.25854163218207415     
  0.24345178408059334     
  0.22940377320153404     
  0.21535576232247475     
  0.20130775144341542     
  0.18973571713049489     
  0.17816368281757450     
  0.16659164850465411     
  0.15888173147745377     
  0.15117181445025352     
  0.14346189742305329     
  0.14081058485378198     
  0.13815927228451061     
  0.13550795971523930     
  0.73491186496728711     
  0.73439322465265977     
  0.73387458433803243     
  0.73345223435827389     
  0.73204465330917701     
  0.73063707226008023     
  0.72946100009147052     
  0.72714224601580357     
  0.72482349194013662     
  0.72290097127125075     
  0.71992280776341866     
  0.71694464425558668     
  0.71444529117248934     
  0.71085512323821209     
  0.70726495530393485     
  0.70424113162629209     
  0.70035692009653494     
  0.69647270856677768     
  0.69315620204090633     
  0.68900840840362843     
  0.68486061476635041     
  0.68128216128466135     
  0.67719331636634794     
  0.67310447144803454     
  0.66951313003889901     
  0.66544623830016703     
  0.66137934656143504     
  0.65774881368076366     
  0.65398154002194997     
  0.65021426636313628     
  0.64676691227016292     
  0.64319114733746752     
  0.63961538240477211     
  0.63626921386139779     
  0.63309756301432207     
  0.62992591216724669     
  0.62685257502439162     
  0.62392987022533020     
  0.62100716542626899     
  0.61809039412811151     
  0.61556735591942713     
  0.61304431771074308     
  0.61040151490252781     
  0.60810521478794732     
  0.60580891467336695     
  0.60331342371167773     
  0.60134452631095203     
  0.59937562891022644     
  0.59709745035037165     
  0.59528717896625893     
  0.59347690758214566     
  0.59129600352294132     
  0.58970401005350293     
  0.58811201658406476     
  0.58605780545669073     
  0.58453056909952150     
  0.58300333274235172     
  0.58097051888907725     
  0.57952763731229573     
  0.57808475573551421     
  0.57606272601143049     
  0.57456725622169325     
  0.57307178643195600     
  0.57097090460386213     
  0.56939419919146195     
  0.56781749377906177     
  0.56557899334800177     
  0.56379452719553291     
  0.56201006104306406     
  0.55955645450794056     
  0.55747160080860347     
  0.55538674710926639     
  0.55259514772426399     
  0.55008333625209527     
  0.54757152477992654     
  0.54437150331553052     
  0.54125844423174874     
  0.53814538514796684     
  0.53433218263577431     
  0.53048285873167900     
  0.52663353482758368     
  0.52214038989154199     
  0.51729361509555050     
  0.51244684029955923     
  0.50698436660905533     
  0.50100475118222265     
  0.49502513575539020     
  0.48853434488361025     
  0.48111049240215453     
  0.47368663992069876     
  0.46583968384514796     
  0.45688928487799724     
  0.44793888591084663     
  0.43870963879481595     
  0.42799546424991736     
  0.41728128970501882     
  0.40644944948295492     
  0.39408837971181376     
  0.38172730994067261     
  0.36937818110517673     
  0.35546366479249120     
  0.34154914847980589     
  0.32786131022419951     
  0.31297912142104539     
  0.29809693261789111     
  0.28345407526967903     
  0.26836422716819841     
  0.25327437906671774     
  0.23861674993391527     
  0.22456873905485597     
  0.21052072817579670     
  0.19675823355581440     
  0.18518619924289390     
  0.17361416492997350     
  0.16239088612293004     
  0.15468096909572970     
  0.14697105206852945     
  0.13944420578866884     
  0.13679289321939750     
  0.13414158065012616     
  0.13154268368388264     
  0.73384037533348234     
  0.73332173501885500     
  0.73289938503909657     
  0.73247703505933803     
  0.73106945401024126     
  0.72989338184163166     
  0.72871730967302195     
  0.72639855559735500     
  0.72447603492846913     
  0.72255351425958325     
  0.71957535075175127     
  0.71707599766865393     
  0.71457664458555659     
  0.71098647665127945     
  0.70796265297363670     
  0.70493882929599394     
  0.70105461776623679     
  0.69773811124036544     
  0.69442160471449399     
  0.69027381107721597     
  0.68669535759552691     
  0.68311690411383785     
  0.67902805919552456     
  0.67543671778638892     
  0.67184537637725317     
  0.66777848463852130     
  0.66414795175784991     
  0.66051741887717863     
  0.65675014521836494     
  0.65330279112539169     
  0.64985543703241833     
  0.64627967209972303     
  0.64293350355634860     
  0.63958733501297416     
  0.63641568416589833     
  0.63334234702304393     
  0.63026900988018930     
  0.62734630508112788     
  0.62442953378297050     
  0.62151276248481324     
  0.61898972427612875     
  0.61634692146791403     
  0.61370411865969920     
  0.61140781854511883     
  0.60891232758342950     
  0.60641683662174029     
  0.60444793922101481     
  0.60216976066115979     
  0.59989158210130500     
  0.59808131071719217     
  0.59590040665798738     
  0.59371950259878259     
  0.59212750912934442     
  0.59007329800197039     
  0.58801908687459636     
  0.58649185051742703     
  0.58445903666415222     
  0.58242622281087741     
  0.58098334123409590     
  0.57896131151001207     
  0.57693928178592835     
  0.57544381199619110     
  0.57334293016809723     
  0.57124204834000336     
  0.56966534292760318     
  0.56742684249654307     
  0.56518834206548307     
  0.56340387591301422     
  0.56095026937789072     
  0.55849666284276744     
  0.55641180914343025     
  0.55362020975842785     
  0.55082861037342556     
  0.54831679890125684     
  0.54511677743686082     
  0.54191675597246491     
  0.53880369688868313     
  0.53499049437649049     
  0.53117729186429785     
  0.52732796796020254     
  0.52283482302416096     
  0.51834167808811926     
  0.51349490329212788     
  0.50803242960162409     
  0.50256995591112019     
  0.49659034048428763     
  0.49009954961250768     
  0.48360875874072773     
  0.47618490625927196     
  0.46833795018372110     
  0.46049099410817029     
  0.45154059514101963     
  0.44231134802498906     
  0.43308210090895849     
  0.42236792636405995     
  0.41153608614199610     
  0.40070424591993226     
  0.38834317614879110     
  0.37599404731329522     
  0.36364491847779923     
  0.34973040216511381     
  0.33604256390950743     
  0.32235472565390105     
  0.30747253685074694     
  0.29282967950253469     
  0.27818682215432267     
  0.26309697405284199     
  0.24843934492003969     
  0.23378171578723719     
  0.21973370490817790     
  0.20597121028819565     
  0.19220871566821340     
  0.18063668135529290     
  0.16941340254824944     
  0.15819012374120597     
  0.15048020671400564     
  0.14295336043414497     
  0.13542651415428436     
  0.13277520158501305     
  0.13017630461876950     
  0.12757740765252601     
  0.73276888569967780     
  0.73234653571991926     
  0.73192418574016083     
  0.73150183576040229     
  0.73032576359179269     
  0.72914969142318298     
  0.72797361925457338     
  0.72605109858568762     
  0.72412857791680163     
  0.72220605724791587     
  0.71970670416481863     
  0.71720735108172140     
  0.71470799799862406     
  0.71168417432098130     
  0.70866035064333854     
  0.70563652696569579     
  0.70232002043982444     
  0.69900351391395310     
  0.69568700738808176     
  0.69210855390639270     
  0.68853010042470364     
  0.68495164694301458     
  0.68136030553387894     
  0.67776896412474330     
  0.67417762271560766     
  0.67054708983493638     
  0.66691655695426499     
  0.66328602407359372     
  0.65983866998062046     
  0.65639131588764732     
  0.65294396179467395     
  0.64959779325129952     
  0.64625162470792508     
  0.64290545616455064     
  0.63983211902169612     
  0.63675878187884161     
  0.63368544473598698     
  0.63076867343782961     
  0.62785190213967235     
  0.62493513084151497     
  0.62229232803330026     
  0.61964952522508554     
  0.61700672241687071     
  0.61451123145518149     
  0.61201574049349228     
  0.60952024953180306     
  0.60724207097194816     
  0.60496389241209325     
  0.60268571385223846     
  0.60050480979303367     
  0.59832390573382888     
  0.59614300167462408     
  0.59408879054725006     
  0.59203457941987603     
  0.58998036829250200     
  0.58794755443922719     
  0.58591474058595239     
  0.58388192673267758     
  0.58185989700859386     
  0.57983786728451003     
  0.57781583756042632     
  0.57571495573233233     
  0.57361407390423857     
  0.57151319207614459     
  0.56927469164508460     
  0.56703619121402449     
  0.56479769078296438     
  0.56234408424784099     
  0.55989047771271760     
  0.55743687117759422     
  0.55464527179259182     
  0.55185367240758942     
  0.54906207302258714     
  0.54586205155819112     
  0.54266203009379521     
  0.53946200862939919     
  0.53564880611720667     
  0.53183560360501403     
  0.52802240109282150     
  0.52352925615677981     
  0.51903611122073823     
  0.51454296628469653     
  0.50908049259419275     
  0.50361801890368896     
  0.49815554521318511     
  0.49166475434140500     
  0.48517396346962505     
  0.47868317259784515     
  0.47083621652229435     
  0.46298926044674343     
  0.45514230437119263     
  0.44591305725516206     
  0.43668381013913155     
  0.42745456302310092     
  0.41662272280103718     
  0.40579088257897339     
  0.39495904235690954     
  0.38260991352141366     
  0.37026078468591772     
  0.35791165585042178     
  0.34422381759481524     
  0.33053597933920886     
  0.31684814108360254     
  0.30220528373539046     
  0.28756242638717822     
  0.27291956903896619     
  0.25826193990616386     
  0.24360431077336159     
  0.22894668164055909     
  0.21518418702057684     
  0.20142169240059463     
  0.18765919778061238     
  0.17643591897356875     
  0.16521264016652532     
  0.15398936135948185     
  0.14646251507962110     
  0.13893566879976049     
  0.13140882251989985     
  0.12880992555365636     
  0.12621102858741282     
  0.12361213162116931     
  0.73114670026749318     
  0.73072435028773475     
  0.73030200030797632     
  0.72985062632275766     
  0.72867455415414806     
  0.72749848198553857     
  0.72662861630898379     
  0.72470609564009791     
  0.72278357497121215     
  0.72108734841176336     
  0.71858799532866613     
  0.71608864224556878     
  0.71408781702043589     
  0.71106399334279324     
  0.70804016966515038     
  0.70539104065121250     
  0.70207453412534115     
  0.69875802759946981     
  0.69599503965441101     
  0.69241658617272206     
  0.68883813269103289     
  0.68564209325293413     
  0.68205075184379838     
  0.67845941043466274     
  0.67533985731080759     
  0.67170932443013642     
  0.66807879154946492     
  0.66471749732151664     
  0.66127014322854349     
  0.65782278913557013     
  0.65466984211555923     
  0.65132367357218479     
  0.64797750502881035     
  0.64471643800657530     
  0.64164310086372067     
  0.63856976372086682     
  0.63557059604446209     
  0.63265382474630472     
  0.62973705344814745     
  0.62670109154618669     
  0.62405828873797198     
  0.62141548592975782     
  0.61862711581041696     
  0.61613162484872774     
  0.61363613388703853     
  0.61083239756311869     
  0.60855421900326379     
  0.60627604044340888     
  0.60365947294916467     
  0.60147856888995999     
  0.59929766483075575     
  0.59665239464782083     
  0.59459818352044680     
  0.59254397239307277     
  0.58999695690739640     
  0.58796414305412170     
  0.58593132920084745     
  0.58331608528110346     
  0.58129405555701963     
  0.57927202583293591     
  0.57664380672806015     
  0.57454292489996628     
  0.57244204307187241     
  0.56967838421441719     
  0.56743988378335719     
  0.56520138335229708     
  0.56228497022602442     
  0.55983136369090114     
  0.55737775715577775     
  0.55421987144514184     
  0.55142827206013945     
  0.54863667267513716     
  0.54514211257512646     
  0.54194209111073044     
  0.53874206964633453     
  0.53484391308856549     
  0.53103071057637297     
  0.52721750806418044     
  0.52273709984122885     
  0.51824395490518727     
  0.51375080996914557     
  0.50863400729748720     
  0.50317153360698341     
  0.49770905991647951     
  0.49169936074624754     
  0.48520856987446753     
  0.47871777900268753     
  0.47177651022403744     
  0.46392955414848669     
  0.45608259807293583     
  0.44791473894620526     
  0.43868549183017469     
  0.42945624471414418     
  0.42007088056486586     
  0.40923904034280212     
  0.39840720012073838     
  0.38757875881910159     
  0.37522962998360571     
  0.36288050114810971     
  0.35076400933214458     
  0.33707617107653809     
  0.32338833282093171     
  0.31004558129001714     
  0.29540272394180511     
  0.28075986659359287     
  0.26670428771082955     
  0.25204665857802727     
  0.23738902944522494     
  0.22327941404641882     
  0.20951691942643658     
  0.19575442480645436     
  0.18267178128138098     
  0.17144850247433732     
  0.16022522366729389     
  0.14947694605671524     
  0.14195009977685452     
  0.13442325349699388     
  0.12725638202700290     
  0.12465748506075941     
  0.12205858809451588     
  0.11959322018562712     
  0.72952451483530878     
  0.72910216485555035     
  0.72865079087033169     
  0.72819941688511314     
  0.72702334471650365     
  0.72615347903994898     
  0.72528361336339420     
  0.72336109269450843     
  0.72166486613505976     
  0.71996863957561097     
  0.71746928649251374     
  0.71546846126738084     
  0.71346763604224783     
  0.71044381236460508     
  0.70779468335066720     
  0.70514555433672932     
  0.70182904781085798     
  0.69906605986579917     
  0.69630307192074037     
  0.69272461843905131     
  0.68952857900095255     
  0.68633253956285356     
  0.68274119815371792     
  0.67962164502986278     
  0.67650209190600763     
  0.67287155902533624     
  0.66951026479738807     
  0.66614897056943967     
  0.66270161647646642     
  0.65954866945645541     
  0.65639572243644451     
  0.65304955389307007     
  0.64978848687083501     
  0.64652741984859996     
  0.64345408270574544     
  0.64045491502934138     
  0.63745574735293720     
  0.63453897605477994     
  0.63150301415281918     
  0.62846705225085842     
  0.62582424944264381     
  0.62303587932330351     
  0.62024750920396321     
  0.61775201824227399     
  0.61494828191835416     
  0.61214454559443432     
  0.60986636703457942     
  0.60724979954033520     
  0.60463323204609110     
  0.60245232798688630     
  0.59980705780395205     
  0.59716178762101768     
  0.59510757649364354     
  0.59256056100796728     
  0.59001354552229102     
  0.58798073166901621     
  0.58536548774927277     
  0.58275024382952934     
  0.58072821410544551     
  0.57809999500056986     
  0.57547177589569420     
  0.57337089406760033     
  0.57060723521014500     
  0.56784357635268989     
  0.56560507592162979     
  0.56268866279535712     
  0.55977224966908468     
  0.55731864313396129     
  0.55416075742332538     
  0.55100287171268958     
  0.54821127232768718     
  0.54471671222767648     
  0.54122215212766589     
  0.53802213066326987     
  0.53412397410550083     
  0.53022581754773190     
  0.52641261503553938     
  0.52193220681258778     
  0.51745179858963630     
  0.51295865365359461     
  0.50784185098193624     
  0.50272504831027787     
  0.49726257461977408     
  0.49125287544954210     
  0.48524317627931013     
  0.47875238540753007     
  0.47181111662887998     
  0.46486984785022989     
  0.45702289177467909     
  0.44885503264794835     
  0.44068717352121783     
  0.43145792640518732     
  0.42207256225590911     
  0.41268719810663079     
  0.40185535788456705     
  0.39102691658293043     
  0.38019847528129369     
  0.36784934644579775     
  0.35573285462983262     
  0.34361636281386743     
  0.32992852455826088     
  0.31658577302734631     
  0.30324302149643179     
  0.28860016414821971     
  0.27454458526545622     
  0.26048900638269290     
  0.24583137724989063     
  0.23172176185108467     
  0.21761214645227855     
  0.20384965183229631     
  0.19076700830722293     
  0.17768436478214955     
  0.16646108597510592     
  0.15571280836452728     
  0.14496453075394863     
  0.13743768447408791     
  0.13027081300409693     
  0.12310394153410598     
  0.12050504456786247     
  0.11803967665897369     
  0.11557430875008495     
  0.72790232940312416     
  0.72745095541790561     
  0.72699958143268717     
  0.72654820744746862     
  0.72567834177091395     
  0.72480847609435928     
  0.72393861041780461     
  0.72224238385835593     
  0.72054615729890725     
  0.71884993073945858     
  0.71684910551432568     
  0.71484828028919267     
  0.71284745506405978     
  0.71019832605012190     
  0.70754919703618402     
  0.70490006802224603     
  0.70213708007718723     
  0.69937409213212853     
  0.69661110418706973     
  0.69341506474897086     
  0.69021902531087198     
  0.68702298587277311     
  0.68390343274891796     
  0.68078387962506270     
  0.67766432650120756     
  0.67430303227325927     
  0.67094173804531110     
  0.66758044381736270     
  0.66442749679735169     
  0.66127454977734079     
  0.65812160275732978     
  0.65486053573509473     
  0.65159946871285968     
  0.64833840169062473     
  0.64533923401422055     
  0.64234006633781660     
  0.63934089866141242     
  0.63630493675945166     
  0.63326897485749090     
  0.63023301295553025     
  0.62744464283619006     
  0.62465627271684987     
  0.62186790259750957     
  0.61906416627358962     
  0.61626042994966979     
  0.61345669362574995     
  0.61084012613150573     
  0.60822355863726152     
  0.60560699114301741     
  0.60296172096008305     
  0.60031645077714879     
  0.59767118059421442     
  0.59512416510853816     
  0.59257714962286179     
  0.59003013413718541     
  0.58741489021744198     
  0.58479964629769854     
  0.58218440237795510     
  0.57955618327307945     
  0.57692796416820380     
  0.57429974506332815     
  0.57153608620587293     
  0.56877242734841760     
  0.56600876849096238     
  0.56309235536468982     
  0.56017594223841727     
  0.55725952911214471     
  0.55410164340150891     
  0.55094375769087311     
  0.54778587198023720     
  0.54429131188022650     
  0.54079675178021580     
  0.53730219168020510     
  0.53340403512243617     
  0.52950587856466713     
  0.52560772200689820     
  0.52112731378394672     
  0.51664690556099513     
  0.51216649733804354     
  0.50704969466638516     
  0.50193289199472690     
  0.49681608932306848     
  0.49080639015283645     
  0.48479669098260453     
  0.47878699181237250     
  0.47184572303372235     
  0.46490445425507221     
  0.45796318547642217     
  0.44979532634969160     
  0.44162746722296087     
  0.43345960809623035     
  0.42407424394695215     
  0.41468887979767399     
  0.40530351564839567     
  0.39447507434675899     
  0.38364663304512236     
  0.37281819174348563     
  0.36070169992752044     
  0.34858520811155536     
  0.33646871629559016     
  0.32312596476467542     
  0.30978321323376090     
  0.29644046170284633     
  0.28238488282008301     
  0.26832930393731952     
  0.25427372505455620     
  0.24016410965575027     
  0.22605449425694429     
  0.21194487885813820     
  0.19886223533306482     
  0.18577959180799145     
  0.17269694828291807     
  0.16194867067233926     
  0.15120039306176061     
  0.14045211545118197     
  0.13328524398119090     
  0.12611837251119995     
  0.11895150104120898     
  0.11648613313232024     
  0.11402076522343146     
  0.11155539731454273     
  0.72497057636890827     
  0.72451920238368972     
  0.72406782839847106     
  0.72373809382054510     
  0.72286822814399043     
  0.72199836246743587     
  0.72120632128891771     
  0.71951009472946903     
  0.71781386817002035     
  0.71641483500193082     
  0.71441400977679781     
  0.71241318455166514     
  0.71064105933361910     
  0.70799193031968122     
  0.70534280130574323     
  0.70308028547613388     
  0.70031729753107519     
  0.69755430958601639     
  0.69506537783971867     
  0.69186933840161990     
  0.68867329896352092     
  0.68583686850583725     
  0.68271731538198210     
  0.67959776225812740     
  0.67668534814469083     
  0.67332405391674266     
  0.66996275968879426     
  0.66683355257231081     
  0.66368060555229991     
  0.66052765853228879     
  0.65743351867174349     
  0.65417245164950844     
  0.65091138462727305     
  0.64769641634215758     
  0.64469724866575340     
  0.64169808098934877     
  0.63857321539898826     
  0.63553725349702750     
  0.63250129159506641     
  0.62931165719758186     
  0.62652328707824156     
  0.62373491695890082     
  0.62063978623145921     
  0.61783604990753926     
  0.61503231358361909     
  0.61189403645945617     
  0.60927746896521195     
  0.60666090147096829     
  0.60358482340938058     
  0.60093955322644621     
  0.59829428304351229     
  0.59516975426186336     
  0.59262273877618710     
  0.59007572329051117     
  0.58695533384039933     
  0.58434008992065589     
  0.58172484600091279     
  0.57852737088563044     
  0.57589915178075479     
  0.57327093267587959     
  0.56999613794433412     
  0.56723247908687890     
  0.56446882022942368     
  0.56106230756784348     
  0.55814589444157092     
  0.55522948131529826     
  0.55163399605744423     
  0.54847611034680843     
  0.54531822463617252     
  0.54150177646981790     
  0.53800721636980708     
  0.53451265626979649     
  0.53035243775110763     
  0.52645428119333859     
  0.52255612463556966     
  0.51803891174703376     
  0.51355850352408228     
  0.50907809530113080     
  0.50400715372881233     
  0.49889035105715396     
  0.49377354838549570     
  0.48815302327752425     
  0.48214332410729233     
  0.47613362493706024     
  0.46969765017276577     
  0.46275638139411557     
  0.45581511261546559     
  0.44858709056642376     
  0.44041923143969314     
  0.43225137231296251     
  0.42393973873410362     
  0.41455437458482536     
  0.40516901043554721     
  0.39582600672141860     
  0.38499756541978192     
  0.37416912411814529     
  0.36359802431883892     
  0.35148153250287384     
  0.33936504068690865     
  0.32768467270065232     
  0.31434192116973758     
  0.30099916963882306     
  0.28834826771289634     
  0.27429268883013302     
  0.26023710994736959     
  0.24692508407008817     
  0.23281546867128222     
  0.21870585327247630     
  0.20553545405992640     
  0.19245281053485300     
  0.17937016700977965     
  0.16705314696404797     
  0.15630486935346921     
  0.14555659174289054     
  0.13555916452956604     
  0.12839229305957500     
  0.12122542158958402     
  0.11450503251065694     
  0.11203966460176820     
  0.10957429669287942     
  0.10725758545645489     
  0.72203882333469227     
  0.72158744934947372     
  0.72125771477154776     
  0.72092798019362170     
  0.72005811451706692     
  0.71926607333854886     
  0.71847403216003070     
  0.71677780560058202     
  0.71537877243249248     
  0.71397973926440306     
  0.71197891403927016     
  0.71020678882122423     
  0.70843466360317842     
  0.70578553458924054     
  0.70352301875963119     
  0.70126050293002185     
  0.69849751498496304     
  0.69600858323866532     
  0.69351965149236761     
  0.69032361205426884     
  0.68748718159658506     
  0.68465075113890150     
  0.68153119801504647     
  0.67861878390161023     
  0.67570636978817422     
  0.67234507556022605     
  0.66921586844374248     
  0.66608666132725891     
  0.66293371430724790     
  0.65983957444670260     
  0.65674543458615720     
  0.65348436756392225     
  0.65026939927880623     
  0.64705443099369042     
  0.64405526331728669     
  0.64093039772692517     
  0.63780553213656421     
  0.63476957023460401     
  0.63157993583711847     
  0.62839030143963348     
  0.62560193132029362     
  0.62250680059285102     
  0.61941166986540896     
  0.61660793354148957     
  0.61346965641732576     
  0.61033137929316239     
  0.60771481179891818     
  0.60463873373733101     
  0.60156265567574385     
  0.59891738549280904     
  0.59579285671116089     
  0.59266832792951241     
  0.59012131244383559     
  0.58700092299372453     
  0.58388053354361324     
  0.58126528962386936     
  0.57806781450858791     
  0.57487033939330590     
  0.57224212028842980     
  0.56896732555688523     
  0.56569253082534021     
  0.56292887196788499     
  0.55952235930630478     
  0.55611584664472458     
  0.55319943351845202     
  0.54960394826059789     
  0.54600846300274375     
  0.54285057729210795     
  0.53903412912575333     
  0.53521768095939870     
  0.53172312085938789     
  0.52756290234069891     
  0.52340268382201005     
  0.51950452726424112     
  0.51498731437570522     
  0.51047010148716943     
  0.50598969326421783     
  0.50091875169189959     
  0.49584781011958118     
  0.49073100744792286     
  0.48511048233995147     
  0.47948995723198007     
  0.47348025806174804     
  0.46704428329745357     
  0.46060830853315909     
  0.45366703975450889     
  0.44643901770546712     
  0.43921099565642530     
  0.43104313652969473     
  0.42273150295083572     
  0.41441986937197683     
  0.40503450522269868     
  0.39569150150857013     
  0.38634849779444158     
  0.37552005649280490     
  0.36494895669349864     
  0.35437785689419227     
  0.34226136507822713     
  0.33058099709197086     
  0.31890062910571454     
  0.30555787757479980     
  0.29290697564887308     
  0.28025607372294647     
  0.26620049484018315     
  0.25288846896290157     
  0.23957644308562015     
  0.22546682768681420     
  0.21229642847426450     
  0.19912602926171458     
  0.18604338573664120     
  0.17372636569090957     
  0.16140934564517792     
  0.15066106803459911     
  0.14066364082127464     
  0.13066621360795014     
  0.12349934213795907     
  0.11677895305903201     
  0.11005856398010493     
  0.10759319607121617     
  0.10527648483479160     
  0.10295977359836708     
  0.71910707030047627     
  0.71877733572255020     
  0.71844760114462414     
  0.71811786656669818     
  0.71732582538818002     
  0.71653378420966185     
  0.71574174303114368     
  0.71434270986305426     
  0.71294367669496472     
  0.71154464352687519     
  0.70977251830882937     
  0.70800039309078355     
  0.70622826787273774     
  0.70396575204312839     
  0.70170323621351904     
  0.69944072038390970     
  0.69695178863761198     
  0.69446285689131426     
  0.69197392514501654     
  0.68913749468733299     
  0.68630106422964920     
  0.68346463377196554     
  0.68055221965852952     
  0.67763980554509351     
  0.67472739143165761     
  0.67159818431517415     
  0.66846897719869047     
  0.66533977008220702     
  0.66224563022166161     
  0.65915149036111631     
  0.65605735050057090     
  0.65284238221545499     
  0.64962741393033907     
  0.64641244564522315     
  0.64328758005486208     
  0.64016271446450101     
  0.63703784887414006     
  0.63384821447665496     
  0.63065858007916997     
  0.62746894568168499     
  0.62437381495424282     
  0.62127868422680077     
  0.61818355349935861     
  0.61504527637519524     
  0.61190699925103198     
  0.60876872212686861     
  0.60569264406528145     
  0.60261656600369418     
  0.59954048794210701     
  0.59641595916045853     
  0.59329143037880994     
  0.59016690159716134     
  0.58704651214704995     
  0.58392612269693855     
  0.58080573324682716     
  0.57760825813154526     
  0.57441078301626325     
  0.57121330790098135     
  0.56793851316943633     
  0.56466371843789120     
  0.56138892370634619     
  0.55798241104476598     
  0.55457589838318577     
  0.55116938572160556     
  0.54757390046375143     
  0.54397841520589740     
  0.54038292994804327     
  0.53656648178168864     
  0.53275003361533391     
  0.52893358544897928     
  0.52477336693029031     
  0.52061314841160145     
  0.51645292989291258     
  0.51193571700437679     
  0.50741850411584077     
  0.50290129122730498     
  0.49783034965498668     
  0.49275940808266833     
  0.48768846651034997     
  0.48206794140237863     
  0.47644741629440729     
  0.47082689118643584     
  0.46439091642214136     
  0.45795494165784689     
  0.45151896689355231     
  0.44429094484451037     
  0.43706292279546866     
  0.42983490074642688     
  0.42152326716756794     
  0.41321163358870888     
  0.40490000000984999     
  0.39555699629572150     
  0.38621399258159306     
  0.37687098886746445     
  0.36629988906815825     
  0.35572878926885193     
  0.34515768946954556     
  0.33347732148328929     
  0.32179695349703297     
  0.31011658551077670     
  0.29746568358484987     
  0.28481478165892316     
  0.27216387973299649     
  0.25885185385571507     
  0.24553982797843352     
  0.23222780210115213     
  0.21905740288860240     
  0.20588700367605267     
  0.19271660446350278     
  0.18039958441777112     
  0.16808256437203950     
  0.15576554432630785     
  0.14576811711298321     
  0.13577068989965874     
  0.12577326268633421     
  0.11905287360740702     
  0.11233248452847996     
  0.10561209544955288     
  0.10329538421312835     
  0.10097867297670378     
   9.8661961740279247E-002
  0.71313836530237618     
  0.71280863072445011     
  0.71247889614652415     
  0.71204514074017766     
  0.71125309956165961     
  0.71046105838314144     
  0.70990656265403507     
  0.70850752948594553     
  0.70710849631785599     
  0.70572859773993202     
  0.70395647252188609     
  0.70218434730384038     
  0.70072282704824196     
  0.69846031121863272     
  0.69619779538902338     
  0.69402152697714259     
  0.69153259523084487     
  0.68904366348454715     
  0.68684932160835965     
  0.68401289115067609     
  0.68117646069299231     
  0.67841326803790813     
  0.67550085392447223     
  0.67258843981103622     
  0.66986768318449563     
  0.66673847606801218     
  0.66360926895152861     
  0.66046825047382429     
  0.65737411061327888     
  0.65427997075273359     
  0.65121749548519514     
  0.64800252720007934     
  0.64478755891496342     
  0.64143340222094758     
  0.63830853663058651     
  0.63518367104022555     
  0.63191270043767545     
  0.62872306604019035     
  0.62553343164270547     
  0.62206901939888870     
  0.61897388867144654     
  0.61587875794400448     
  0.61247513495628447     
  0.60933685783212110     
  0.60619858070795785     
  0.60266775013771212     
  0.59959167207612496     
  0.59651559401453780     
  0.59300401029703753     
  0.58987948151538905     
  0.58675495273374034     
  0.58315180714425419     
  0.58003141769414279     
  0.57691102824403140     
  0.57327111154943100     
  0.57007363643414910     
  0.56687616131886709     
  0.56315001265067210     
  0.55987521791912698     
  0.55660042318758196     
  0.55276560056975033     
  0.54935908790817012     
  0.54595257524658991     
  0.54200371504406375     
  0.53840822978620972     
  0.53481274452835559     
  0.53066032466170787     
  0.52684387649535325     
  0.52302742832899851     
  0.51869411983486768     
  0.51453390131617882     
  0.51037368279748985     
  0.50570874523620490     
  0.50119153234766900     
  0.49667431945913315     
  0.49171551056634377     
  0.48664456899402542     
  0.48157362742170717     
  0.47611380793229946     
  0.47049328282432812     
  0.46487275771635678     
  0.45895688350593622     
  0.45252090874164164     
  0.44608493397734716     
  0.43946143230742751     
  0.43223341025838569     
  0.42500538820934392     
  0.41772712062485012     
  0.40941548704599118     
  0.40110385346713218     
  0.39290905591679842     
  0.38356605220266993     
  0.37422304848854149     
  0.36519042445987809     
  0.35461932466057183     
  0.34404822486126557     
  0.33398607008465769     
  0.32230570209840148     
  0.31062533411214516     
  0.29969766306220880     
  0.28704676113628191     
  0.27439585921035525     
  0.26264303410089906     
  0.24933100822361762     
  0.23601898234633606     
  0.22384255387995067     
  0.21067215466740097     
  0.19750175545485124     
  0.18542871305362293     
  0.17311169300789128     
  0.16079467296215966     
  0.14965920119216353     
  0.13966177397883889     
  0.12966434676551439     
  0.12055783625364036     
  0.11383744717471320     
  0.10711705809578613     
  0.10104083775825710     
   9.8724126521832573E-002
   9.6407415285407999E-002
   9.4318448954636147E-002
  0.70716966030427619     
  0.70683992572635013     
  0.70640617032000375     
  0.70597241491365736     
  0.70518037373513920     
  0.70462587800603282     
  0.70407138227692645     
  0.70267234910883691     
  0.70129245053091305     
  0.69991255195298896     
  0.69814042673494314     
  0.69667890647934483     
  0.69521738622374640     
  0.69295487039413706     
  0.69077860198225649     
  0.68860233357037570     
  0.68611340182407798     
  0.68391905994789048     
  0.68172471807170287     
  0.67888828761401920     
  0.67612509495893502     
  0.67336190230385085     
  0.67044948819041483     
  0.66772873156387436     
  0.66500797493733388     
  0.66187876782085031     
  0.65873774934314611     
  0.65559673086544168     
  0.65250259100489627     
  0.64944011573735794     
  0.64637764046981960     
  0.64316267218470369     
  0.63980851549068785     
  0.63645435879667211     
  0.63332949320631071     
  0.63005852260376105     
  0.62678755200121095     
  0.62359791760372585     
  0.62013350535990919     
  0.61666909311609253     
  0.61357396238865003     
  0.61017033940093046     
  0.60676671641321056     
  0.60362843928904719     
  0.60009760871880147     
  0.59656677814855585     
  0.59349070008696869     
  0.58997911636946843     
  0.58646753265196827     
  0.58334300387031934     
  0.57973985828083352     
  0.57613671269134725     
  0.57301632324123575     
  0.56937640654663535     
  0.56573648985203495     
  0.56253901473675261     
  0.55881286606855807     
  0.55508671740036297     
  0.55181192266881784     
  0.54797710005098621     
  0.54414227743315458     
  0.54073576477157437     
  0.53678690456904821     
  0.53283804436652216     
  0.52924255910866802     
  0.52509013924202030     
  0.52093771937537259     
  0.51712127120901796     
  0.51278796271488725     
  0.50845465422075642     
  0.50429443570206745     
  0.49962949814078239     
  0.49496456057949739     
  0.49044734769096154     
  0.48548853879817211     
  0.48052972990538279     
  0.47545878833306443     
  0.46999896884365677     
  0.46453914935424917     
  0.45891862424627783     
  0.45300275003585733     
  0.44708687582543671     
  0.44065090106114224     
  0.43402739939122265     
  0.42740389772130305     
  0.42017587567226111     
  0.41289760808776732     
  0.40561934050327353     
  0.39730770692441464     
  0.38911290937408072     
  0.38091811182374702     
  0.37157510810961858     
  0.36254248408095524     
  0.35350986005229190     
  0.34293876025298564     
  0.33287660547637787     
  0.32281445069976999     
  0.31113408271351378     
  0.30020641166357742     
  0.28927874061364106     
  0.27662783868771423     
  0.26487501357825793     
  0.25312218846880175     
  0.23981016259152033     
  0.22763373412513474     
  0.21545730565874938     
  0.20228690644619965     
  0.19021386404497148     
  0.17814082164374317     
  0.16582380159801152     
  0.15468832982801542     
  0.14355285805801932     
  0.13355543084469468     
  0.12444892033282064     
  0.11534240982094660     
  0.10862202074201943     
  0.10254580040449041     
   9.6469580066961380E-002
   9.4152868830536848E-002
   9.2063902499764969E-002
   8.9974936168993130E-002
  0.70120095530617621     
  0.70076719989982983     
  0.70033344449348345     
  0.69989968908713707     
  0.69934519335803069     
  0.69879069762892432     
  0.69823620189981783     
  0.69685630332189386     
  0.69547640474396988     
  0.69409650616604590     
  0.69263498591044759     
  0.69117346565484916     
  0.68971194539925085     
  0.68753567698737017     
  0.68535940857548949     
  0.68318314016360870     
  0.68098879828742120     
  0.67879445641123370     
  0.67660011453504609     
  0.67383692187996191     
  0.67107372922487785     
  0.66831053656979356     
  0.66558977994325308     
  0.66286902331671249     
  0.66014826669017201     
  0.65700724821246770     
  0.65386622973476338     
  0.65072521125705907     
  0.64766273598952073     
  0.64460026072198240     
  0.64153778545444395     
  0.63818362876042822     
  0.63482947206641238     
  0.63147531537239665     
  0.62820434476984655     
  0.62493337416729655     
  0.62166240356474645     
  0.61819799132092967     
  0.61473357907711301     
  0.61126916683329635     
  0.60786554384557645     
  0.60446192085785655     
  0.60105829787013654     
  0.59752746729989092     
  0.59399663672964520     
  0.59046580615939948     
  0.58695422244189932     
  0.58344263872439905     
  0.57993105500689890     
  0.57632790941741263     
  0.57272476382792648     
  0.56912161823844021     
  0.56548170154383970     
  0.56184178484923930     
  0.55820186815463890     
  0.55447571948644392     
  0.55074957081824882     
  0.54702342215005384     
  0.54318859953222209     
  0.53935377691439046     
  0.53551895429655882     
  0.53157009409403266     
  0.52762123389150650     
  0.52367237368898045     
  0.51951995382233274     
  0.51536753395568502     
  0.51121511408903730     
  0.50688180559490659     
  0.50254849710077587     
  0.49821518860664499     
  0.49355025104535993     
  0.48888531348407488     
  0.48422037592278988     
  0.47926156703000056     
  0.47430275813721112     
  0.46934394924442174     
  0.46388412975501414     
  0.45842431026560648     
  0.45296449077619882     
  0.44704861656577832     
  0.44113274235535777     
  0.43521686814493721     
  0.42859336647501767     
  0.42196986480509807     
  0.41534636313517848     
  0.40806809555068457     
  0.40078982796619078     
  0.39351156038169699     
  0.38531676283136324     
  0.37712196528102937     
  0.36892716773069562     
  0.35989454370203233     
  0.35086191967336905     
  0.34182929564470571     
  0.33176714086809794     
  0.32170498609149023     
  0.31164283131488235     
  0.30071516026494599     
  0.28978748921500963     
  0.27885981816507327     
  0.26710699305561686     
  0.25535416794616062     
  0.24360134283670440     
  0.23142491437031898     
  0.21924848590393342     
  0.20707205743754803     
  0.19499901503631989     
  0.18292597263509172     
  0.17085293023386341     
  0.15971745846386731     
  0.14858198669387118     
  0.13744651492387505     
  0.12834000441200091     
  0.11923349390012689     
  0.11012698338825283     
  0.10405076305072372     
   9.7974542713194696E-002
   9.1898322375665670E-002
   8.9809356044893818E-002
   8.7720389714121938E-002
   8.5631423383350100E-002
  0.68993609991950455     
  0.68950234451315828     
  0.68906858910681179     
  0.68879554308789992     
  0.68824104735879343     
  0.68768655162968717     
  0.68703531693445996     
  0.68565541835653598     
  0.68427551977861201     
  0.68308917862633889     
  0.68162765837074057     
  0.68016613811514215     
  0.67865590590443092     
  0.67647963749255025     
  0.67430336908066946     
  0.67231006828105533     
  0.67011572640486783     
  0.66792138452868033     
  0.66568083920062604     
  0.66291764654554197     
  0.66015445389045768     
  0.65750953983156579     
  0.65478878320502520     
  0.65206802657848473     
  0.64925504499794306     
  0.64611402652023875     
  0.64297300804253443     
  0.63984393359578029     
  0.63678145832824185     
  0.63371898306070351     
  0.63048644450697877     
  0.62713228781296293     
  0.62377813111894720     
  0.62031357805617993     
  0.61704260745362993     
  0.61377163685108038     
  0.61024551907250602     
  0.60678110682868935     
  0.60331669458487269     
  0.59962948640283820     
  0.59622586341511830     
  0.59282224042739884     
  0.58909230238917965     
  0.58556147181893392     
  0.58203064124868820     
  0.57819225041089228     
  0.57468066669339202     
  0.57116908297589186     
  0.56728620766481352     
  0.56368306207532737     
  0.56007991648584077     
  0.55611976638122540     
  0.55247984968662500     
  0.54883993299202449     
  0.54481395828373724     
  0.54108780961554226     
  0.53736166094734672     
  0.53326535295272826     
  0.52943053033489651     
  0.52559570771706488     
  0.52139031202718011     
  0.51744145182465395     
  0.51349259162212790     
  0.50919634462359720     
  0.50504392475694948     
  0.50089150489030188     
  0.49641566071120236     
  0.49208235221707164     
  0.48774904372294081     
  0.48313057408007409     
  0.47846563651878904     
  0.47380069895750399     
  0.46889869222124758     
  0.46393988332845826     
  0.45898107443566882     
  0.45384981536034685     
  0.44838999587093920     
  0.44293017638153170     
  0.43737539208609411     
  0.43145951787567355     
  0.42554364366525299     
  0.41963739157870233     
  0.41301388990878274     
  0.40639038823886320     
  0.39989392230382842     
  0.39261565471933446     
  0.38533738713484073     
  0.37834067766670482     
  0.37014588011637106     
  0.36195108256603725     
  0.35420666554795860     
  0.34517404151929532     
  0.33614141749063209     
  0.32775598573701026     
  0.31769383096040249     
  0.30763167618379478     
  0.29843750346566256     
  0.28750983241572625     
  0.27658216136578984     
  0.26671088474720417     
  0.25495805963774770     
  0.24320523452829151     
  0.23274659191195946     
  0.22057016344557404     
  0.20839373497918851     
  0.19757070635256890     
  0.18549766395134071     
  0.17342462155011257     
  0.16285023707435531     
  0.15171476530435918     
  0.14057929353436308     
  0.13073473308847436     
  0.12162822257660022     
  0.11252171206472616     
  0.10458029922734313     
   9.8504078889814023E-002
   9.2427858552284997E-002
   8.7074379641718880E-002
   8.4985413310947028E-002
   8.2896446980175148E-002
   8.1055601996847804E-002
  0.67867124453283278     
  0.67823748912648640     
  0.67796444310757442     
  0.67769139708866266     
  0.67713690135955629     
  0.67648566666432908     
  0.67583443196910187     
  0.67445453339117789     
  0.67326819223890477     
  0.67208185108663165     
  0.67062033083103334     
  0.66911009862032211     
  0.66759986640961089     
  0.66542359799773010     
  0.66343029719811597     
  0.66143699639850173     
  0.65924265452231423     
  0.65700210919426016     
  0.65476156386620588     
  0.65199837121112170     
  0.64935345715222970     
  0.64670854309333781     
  0.64398778646679744     
  0.64117480488625567     
  0.63836182330571389     
  0.63522080482800958     
  0.63209173038125543     
  0.62896265593450129     
  0.62590018066696285     
  0.62266764211323822     
  0.61943510355951337     
  0.61608094686549764     
  0.61261639380273036     
  0.60915184073996309     
  0.60588087013741276     
  0.60235475235883940     
  0.59882863458026547     
  0.59536422233644881     
  0.59167701415441432     
  0.58798980597237982     
  0.58458618298465970     
  0.58085624494644128     
  0.57712630690822253     
  0.57359547633797681     
  0.56975708550018089     
  0.56591869466238487     
  0.56240711094488471     
  0.55852423563380638     
  0.55464136032272804     
  0.55103821473324244     
  0.54707806462862607     
  0.54311791452401037     
  0.53947799782940997     
  0.53545202312112261     
  0.53142604841283525     
  0.52769989974464082     
  0.52360359175002125     
  0.51950728375540234     
  0.51567246113757070     
  0.51146706544768594     
  0.50726166975780118     
  0.50331280955527502     
  0.49901656255674443     
  0.49472031555821377     
  0.49056789569156611     
  0.48609205151246671     
  0.48161620733336719     
  0.47728289883923647     
  0.47266442919636970     
  0.46804595955350292     
  0.46338102199221792     
  0.45847901525596146     
  0.45357700851970506     
  0.44861819962691574     
  0.44348694055159377     
  0.43835568147627180     
  0.43289586198686425     
  0.42734107769142665     
  0.42178629339598905     
  0.41587041918556855     
  0.40996416709901795     
  0.40405791501246724     
  0.39743441334254770     
  0.39093794740751292     
  0.38444148147247814     
  0.37716321388798424     
  0.37016650441984833     
  0.36316979495171242     
  0.35497499740137872     
  0.34723058038330001     
  0.33948616336522136     
  0.33045353933655813     
  0.32206810758293647     
  0.31368267582931464     
  0.30362052105270693     
  0.29442634833457482     
  0.28523217561644260     
  0.27430450456650624     
  0.26443322794792057     
  0.25456195132933479     
  0.24280912621987844     
  0.23235048360354638     
  0.22189184098721434     
  0.20971541252082895     
  0.19889238389420921     
  0.18806935526758961     
  0.17599631286636147     
  0.16542192839060432     
  0.15484754391484706     
  0.14371207214485096     
  0.13386751169896227     
  0.12402295125307357     
  0.11491644074119942     
  0.10697502790381640     
   9.9033615066433378E-002
   9.2957394728904269E-002
   8.7603915818338138E-002
   8.2250436907772007E-002
   8.0161470577000168E-002
   7.8320625593672782E-002
   7.6479780610345438E-002
  0.66740638914616113     
  0.66713334312724926     
  0.66686029710833739     
  0.66658725108942551     
  0.66593601639419830     
  0.66528478169897121     
  0.66463354700374400     
  0.66344720585147088     
  0.66226086469919776     
  0.66107452354692464     
  0.65956429133621342     
  0.65805405912550219     
  0.65654382691479096     
  0.65455052611517683     
  0.65255722531556259     
  0.65056392451594836     
  0.64832337918789418     
  0.64608283385984011     
  0.64384228853178593     
  0.64119737447289404     
  0.63855246041400204     
  0.63590754635511015     
  0.63309456477456838     
  0.63028158319402661     
  0.62746860161348494     
  0.62433952716673091     
  0.62121045271997666     
  0.61808137827322251     
  0.61484883971949778     
  0.61161630116577292     
  0.60838376261204818     
  0.60491920954928091     
  0.60145465648651375     
  0.59799010342374648     
  0.59446398564517278     
  0.59093786786659896     
  0.58741175008802515     
  0.58372454190599066     
  0.58003733372395627     
  0.57635012554192178     
  0.57262018750370303     
  0.56889024946548439     
  0.56516031142726564     
  0.56132192058946961     
  0.55748352975167370     
  0.55364513891387768     
  0.54976226360279945     
  0.54587938829172100     
  0.54199651298064278     
  0.53803636287602707     
  0.53407621277141126     
  0.53011606266679556     
  0.52609008795850820     
  0.52206411325022084     
  0.51803813854193359     
  0.51394183054731468     
  0.50984552255269566     
  0.50574921455807675     
  0.50154381886819199     
  0.49733842317830723     
  0.49313302748842247     
  0.48883678048989176     
  0.48454053349136122     
  0.48024428649283057     
  0.47576844231373117     
  0.47129259813463176     
  0.46681675395553235     
  0.46219828431266557     
  0.45757981466979880     
  0.45296134502693203     
  0.44805933829067557     
  0.44315733155441916     
  0.43825532481816287     
  0.43312406574284090     
  0.42799280666751893     
  0.42286154759219696     
  0.41730676329675942     
  0.41175197900132188     
  0.40619719470588433     
  0.40029094261933373     
  0.39438469053278308     
  0.38847843844623237     
  0.38198197251119759     
  0.37548550657616286     
  0.36898904064112809     
  0.36199233117299207     
  0.35499562170485621     
  0.34799891223672030     
  0.34025449521864171     
  0.33251007820056300     
  0.32476566118248440     
  0.31638022942886268     
  0.30799479767524102     
  0.29960936592161924     
  0.29041519320348713     
  0.28122102048535502     
  0.27202684776722286     
  0.26215557114863713     
  0.25228429453005141     
  0.24241301791146569     
  0.23195437529513349     
  0.22149573267880146     
  0.21103709006246940     
  0.20021406143584980     
  0.18939103280923006     
  0.17856800418261046     
  0.16799361970685334     
  0.15741923523109622     
  0.14684485075533896     
  0.13700029030945027     
  0.12715572986356158     
  0.11731116941767286     
  0.10936975658028973     
  0.10142834374290671     
   9.3486930905523680E-002
   8.8133451994957479E-002
   8.2779973084391348E-002
   7.7426494173825217E-002
   7.5585649190497872E-002
   7.3744804207170486E-002
   7.1903959223843142E-002
  0.64709264396636479     
  0.64681959794745292     
  0.64654655192854116     
  0.64634277987023092     
  0.64569154517500371     
  0.64504031047977672     
  0.64435570041290957     
  0.64316935926063656     
  0.64198301810836333     
  0.64090440828845585     
  0.63939417607774462     
  0.63788394386703340     
  0.63635583400279416     
  0.63436253320317992     
  0.63236923240356568     
  0.63050202503699948     
  0.62826147970894541     
  0.62602093438089124     
  0.62375048266911604     
  0.62110556861022426     
  0.61846065455133215     
  0.61593184962339853     
  0.61311886804285687     
  0.61030588646231521     
  0.60742757998072949     
  0.60429850553397535     
  0.60116943108722121     
  0.59812323851904003     
  0.59489069996531529     
  0.59165816141159056     
  0.58831612857560689     
  0.58485157551283973     
  0.58138702245007245     
  0.57796246024764530     
  0.57443634246907149     
  0.57091022469049824     
  0.56723800002817815     
  0.56355079184614376     
  0.55986358366410927     
  0.55617848511861223     
  0.55244854708039348     
  0.54871860904217529     
  0.54482501297367225     
  0.54098662213587623     
  0.53714823129808031     
  0.53328950028759381     
  0.52940662497651558     
  0.52552374966543725     
  0.52148363666435504     
  0.51752348655973934     
  0.51356333645512409     
  0.50958079000700585     
  0.50555481529871849     
  0.50152884059043124     
  0.49737645483219250     
  0.49328014683757365     
  0.48918383884295502     
  0.48508514980044071     
  0.48087975411055595     
  0.47667435842067118     
  0.47239762141544839     
  0.46810137441691779     
  0.46380512741838720     
  0.45955063816500907     
  0.45507479398590966     
  0.45059894980681026     
  0.44613408810264310     
  0.44151561845977638     
  0.43689714881690961     
  0.43239469921163542     
  0.42749269247537902     
  0.42259068573912262     
  0.41781797075532534     
  0.41268671168000337     
  0.40755545260468140     
  0.40265701027376388     
  0.39710222597832640     
  0.39154744168288885     
  0.38629105937458147     
  0.38038480728803081     
  0.37447855520148021     
  0.36898333818319728     
  0.36248687224816251     
  0.35599040631312778     
  0.35002960586203569     
  0.34303289639389967     
  0.33603618692576376     
  0.32971047256706820     
  0.32196605554898960     
  0.31422163853091090     
  0.30732752530842661     
  0.29894209355480494     
  0.29055666180118322     
  0.28319076439209911     
  0.27399659167396706     
  0.26480241895583495     
  0.25682920721038793     
  0.24695793059180221     
  0.23708665397321649     
  0.22863447872392542     
  0.21817583610759322     
  0.20771719349126119     
  0.19881774147508113     
  0.18799471284846153     
  0.17717168422184176     
  0.16808288112741113     
  0.15750849665165401     
  0.14693411217589686     
  0.13803381464742684     
  0.12818925420153815     
  0.11834469375564943     
  0.11017176973080336     
  0.10223035689342022     
   9.4288944056037202E-002
   8.7644571883070718E-002
   8.2291092972504518E-002
   7.6937614061938386E-002
   7.2496739773132896E-002
   7.0655894789805551E-002
   6.8815049806478179E-002
   6.7290578872750514E-002
  0.62677889878656845     
  0.62650585276765669     
  0.62630208070934656     
  0.62609830865103644     
  0.62544707395580934     
  0.62476246388894230     
  0.62407785382207526     
  0.62289151266980203     
  0.62181290284989466     
  0.62073429302998717     
  0.61922406081927595     
  0.61769595095503660     
  0.61616784109079736     
  0.61417454029118312     
  0.61230733292461692     
  0.61044012555805072     
  0.60819958022999665     
  0.60592912851822145     
  0.60365867680644625     
  0.60101376274755425     
  0.59848495781962074     
  0.59595615289168702     
  0.59314317131114536     
  0.59026486482955975     
  0.58738655834797415     
  0.58425748390122001     
  0.58121129133303884     
  0.57816509876485767     
  0.57493256021113281     
  0.57159052737514937     
  0.56824849453916570     
  0.56478394147639854     
  0.56135937927397128     
  0.55793481707154424     
  0.55440869929297043     
  0.55073647463065090     
  0.54706424996833114     
  0.54337704178629664     
  0.53969194324079972     
  0.53600684469530280     
  0.53227690665708405     
  0.52838331058858146     
  0.52448971452007886     
  0.52065132368228295     
  0.51679259267179645     
  0.51293386166130994     
  0.50905098635023172     
  0.50501087334914951     
  0.50097076034806742     
  0.49701061024345167     
  0.49302806379533393     
  0.48904551734721619     
  0.48501954263892888     
  0.48086715688069015     
  0.47671477112245148     
  0.47261846312783251     
  0.46851977408531859     
  0.46442108504280477     
  0.46021568935291995     
  0.45593895234769721     
  0.45166221534247447     
  0.44736596834394393     
  0.44311147909056570     
  0.43885698983718757     
  0.43438114565808822     
  0.42991628395392112     
  0.42545142224975402     
  0.42083295260688725     
  0.41633050300161301     
  0.41182805339633882     
  0.40692604666008236     
  0.40215333167628509     
  0.39738061669248781     
  0.39224935761716589     
  0.38735091528624832     
  0.38245247295533091     
  0.37689768865989337     
  0.37164130635158599     
  0.36638492404327860     
  0.36047867195672800     
  0.35498345493844508     
  0.34948823792016226     
  0.34299177198512748     
  0.33703097153403538     
  0.33107017108294323     
  0.32407346161480727     
  0.31774774725611166     
  0.31142203289741610     
  0.30367761587933750     
  0.29678350265685310     
  0.28988938943436882     
  0.28150395768074715     
  0.27413806027166315     
  0.26677216286257910     
  0.25757799014444699     
  0.24960477839900003     
  0.24163156665355304     
  0.23176029003496729     
  0.22330811478567625     
  0.21485593953638518     
  0.20439729692005298     
  0.19549784490387290     
  0.18659839288769284     
  0.17577536426107324     
  0.16668656116664246     
  0.15759775807221182     
  0.14702337359645468     
  0.13812307606798477     
  0.12922277853951475     
  0.11937821809362603     
  0.11120529406877994     
  0.10303237004393387     
   9.5090957206550725E-002
   8.8446585033584255E-002
   8.1802212860617771E-002
   7.6448733950051570E-002
   7.2007859661246079E-002
   6.7566985372440588E-002
   6.5726140389113244E-002
   6.4201669455385552E-002
   6.2677198521657901E-002
  0.60646515360677189     
  0.60626138154846188     
  0.60605760949015175     
  0.60585383743184162     
  0.60516922736497458     
  0.60448461729810754     
  0.60380000723124050     
  0.60272139741133302     
  0.60164278759142564     
  0.60056417777151816     
  0.59903606790727881     
  0.59750795804303958     
  0.59597984817880023     
  0.59411264081223403     
  0.59224543344566793     
  0.59037822607910162     
  0.58810777436732642     
  0.58583732265555133     
  0.58356687094377613     
  0.58103806601584251     
  0.57850926108790890     
  0.57598045615997528     
  0.57310214967838968     
  0.57022384319680408     
  0.56734553671521848     
  0.56429934414703731     
  0.56125315157885614     
  0.55820695901067496     
  0.55486492617469141     
  0.55152289333870785     
  0.54818086050272430     
  0.54475629830029715     
  0.54133173609787000     
  0.53790717389544285     
  0.53423494923312320     
  0.53056272457080356     
  0.52689049990848391     
  0.52320540136298699     
  0.51952030281748995     
  0.51583520427199303     
  0.51194160820349044     
  0.50804801213498785     
  0.50415441606648526     
  0.50029568505599875     
  0.49643695404551236     
  0.49257822303502591     
  0.48853811003394376     
  0.48449799703286156     
  0.48045788403177947     
  0.47647533758366173     
  0.47249279113554399     
  0.46851024468742625     
  0.46435785892918752     
  0.46020547317094884     
  0.45605308741271011     
  0.45195439837019624     
  0.44785570932768237     
  0.44375702028516845     
  0.43948028327994570     
  0.43520354627472296     
  0.43092680926950022     
  0.42667232001612210     
  0.42241783076274397     
  0.41816334150936585     
  0.41369847980519875     
  0.40923361810103165     
  0.40476875639686455     
  0.40026630679159036     
  0.39576385718631618     
  0.39126140758104194     
  0.38648869259724461     
  0.38171597761344733     
  0.37694326262965006     
  0.37204482029873259     
  0.36714637796781502     
  0.36224793563689756     
  0.35699155332859023     
  0.35173517102028284     
  0.34647878871197552     
  0.34098357169369264     
  0.33548835467540983     
  0.32999313765712690     
  0.32403233720603480     
  0.31807153675494271     
  0.31211073630385061     
  0.30578502194515494     
  0.29945930758645933     
  0.29313359322776378     
  0.28623948000527949     
  0.27934536678279509     
  0.27245125356031086     
  0.26508535615122686     
  0.25771945874214286     
  0.25035356133305880     
  0.24238034958761187     
  0.23440713784216494     
  0.22643392609671792     
  0.21798175084742685     
  0.20952957559813581     
  0.20107740034884475     
  0.19217794833266455     
  0.18327849631648446     
  0.17437904430030440     
  0.16529024120587377     
  0.15620143811144299     
  0.14711263501701236     
  0.13821233748854245     
  0.12931203996007254     
  0.12041174243160252     
  0.11223881840675645     
  0.10406589438191036     
   9.5892970357064275E-002
   8.9248598184097694E-002
   8.2604226011131224E-002
   7.5959853838164740E-002
   7.1518979549359193E-002
   6.7078105260553703E-002
   6.2637230971748212E-002
   6.1112760038020554E-002
   5.9588289104292869E-002
   5.8063818170565211E-002
  0.57447334383808701     
  0.57426957177977700     
  0.57406579972146687     
  0.57390172257653005     
  0.57321711250966301     
  0.57253250244279597     
  0.57187755261241646     
  0.57079894279250909     
  0.56972033297260161     
  0.56873905261927593     
  0.56721094275503658     
  0.56568283289079724     
  0.56425159957374715     
  0.56238439220718106     
  0.56051718484061486     
  0.55878862995863032     
  0.55651817824685523     
  0.55424772653508003     
  0.55213146860678453     
  0.54960266367885091     
  0.54707385875091730     
  0.54471066845053517     
  0.54183236196894957     
  0.53895405548736397     
  0.53627556589434189     
  0.53322937332616083     
  0.53018318075797954     
  0.52732068944989885     
  0.52397865661391529     
  0.52063662377793163     
  0.51753111421567821     
  0.51410655201325106     
  0.51068198981082391     
  0.50745781358472775     
  0.50378558892240810     
  0.50011336426008879     
  0.49671033320791491     
  0.49302523466241788     
  0.48934013611692095     
  0.48587699851755528     
  0.48198340244905274     
  0.47808980638055043     
  0.47449842111046736     
  0.47063969009998086     
  0.46678095908949446     
  0.46317438516865950     
  0.45913427216757741     
  0.45509415916649520     
  0.45139269300147433     
  0.44741014655335659     
  0.44342760010523852     
  0.43973799844060735     
  0.43558561268236862     
  0.43143322692412989     
  0.42766206318705735     
  0.42356337414454354     
  0.41946468510202928     
  0.41571256613892615     
  0.41143582913370341     
  0.40715909212848067     
  0.40331646927940018     
  0.39906198002602206     
  0.39480749077264393     
  0.39097069772817034     
  0.38650583602400329     
  0.38204097431983614     
  0.37808085728227125     
  0.37357840767699713     
  0.36907595807172283     
  0.36508841210177623     
  0.36031569711797884     
  0.35554298213418162     
  0.35137523165622908     
  0.34647678932531156     
  0.34157834699439404     
  0.33733092473642401     
  0.33207454242811668     
  0.32681816011980941     
  0.32231273698492457     
  0.31681751996664176     
  0.31132230294835889     
  0.30666846468620035     
  0.30070766423510825     
  0.29474686378401616     
  0.28974647487876587     
  0.28342076052007020     
  0.27709504616137465     
  0.27186744369116911     
  0.26497333046868482     
  0.25807921724620048     
  0.25242934834746467     
  0.24506345093838067     
  0.23769755352929672     
  0.23174872559648196     
  0.22377551385103506     
  0.21580230210558807     
  0.20941777805452050     
  0.20096560280522946     
  0.19251342755593842     
  0.18581188966682094     
  0.17691243765064074     
  0.16801298563446071     
  0.16103012956099522     
  0.15194132646656458     
  0.14285252337213381     
  0.13572110576995142     
  0.12682080824148151     
  0.11792051071301159     
  0.11103289397227198     
  0.10285996994742590     
   9.4687045922579843E-002
   8.8286687852278917E-002
   8.1642315679312349E-002
   7.4997943506345865E-002
   6.9878556551774121E-002
   6.5437682262968574E-002
   6.0996807974163084E-002
   5.7523316373119304E-002
   5.5998845439391640E-002
   5.4474374505663961E-002
   5.3286017818883660E-002
  0.54248153406940214     
  0.54227776201109201     
  0.54211368486615519     
  0.54194960772121847     
  0.54126499765435143     
  0.54061004782397193     
  0.53995509799359254     
  0.53887648817368505     
  0.53789520782035927     
  0.53691392746703359     
  0.53538581760279436     
  0.53395458428574427     
  0.53252335096869419     
  0.53065614360212798     
  0.52892758872014345     
  0.52719903383815903     
  0.52492858212638394     
  0.52281232419808843     
  0.52069606626979281     
  0.51816726134185931     
  0.51580407104147707     
  0.51344088074109495     
  0.51056257425950946     
  0.50788408466648738     
  0.50520559507346530     
  0.50215940250528412     
  0.49929691119720332     
  0.49643441988912262     
  0.49309238705313907     
  0.48998687749088565     
  0.48688136792863212     
  0.48345680572620497     
  0.48023262950010881     
  0.47700845327401264     
  0.47333622861169306     
  0.46993319755951946     
  0.46653016650734586     
  0.46284506796184888     
  0.45938193036248320     
  0.45591879276311753     
  0.45202519669461499     
  0.44843381142453220     
  0.44484242615444941     
  0.44098369514396296     
  0.43737712122312805     
  0.43377054730229314     
  0.42973043430121105     
  0.42602896813619007     
  0.42232750197116914     
  0.41834495552305140     
  0.41465535385841995     
  0.41096575219378845     
  0.40681336643554977     
  0.40304220269847718     
  0.39927103896140465     
  0.39517234991889072     
  0.39142023095578737     
  0.38766811199268392     
  0.38339137498746118     
  0.37954875213838063     
  0.37570612928930014     
  0.37145164003592201     
  0.36761484699144847     
  0.36377805394697488     
  0.35931319224280778     
  0.35535307520524290     
  0.35139295816767790     
  0.34689050856240378     
  0.34290296259245712     
  0.33891541662251046     
  0.33414270163871318     
  0.32997495116076059     
  0.32580720068280800     
  0.32090875835189059     
  0.31666133609392050     
  0.31241391383595052     
  0.30715753152764325     
  0.30265210839275847     
  0.29814668525787369     
  0.29265146823959082     
  0.28799762997743228     
  0.28334379171527374     
  0.27738299126418164     
  0.27238260235893141     
  0.26738221345368118     
  0.26105649909498552     
  0.25582889662477992     
  0.25060129415457438     
  0.24370718093209012     
  0.23805731203335428     
  0.23240744313461850     
  0.22504154572553453     
  0.21909271779271983     
  0.21314388985990509     
  0.20517067811445816     
  0.19878615406339065     
  0.19240163001232308     
  0.18394945476303204     
  0.17724791687391458     
  0.17054637898479716     
  0.16164692696861699     
  0.15466407089515150     
  0.14768121482168603     
  0.13859241172725539     
  0.13146099412507287     
  0.12432957652289048     
  0.11542927899442056     
  0.10854166225368105     
  0.10165404551294144     
   9.3481121488095370E-002
   8.7080763417794443E-002
   8.0680405347493545E-002
   7.4036033174526977E-002
   6.8916646219955233E-002
   6.3797259265383502E-002
   5.9356384976577949E-002
   5.5882893375534176E-002
   5.2409401774490397E-002
   5.0884930840762732E-002
   4.9696574153982410E-002
   4.8508217467202103E-002
  0.51048972430071726     
  0.51032564715578066     
  0.51016157001084383     
  0.50999749286590701     
  0.50934254303552740     
  0.50868759320514800     
  0.50803264337476861     
  0.50705136302144305     
  0.50607008266811726     
  0.50508880231479147     
  0.50365756899774139     
  0.50222633568069130     
  0.50079510236364133     
  0.49906654748165696     
  0.49733799259967248     
  0.49560943771768801     
  0.49349317978939233     
  0.49137692186109683     
  0.48926066393280149     
  0.48689747363241936     
  0.48453428333203719     
  0.48217109303165506     
  0.47949260343863287     
  0.47681411384561079     
  0.47413562425258898     
  0.47127313294450823     
  0.46841064163642743     
  0.46554815032834662     
  0.46244264076609298     
  0.45933713120383957     
  0.45623162164158626     
  0.45300744541549010     
  0.44978326918939399     
  0.44655909296329777     
  0.44315606191112400     
  0.43975303085895046     
  0.43634999980677702     
  0.43288686220741135     
  0.42942372460804568     
  0.42596058700868000     
  0.42236920173859710     
  0.41877781646851431     
  0.41518643119843163     
  0.41157985727759672     
  0.40797328335676186     
  0.40436670943592690     
  0.40066524327090586     
  0.39696377710588493     
  0.39326231094086411     
  0.38957270927623261     
  0.38588310761160116     
  0.38219350594696971     
  0.37842234220989701     
  0.37465117847282448     
  0.37088001473575205     
  0.36712789577264859     
  0.36337577680954519     
  0.35962365784644179     
  0.35578103499736113     
  0.35193841214828059     
  0.34809578929920015     
  0.34425899625472661     
  0.34042220321025307     
  0.33658541016577948     
  0.33262529312821454     
  0.32866517609064960     
  0.32470505905308478     
  0.32071751308313812     
  0.31672996711319151     
  0.31274242114324485     
  0.30857467066529209     
  0.30440692018733956     
  0.30023916970938708     
  0.29599174745141710     
  0.29174432519344706     
  0.28749690293547708     
  0.28299147980059225     
  0.27848605666570753     
  0.27398063353082280     
  0.26932679526866427     
  0.26467295700650584     
  0.26001911874434724     
  0.25501872983909690     
  0.25001834093384667     
  0.24501795202859650     
  0.23979034955839085     
  0.23456274708818534     
  0.22933514461797977     
  0.22368527571924396     
  0.21803540682050809     
  0.21238553792177239     
  0.20643670998895769     
  0.20048788205614307     
  0.19453905412332831     
  0.18815453007226074     
  0.18177000602119325     
  0.17538548197012571     
  0.16868394408100829     
  0.16198240619189086     
  0.15528086830277341     
  0.14829801222930780     
  0.14131515615584231     
  0.13433230008237684     
  0.12720088248019445     
  0.12006946487801198     
  0.11293804727582955     
  0.10605043053509003     
   9.9162813794350504E-002
   9.2275197053610925E-002
   8.5874838983310012E-002
   7.9474480913009127E-002
   7.3074122842708158E-002
   6.7954735888136358E-002
   6.2835348933564614E-002
   5.7715961978992883E-002
   5.4242470377949055E-002
   5.0768978776905282E-002
   4.7295487175861489E-002
   4.6107130489081181E-002
   4.4918773802300860E-002
   4.3730417115520559E-002
  0.46433726293125221     
  0.46417318578631545     
  0.46400910864137868     
  0.46412463885342925     
  0.46346968902304986     
  0.46281473919267041     
  0.46204027287224886     
  0.46105899251892313     
  0.46007771216559745     
  0.45954062945680124     
  0.45810939613975121     
  0.45667816282270129     
  0.45529284517453839     
  0.45356429029255396     
  0.45183573541056948     
  0.45069138272486325     
  0.44857512479656775     
  0.44645886686827224     
  0.44454663864195959     
  0.44218344834157747     
  0.43982025804119529     
  0.43815241718537734     
  0.43547392759235537     
  0.43279543799933357     
  0.43046512464425868     
  0.42760263333617787     
  0.42474014202809712     
  0.42265501239808800     
  0.41954950283583459     
  0.41644399327358106     
  0.41381238793711328     
  0.41058821171101711     
  0.40736403548492123     
  0.40497378325221645     
  0.40157075220004290     
  0.39816772114786908     
  0.39534427760891327     
  0.39188114000954755     
  0.38841800241018221     
  0.38582580361126984     
  0.38223441834118704     
  0.37864303307110403     
  0.37571795583983358     
  0.37211138191899862     
  0.36850480799816399     
  0.36579337379258392     
  0.36209190762756305     
  0.35839044146254229     
  0.35542687386337102     
  0.35173727219873951     
  0.34804767053410790     
  0.34527182934506284     
  0.34150066560799025     
  0.33772950187091788     
  0.33475936402139406     
  0.33100724505829066     
  0.32725512609518703     
  0.32443796460490260     
  0.32059534175582211     
  0.31675271890674178     
  0.31377526119562998     
  0.30993846815115639     
  0.30610167510668285     
  0.30323335565263781     
  0.29927323861507293     
  0.29531312157750805     
  0.29229536791723465     
  0.28830782194728799     
  0.28432027597734133     
  0.28135885522230336     
  0.27719110474435077     
  0.27302335426639823     
  0.26990220593776648     
  0.26565478367979645     
  0.26140736142182647     
  0.25828165631829347     
  0.25377623318340881     
  0.24927081004852400     
  0.24595763964372097     
  0.24130380138156249     
  0.23664996311940398     
  0.23326577711282917     
  0.22826538820757894     
  0.22326499930232871     
  0.21965518574066017     
  0.21442758327045452     
  0.20919998080024901     
  0.20545308676144836     
  0.19980321786271260     
  0.19415334896397679     
  0.19014587254962201     
  0.18419704461680733     
  0.17824821668399268     
  0.17405158396208661     
  0.16766705991101913     
  0.16128253585995161     
  0.15682129576038201     
  0.15011975787126458     
  0.14341821998214715     
  0.13876342555284213     
  0.13178056947937655     
  0.12479771340591109     
  0.11996891974629620     
  0.11283750214411380     
  0.10570608454193132     
  0.10081813101460851     
   9.3930514273869017E-002
   8.7042897533129493E-002
   8.2306756429254502E-002
   7.5906398358953589E-002
   6.9506040288652676E-002
   6.5159498205877325E-002
   6.0040111251305539E-002
   5.4920724296733794E-002
   5.1414503587634608E-002
   4.7941011986590773E-002
   4.4467520385547007E-002
   4.2110528790466235E-002
   4.0922172103685928E-002
   3.9733815416905613E-002
   3.8926412752006374E-002
  0.41818480156178761     
  0.41802072441685084     
  0.41813625462890147     
  0.41825178484095205     
  0.41759683501057254     
  0.41682236869015110     
  0.41604790236972966     
  0.41506662201640393     
  0.41452953930760772     
  0.41399245659881151     
  0.41256122328176154     
  0.41117590563359868     
  0.40979058798543594     
  0.40806203310345146     
  0.40691768041774529     
  0.40577332773203906     
  0.40365706980374355     
  0.40174484157743096     
  0.39983261335111825     
  0.39746942305073607     
  0.39580158219491812     
  0.39413374133910017     
  0.39145525174607831     
  0.38912493839100348     
  0.38679462503592899     
  0.38393213372784818     
  0.38184700409783906     
  0.37976187446782983     
  0.37665636490557641     
  0.37402475956910863     
  0.37139315423264085     
  0.36816897800654469     
  0.36577872577384019     
  0.36338847354113568     
  0.35998544248896236     
  0.35716199895000600     
  0.35433855541105003     
  0.35087541781168413     
  0.34828321901277220     
  0.34569102021386011     
  0.34209963494377754     
  0.33917455771250660     
  0.33624948048123604     
  0.33264290656040085     
  0.32993147235482123     
  0.32722003814924144     
  0.32351857198422052     
  0.32055500438504947     
  0.31759143678587842     
  0.31390183512124714     
  0.31112599393220164     
  0.30835015274315636     
  0.30457898900608360     
  0.30160885115656016     
  0.29863871330703656     
  0.29488659434393333     
  0.29206943285364850     
  0.28925227136336396     
  0.28540964851428324     
  0.28243219080317183     
  0.27945473309206020     
  0.27561794004758666     
  0.27274962059354163     
  0.26988130113949660     
  0.26592118410193172     
  0.26290343044165831     
  0.25988567678138491     
  0.25589813081143825     
  0.25293671005640028     
  0.24997528930136231     
  0.24580753882340972     
  0.24268639049477794     
  0.23956524216614627     
  0.23531781990817627     
  0.23219211480464325     
  0.22906640970111028     
  0.22456098656622553     
  0.22124781616142253     
  0.21793464575661953     
  0.21328080749446099     
  0.20989662148788624     
  0.20651243548131146     
  0.20151204657606123     
  0.19790223301439269     
  0.19429241945272416     
  0.18906481698251854     
  0.18531792294371791     
  0.18157102890491728     
  0.17592116000618152     
  0.17191368359182668     
  0.16790620717747193     
  0.16195737924465725     
  0.15776074652275124     
  0.15356411380084517     
  0.14717958974977768     
  0.14271834965020813     
  0.13825710955063850     
  0.13155557166152107     
  0.12690077723221604     
  0.12224598280291105     
  0.11526312672944550     
  0.11043433306983060     
  0.10560553941021569     
   9.8474121808033305E-002
   9.3586168280710424E-002
   8.8698214753387628E-002
   8.1810598012648117E-002
   7.7074456908773181E-002
   7.2338315804898204E-002
   6.5937957734597291E-002
   6.1591415651821933E-002
   5.7244873569046575E-002
   5.2125486614474789E-002
   4.8619265905375603E-002
   4.5113045196276402E-002
   4.1639553595232588E-002
   3.9282562000151816E-002
   3.6925570405071044E-002
   3.5737213718290736E-002
   3.4929811053391477E-002
   3.4122408388492245E-002
  0.37203234019232295     
  0.37214787040437358     
  0.37226340061642421     
  0.37237893082847473     
  0.37160446450805329     
  0.37082999818763185     
  0.37005553186721041     
  0.36951844915841420     
  0.36898136644961799     
  0.36844428374082178     
  0.36705896609265903     
  0.36567364844449624     
  0.36428833079633349     
  0.36314397811062726     
  0.36199962542492109     
  0.36085527273921486     
  0.35894304451290221     
  0.35703081628658956     
  0.35511858806027691     
  0.35345074720445896     
  0.35178290634864101     
  0.35011506549282301     
  0.34778475213774840     
  0.34545443878267379     
  0.34312412542759924     
  0.34103899579759012     
  0.33895386616758094     
  0.33686873653757177     
  0.33423713120110399     
  0.33160552586463621     
  0.32897392052816837     
  0.32658366829546387     
  0.32419341606275937     
  0.32180316383005486     
  0.31897972029109889     
  0.31615627675214281     
  0.31333283321318678     
  0.31074063441427463     
  0.30814843561536254     
  0.30555623681645039     
  0.30263115958517978     
  0.29970608235390905     
  0.29678100512263844     
  0.29406957091705860     
  0.29135813671147881     
  0.28864670250589897     
  0.28568313490672792     
  0.28271956730755687     
  0.27975599970838583     
  0.27698015851934055     
  0.27420431733029516     
  0.27142847614124987     
  0.26845833829172627     
  0.26548820044220267     
  0.26251806259267907     
  0.25970090110239447     
  0.25688373961210986     
  0.25406657812182526     
  0.25108912041071363     
  0.24811166269960205     
  0.24513420498849042     
  0.24226588553444539     
  0.23939756608040041     
  0.23652924662635536     
  0.23351149296608198     
  0.23049373930580858     
  0.22747598564553517     
  0.22451456489049720     
  0.22155314413545923     
  0.21859172338042127     
  0.21547057505178949     
  0.21234942672315776     
  0.20922827839452604     
  0.20610257329099305     
  0.20297686818746002     
  0.19985116308392706     
  0.19653799267912408     
  0.19322482227432108     
  0.18991165186951806     
  0.18652746586294328     
  0.18314327985636852     
  0.17975909384979374     
  0.17614928028812521     
  0.17253946672645668     
  0.16892965316478814     
  0.16518275912598746     
  0.16143586508718683     
  0.15768897104838620     
  0.15368149463403144     
  0.14967401821967660     
  0.14566654180532185     
  0.14146990908341583     
  0.13727327636150982     
  0.13307664363960375     
  0.12861540354003420     
  0.12415416344046462     
  0.11969292334089503     
  0.11503812891159000     
  0.11038333448228499     
  0.10572854005297996     
  0.10089974639336501     
   9.6070952733750103E-002
   9.1242159074135215E-002
   8.6354205546812418E-002
   8.1466252019489538E-002
   7.6578298492166741E-002
   7.1842157388291819E-002
   6.7106016284416897E-002
   6.2369875180541906E-002
   5.8023333097766555E-002
   5.3676791014991197E-002
   4.9330248932215832E-002
   4.5824028223116590E-002
   4.2317807514017397E-002
   3.8811586804918204E-002
   3.6454595209837397E-002
   3.4097603614756625E-002
   3.1740612019675853E-002
   3.0933209354776611E-002
   3.0125806689877355E-002
   2.9318404024978113E-002
  0.31385272311308177     
  0.31396825332513234     
  0.31408378353718297     
  0.31404380913201080     
  0.31326934281158930     
  0.31249487649116792     
  0.31215065698232003     
  0.31161357427352382     
  0.31107649156472761     
  0.31069141378194876     
  0.30930609613378601     
  0.30792077848562327     
  0.30721182905485345     
  0.30606747636914727     
  0.30492312368344104     
  0.30421627309037980     
  0.30230404486406715     
  0.30039181663775449     
  0.29936892330949050     
  0.29770108245367255     
  0.29603324159785455     
  0.29504996535416267     
  0.29271965199908806     
  0.29038933864401345     
  0.28912023739364245     
  0.28703510776363328     
  0.28494997813362410     
  0.28374788873106765     
  0.28111628339459988     
  0.27848467805813210     
  0.27704184513916841     
  0.27465159290646390     
  0.27226134067375946     
  0.27090177223010048     
  0.26807832869114445     
  0.26525488515218842     
  0.26370537400082439     
  0.26111317520191230     
  0.25852097640300020     
  0.25706094932393991     
  0.25413587209266925     
  0.25121079486139858     
  0.24960882244647492     
  0.24689738824089508     
  0.24418595403531526     
  0.24267174808830855     
  0.23970818048913750     
  0.23674461288996645     
  0.23512724896356324     
  0.23235140777451790     
  0.22957556658547260     
  0.22803850516604265     
  0.22506836731651902     
  0.22209822946699545     
  0.22048368899732132     
  0.21766652750703674     
  0.21484936601675209     
  0.21330370534049978     
  0.21032624762938815     
  0.20734878991827657     
  0.20573654175733311     
  0.20286822230328810     
  0.19999990284924310     
  0.19844235794545798     
  0.19542460428518457     
  0.19240685062491120     
  0.19077890303759465     
  0.18781748228255674     
  0.18485606152751871     
  0.18326650232870698     
  0.18014535400007523     
  0.17702420567144353     
  0.17534735361169002     
  0.17222164850815702     
  0.16909594340462403     
  0.16743911330668285     
  0.16412594290187987     
  0.16081277249707687     
  0.15904218298362285     
  0.15565799697704807     
  0.15227381097047332     
  0.15050253345654663     
  0.14689271989487809     
  0.14328290633320956     
  0.14136816046394546     
  0.13762126642514477     
  0.13387437238634414     
  0.13193572441465284     
  0.12792824800029809     
  0.12392077158594329     
  0.12181667131111501     
  0.11762003858920900     
  0.11342340586730298     
  0.11127128114605914     
  0.10681004104648958     
  0.10234880094692003     
  0.10003653592860302     
   9.5381741499298012E-002
   9.0726947069992986E-002
   8.8350332681619320E-002
   8.3521539022004362E-002
   7.8692745362389488E-002
   7.6227372482862529E-002
   7.1339418955539718E-002
   6.6451465428216852E-002
   6.3949548202246118E-002
   5.9213407098371196E-002
   5.4477265994496274E-002
   5.2094001167459957E-002
   4.7747459084684606E-002
   4.3400917001909248E-002
   4.1156316811330210E-002
   3.7650096102230975E-002
   3.4143875393131795E-002
   3.2394381451542525E-002
   3.0037389856461719E-002
   2.7680398261380947E-002
   2.6456484059172156E-002
   2.5649081394272914E-002
   2.4841678729373665E-002
   2.4434042305039545E-002
  0.25567310603384130     
  0.25578863624589188     
  0.25574866184071976     
  0.25570868743554753     
  0.25493422111512615     
  0.25459000160627826     
  0.25424578209743037     
  0.25370869938863416     
  0.25332362160585531     
  0.25293854382307651     
  0.25155322617491371     
  0.25084427674414400     
  0.25013532731337418     
  0.24899097462766795     
  0.24828412403460670     
  0.24757727344154545     
  0.24566504521523280     
  0.24464215188696881     
  0.24361925855870478     
  0.24195141770288681     
  0.24096814145919493     
  0.23998486521550300     
  0.23765455186042841     
  0.23638545061005739     
  0.23511634935968637     
  0.23303121972967722     
  0.23182913032712071     
  0.23062704092456424     
  0.22799543558809646     
  0.22655260266913280     
  0.22510976975016911     
  0.22271951751746460     
  0.22135994907380568     
  0.22000038063014671     
  0.21717693709119057     
  0.21562742593982670     
  0.21407791478846266     
  0.21148571598955054     
  0.21002568891049028     
  0.20856566183143005     
  0.20564058460015927     
  0.20403861218523570     
  0.20243663977031198     
  0.19972520556473217     
  0.19821099961772543     
  0.19669679367071868     
  0.19373322607154769     
  0.19211586214514445     
  0.19049849821874121     
  0.18772265702969615     
  0.18618559561026596     
  0.18464853419083599     
  0.18167839634131241     
  0.18006385587163826     
  0.17844931540196413     
  0.17563215391167977     
  0.17408649323542719     
  0.17254083255917485     
  0.16956337484806322     
  0.16795112668711978     
  0.16633887852617635     
  0.16347055907213132     
  0.16191301416834619     
  0.16035546926456107     
  0.15733771560428769     
  0.15570976801697117     
  0.15408182042965463     
  0.15112039967461666     
  0.14953084047580492     
  0.14794128127699319     
  0.14482013294836144     
  0.14314328088860795     
  0.14146642882885443     
  0.13834072372532147     
  0.13668389362738023     
  0.13502706352943905     
  0.13171389312463605     
  0.12994330361118206     
  0.12817271409772804     
  0.12478852809115329     
  0.12301725057722658     
  0.12124597306329987     
  0.11763615950163135     
  0.11572141363236726     
  0.11380666776310314     
  0.11005977372430245     
  0.10812112575261115     
  0.10618247778091985     
  0.10217500136656510     
  0.10007090109173677     
   9.7966800816908492E-002
   9.3770168095002479E-002
   9.1618043373758659E-002
   8.9465918652514825E-002
   8.5004678552945273E-002
   8.2692413534628278E-002
   8.0380148516311284E-002
   7.5725354087006258E-002
   7.3348739698632592E-002
   7.0972125310258899E-002
   6.6143331650643983E-002
   6.3677958771116996E-002
   6.1212585891590024E-002
   5.6324632364267227E-002
   5.3822715138296423E-002
   5.1320797912325661E-002
   4.6584656808450746E-002
   4.4201391981414456E-002
   4.1818127154378132E-002
   3.7471585071602781E-002
   3.5226984881023736E-002
   3.2982384690444698E-002
   2.9476163981345466E-002
   2.7726670039756200E-002
   2.5977176098166931E-002
   2.3620184503086124E-002
   2.2396270300877333E-002
   2.1172356098668531E-002
   2.0364953433769289E-002
   1.9957317009435160E-002
   1.9549680585101037E-002
  0.19749348895460087     
  0.19745351454942872     
  0.19741354014425652     
  0.19737356573908435     
  0.19702934623023649     
  0.19668512672138863     
  0.19634090721254074     
  0.19595582942976192     
  0.19557075164698307     
  0.19518567386420427     
  0.19447672443343450     
  0.19376777500266470     
  0.19305882557189491     
  0.19235197497883366     
  0.19164512438577239     
  0.19093827379271114     
  0.18991538046444711     
  0.18889248713618312     
  0.18786959380791909     
  0.18688631756422719     
  0.18590304132053528     
  0.18491976507684338     
  0.18365066382647235     
  0.18238156257610133     
  0.18111246132573031     
  0.17991037192317383     
  0.17870828252061732     
  0.17750619311806085     
  0.17606336019909719     
  0.17462052728013350     
  0.17317769436116981     
  0.17181812591751086     
  0.17045855747385191     
  0.16909898903019296     
  0.16754947787882896     
  0.16599996672746495     
  0.16445045557610094     
  0.16299042849704065     
  0.16153040141798042     
  0.16007037433892016     
  0.15846840192399647     
  0.15686642950907279     
  0.15526445709414907     
  0.15375025114714233     
  0.15223604520013562     
  0.15072183925312888     
  0.14910447532672566     
  0.14748711140032245     
  0.14586974747391923     
  0.14433268605448929     
  0.14279562463505932     
  0.14125856321562935     
  0.13964402274595522     
  0.13802948227628109     
  0.13641494180660696     
  0.13486928113035462     
  0.13332362045410223     
  0.13177795977784990     
  0.13016571161690646     
  0.12855346345596302     
  0.12694121529501956     
  0.12538367039123444     
  0.12382612548744931     
  0.12226858058366419     
  0.12064063299634767     
  0.11901268540903115     
  0.11738473782171462     
  0.11579517862290287     
  0.11420561942409112     
  0.11261606022527937     
  0.11093920816552585     
  0.10926235610577235     
  0.10758550404601887     
  0.10592867394807766     
  0.10427184385013645     
  0.10261501375219524     
  0.10084442423874126     
   9.9073834725287246E-002
   9.7303245211833242E-002
   9.5531967697906547E-002
   9.3760690183979867E-002
   9.1989412670053144E-002
   9.0074666800789044E-002
   8.8159920931524943E-002
   8.6245175062260829E-002
   8.4306527090569489E-002
   8.2367879118878176E-002
   8.0429231147186864E-002
   7.8325130872358567E-002
   7.6221030597530257E-002
   7.4116930322701974E-002
   7.1964805601458154E-002
   6.9812680880214348E-002
   6.7660556158970500E-002
   6.5348291140653519E-002
   6.3036026122336539E-002
   6.0723761104019537E-002
   5.8347146715645858E-002
   5.5970532327272171E-002
   5.3593917938898492E-002
   5.1128545059371484E-002
   4.8663172179844505E-002
   4.6197799300317539E-002
   4.3695882074346770E-002
   4.1193964848375980E-002
   3.8692047622405211E-002
   3.6308782795368928E-002
   3.3925517968332639E-002
   3.1542253141296321E-002
   2.9297652950717269E-002
   2.7053052760138221E-002
   2.4808452569559141E-002
   2.3058958627969875E-002
   2.1309464686380605E-002
   1.9559970744791336E-002
   1.8336056542582514E-002
   1.7112142340373712E-002
   1.5888228138164907E-002
   1.5480591713830785E-002
   1.5072955289496655E-002
   1.4665318865162530E-002
  0.13166232596973418     
  0.13162235156456203     
  0.13158237715938986     
  0.13158237715938984     
  0.13123815765054198     
  0.13089393814169414     
  0.13089393814169412     
  0.13050886035891529     
  0.13012378257613647     
  0.13012378257613647     
  0.12941483314536667     
  0.12870588371459687     
  0.12870588371459687     
  0.12799903312153565     
  0.12729218252847435     
  0.12729218252847435     
  0.12626928920021036     
  0.12524639587194633     
  0.12524639587194633     
  0.12426311962825444     
  0.12327984338456251     
  0.12327984338456251     
  0.12201074213419150     
  0.12074164088382046     
  0.12074164088382046     
  0.11953955148126399     
  0.11833746207870748     
  0.11833746207870748     
  0.11689462915974380     
  0.11545179624078011     
  0.11545179624078011     
  0.11409222779712117     
  0.11273265935346222     
  0.11273265935346222     
  0.11118314820209821     
  0.10963363705073423     
  0.10963363705073419     
  0.10817360997167393     
  0.10671358289261366     
  0.10671358289261366     
  0.10511161047768997     
  0.10350963806276631     
  0.10350963806276627     
  0.10199543211575954     
  0.10048122616875280     
  0.10048122616875280     
   9.8863862242349582E-002
   9.7246498315946353E-002
   9.7246498315946353E-002
   9.5709436896516425E-002
   9.4172375477086470E-002
   9.4172375477086429E-002
   9.2557835007412298E-002
   9.0943294537738167E-002
   9.0943294537738167E-002
   8.9397633861485831E-002
   8.7851973185233481E-002
   8.7851973185233453E-002
   8.6239725024290004E-002
   8.4627476863346554E-002
   8.4627476863346554E-002
   8.3069931959561430E-002
   8.1512387055776292E-002
   8.1512387055776292E-002
   7.9884439468459773E-002
   7.8256491881143239E-002
   7.8256491881143239E-002
   7.6666932682331504E-002
   7.5077373483519741E-002
   7.5077373483519741E-002
   7.3400521423766227E-002
   7.1723669364012727E-002
   7.1723669364012727E-002
   7.0066839266071532E-002
   6.8410009168130309E-002
   6.8410009168130309E-002
   6.6639419654676318E-002
   6.4868830141222300E-002
   6.4868830141222300E-002
   6.3097552627295606E-002
   6.1326275113368890E-002
   6.1326275113368890E-002
   5.9411529244104783E-002
   5.7496783374840675E-002
   5.7496783374840675E-002
   5.5558135403149335E-002
   5.3619487431458022E-002
   5.3619487431458022E-002
   5.1515387156629733E-002
   4.9411286881801422E-002
   4.9411286881801422E-002
   4.7259162160557602E-002
   4.5107037439313762E-002
   4.5107037439313762E-002
   4.2794772420996788E-002
   4.0482507402679779E-002
   4.0482507402679779E-002
   3.8105893014306100E-002
   3.5729278625932406E-002
   3.5729278625932406E-002
   3.3263905746405399E-002
   3.0798532866878423E-002
   3.0798532866878423E-002
   2.8296615640907657E-002
   2.5794698414936860E-002
   2.5794698414936860E-002
   2.3411433587900578E-002
   2.1028168760864257E-002
   2.1028168760864257E-002
   1.8783568570285208E-002
   1.6538968379706129E-002
   1.6538968379706129E-002
   1.4789474438116859E-002
   1.3039980496527584E-002
   1.3039980496527584E-002
   1.1816066294318764E-002
   1.0592152092109961E-002
   1.0592152092109961E-002
   1.0184515667775836E-002
   9.7768792434417082E-003
   9.7768792434417082E-003
   6.5831162984866659E-002
   6.5791188579694487E-002
   6.5791188579694487E-002
   6.5791188579694487E-002
   6.5446969070846614E-002
   6.5446969070846628E-002
   6.5446969070846614E-002
   6.5061891288067789E-002
   6.5061891288067802E-002
   6.5061891288067789E-002
   6.4352941857298007E-002
   6.4352941857298007E-002
   6.4352941857298007E-002
   6.3646091264236759E-002
   6.3646091264236773E-002
   6.3646091264236759E-002
   6.2623197935972749E-002
   6.2623197935972763E-002
   6.2623197935972749E-002
   6.1639921692280844E-002
   6.1639921692280858E-002
   6.1639921692280844E-002
   6.0370820441909827E-002
   6.0370820441909820E-002
   6.0370820441909827E-002
   5.9168731039353349E-002
   5.9168731039353356E-002
   5.9168731039353349E-002
   5.7725898120389675E-002
   5.7725898120389682E-002
   5.7725898120389675E-002
   5.6366329676730734E-002
   5.6366329676730720E-002
   5.6366329676730734E-002
   5.4816818525366733E-002
   5.4816818525366739E-002
   5.4816818525366733E-002
   5.3356791446306479E-002
   5.3356791446306465E-002
   5.3356791446306479E-002
   5.1754819031382786E-002
   5.1754819031382800E-002
   5.1754819031382786E-002
   5.0240613084376065E-002
   5.0240613084376058E-002
   5.0240613084376065E-002
   4.8623249157972857E-002
   4.8623249157972850E-002
   4.8623249157972857E-002
   4.7086187738542902E-002
   4.7086187738542909E-002
   4.7086187738542902E-002
   4.5471647268868778E-002
   4.5471647268868771E-002
   4.5471647268868778E-002
   4.3925986592616435E-002
   4.3925986592616442E-002
   4.3925986592616435E-002
   4.2313738431672993E-002
   4.2313738431672986E-002
   4.2313738431672993E-002
   4.0756193527887875E-002
   4.0756193527887868E-002
   4.0756193527887875E-002
   3.9128245940571363E-002
   3.9128245940571356E-002
   3.9128245940571363E-002
   3.7538686741759621E-002
   3.7538686741759628E-002
   3.7538686741759621E-002
   3.5861834682006127E-002
   3.5861834682006120E-002
   3.5861834682006127E-002
   3.4205004584064926E-002
   3.4205004584064919E-002
   3.4205004584064926E-002
   3.2434415070610935E-002
   3.2434415070610928E-002
   3.2434415070610935E-002
   3.0663137556684240E-002
   3.0663137556684237E-002
   3.0663137556684240E-002
   2.8748391687420147E-002
   2.8748391687420150E-002
   2.8748391687420147E-002
   2.6809743715728831E-002
   2.6809743715728827E-002
   2.6809743715728831E-002
   2.4705643440900545E-002
   2.4705643440900541E-002
   2.4705643440900545E-002
   2.2553518719656732E-002
   2.2553518719656728E-002
   2.2553518719656732E-002
   2.0241253701339754E-002
   2.0241253701339751E-002
   2.0241253701339754E-002
   1.7864639312966082E-002
   1.7864639312966085E-002
   1.7864639312966082E-002
   1.5399266433439109E-002
   1.5399266433439108E-002
   1.5399266433439109E-002
   1.2897349207468345E-002
   1.2897349207468344E-002
   1.2897349207468345E-002
   1.0514084380432059E-002
   1.0514084380432057E-002
   1.0514084380432059E-002
   8.2694841898530089E-003
   8.2694841898530089E-003
   8.2694841898530089E-003
   6.5199902482637488E-003
   6.5199902482637496E-003
   6.5199902482637488E-003
   5.2960760460549448E-003
   5.2960760460549440E-003
   5.2960760460549448E-003
   4.8884396217208212E-003
   4.8884396217208203E-003
   4.8884396217208212E-003
   0.0000000000000000     
   0.0000000000000000     
   0.0000000000000000     
   0.0000000000000000     
   0.0000000000000000     
   0.0000000000000000     
   0.0000000000000000     
   0.0000000000000000     
   0.0000000000000000     
   0.0000000000000000     
   0.0000000000000000     
   0.0000000000000000     
   0.0000000000000000     
   0.0000000000000000     
   0.0000000000000000     
   0.0000000000000000     
   0.0000000000000000     
   0.0000000000000000     
   0.0000000000000000     
   0.0000000000000000     
   0.0000000000000000     
   0.0000000000000000     
   0.0000000000000000     
   0.0000000000000000     
   0.0000000000000000     
   0.0000000000000000     
   0.0000000000000000     
   0.0000000000000000     
   0.0000000000000000     
   0.0000000000000000     
   0.0000000000000000     
   0.0000000000000000     
   0.0000000000000000     
   0.0000000000000000     
   0.0000000000000000     
   0.0000000000000000     
   0.0000000000000000     
   0.0000000000000000     
   0.0000000000000000     
   0.0000000000000000     
   0.0000000000000000     
   0.0000000000000000     
   0.0000000000000000     
   0.0000000000000000     
   0.0000000000000000     
   0.0000000000000000     
   0.0000000000000000     
   0.0000000000000000     
   0.0000000000000000     
   0.0000000000000000     
   0.0000000000000000     
   0.0000000000000000     
   0.0000000000000000     
   0.0000000000000000     
   0.0000000000000000     
   0.0000000000000000     
   0.0000000000000000     
   0.0000000000000000     
   0.0000000000000000     
   0.0000000000000000     
   0.0000000000000000     
   0.0000000000000000     
   0.0000000000000000     
   0.0000000000000000     
   0.0000000000000000     
   0.0000000000000000     
   0.0000000000000000     
   0.0000000000000000     
   0.0000000000000000     
   0.0000000000000000     
   0.0000000000000000     
   0.0000000000000000     
   0.0000000000000000     
   0.0000000000000000     
   0.0000000000000000     
   0.0000000000000000     
   0.0000000000000000     
   0.0000000000000000     
   0.0000000000000000     
   0.0000000000000000     
   0.0000000000000000     
   0.0000000000000000     
   0.0000000000000000     
   0.0000000000000000     
   0.0000000000000000     
   0.0000000000000000     
   0.0000000000000000     
   0.0000000000000000     
   0.0000000000000000     
   0.0000000000000000     
   0.0000000000000000     
   0.0000000000000000     
   0.0000000000000000     
   0.0000000000000000     
   0.0000000000000000     
   0.0000000000000000     
   0.0000000000000000     
   0.0000000000000000     
   0.0000000000000000     
   0.0000000000000000     
   0.0000000000000000     
   0.0000000000000000     
   0.0000000000000000     
   0.0000000000000000     
   0.0000000000000000     
   0.0000000000000000     
   0.0000000000000000     
   0.0000000000000000     
   0.0000000000000000     
   0.0000000000000000     
   0.0000000000000000     
   0.0000000000000000     
   0.0000000000000000     
   0.0000000000000000     
   0.0000000000000000     
   0.0000000000000000     
   0.0000000000000000     
   0.0000000000000000     
   0.0000000000000000     
   0.0000000000000000     
   0.0000000000000000     
