<?xml version="1.0"?>
<VTKFile type="UnstructuredGrid" version="0.1">
     <UnstructuredGrid>
      <Piece NumberOfPoints="      8191" NumberOfCells="      3980">
         <Points>
           <DataArray type="Float32" NumberOfComponents="3" format="ascii">
  0.4292000E+00  0.0000000E+00  0.0000000E+00
  0.4289265E+00  0.1531915E-01  0.0000000E+00
  0.4281064E+00  0.3061878E-01  0.0000000E+00
  0.4267408E+00  0.4587939E-01  0.0000000E+00
  0.4248314E+00  0.6108153E-01  0.0000000E+00
  0.4223805E+00  0.7620583E-01  0.0000000E+00
  0.4193914E+00  0.9123302E-01  0.0000000E+00
  0.4158679E+00  0.1061440E+00  0.0000000E+00
  0.4118144E+00  0.1209196E+00  0.0000000E+00
  0.4072361E+00  0.1355412E+00  0.0000000E+00
  0.4021388E+00  0.1499900E+00  0.0000000E+00
  0.3965291E+00  0.1642477E+00  0.0000000E+00
  0.3904141E+00  0.1782961E+00  0.0000000E+00
  0.3838015E+00  0.1921173E+00  0.0000000E+00
  0.3766998E+00  0.2056937E+00  0.0000000E+00
  0.3691181E+00  0.2190079E+00  0.0000000E+00
  0.3610660E+00  0.2320430E+00  0.0000000E+00
  0.3525538E+00  0.2447825E+00  0.0000000E+00
  0.3435923E+00  0.2572100E+00  0.0000000E+00
  0.3341929E+00  0.2693097E+00  0.0000000E+00
  0.3243677E+00  0.2810662E+00  0.0000000E+00
  0.3141291E+00  0.2924646E+00  0.0000000E+00
  0.3034902E+00  0.3034902E+00  0.0000000E+00
  0.2924646E+00  0.3141291E+00  0.0000000E+00
  0.2810662E+00  0.3243677E+00  0.0000000E+00
  0.2693097E+00  0.3341929E+00  0.0000000E+00
  0.2572100E+00  0.3435923E+00  0.0000000E+00
  0.2447825E+00  0.3525538E+00  0.0000000E+00
  0.2320430E+00  0.3610660E+00  0.0000000E+00
  0.2190079E+00  0.3691181E+00  0.0000000E+00
  0.2056937E+00  0.3766998E+00  0.0000000E+00
  0.1921173E+00  0.3838015E+00  0.0000000E+00
  0.1782961E+00  0.3904141E+00  0.0000000E+00
  0.1642477E+00  0.3965291E+00  0.0000000E+00
  0.1499900E+00  0.4021388E+00  0.0000000E+00
  0.1355412E+00  0.4072361E+00  0.0000000E+00
  0.1209196E+00  0.4118144E+00  0.0000000E+00
  0.1061440E+00  0.4158679E+00  0.0000000E+00
  0.9123302E-01  0.4193914E+00  0.0000000E+00
  0.7620583E-01  0.4223805E+00  0.0000000E+00
  0.6108153E-01  0.4248314E+00  0.0000000E+00
  0.4587939E-01  0.4267408E+00  0.0000000E+00
  0.3061878E-01  0.4281064E+00  0.0000000E+00
  0.1531915E-01  0.4289265E+00  0.0000000E+00
  0.0000000E+00  0.4292000E+00  0.0000000E+00
  0.0000000E+00  0.4415818E+00  0.0000000E+00
  0.0000000E+00  0.4539636E+00  0.0000000E+00
  0.0000000E+00  0.4869818E+00  0.0000000E+00
  0.0000000E+00  0.5200000E+00  0.0000000E+00
  0.4079873E-01  0.5183970E+00  0.0000000E+00
  0.8134592E-01  0.5135979E+00  0.0000000E+00
  0.1213916E+00  0.5056324E+00  0.0000000E+00
  0.1606888E+00  0.4945494E+00  0.0000000E+00
  0.1989954E+00  0.4804174E+00  0.0000000E+00
  0.2360751E+00  0.4633234E+00  0.0000000E+00
  0.2716993E+00  0.4433729E+00  0.0000000E+00
  0.3056483E+00  0.4206888E+00  0.0000000E+00
  0.3377130E+00  0.3954111E+00  0.0000000E+00
  0.3676955E+00  0.3676955E+00  0.0000000E+00
  0.3954111E+00  0.3377130E+00  0.0000000E+00
  0.4206888E+00  0.3056483E+00  0.0000000E+00
  0.4433729E+00  0.2716993E+00  0.0000000E+00
  0.4633234E+00  0.2360751E+00  0.0000000E+00
  0.4804174E+00  0.1989954E+00  0.0000000E+00
  0.4945494E+00  0.1606888E+00  0.0000000E+00
  0.5056324E+00  0.1213916E+00  0.0000000E+00
  0.5135979E+00  0.8134592E-01  0.0000000E+00
  0.5183970E+00  0.4079873E-01  0.0000000E+00
  0.5200000E+00  0.0000000E+00  0.0000000E+00
  0.4869818E+00  0.0000000E+00  0.0000000E+00
  0.4539636E+00  0.0000000E+00  0.0000000E+00
  0.4415818E+00  0.0000000E+00  0.0000000E+00
  0.4408224E+00  0.1556119E-01  0.0000000E+00
  0.4532582E+00  0.2412566E-01  0.0000000E+00
  0.4525540E+00  0.4821248E-01  0.0000000E+00
  0.4493514E+00  0.7206748E-01  0.0000000E+00
  0.4461539E+00  0.9588470E-01  0.0000000E+00
  0.4404963E+00  0.1192110E+00  0.0000000E+00
  0.4348415E+00  0.1425256E+00  0.0000000E+00
  0.4265403E+00  0.1650006E+00  0.0000000E+00
  0.4182487E+00  0.1874496E+00  0.0000000E+00
  0.4076581E+00  0.2088931E+00  0.0000000E+00
  0.3970766E+00  0.2303184E+00  0.0000000E+00
  0.3843139E+00  0.2505036E+00  0.0000000E+00
  0.3715510E+00  0.2706891E+00  0.0000000E+00
  0.3565379E+00  0.2892481E+00  0.0000000E+00
  0.3415338E+00  0.3077960E+00  0.0000000E+00
  0.3246649E+00  0.3246649E+00  0.0000000E+00
  0.3077960E+00  0.3415338E+00  0.0000000E+00
  0.2892481E+00  0.3565379E+00  0.0000000E+00
  0.2706891E+00  0.3715510E+00  0.0000000E+00
  0.2505036E+00  0.3843139E+00  0.0000000E+00
  0.2303184E+00  0.3970766E+00  0.0000000E+00
  0.2088931E+00  0.4076581E+00  0.0000000E+00
  0.1874496E+00  0.4182487E+00  0.0000000E+00
  0.1650006E+00  0.4265403E+00  0.0000000E+00
  0.1425256E+00  0.4348415E+00  0.0000000E+00
  0.1192110E+00  0.4404963E+00  0.0000000E+00
  0.9588470E-01  0.4461539E+00  0.0000000E+00
  0.7206748E-01  0.4493514E+00  0.0000000E+00
  0.4821248E-01  0.4525540E+00  0.0000000E+00
  0.2412566E-01  0.4532582E+00  0.0000000E+00
  0.2459526E-01  0.4855929E+00  0.0000000E+00
  0.6468820E-01  0.4829083E+00  0.0000000E+00
  0.8871603E-01  0.4794087E+00  0.0000000E+00
  0.1279501E+00  0.4701002E+00  0.0000000E+00
  0.1516072E+00  0.4646954E+00  0.0000000E+00
  0.1743432E+00  0.4556178E+00  0.0000000E+00
  0.2115653E+00  0.4406035E+00  0.0000000E+00
  0.2331593E+00  0.4297694E+00  0.0000000E+00
  0.2674169E+00  0.4087052E+00  0.0000000E+00
  0.2881687E+00  0.3961199E+00  0.0000000E+00
  0.3067422E+00  0.3803736E+00  0.0000000E+00
  0.3374224E+00  0.3544734E+00  0.0000000E+00
  0.3544734E+00  0.3374224E+00  0.0000000E+00
  0.3803736E+00  0.3067422E+00  0.0000000E+00
  0.3961199E+00  0.2881687E+00  0.0000000E+00
  0.4087052E+00  0.2674169E+00  0.0000000E+00
  0.4297694E+00  0.2331593E+00  0.0000000E+00
  0.4406035E+00  0.2115653E+00  0.0000000E+00
  0.4556178E+00  0.1743432E+00  0.0000000E+00
  0.4646954E+00  0.1516072E+00  0.0000000E+00
  0.4701002E+00  0.1279501E+00  0.0000000E+00
  0.4794087E+00  0.8871603E-01  0.0000000E+00
  0.4829083E+00  0.6468820E-01  0.0000000E+00
  0.4855929E+00  0.2459526E-01  0.0000000E+00
  0.1556119E-01  0.4408224E+00  0.0000000E+00
  0.3922515E-01  0.4400655E+00  0.0000000E+00
  0.5472514E-01  0.4385243E+00  0.0000000E+00
  0.7804864E-01  0.4352265E+00  0.0000000E+00
  0.9355483E-01  0.4327495E+00  0.0000000E+00
  0.1085680E+00  0.4287566E+00  0.0000000E+00
  0.1315311E+00  0.4231238E+00  0.0000000E+00
  0.1463074E+00  0.4182728E+00  0.0000000E+00
  0.1683433E+00  0.4100319E+00  0.0000000E+00
  0.1828547E+00  0.4042762E+00  0.0000000E+00
  0.1967014E+00  0.3971786E+00  0.0000000E+00
  0.2178480E+00  0.3867574E+00  0.0000000E+00
  0.2311916E+00  0.3788437E+00  0.0000000E+00
  0.2510040E+00  0.3662103E+00  0.0000000E+00
  0.2639039E+00  0.3574771E+00  0.0000000E+00
  0.2759616E+00  0.3475779E+00  0.0000000E+00
  0.2943128E+00  0.3328748E+00  0.0000000E+00
  0.3056100E+00  0.3222192E+00  0.0000000E+00
  0.3222192E+00  0.3056100E+00  0.0000000E+00
  0.3328748E+00  0.2943128E+00  0.0000000E+00
  0.3475779E+00  0.2759616E+00  0.0000000E+00
  0.3574771E+00  0.2639039E+00  0.0000000E+00
  0.3662103E+00  0.2510040E+00  0.0000000E+00
  0.3788437E+00  0.2311916E+00  0.0000000E+00
  0.3867574E+00  0.2178480E+00  0.0000000E+00
  0.3971786E+00  0.1967014E+00  0.0000000E+00
  0.4042762E+00  0.1828547E+00  0.0000000E+00
  0.4100319E+00  0.1683433E+00  0.0000000E+00
  0.4182728E+00  0.1463074E+00  0.0000000E+00
  0.4231238E+00  0.1315311E+00  0.0000000E+00
  0.4287566E+00  0.1085680E+00  0.0000000E+00
  0.4327495E+00  0.9355483E-01  0.0000000E+00
  0.4352265E+00  0.7804864E-01  0.0000000E+00
  0.4385243E+00  0.5472514E-01  0.0000000E+00
  0.4400655E+00  0.3922515E-01  0.0000000E+00
  0.0000000E+00  0.5583333E+00  0.0000000E+00
  0.0000000E+00  0.5966667E+00  0.0000000E+00
  0.0000000E+00  0.6350000E+00  0.0000000E+00
  0.0000000E+00  0.6733333E+00  0.0000000E+00
  0.0000000E+00  0.7116667E+00  0.0000000E+00
  0.0000000E+00  0.7500000E+00  0.0000000E+00
  0.3925197E-01  0.7489722E+00  0.0000000E+00
  0.7839635E-01  0.7458914E+00  0.0000000E+00
  0.1173258E+00  0.7407663E+00  0.0000000E+00
  0.1559338E+00  0.7336107E+00  0.0000000E+00
  0.1941143E+00  0.7244444E+00  0.0000000E+00
  0.2317627E+00  0.7132924E+00  0.0000000E+00
  0.2687760E+00  0.7001853E+00  0.0000000E+00
  0.3050525E+00  0.6851591E+00  0.0000000E+00
  0.3404929E+00  0.6682549E+00  0.0000000E+00
  0.3750000E+00  0.6495191E+00  0.0000000E+00
  0.4084793E+00  0.6290029E+00  0.0000000E+00
  0.4408389E+00  0.6067627E+00  0.0000000E+00
  0.4719903E+00  0.5828595E+00  0.0000000E+00
  0.5018480E+00  0.5573586E+00  0.0000000E+00
  0.5303301E+00  0.5303301E+00  0.0000000E+00
  0.5573586E+00  0.5018480E+00  0.0000000E+00
  0.5828595E+00  0.4719903E+00  0.0000000E+00
  0.6067627E+00  0.4408389E+00  0.0000000E+00
  0.6290029E+00  0.4084793E+00  0.0000000E+00
  0.6495191E+00  0.3750000E+00  0.0000000E+00
  0.6682549E+00  0.3404929E+00  0.0000000E+00
  0.6851591E+00  0.3050525E+00  0.0000000E+00
  0.7001853E+00  0.2687760E+00  0.0000000E+00
  0.7132924E+00  0.2317627E+00  0.0000000E+00
  0.7244444E+00  0.1941143E+00  0.0000000E+00
  0.7336107E+00  0.1559338E+00  0.0000000E+00
  0.7407663E+00  0.1173258E+00  0.0000000E+00
  0.7458914E+00  0.7839635E-01  0.0000000E+00
  0.7489722E+00  0.3925197E-01  0.0000000E+00
  0.7500000E+00  0.0000000E+00  0.0000000E+00
  0.7116667E+00  0.0000000E+00  0.0000000E+00
  0.6733333E+00  0.0000000E+00  0.0000000E+00
  0.6350000E+00  0.0000000E+00  0.0000000E+00
  0.5966667E+00  0.0000000E+00  0.0000000E+00
  0.5583333E+00  0.0000000E+00  0.0000000E+00
  0.3833347E-01  0.7088121E+00  0.0000000E+00
  0.4244679E-01  0.5935172E+00  0.0000000E+00
  0.8488537E-01  0.5903683E+00  0.0000000E+00
  0.1264484E+00  0.5812729E+00  0.0000000E+00
  0.1680084E+00  0.5721781E+00  0.0000000E+00
  0.2078708E+00  0.5573189E+00  0.0000000E+00
  0.2477319E+00  0.5424601E+00  0.0000000E+00
  0.2850901E+00  0.5221042E+00  0.0000000E+00
  0.3224506E+00  0.5017469E+00  0.0000000E+00
  0.3565345E+00  0.4762775E+00  0.0000000E+00
  0.3906227E+00  0.4508049E+00  0.0000000E+00
  0.4207138E+00  0.4207138E+00  0.0000000E+00
  0.4508049E+00  0.3906227E+00  0.0000000E+00
  0.4762775E+00  0.3565345E+00  0.0000000E+00
  0.5017469E+00  0.3224506E+00  0.0000000E+00
  0.5221042E+00  0.2850901E+00  0.0000000E+00
  0.5424601E+00  0.2477319E+00  0.0000000E+00
  0.5573189E+00  0.2078708E+00  0.0000000E+00
  0.5721781E+00  0.1680084E+00  0.0000000E+00
  0.5812729E+00  0.1264484E+00  0.0000000E+00
  0.5903683E+00  0.8488537E-01  0.0000000E+00
  0.5935172E+00  0.4244679E-01  0.0000000E+00
  0.5545408E+00  0.4166656E-01  0.0000000E+00
  0.5518346E+00  0.8310880E-01  0.0000000E+00
  0.5423590E+00  0.1238945E+00  0.0000000E+00
  0.5330752E+00  0.1643214E+00  0.0000000E+00
  0.5180647E+00  0.2034110E+00  0.0000000E+00
  0.5024678E+00  0.2418410E+00  0.0000000E+00
  0.4821829E+00  0.2784710E+00  0.0000000E+00
  0.4606822E+00  0.3139384E+00  0.0000000E+00
  0.4354889E+00  0.3474075E+00  0.0000000E+00
  0.4086488E+00  0.3789932E+00  0.0000000E+00
  0.3789932E+00  0.4086488E+00  0.0000000E+00
  0.3474075E+00  0.4354889E+00  0.0000000E+00
  0.3139384E+00  0.4606822E+00  0.0000000E+00
  0.2784710E+00  0.4821829E+00  0.0000000E+00
  0.2418410E+00  0.5024678E+00  0.0000000E+00
  0.2034110E+00  0.5180647E+00  0.0000000E+00
  0.1643214E+00  0.5330752E+00  0.0000000E+00
  0.1238945E+00  0.5423590E+00  0.0000000E+00
  0.8310880E-01  0.5518346E+00  0.0000000E+00
  0.4166656E-01  0.5545408E+00  0.0000000E+00
  0.4056849E-01  0.6707400E+00  0.0000000E+00
  0.8112705E-01  0.6681473E+00  0.0000000E+00
  0.1211070E+00  0.6608606E+00  0.0000000E+00
  0.1610911E+00  0.6535732E+00  0.0000000E+00
  0.1999002E+00  0.6414928E+00  0.0000000E+00
  0.2387066E+00  0.6294133E+00  0.0000000E+00
  0.2757639E+00  0.6127264E+00  0.0000000E+00
  0.3128226E+00  0.5960389E+00  0.0000000E+00
  0.3475814E+00  0.5749723E+00  0.0000000E+00
  0.3823366E+00  0.5539078E+00  0.0000000E+00
  0.4143574E+00  0.5288846E+00  0.0000000E+00
  0.4463803E+00  0.5038596E+00  0.0000000E+00
  0.4751200E+00  0.4751200E+00  0.0000000E+00
  0.5038596E+00  0.4463803E+00  0.0000000E+00
  0.5288846E+00  0.4143574E+00  0.0000000E+00
  0.5539078E+00  0.3823366E+00  0.0000000E+00
  0.5749723E+00  0.3475814E+00  0.0000000E+00
  0.5960389E+00  0.3128226E+00  0.0000000E+00
  0.6127264E+00  0.2757639E+00  0.0000000E+00
  0.6294133E+00  0.2387066E+00  0.0000000E+00
  0.6414928E+00  0.1999002E+00  0.0000000E+00
  0.6535732E+00  0.1610911E+00  0.0000000E+00
  0.6608606E+00  0.1211070E+00  0.0000000E+00
  0.6681473E+00  0.8112705E-01  0.0000000E+00
  0.6707400E+00  0.4056849E-01  0.0000000E+00
  0.6315179E+00  0.3955444E-01  0.0000000E+00
  0.6289254E+00  0.8302227E-01  0.0000000E+00
  0.6211721E+00  0.1220252E+00  0.0000000E+00
  0.6122339E+00  0.1646043E+00  0.0000000E+00
  0.6001479E+00  0.2025572E+00  0.0000000E+00
  0.5850237E+00  0.2433140E+00  0.0000000E+00
  0.5687529E+00  0.2796740E+00  0.0000000E+00
  0.5477611E+00  0.3177522E+00  0.0000000E+00
  0.5275073E+00  0.3520262E+00  0.0000000E+00
  0.5010701E+00  0.3865830E+00  0.0000000E+00
  0.4772106E+00  0.4183736E+00  0.0000000E+00
  0.4486480E+00  0.4458238E+00  0.0000000E+00
  0.4183736E+00  0.4772106E+00  0.0000000E+00
  0.3865830E+00  0.5010701E+00  0.0000000E+00
  0.3520262E+00  0.5275073E+00  0.0000000E+00
  0.3177522E+00  0.5477611E+00  0.0000000E+00
  0.2796740E+00  0.5687529E+00  0.0000000E+00
  0.2433140E+00  0.5850237E+00  0.0000000E+00
  0.2025572E+00  0.6001479E+00  0.0000000E+00
  0.1646043E+00  0.6122339E+00  0.0000000E+00
  0.1220252E+00  0.6211721E+00  0.0000000E+00
  0.8302227E-01  0.6289254E+00  0.0000000E+00
  0.3955444E-01  0.6315179E+00  0.0000000E+00
  0.7088121E+00  0.3833347E-01  0.0000000E+00
  0.7067880E+00  0.7976982E-01  0.0000000E+00
  0.7002037E+00  0.1177587E+00  0.0000000E+00
  0.6931205E+00  0.1585428E+00  0.0000000E+00
  0.6828465E+00  0.1957331E+00  0.0000000E+00
  0.6706842E+00  0.2352900E+00  0.0000000E+00
  0.6567976E+00  0.2712980E+00  0.0000000E+00
  0.6397653E+00  0.3090102E+00  0.0000000E+00
  0.6224014E+00  0.3434724E+00  0.0000000E+00
  0.6007513E+00  0.3787421E+00  0.0000000E+00
  0.5800995E+00  0.4113268E+00  0.0000000E+00
  0.5542086E+00  0.4436690E+00  0.0000000E+00
  0.5305250E+00  0.4740269E+00  0.0000000E+00
  0.5006395E+00  0.5028761E+00  0.0000000E+00
  0.4740269E+00  0.5305250E+00  0.0000000E+00
  0.4436690E+00  0.5542086E+00  0.0000000E+00
  0.4113268E+00  0.5800995E+00  0.0000000E+00
  0.3787421E+00  0.6007513E+00  0.0000000E+00
  0.3434724E+00  0.6224014E+00  0.0000000E+00
  0.3090102E+00  0.6397653E+00  0.0000000E+00
  0.2712980E+00  0.6567976E+00  0.0000000E+00
  0.2352900E+00  0.6706842E+00  0.0000000E+00
  0.1957331E+00  0.6828465E+00  0.0000000E+00
  0.1585428E+00  0.6931205E+00  0.0000000E+00
  0.1177587E+00  0.7002037E+00  0.0000000E+00
  0.7976982E-01  0.7067880E+00  0.0000000E+00
  0.0000000E+00  0.7912419E+00  0.0000000E+00
  0.0000000E+00  0.8324838E+00  0.0000000E+00
  0.0000000E+00  0.8647574E+00  0.0000000E+00
  0.0000000E+00  0.8970309E+00  0.0000000E+00
  0.0000000E+00  0.9222863E+00  0.0000000E+00
  0.0000000E+00  0.9475417E+00  0.0000000E+00
  0.0000000E+00  0.9673051E+00  0.0000000E+00
  0.0000000E+00  0.9870686E+00  0.0000000E+00
  0.0000000E+00  0.1002534E+01  0.0000000E+00
  0.0000000E+00  0.1018000E+01  0.0000000E+00
  0.1508502E-01  0.1017888E+01  0.0000000E+00
  0.3016673E-01  0.1017553E+01  0.0000000E+00
  0.4524181E-01  0.1016994E+01  0.0000000E+00
  0.6030696E-01  0.1016212E+01  0.0000000E+00
  0.7535886E-01  0.1015207E+01  0.0000000E+00
  0.9039422E-01  0.1013979E+01  0.0000000E+00
  0.1054097E+00  0.1012528E+01  0.0000000E+00
  0.1204021E+00  0.1010855E+01  0.0000000E+00
  0.1353680E+00  0.1008960E+01  0.0000000E+00
  0.1503042E+00  0.1006843E+01  0.0000000E+00
  0.1652074E+00  0.1004505E+01  0.0000000E+00
  0.1800743E+00  0.1001947E+01  0.0000000E+00
  0.1949017E+00  0.9991683E+00  0.0000000E+00
  0.2096862E+00  0.9961705E+00  0.0000000E+00
  0.2244248E+00  0.9929539E+00  0.0000000E+00
  0.2391140E+00  0.9895193E+00  0.0000000E+00
  0.2537507E+00  0.9858674E+00  0.0000000E+00
  0.2683317E+00  0.9819990E+00  0.0000000E+00
  0.2828538E+00  0.9779150E+00  0.0000000E+00
  0.2973138E+00  0.9736162E+00  0.0000000E+00
  0.3117085E+00  0.9691036E+00  0.0000000E+00
  0.3260347E+00  0.9643782E+00  0.0000000E+00
  0.3402894E+00  0.9594411E+00  0.0000000E+00
  0.3544693E+00  0.9542932E+00  0.0000000E+00
  0.3685713E+00  0.9489358E+00  0.0000000E+00
  0.3825925E+00  0.9433700E+00  0.0000000E+00
  0.3965296E+00  0.9375971E+00  0.0000000E+00
  0.4103797E+00  0.9316182E+00  0.0000000E+00
  0.4241396E+00  0.9254348E+00  0.0000000E+00
  0.4378064E+00  0.9190482E+00  0.0000000E+00
  0.4513770E+00  0.9124597E+00  0.0000000E+00
  0.4648486E+00  0.9056709E+00  0.0000000E+00
  0.4782180E+00  0.8986832E+00  0.0000000E+00
  0.4914825E+00  0.8914982E+00  0.0000000E+00
  0.5046390E+00  0.8841174E+00  0.0000000E+00
  0.5176847E+00  0.8765424E+00  0.0000000E+00
  0.5306167E+00  0.8687750E+00  0.0000000E+00
  0.5434322E+00  0.8608167E+00  0.0000000E+00
  0.5561284E+00  0.8526695E+00  0.0000000E+00
  0.5687024E+00  0.8443350E+00  0.0000000E+00
  0.5811516E+00  0.8358151E+00  0.0000000E+00
  0.5934731E+00  0.8271116E+00  0.0000000E+00
  0.6056643E+00  0.8182266E+00  0.0000000E+00
  0.6177225E+00  0.8091618E+00  0.0000000E+00
  0.6296451E+00  0.7999194E+00  0.0000000E+00
  0.6414294E+00  0.7905013E+00  0.0000000E+00
  0.6530729E+00  0.7809096E+00  0.0000000E+00
  0.6645729E+00  0.7711464E+00  0.0000000E+00
  0.6759270E+00  0.7612139E+00  0.0000000E+00
  0.6871327E+00  0.7511143E+00  0.0000000E+00
  0.6981875E+00  0.7408497E+00  0.0000000E+00
  0.7090889E+00  0.7304224E+00  0.0000000E+00
  0.7198347E+00  0.7198347E+00  0.0000000E+00
  0.7304224E+00  0.7090889E+00  0.0000000E+00
  0.7408497E+00  0.6981875E+00  0.0000000E+00
  0.7511143E+00  0.6871327E+00  0.0000000E+00
  0.7612139E+00  0.6759270E+00  0.0000000E+00
  0.7711464E+00  0.6645729E+00  0.0000000E+00
  0.7809096E+00  0.6530729E+00  0.0000000E+00
  0.7905013E+00  0.6414294E+00  0.0000000E+00
  0.7999194E+00  0.6296451E+00  0.0000000E+00
  0.8091618E+00  0.6177225E+00  0.0000000E+00
  0.8182266E+00  0.6056643E+00  0.0000000E+00
  0.8271116E+00  0.5934731E+00  0.0000000E+00
  0.8358151E+00  0.5811516E+00  0.0000000E+00
  0.8443350E+00  0.5687024E+00  0.0000000E+00
  0.8526695E+00  0.5561284E+00  0.0000000E+00
  0.8608167E+00  0.5434322E+00  0.0000000E+00
  0.8687750E+00  0.5306167E+00  0.0000000E+00
  0.8765424E+00  0.5176847E+00  0.0000000E+00
  0.8841174E+00  0.5046390E+00  0.0000000E+00
  0.8914982E+00  0.4914825E+00  0.0000000E+00
  0.8986832E+00  0.4782180E+00  0.0000000E+00
  0.9056709E+00  0.4648486E+00  0.0000000E+00
  0.9124597E+00  0.4513770E+00  0.0000000E+00
  0.9190482E+00  0.4378064E+00  0.0000000E+00
  0.9254348E+00  0.4241396E+00  0.0000000E+00
  0.9316182E+00  0.4103797E+00  0.0000000E+00
  0.9375971E+00  0.3965296E+00  0.0000000E+00
  0.9433700E+00  0.3825925E+00  0.0000000E+00
  0.9489358E+00  0.3685713E+00  0.0000000E+00
  0.9542932E+00  0.3544693E+00  0.0000000E+00
  0.9594411E+00  0.3402894E+00  0.0000000E+00
  0.9643782E+00  0.3260347E+00  0.0000000E+00
  0.9691036E+00  0.3117085E+00  0.0000000E+00
  0.9736162E+00  0.2973138E+00  0.0000000E+00
  0.9779150E+00  0.2828538E+00  0.0000000E+00
  0.9819990E+00  0.2683317E+00  0.0000000E+00
  0.9858674E+00  0.2537507E+00  0.0000000E+00
  0.9895193E+00  0.2391140E+00  0.0000000E+00
  0.9929539E+00  0.2244248E+00  0.0000000E+00
  0.9961705E+00  0.2096862E+00  0.0000000E+00
  0.9991683E+00  0.1949017E+00  0.0000000E+00
  0.1001947E+01  0.1800743E+00  0.0000000E+00
  0.1004505E+01  0.1652074E+00  0.0000000E+00
  0.1006843E+01  0.1503042E+00  0.0000000E+00
  0.1008960E+01  0.1353680E+00  0.0000000E+00
  0.1010855E+01  0.1204021E+00  0.0000000E+00
  0.1012528E+01  0.1054097E+00  0.0000000E+00
  0.1013979E+01  0.9039422E-01  0.0000000E+00
  0.1015207E+01  0.7535886E-01  0.0000000E+00
  0.1016212E+01  0.6030696E-01  0.0000000E+00
  0.1016994E+01  0.4524181E-01  0.0000000E+00
  0.1017553E+01  0.3016673E-01  0.0000000E+00
  0.1017888E+01  0.1508502E-01  0.0000000E+00
  0.1018000E+01  0.0000000E+00  0.0000000E+00
  0.1002534E+01  0.0000000E+00  0.0000000E+00
  0.9870686E+00  0.0000000E+00  0.0000000E+00
  0.9673051E+00  0.0000000E+00  0.0000000E+00
  0.9475417E+00  0.0000000E+00  0.0000000E+00
  0.9222863E+00  0.0000000E+00  0.0000000E+00
  0.8970309E+00  0.0000000E+00  0.0000000E+00
  0.8647574E+00  0.0000000E+00  0.0000000E+00
  0.8324838E+00  0.0000000E+00  0.0000000E+00
  0.7912419E+00  0.0000000E+00  0.0000000E+00
  0.1489522E-01  0.1002121E+01  0.0000000E+00
  0.3392179E-01  0.8302494E+00  0.0000000E+00
  0.6786451E-01  0.8280136E+00  0.0000000E+00
  0.1015627E+00  0.8231952E+00  0.0000000E+00
  0.1352888E+00  0.8183728E+00  0.0000000E+00
  0.1685293E+00  0.8107762E+00  0.0000000E+00
  0.2017938E+00  0.8031742E+00  0.0000000E+00
  0.2343624E+00  0.7929346E+00  0.0000000E+00
  0.2669489E+00  0.7826895E+00  0.0000000E+00
  0.2986502E+00  0.7699115E+00  0.0000000E+00
  0.3303725E+00  0.7571250E+00  0.0000000E+00
  0.3609283E+00  0.7417258E+00  0.0000000E+00
  0.3914921E+00  0.7263226E+00  0.0000000E+00
  0.4208121E+00  0.7086426E+00  0.0000000E+00
  0.4501454E+00  0.6909545E+00  0.0000000E+00
  0.4778835E+00  0.6708376E+00  0.0000000E+00
  0.5056229E+00  0.6507199E+00  0.0000000E+00
  0.5317340E+00  0.6285253E+00  0.0000000E+00
  0.5578492E+00  0.6063274E+00  0.0000000E+00
  0.5820883E+00  0.5820883E+00  0.0000000E+00
  0.6063274E+00  0.5578492E+00  0.0000000E+00
  0.6285253E+00  0.5317340E+00  0.0000000E+00
  0.6507199E+00  0.5056229E+00  0.0000000E+00
  0.6708376E+00  0.4778835E+00  0.0000000E+00
  0.6909545E+00  0.4501454E+00  0.0000000E+00
  0.7086426E+00  0.4208121E+00  0.0000000E+00
  0.7263226E+00  0.3914921E+00  0.0000000E+00
  0.7417258E+00  0.3609283E+00  0.0000000E+00
  0.7571250E+00  0.3303725E+00  0.0000000E+00
  0.7699115E+00  0.2986502E+00  0.0000000E+00
  0.7826895E+00  0.2669489E+00  0.0000000E+00
  0.7929346E+00  0.2343624E+00  0.0000000E+00
  0.8031742E+00  0.2017938E+00  0.0000000E+00
  0.8107762E+00  0.1685293E+00  0.0000000E+00
  0.8183728E+00  0.1352888E+00  0.0000000E+00
  0.8231952E+00  0.1015627E+00  0.0000000E+00
  0.8280136E+00  0.6786451E-01  0.0000000E+00
  0.8302494E+00  0.3392179E-01  0.0000000E+00
  0.7888757E+00  0.3381823E-01  0.0000000E+00
  0.7866752E+00  0.7316600E-01  0.0000000E+00
  0.7819375E+00  0.1066898E+00  0.0000000E+00
  0.7755137E+00  0.1457277E+00  0.0000000E+00
  0.7682599E+00  0.1787764E+00  0.0000000E+00
  0.7575747E+00  0.2169979E+00  0.0000000E+00
  0.7479041E+00  0.2493118E+00  0.0000000E+00
  0.7331809E+00  0.2862911E+00  0.0000000E+00
  0.7210774E+00  0.3176897E+00  0.0000000E+00
  0.7055533E+00  0.3478784E+00  0.0000000E+00
  0.6876317E+00  0.3831840E+00  0.0000000E+00
  0.6700341E+00  0.4122052E+00  0.0000000E+00
  0.6483519E+00  0.4454361E+00  0.0000000E+00
  0.6286008E+00  0.4730239E+00  0.0000000E+00
  0.6034132E+00  0.5037101E+00  0.0000000E+00
  0.5817761E+00  0.5297721E+00  0.0000000E+00
  0.5576005E+00  0.5533574E+00  0.0000000E+00
  0.5297721E+00  0.5817761E+00  0.0000000E+00
  0.5037101E+00  0.6034132E+00  0.0000000E+00
  0.4730239E+00  0.6286008E+00  0.0000000E+00
  0.4454361E+00  0.6483519E+00  0.0000000E+00
  0.4122052E+00  0.6700341E+00  0.0000000E+00
  0.3831840E+00  0.6876317E+00  0.0000000E+00
  0.3478784E+00  0.7055533E+00  0.0000000E+00
  0.3176897E+00  0.7210774E+00  0.0000000E+00
  0.2862911E+00  0.7331809E+00  0.0000000E+00
  0.2493118E+00  0.7479041E+00  0.0000000E+00
  0.2169979E+00  0.7575747E+00  0.0000000E+00
  0.1787764E+00  0.7682599E+00  0.0000000E+00
  0.1457277E+00  0.7755137E+00  0.0000000E+00
  0.1066898E+00  0.7819375E+00  0.0000000E+00
  0.7316600E-01  0.7866752E+00  0.0000000E+00
  0.3381823E-01  0.7888757E+00  0.0000000E+00
  0.2769786E-01  0.8953357E+00  0.0000000E+00
  0.5540951E-01  0.8936396E+00  0.0000000E+00
  0.8299631E-01  0.8902846E+00  0.0000000E+00
  0.1106017E+00  0.8869273E+00  0.0000000E+00
  0.1379745E+00  0.8819228E+00  0.0000000E+00
  0.1653741E+00  0.8769135E+00  0.0000000E+00
  0.1924384E+00  0.8702745E+00  0.0000000E+00
  0.2195260E+00  0.8636299E+00  0.0000000E+00
  0.2461817E+00  0.8553692E+00  0.0000000E+00
  0.2728533E+00  0.8471036E+00  0.0000000E+00
  0.2989606E+00  0.8371402E+00  0.0000000E+00
  0.3250744E+00  0.8271743E+00  0.0000000E+00
  0.3505647E+00  0.8156657E+00  0.0000000E+00
  0.3760630E+00  0.8041535E+00  0.0000000E+00
  0.4008416E+00  0.7911412E+00  0.0000000E+00
  0.4256327E+00  0.7781222E+00  0.0000000E+00
  0.4496079E+00  0.7636449E+00  0.0000000E+00
  0.4735946E+00  0.7491607E+00  0.0000000E+00
  0.4966815E+00  0.7332725E+00  0.0000000E+00
  0.5197756E+00  0.7173792E+00  0.0000000E+00
  0.5418157E+00  0.7000423E+00  0.0000000E+00
  0.5638552E+00  0.6827059E+00  0.0000000E+00
  0.5848322E+00  0.6640888E+00  0.0000000E+00
  0.6058077E+00  0.6454730E+00  0.0000000E+00
  0.6256403E+00  0.6256403E+00  0.0000000E+00
  0.6454730E+00  0.6058077E+00  0.0000000E+00
  0.6640888E+00  0.5848322E+00  0.0000000E+00
  0.6827059E+00  0.5638552E+00  0.0000000E+00
  0.7000423E+00  0.5418157E+00  0.0000000E+00
  0.7173792E+00  0.5197756E+00  0.0000000E+00
  0.7332725E+00  0.4966815E+00  0.0000000E+00
  0.7491607E+00  0.4735946E+00  0.0000000E+00
  0.7636449E+00  0.4496079E+00  0.0000000E+00
  0.7781222E+00  0.4256327E+00  0.0000000E+00
  0.7911412E+00  0.4008416E+00  0.0000000E+00
  0.8041535E+00  0.3760630E+00  0.0000000E+00
  0.8156657E+00  0.3505647E+00  0.0000000E+00
  0.8271743E+00  0.3250744E+00  0.0000000E+00
  0.8371402E+00  0.2989606E+00  0.0000000E+00
  0.8471036E+00  0.2728533E+00  0.0000000E+00
  0.8553692E+00  0.2461817E+00  0.0000000E+00
  0.8636299E+00  0.2195260E+00  0.0000000E+00
  0.8702745E+00  0.1924384E+00  0.0000000E+00
  0.8769135E+00  0.1653741E+00  0.0000000E+00
  0.8819228E+00  0.1379745E+00  0.0000000E+00
  0.8869273E+00  0.1106017E+00  0.0000000E+00
  0.8902846E+00  0.8299631E-01  0.0000000E+00
  0.8936396E+00  0.5540951E-01  0.0000000E+00
  0.8953357E+00  0.2769786E-01  0.0000000E+00
  0.8626745E+00  0.2735388E-01  0.0000000E+00
  0.8605885E+00  0.6168220E-01  0.0000000E+00
  0.8571861E+00  0.8902679E-01  0.0000000E+00
  0.8522469E+00  0.1230904E+00  0.0000000E+00
  0.8474612E+00  0.1502379E+00  0.0000000E+00
  0.8395258E+00  0.1838398E+00  0.0000000E+00
  0.8333692E+00  0.2106502E+00  0.0000000E+00
  0.8248188E+00  0.2368058E+00  0.0000000E+00
  0.8146693E+00  0.2698803E+00  0.0000000E+00
  0.8046689E+00  0.2956681E+00  0.0000000E+00
  0.7917174E+00  0.3277561E+00  0.0000000E+00
  0.7804425E+00  0.3530267E+00  0.0000000E+00
  0.7647385E+00  0.3838766E+00  0.0000000E+00
  0.7521714E+00  0.4085288E+00  0.0000000E+00
  0.7375797E+00  0.4319610E+00  0.0000000E+00
  0.7198959E+00  0.4618049E+00  0.0000000E+00
  0.7039706E+00  0.4844433E+00  0.0000000E+00
  0.6836600E+00  0.5126165E+00  0.0000000E+00
  0.6665532E+00  0.5344484E+00  0.0000000E+00
  0.6439727E+00  0.5608094E+00  0.0000000E+00
  0.6258296E+00  0.5817419E+00  0.0000000E+00
  0.6060714E+00  0.6010101E+00  0.0000000E+00
  0.5817419E+00  0.6258296E+00  0.0000000E+00
  0.5608094E+00  0.6439727E+00  0.0000000E+00
  0.5344484E+00  0.6665532E+00  0.0000000E+00
  0.5126165E+00  0.6836600E+00  0.0000000E+00
  0.4844433E+00  0.7039706E+00  0.0000000E+00
  0.4618049E+00  0.7198959E+00  0.0000000E+00
  0.4319610E+00  0.7375797E+00  0.0000000E+00
  0.4085288E+00  0.7521714E+00  0.0000000E+00
  0.3838766E+00  0.7647385E+00  0.0000000E+00
  0.3530267E+00  0.7804425E+00  0.0000000E+00
  0.3277561E+00  0.7917174E+00  0.0000000E+00
  0.2956681E+00  0.8046689E+00  0.0000000E+00
  0.2698803E+00  0.8146693E+00  0.0000000E+00
  0.2368058E+00  0.8248188E+00  0.0000000E+00
  0.2106502E+00  0.8333692E+00  0.0000000E+00
  0.1838398E+00  0.8395258E+00  0.0000000E+00
  0.1502379E+00  0.8474612E+00  0.0000000E+00
  0.1230904E+00  0.8522469E+00  0.0000000E+00
  0.8902679E-01  0.8571861E+00  0.0000000E+00
  0.6168220E-01  0.8605885E+00  0.0000000E+00
  0.2735388E-01  0.8626745E+00  0.0000000E+00
  0.2291451E-01  0.9464001E+00  0.0000000E+00
  0.4583747E-01  0.9452580E+00  0.0000000E+00
  0.6869551E-01  0.9430291E+00  0.0000000E+00
  0.9156503E-01  0.9407992E+00  0.0000000E+00
  0.1143152E+00  0.9374871E+00  0.0000000E+00
  0.1370776E+00  0.9341732E+00  0.0000000E+00
  0.1596647E+00  0.9297679E+00  0.0000000E+00
  0.1822641E+00  0.9253602E+00  0.0000000E+00
  0.2046367E+00  0.9198834E+00  0.0000000E+00
  0.2270223E+00  0.9144034E+00  0.0000000E+00
  0.2491301E+00  0.9078709E+00  0.0000000E+00
  0.2712507E+00  0.9013345E+00  0.0000000E+00
  0.2930393E+00  0.8937482E+00  0.0000000E+00
  0.3148392E+00  0.8861578E+00  0.0000000E+00
  0.3362584E+00  0.8775386E+00  0.0000000E+00
  0.3576877E+00  0.8689153E+00  0.0000000E+00
  0.3786913E+00  0.8592900E+00  0.0000000E+00
  0.3997030E+00  0.8496609E+00  0.0000000E+00
  0.4202393E+00  0.8390431E+00  0.0000000E+00
  0.4407807E+00  0.8284226E+00  0.0000000E+00
  0.4607990E+00  0.8168328E+00  0.0000000E+00
  0.4808203E+00  0.8052413E+00  0.0000000E+00
  0.5002798E+00  0.7927172E+00  0.0000000E+00
  0.5197412E+00  0.7801919E+00  0.0000000E+00
  0.5385948E+00  0.7667580E+00  0.0000000E+00
  0.5574490E+00  0.7533238E+00  0.0000000E+00
  0.5756451E+00  0.7390011E+00  0.0000000E+00
  0.5938409E+00  0.7246786E+00  0.0000000E+00
  0.6113467E+00  0.7095138E+00  0.0000000E+00
  0.6288525E+00  0.6943490E+00  0.0000000E+00
  0.6456279E+00  0.6783765E+00  0.0000000E+00
  0.6624037E+00  0.6624037E+00  0.0000000E+00
  0.6783765E+00  0.6456279E+00  0.0000000E+00
  0.6943490E+00  0.6288525E+00  0.0000000E+00
  0.7095138E+00  0.6113467E+00  0.0000000E+00
  0.7246786E+00  0.5938409E+00  0.0000000E+00
  0.7390011E+00  0.5756451E+00  0.0000000E+00
  0.7533238E+00  0.5574490E+00  0.0000000E+00
  0.7667580E+00  0.5385948E+00  0.0000000E+00
  0.7801919E+00  0.5197412E+00  0.0000000E+00
  0.7927172E+00  0.5002798E+00  0.0000000E+00
  0.8052413E+00  0.4808203E+00  0.0000000E+00
  0.8168328E+00  0.4607990E+00  0.0000000E+00
  0.8284226E+00  0.4407807E+00  0.0000000E+00
  0.8390431E+00  0.4202393E+00  0.0000000E+00
  0.8496609E+00  0.3997030E+00  0.0000000E+00
  0.8592900E+00  0.3786913E+00  0.0000000E+00
  0.8689153E+00  0.3576877E+00  0.0000000E+00
  0.8775386E+00  0.3362584E+00  0.0000000E+00
  0.8861578E+00  0.3148392E+00  0.0000000E+00
  0.8937482E+00  0.2930393E+00  0.0000000E+00
  0.9013345E+00  0.2712507E+00  0.0000000E+00
  0.9078709E+00  0.2491301E+00  0.0000000E+00
  0.9144034E+00  0.2270223E+00  0.0000000E+00
  0.9198834E+00  0.2046367E+00  0.0000000E+00
  0.9253602E+00  0.1822641E+00  0.0000000E+00
  0.9297679E+00  0.1596647E+00  0.0000000E+00
  0.9341732E+00  0.1370776E+00  0.0000000E+00
  0.9374871E+00  0.1143152E+00  0.0000000E+00
  0.9407992E+00  0.9156503E-01  0.0000000E+00
  0.9430291E+00  0.6869551E-01  0.0000000E+00
  0.9452580E+00  0.4583747E-01  0.0000000E+00
  0.9464001E+00  0.2291451E-01  0.0000000E+00
  0.9208244E+00  0.2261453E-01  0.0000000E+00
  0.9193256E+00  0.5064633E-01  0.0000000E+00
  0.9169557E+00  0.7328513E-01  0.0000000E+00
  0.9136417E+00  0.1011616E+00  0.0000000E+00
  0.9103627E+00  0.1237345E+00  0.0000000E+00
  0.9052561E+00  0.1513678E+00  0.0000000E+00
  0.9010640E+00  0.1737937E+00  0.0000000E+00
  0.8941564E+00  0.2010995E+00  0.0000000E+00
  0.8889645E+00  0.2232664E+00  0.0000000E+00
  0.8822879E+00  0.2451217E+00  0.0000000E+00
  0.8740495E+00  0.2720570E+00  0.0000000E+00
  0.8664534E+00  0.2936557E+00  0.0000000E+00
  0.8564377E+00  0.3199964E+00  0.0000000E+00
  0.8479353E+00  0.3412955E+00  0.0000000E+00
  0.8362469E+00  0.3669570E+00  0.0000000E+00
  0.8268917E+00  0.3878750E+00  0.0000000E+00
  0.8161562E+00  0.4080704E+00  0.0000000E+00
  0.8031728E+00  0.4331767E+00  0.0000000E+00
  0.7915520E+00  0.4529625E+00  0.0000000E+00
  0.7769846E+00  0.4771796E+00  0.0000000E+00
  0.7645628E+00  0.4964990E+00  0.0000000E+00
  0.7484610E+00  0.5197585E+00  0.0000000E+00
  0.7352817E+00  0.5385392E+00  0.0000000E+00
  0.7176275E+00  0.5606872E+00  0.0000000E+00
  0.7036620E+00  0.5788264E+00  0.0000000E+00
  0.6884612E+00  0.5959838E+00  0.0000000E+00
  0.6697547E+00  0.6172564E+00  0.0000000E+00
  0.6538523E+00  0.6338182E+00  0.0000000E+00
  0.6338182E+00  0.6538523E+00  0.0000000E+00
  0.6172564E+00  0.6697547E+00  0.0000000E+00
  0.5959838E+00  0.6884612E+00  0.0000000E+00
  0.5788264E+00  0.7036620E+00  0.0000000E+00
  0.5606872E+00  0.7176275E+00  0.0000000E+00
  0.5385392E+00  0.7352817E+00  0.0000000E+00
  0.5197585E+00  0.7484610E+00  0.0000000E+00
  0.4964990E+00  0.7645628E+00  0.0000000E+00
  0.4771796E+00  0.7769846E+00  0.0000000E+00
  0.4529625E+00  0.7915520E+00  0.0000000E+00
  0.4331767E+00  0.8031728E+00  0.0000000E+00
  0.4080704E+00  0.8161562E+00  0.0000000E+00
  0.3878750E+00  0.8268917E+00  0.0000000E+00
  0.3669570E+00  0.8362469E+00  0.0000000E+00
  0.3412955E+00  0.8479353E+00  0.0000000E+00
  0.3199964E+00  0.8564377E+00  0.0000000E+00
  0.2936557E+00  0.8664534E+00  0.0000000E+00
  0.2720570E+00  0.8740495E+00  0.0000000E+00
  0.2451217E+00  0.8822879E+00  0.0000000E+00
  0.2232664E+00  0.8889645E+00  0.0000000E+00
  0.2010995E+00  0.8941564E+00  0.0000000E+00
  0.1737937E+00  0.9010640E+00  0.0000000E+00
  0.1513678E+00  0.9052561E+00  0.0000000E+00
  0.1237345E+00  0.9103627E+00  0.0000000E+00
  0.1011616E+00  0.9136417E+00  0.0000000E+00
  0.7328513E-01  0.9169557E+00  0.0000000E+00
  0.5064633E-01  0.9193256E+00  0.0000000E+00
  0.2261453E-01  0.9208244E+00  0.0000000E+00
  0.1874289E-01  0.9864073E+00  0.0000000E+00
  0.3749002E-01  0.9857459E+00  0.0000000E+00
  0.5620419E-01  0.9844079E+00  0.0000000E+00
  0.7492489E-01  0.9830695E+00  0.0000000E+00
  0.9358725E-01  0.9810342E+00  0.0000000E+00
  0.1122535E+00  0.9789984E+00  0.0000000E+00
  0.1308355E+00  0.9762600E+00  0.0000000E+00
  0.1494215E+00  0.9735210E+00  0.0000000E+00
  0.1678925E+00  0.9700670E+00  0.0000000E+00
  0.1863680E+00  0.9666122E+00  0.0000000E+00
  0.2047029E+00  0.9624635E+00  0.0000000E+00
  0.2230429E+00  0.9583137E+00  0.0000000E+00
  0.2412251E+00  0.9535051E+00  0.0000000E+00
  0.2594102E+00  0.9486957E+00  0.0000000E+00
  0.2773984E+00  0.9431772E+00  0.0000000E+00
  0.2953892E+00  0.9376579E+00  0.0000000E+00
  0.3131609E+00  0.9314619E+00  0.0000000E+00
  0.3309368E+00  0.9252645E+00  0.0000000E+00
  0.3484755E+00  0.9184185E+00  0.0000000E+00
  0.3660171E+00  0.9115715E+00  0.0000000E+00
  0.3832949E+00  0.9040744E+00  0.0000000E+00
  0.4005745E+00  0.8965765E+00  0.0000000E+00
  0.4175571E+00  0.8884199E+00  0.0000000E+00
  0.4345418E+00  0.8802623E+00  0.0000000E+00
  0.4512025E+00  0.8714590E+00  0.0000000E+00
  0.4678659E+00  0.8626543E+00  0.0000000E+00
  0.4842023E+00  0.8532538E+00  0.0000000E+00
  0.5005400E+00  0.8438525E+00  0.0000000E+00
  0.5165191E+00  0.8338476E+00  0.0000000E+00
  0.5324990E+00  0.8238422E+00  0.0000000E+00
  0.5480725E+00  0.8132123E+00  0.0000000E+00
  0.5636474E+00  0.8025814E+00  0.0000000E+00
  0.5788278E+00  0.7913944E+00  0.0000000E+00
  0.5940097E+00  0.7802063E+00  0.0000000E+00
  0.6087606E+00  0.7684538E+00  0.0000000E+00
  0.6235113E+00  0.7567013E+00  0.0000000E+00
  0.6378189E+00  0.7444101E+00  0.0000000E+00
  0.6521268E+00  0.7321187E+00  0.0000000E+00
  0.6659422E+00  0.7192767E+00  0.0000000E+00
  0.6797584E+00  0.7064339E+00  0.0000000E+00
  0.6930961E+00  0.6930961E+00  0.0000000E+00
  0.7064339E+00  0.6797584E+00  0.0000000E+00
  0.7192767E+00  0.6659422E+00  0.0000000E+00
  0.7321187E+00  0.6521268E+00  0.0000000E+00
  0.7444101E+00  0.6378189E+00  0.0000000E+00
  0.7567013E+00  0.6235113E+00  0.0000000E+00
  0.7684538E+00  0.6087606E+00  0.0000000E+00
  0.7802063E+00  0.5940097E+00  0.0000000E+00
  0.7913944E+00  0.5788278E+00  0.0000000E+00
  0.8025814E+00  0.5636474E+00  0.0000000E+00
  0.8132123E+00  0.5480725E+00  0.0000000E+00
  0.8238422E+00  0.5324990E+00  0.0000000E+00
  0.8338476E+00  0.5165191E+00  0.0000000E+00
  0.8438525E+00  0.5005400E+00  0.0000000E+00
  0.8532538E+00  0.4842023E+00  0.0000000E+00
  0.8626543E+00  0.4678659E+00  0.0000000E+00
  0.8714590E+00  0.4512025E+00  0.0000000E+00
  0.8802623E+00  0.4345418E+00  0.0000000E+00
  0.8884199E+00  0.4175571E+00  0.0000000E+00
  0.8965765E+00  0.4005745E+00  0.0000000E+00
  0.9040744E+00  0.3832949E+00  0.0000000E+00
  0.9115715E+00  0.3660171E+00  0.0000000E+00
  0.9184185E+00  0.3484755E+00  0.0000000E+00
  0.9252645E+00  0.3309368E+00  0.0000000E+00
  0.9314619E+00  0.3131609E+00  0.0000000E+00
  0.9376579E+00  0.2953892E+00  0.0000000E+00
  0.9431772E+00  0.2773984E+00  0.0000000E+00
  0.9486957E+00  0.2594102E+00  0.0000000E+00
  0.9535051E+00  0.2412251E+00  0.0000000E+00
  0.9583137E+00  0.2230429E+00  0.0000000E+00
  0.9624635E+00  0.2047029E+00  0.0000000E+00
  0.9666122E+00  0.1863680E+00  0.0000000E+00
  0.9700670E+00  0.1678925E+00  0.0000000E+00
  0.9735210E+00  0.1494215E+00  0.0000000E+00
  0.9762600E+00  0.1308355E+00  0.0000000E+00
  0.9789984E+00  0.1122535E+00  0.0000000E+00
  0.9810342E+00  0.9358725E-01  0.0000000E+00
  0.9830695E+00  0.7492489E-01  0.0000000E+00
  0.9844079E+00  0.5620419E-01  0.0000000E+00
  0.9857459E+00  0.3749002E-01  0.0000000E+00
  0.9864073E+00  0.1874289E-01  0.0000000E+00
  0.9664071E+00  0.1851267E-01  0.0000000E+00
  0.9654469E+00  0.4167508E-01  0.0000000E+00
  0.9639707E+00  0.6023269E-01  0.0000000E+00
  0.9618267E+00  0.8328731E-01  0.0000000E+00
  0.9597549E+00  0.1018313E+00  0.0000000E+00
  0.9564388E+00  0.1247470E+00  0.0000000E+00
  0.9537880E+00  0.1432310E+00  0.0000000E+00
  0.9492573E+00  0.1659678E+00  0.0000000E+00
  0.9459601E+00  0.1843134E+00  0.0000000E+00
  0.9416747E+00  0.2024527E+00  0.0000000E+00
  0.9362719E+00  0.2250405E+00  0.0000000E+00
  0.9313996E+00  0.2430746E+00  0.0000000E+00
  0.9248622E+00  0.2653687E+00  0.0000000E+00
  0.9193994E+00  0.2832556E+00  0.0000000E+00
  0.9117395E+00  0.3051778E+00  0.0000000E+00
  0.9057011E+00  0.3228838E+00  0.0000000E+00
  0.8987406E+00  0.3401783E+00  0.0000000E+00
  0.8901838E+00  0.3618408E+00  0.0000000E+00
  0.8826207E+00  0.3789371E+00  0.0000000E+00
  0.8729861E+00  0.4001363E+00  0.0000000E+00
  0.8648577E+00  0.4170042E+00  0.0000000E+00
  0.8541683E+00  0.4376822E+00  0.0000000E+00
  0.8454907E+00  0.4542855E+00  0.0000000E+00
  0.8337486E+00  0.4743881E+00  0.0000000E+00
  0.8245239E+00  0.4906684E+00  0.0000000E+00
  0.8144565E+00  0.5064228E+00  0.0000000E+00
  0.8019174E+00  0.5260910E+00  0.0000000E+00
  0.7913081E+00  0.5415401E+00  0.0000000E+00
  0.7778022E+00  0.5605293E+00  0.0000000E+00
  0.7667049E+00  0.5756475E+00  0.0000000E+00
  0.7522408E+00  0.5939247E+00  0.0000000E+00
  0.7406757E+00  0.6086630E+00  0.0000000E+00
  0.7283663E+00  0.6227299E+00  0.0000000E+00
  0.7131763E+00  0.6404542E+00  0.0000000E+00
  0.7003480E+00  0.6541222E+00  0.0000000E+00
  0.6843030E+00  0.6710354E+00  0.0000000E+00
  0.6710354E+00  0.6843030E+00  0.0000000E+00
  0.6541222E+00  0.7003480E+00  0.0000000E+00
  0.6404542E+00  0.7131763E+00  0.0000000E+00
  0.6227299E+00  0.7283663E+00  0.0000000E+00
  0.6086630E+00  0.7406757E+00  0.0000000E+00
  0.5939247E+00  0.7522408E+00  0.0000000E+00
  0.5756475E+00  0.7667049E+00  0.0000000E+00
  0.5605293E+00  0.7778022E+00  0.0000000E+00
  0.5415401E+00  0.7913081E+00  0.0000000E+00
  0.5260910E+00  0.8019174E+00  0.0000000E+00
  0.5064228E+00  0.8144565E+00  0.0000000E+00
  0.4906684E+00  0.8245239E+00  0.0000000E+00
  0.4743881E+00  0.8337486E+00  0.0000000E+00
  0.4542855E+00  0.8454907E+00  0.0000000E+00
  0.4376822E+00  0.8541683E+00  0.0000000E+00
  0.4170042E+00  0.8648577E+00  0.0000000E+00
  0.4001363E+00  0.8729861E+00  0.0000000E+00
  0.3789371E+00  0.8826207E+00  0.0000000E+00
  0.3618408E+00  0.8901838E+00  0.0000000E+00
  0.3401783E+00  0.8987406E+00  0.0000000E+00
  0.3228838E+00  0.9057011E+00  0.0000000E+00
  0.3051778E+00  0.9117395E+00  0.0000000E+00
  0.2832556E+00  0.9193994E+00  0.0000000E+00
  0.2653687E+00  0.9248622E+00  0.0000000E+00
  0.2430746E+00  0.9313996E+00  0.0000000E+00
  0.2250405E+00  0.9362719E+00  0.0000000E+00
  0.2024527E+00  0.9416747E+00  0.0000000E+00
  0.1843134E+00  0.9459601E+00  0.0000000E+00
  0.1659678E+00  0.9492573E+00  0.0000000E+00
  0.1432310E+00  0.9537880E+00  0.0000000E+00
  0.1247470E+00  0.9564388E+00  0.0000000E+00
  0.1018313E+00  0.9597549E+00  0.0000000E+00
  0.8328731E-01  0.9618267E+00  0.0000000E+00
  0.6023269E-01  0.9639707E+00  0.0000000E+00
  0.4167508E-01  0.9654469E+00  0.0000000E+00
  0.1851267E-01  0.9664071E+00  0.0000000E+00
  0.1002121E+01  0.1489522E-01  0.0000000E+00
  0.1001625E+01  0.3383410E-01  0.0000000E+00
  0.1000822E+01  0.4878082E-01  0.0000000E+00
  0.9995866E+00  0.6763982E-01  0.0000000E+00
  0.9984170E+00  0.8260597E-01  0.0000000E+00
  0.9964142E+00  0.1013703E+00  0.0000000E+00
  0.9948921E+00  0.1163190E+00  0.0000000E+00
  0.9927647E+00  0.1310657E+00  0.0000000E+00
  0.9901644E+00  0.1498624E+00  0.0000000E+00
  0.9875926E+00  0.1645956E+00  0.0000000E+00
  0.9842343E+00  0.1832292E+00  0.0000000E+00
  0.9812780E+00  0.1979377E+00  0.0000000E+00
  0.9771746E+00  0.2163884E+00  0.0000000E+00
  0.9738581E+00  0.2310483E+00  0.0000000E+00
  0.9690137E+00  0.2493087E+00  0.0000000E+00
  0.9653418E+00  0.2638695E+00  0.0000000E+00
  0.9610413E+00  0.2781877E+00  0.0000000E+00
  0.9556000E+00  0.2963495E+00  0.0000000E+00
  0.9509141E+00  0.3105927E+00  0.0000000E+00
  0.9447570E+00  0.3284938E+00  0.0000000E+00
  0.9397077E+00  0.3426454E+00  0.0000000E+00
  0.9328440E+00  0.3602670E+00  0.0000000E+00
  0.9274542E+00  0.3742961E+00  0.0000000E+00
  0.9215112E+00  0.3880132E+00  0.0000000E+00
  0.9140696E+00  0.4054693E+00  0.0000000E+00
  0.9077290E+00  0.4190523E+00  0.0000000E+00
  0.8995938E+00  0.4361689E+00  0.0000000E+00
  0.8928945E+00  0.4496091E+00  0.0000000E+00
  0.8840785E+00  0.4663631E+00  0.0000000E+00
  0.8770412E+00  0.4796455E+00  0.0000000E+00
  0.8675578E+00  0.4960336E+00  0.0000000E+00
  0.8601844E+00  0.5091055E+00  0.0000000E+00
  0.8522779E+00  0.5218426E+00  0.0000000E+00
  0.8422741E+00  0.5379493E+00  0.0000000E+00
  0.8340280E+00  0.5504937E+00  0.0000000E+00
  0.8233749E+00  0.5661648E+00  0.0000000E+00
  0.8148047E+00  0.5785094E+00  0.0000000E+00
  0.8035443E+00  0.5937427E+00  0.0000000E+00
  0.7946800E+00  0.6058628E+00  0.0000000E+00
  0.7853213E+00  0.6175696E+00  0.0000000E+00
  0.7735618E+00  0.6324495E+00  0.0000000E+00
  0.7638847E+00  0.6439307E+00  0.0000000E+00
  0.7515478E+00  0.6583228E+00  0.0000000E+00
  0.7415771E+00  0.6695571E+00  0.0000000E+00
  0.7286623E+00  0.6834271E+00  0.0000000E+00
  0.7184104E+00  0.6944020E+00  0.0000000E+00
  0.7049369E+00  0.7077534E+00  0.0000000E+00
  0.6944020E+00  0.7184104E+00  0.0000000E+00
  0.6834271E+00  0.7286623E+00  0.0000000E+00
  0.6695571E+00  0.7415771E+00  0.0000000E+00
  0.6583228E+00  0.7515478E+00  0.0000000E+00
  0.6439307E+00  0.7638847E+00  0.0000000E+00
  0.6324495E+00  0.7735618E+00  0.0000000E+00
  0.6175696E+00  0.7853213E+00  0.0000000E+00
  0.6058628E+00  0.7946800E+00  0.0000000E+00
  0.5937427E+00  0.8035443E+00  0.0000000E+00
  0.5785094E+00  0.8148047E+00  0.0000000E+00
  0.5661648E+00  0.8233749E+00  0.0000000E+00
  0.5504937E+00  0.8340280E+00  0.0000000E+00
  0.5379493E+00  0.8422741E+00  0.0000000E+00
  0.5218426E+00  0.8522779E+00  0.0000000E+00
  0.5091055E+00  0.8601844E+00  0.0000000E+00
  0.4960336E+00  0.8675578E+00  0.0000000E+00
  0.4796455E+00  0.8770412E+00  0.0000000E+00
  0.4663631E+00  0.8840785E+00  0.0000000E+00
  0.4496091E+00  0.8928945E+00  0.0000000E+00
  0.4361689E+00  0.8995938E+00  0.0000000E+00
  0.4190523E+00  0.9077290E+00  0.0000000E+00
  0.4054693E+00  0.9140696E+00  0.0000000E+00
  0.3880132E+00  0.9215112E+00  0.0000000E+00
  0.3742961E+00  0.9274542E+00  0.0000000E+00
  0.3602670E+00  0.9328440E+00  0.0000000E+00
  0.3426454E+00  0.9397077E+00  0.0000000E+00
  0.3284938E+00  0.9447570E+00  0.0000000E+00
  0.3105927E+00  0.9509141E+00  0.0000000E+00
  0.2963495E+00  0.9556000E+00  0.0000000E+00
  0.2781877E+00  0.9610413E+00  0.0000000E+00
  0.2638695E+00  0.9653418E+00  0.0000000E+00
  0.2493087E+00  0.9690137E+00  0.0000000E+00
  0.2310483E+00  0.9738581E+00  0.0000000E+00
  0.2163884E+00  0.9771746E+00  0.0000000E+00
  0.1979377E+00  0.9812780E+00  0.0000000E+00
  0.1832292E+00  0.9842343E+00  0.0000000E+00
  0.1645956E+00  0.9875926E+00  0.0000000E+00
  0.1498624E+00  0.9901644E+00  0.0000000E+00
  0.1310657E+00  0.9927647E+00  0.0000000E+00
  0.1163190E+00  0.9948921E+00  0.0000000E+00
  0.1013703E+00  0.9964142E+00  0.0000000E+00
  0.8260597E-01  0.9984170E+00  0.0000000E+00
  0.6763982E-01  0.9995866E+00  0.0000000E+00
  0.4878082E-01  0.1000822E+01  0.0000000E+00
  0.3383410E-01  0.1001625E+01  0.0000000E+00
  0.0000000E+00  0.1032968E+01  0.0000000E+00
  0.0000000E+00  0.1047936E+01  0.0000000E+00
  0.0000000E+00  0.1062339E+01  0.0000000E+00
  0.0000000E+00  0.1076742E+01  0.0000000E+00
  0.0000000E+00  0.1090600E+01  0.0000000E+00
  0.0000000E+00  0.1104459E+01  0.0000000E+00
  0.0000000E+00  0.1117794E+01  0.0000000E+00
  0.0000000E+00  0.1131129E+01  0.0000000E+00
  0.0000000E+00  0.1143960E+01  0.0000000E+00
  0.0000000E+00  0.1156792E+01  0.0000000E+00
  0.0000000E+00  0.1169138E+01  0.0000000E+00
  0.0000000E+00  0.1181485E+01  0.0000000E+00
  0.0000000E+00  0.1193365E+01  0.0000000E+00
  0.0000000E+00  0.1205245E+01  0.0000000E+00
  0.0000000E+00  0.1216677E+01  0.0000000E+00
  0.0000000E+00  0.1228108E+01  0.0000000E+00
  0.0000000E+00  0.1239108E+01  0.0000000E+00
  0.0000000E+00  0.1250107E+01  0.0000000E+00
  0.0000000E+00  0.1260691E+01  0.0000000E+00
  0.0000000E+00  0.1271275E+01  0.0000000E+00
  0.0000000E+00  0.1281460E+01  0.0000000E+00
  0.0000000E+00  0.1291644E+01  0.0000000E+00
  0.0000000E+00  0.1301443E+01  0.0000000E+00
  0.0000000E+00  0.1311243E+01  0.0000000E+00
  0.0000000E+00  0.1320672E+01  0.0000000E+00
  0.0000000E+00  0.1330102E+01  0.0000000E+00
  0.0000000E+00  0.1339175E+01  0.0000000E+00
  0.0000000E+00  0.1348248E+01  0.0000000E+00
  0.0000000E+00  0.1356978E+01  0.0000000E+00
  0.0000000E+00  0.1365709E+01  0.0000000E+00
  0.0000000E+00  0.1374109E+01  0.0000000E+00
  0.0000000E+00  0.1382510E+01  0.0000000E+00
  0.0000000E+00  0.1390593E+01  0.0000000E+00
  0.0000000E+00  0.1398676E+01  0.0000000E+00
  0.0000000E+00  0.1406454E+01  0.0000000E+00
  0.0000000E+00  0.1414232E+01  0.0000000E+00
  0.0000000E+00  0.1421716E+01  0.0000000E+00
  0.0000000E+00  0.1429200E+01  0.0000000E+00
  0.7483240E-02  0.1429180E+01  0.0000000E+00
  0.1496627E-01  0.1429122E+01  0.0000000E+00
  0.2244890E-01  0.1429024E+01  0.0000000E+00
  0.2993091E-01  0.1428887E+01  0.0000000E+00
  0.3741209E-01  0.1428710E+01  0.0000000E+00
  0.4489226E-01  0.1428495E+01  0.0000000E+00
  0.5237119E-01  0.1428240E+01  0.0000000E+00
  0.5984868E-01  0.1427946E+01  0.0000000E+00
  0.6732454E-01  0.1427613E+01  0.0000000E+00
  0.7479855E-01  0.1427241E+01  0.0000000E+00
  0.8227051E-01  0.1426830E+01  0.0000000E+00
  0.8974021E-01  0.1426380E+01  0.0000000E+00
  0.9720745E-01  0.1425890E+01  0.0000000E+00
  0.1046720E+00  0.1425362E+01  0.0000000E+00
  0.1121337E+00  0.1424794E+01  0.0000000E+00
  0.1195924E+00  0.1424188E+01  0.0000000E+00
  0.1270477E+00  0.1423542E+01  0.0000000E+00
  0.1344996E+00  0.1422857E+01  0.0000000E+00
  0.1419478E+00  0.1422133E+01  0.0000000E+00
  0.1493921E+00  0.1421371E+01  0.0000000E+00
  0.1568323E+00  0.1420569E+01  0.0000000E+00
  0.1642682E+00  0.1419728E+01  0.0000000E+00
  0.1716996E+00  0.1418849E+01  0.0000000E+00
  0.1791263E+00  0.1417930E+01  0.0000000E+00
  0.1865480E+00  0.1416973E+01  0.0000000E+00
  0.1939647E+00  0.1415977E+01  0.0000000E+00
  0.2013760E+00  0.1414942E+01  0.0000000E+00
  0.2087819E+00  0.1413868E+01  0.0000000E+00
  0.2161820E+00  0.1412755E+01  0.0000000E+00
  0.2235761E+00  0.1411604E+01  0.0000000E+00
  0.2309642E+00  0.1410414E+01  0.0000000E+00
  0.2383459E+00  0.1409186E+01  0.0000000E+00
  0.2457211E+00  0.1407918E+01  0.0000000E+00
  0.2530895E+00  0.1406612E+01  0.0000000E+00
  0.2604510E+00  0.1405268E+01  0.0000000E+00
  0.2678054E+00  0.1403885E+01  0.0000000E+00
  0.2751524E+00  0.1402463E+01  0.0000000E+00
  0.2824919E+00  0.1401004E+01  0.0000000E+00
  0.2898236E+00  0.1399505E+01  0.0000000E+00
  0.2971474E+00  0.1397969E+01  0.0000000E+00
  0.3044630E+00  0.1396394E+01  0.0000000E+00
  0.3117703E+00  0.1394780E+01  0.0000000E+00
  0.3190691E+00  0.1393129E+01  0.0000000E+00
  0.3263591E+00  0.1391439E+01  0.0000000E+00
  0.3336401E+00  0.1389711E+01  0.0000000E+00
  0.3409120E+00  0.1387945E+01  0.0000000E+00
  0.3481746E+00  0.1386141E+01  0.0000000E+00
  0.3554276E+00  0.1384299E+01  0.0000000E+00
  0.3626709E+00  0.1382419E+01  0.0000000E+00
  0.3699042E+00  0.1380501E+01  0.0000000E+00
  0.3771274E+00  0.1378545E+01  0.0000000E+00
  0.3843402E+00  0.1376552E+01  0.0000000E+00
  0.3915425E+00  0.1374521E+01  0.0000000E+00
  0.3987341E+00  0.1372452E+01  0.0000000E+00
  0.4059147E+00  0.1370345E+01  0.0000000E+00
  0.4130842E+00  0.1368201E+01  0.0000000E+00
  0.4202424E+00  0.1366019E+01  0.0000000E+00
  0.4273891E+00  0.1363800E+01  0.0000000E+00
  0.4345241E+00  0.1361544E+01  0.0000000E+00
  0.4416471E+00  0.1359250E+01  0.0000000E+00
  0.4487580E+00  0.1356919E+01  0.0000000E+00
  0.4558566E+00  0.1354551E+01  0.0000000E+00
  0.4629428E+00  0.1352145E+01  0.0000000E+00
  0.4700162E+00  0.1349703E+01  0.0000000E+00
  0.4770768E+00  0.1347223E+01  0.0000000E+00
  0.4841242E+00  0.1344707E+01  0.0000000E+00
  0.4911584E+00  0.1342154E+01  0.0000000E+00
  0.4981792E+00  0.1339563E+01  0.0000000E+00
  0.5051862E+00  0.1336937E+01  0.0000000E+00
  0.5121795E+00  0.1334273E+01  0.0000000E+00
  0.5191587E+00  0.1331573E+01  0.0000000E+00
  0.5261236E+00  0.1328837E+01  0.0000000E+00
  0.5330741E+00  0.1326064E+01  0.0000000E+00
  0.5400101E+00  0.1323254E+01  0.0000000E+00
  0.5469312E+00  0.1320409E+01  0.0000000E+00
  0.5538373E+00  0.1317527E+01  0.0000000E+00
  0.5607282E+00  0.1314609E+01  0.0000000E+00
  0.5676038E+00  0.1311655E+01  0.0000000E+00
  0.5744638E+00  0.1308665E+01  0.0000000E+00
  0.5813080E+00  0.1305639E+01  0.0000000E+00
  0.5881363E+00  0.1302578E+01  0.0000000E+00
  0.5949485E+00  0.1299480E+01  0.0000000E+00
  0.6017444E+00  0.1296347E+01  0.0000000E+00
  0.6085238E+00  0.1293179E+01  0.0000000E+00
  0.6152865E+00  0.1289975E+01  0.0000000E+00
  0.6220323E+00  0.1286736E+01  0.0000000E+00
  0.6287611E+00  0.1283461E+01  0.0000000E+00
  0.6354726E+00  0.1280151E+01  0.0000000E+00
  0.6421667E+00  0.1276806E+01  0.0000000E+00
  0.6488432E+00  0.1273427E+01  0.0000000E+00
  0.6555019E+00  0.1270012E+01  0.0000000E+00
  0.6621427E+00  0.1266562E+01  0.0000000E+00
  0.6687653E+00  0.1263078E+01  0.0000000E+00
  0.6753696E+00  0.1259559E+01  0.0000000E+00
  0.6819553E+00  0.1256005E+01  0.0000000E+00
  0.6885224E+00  0.1252418E+01  0.0000000E+00
  0.6950705E+00  0.1248795E+01  0.0000000E+00
  0.7015996E+00  0.1245139E+01  0.0000000E+00
  0.7081095E+00  0.1241448E+01  0.0000000E+00
  0.7146000E+00  0.1237724E+01  0.0000000E+00
  0.7210709E+00  0.1233965E+01  0.0000000E+00
  0.7275220E+00  0.1230173E+01  0.0000000E+00
  0.7339532E+00  0.1226346E+01  0.0000000E+00
  0.7403642E+00  0.1222487E+01  0.0000000E+00
  0.7467549E+00  0.1218593E+01  0.0000000E+00
  0.7531252E+00  0.1214667E+01  0.0000000E+00
  0.7594748E+00  0.1210707E+01  0.0000000E+00
  0.7658037E+00  0.1206713E+01  0.0000000E+00
  0.7721115E+00  0.1202687E+01  0.0000000E+00
  0.7783981E+00  0.1198628E+01  0.0000000E+00
  0.7846634E+00  0.1194536E+01  0.0000000E+00
  0.7909072E+00  0.1190411E+01  0.0000000E+00
  0.7971293E+00  0.1186254E+01  0.0000000E+00
  0.8033296E+00  0.1182064E+01  0.0000000E+00
  0.8095078E+00  0.1177841E+01  0.0000000E+00
  0.8156638E+00  0.1173586E+01  0.0000000E+00
  0.8217975E+00  0.1169300E+01  0.0000000E+00
  0.8279087E+00  0.1164981E+01  0.0000000E+00
  0.8339971E+00  0.1160630E+01  0.0000000E+00
  0.8400627E+00  0.1156247E+01  0.0000000E+00
  0.8461052E+00  0.1151833E+01  0.0000000E+00
  0.8521246E+00  0.1147387E+01  0.0000000E+00
  0.8581206E+00  0.1142909E+01  0.0000000E+00
  0.8640931E+00  0.1138401E+01  0.0000000E+00
  0.8700418E+00  0.1133861E+01  0.0000000E+00
  0.8759668E+00  0.1129290E+01  0.0000000E+00
  0.8818677E+00  0.1124688E+01  0.0000000E+00
  0.8877444E+00  0.1120055E+01  0.0000000E+00
  0.8935968E+00  0.1115391E+01  0.0000000E+00
  0.8994247E+00  0.1110697E+01  0.0000000E+00
  0.9052279E+00  0.1105972E+01  0.0000000E+00
  0.9110064E+00  0.1101218E+01  0.0000000E+00
  0.9167598E+00  0.1096432E+01  0.0000000E+00
  0.9224881E+00  0.1091617E+01  0.0000000E+00
  0.9281912E+00  0.1086772E+01  0.0000000E+00
  0.9338687E+00  0.1081897E+01  0.0000000E+00
  0.9395207E+00  0.1076993E+01  0.0000000E+00
  0.9451469E+00  0.1072059E+01  0.0000000E+00
  0.9507472E+00  0.1067095E+01  0.0000000E+00
  0.9563215E+00  0.1062103E+01  0.0000000E+00
  0.9618695E+00  0.1057081E+01  0.0000000E+00
  0.9673911E+00  0.1052030E+01  0.0000000E+00
  0.9728863E+00  0.1046950E+01  0.0000000E+00
  0.9783547E+00  0.1041842E+01  0.0000000E+00
  0.9837964E+00  0.1036705E+01  0.0000000E+00
  0.9892110E+00  0.1031540E+01  0.0000000E+00
  0.9945986E+00  0.1026346E+01  0.0000000E+00
  0.9999588E+00  0.1021124E+01  0.0000000E+00
  0.1005292E+01  0.1015875E+01  0.0000000E+00
  0.1010597E+01  0.1010597E+01  0.0000000E+00
  0.1015875E+01  0.1005292E+01  0.0000000E+00
  0.1021124E+01  0.9999588E+00  0.0000000E+00
  0.1026346E+01  0.9945986E+00  0.0000000E+00
  0.1031540E+01  0.9892110E+00  0.0000000E+00
  0.1036705E+01  0.9837964E+00  0.0000000E+00
  0.1041842E+01  0.9783547E+00  0.0000000E+00
  0.1046950E+01  0.9728863E+00  0.0000000E+00
  0.1052030E+01  0.9673911E+00  0.0000000E+00
  0.1057081E+01  0.9618695E+00  0.0000000E+00
  0.1062103E+01  0.9563215E+00  0.0000000E+00
  0.1067095E+01  0.9507472E+00  0.0000000E+00
  0.1072059E+01  0.9451469E+00  0.0000000E+00
  0.1076993E+01  0.9395207E+00  0.0000000E+00
  0.1081897E+01  0.9338687E+00  0.0000000E+00
  0.1086772E+01  0.9281912E+00  0.0000000E+00
  0.1091617E+01  0.9224881E+00  0.0000000E+00
  0.1096432E+01  0.9167598E+00  0.0000000E+00
  0.1101218E+01  0.9110064E+00  0.0000000E+00
  0.1105972E+01  0.9052279E+00  0.0000000E+00
  0.1110697E+01  0.8994247E+00  0.0000000E+00
  0.1115391E+01  0.8935968E+00  0.0000000E+00
  0.1120055E+01  0.8877444E+00  0.0000000E+00
  0.1124688E+01  0.8818677E+00  0.0000000E+00
  0.1129290E+01  0.8759668E+00  0.0000000E+00
  0.1133861E+01  0.8700418E+00  0.0000000E+00
  0.1138401E+01  0.8640931E+00  0.0000000E+00
  0.1142909E+01  0.8581206E+00  0.0000000E+00
  0.1147387E+01  0.8521246E+00  0.0000000E+00
  0.1151833E+01  0.8461052E+00  0.0000000E+00
  0.1156247E+01  0.8400627E+00  0.0000000E+00
  0.1160630E+01  0.8339971E+00  0.0000000E+00
  0.1164981E+01  0.8279087E+00  0.0000000E+00
  0.1169300E+01  0.8217975E+00  0.0000000E+00
  0.1173586E+01  0.8156638E+00  0.0000000E+00
  0.1177841E+01  0.8095078E+00  0.0000000E+00
  0.1182064E+01  0.8033296E+00  0.0000000E+00
  0.1186254E+01  0.7971293E+00  0.0000000E+00
  0.1190411E+01  0.7909072E+00  0.0000000E+00
  0.1194536E+01  0.7846634E+00  0.0000000E+00
  0.1198628E+01  0.7783981E+00  0.0000000E+00
  0.1202687E+01  0.7721115E+00  0.0000000E+00
  0.1206713E+01  0.7658037E+00  0.0000000E+00
  0.1210707E+01  0.7594748E+00  0.0000000E+00
  0.1214667E+01  0.7531252E+00  0.0000000E+00
  0.1218593E+01  0.7467549E+00  0.0000000E+00
  0.1222487E+01  0.7403642E+00  0.0000000E+00
  0.1226346E+01  0.7339532E+00  0.0000000E+00
  0.1230173E+01  0.7275220E+00  0.0000000E+00
  0.1233965E+01  0.7210709E+00  0.0000000E+00
  0.1237724E+01  0.7146000E+00  0.0000000E+00
  0.1241448E+01  0.7081095E+00  0.0000000E+00
  0.1245139E+01  0.7015996E+00  0.0000000E+00
  0.1248795E+01  0.6950705E+00  0.0000000E+00
  0.1252418E+01  0.6885224E+00  0.0000000E+00
  0.1256005E+01  0.6819553E+00  0.0000000E+00
  0.1259559E+01  0.6753696E+00  0.0000000E+00
  0.1263078E+01  0.6687653E+00  0.0000000E+00
  0.1266562E+01  0.6621427E+00  0.0000000E+00
  0.1270012E+01  0.6555019E+00  0.0000000E+00
  0.1273427E+01  0.6488432E+00  0.0000000E+00
  0.1276806E+01  0.6421667E+00  0.0000000E+00
  0.1280151E+01  0.6354726E+00  0.0000000E+00
  0.1283461E+01  0.6287611E+00  0.0000000E+00
  0.1286736E+01  0.6220323E+00  0.0000000E+00
  0.1289975E+01  0.6152865E+00  0.0000000E+00
  0.1293179E+01  0.6085238E+00  0.0000000E+00
  0.1296347E+01  0.6017444E+00  0.0000000E+00
  0.1299480E+01  0.5949485E+00  0.0000000E+00
  0.1302578E+01  0.5881363E+00  0.0000000E+00
  0.1305639E+01  0.5813080E+00  0.0000000E+00
  0.1308665E+01  0.5744638E+00  0.0000000E+00
  0.1311655E+01  0.5676038E+00  0.0000000E+00
  0.1314609E+01  0.5607282E+00  0.0000000E+00
  0.1317527E+01  0.5538373E+00  0.0000000E+00
  0.1320409E+01  0.5469312E+00  0.0000000E+00
  0.1323254E+01  0.5400101E+00  0.0000000E+00
  0.1326064E+01  0.5330741E+00  0.0000000E+00
  0.1328837E+01  0.5261236E+00  0.0000000E+00
  0.1331573E+01  0.5191587E+00  0.0000000E+00
  0.1334273E+01  0.5121795E+00  0.0000000E+00
  0.1336937E+01  0.5051862E+00  0.0000000E+00
  0.1339563E+01  0.4981792E+00  0.0000000E+00
  0.1342154E+01  0.4911584E+00  0.0000000E+00
  0.1344707E+01  0.4841242E+00  0.0000000E+00
  0.1347223E+01  0.4770768E+00  0.0000000E+00
  0.1349703E+01  0.4700162E+00  0.0000000E+00
  0.1352145E+01  0.4629428E+00  0.0000000E+00
  0.1354551E+01  0.4558566E+00  0.0000000E+00
  0.1356919E+01  0.4487580E+00  0.0000000E+00
  0.1359250E+01  0.4416471E+00  0.0000000E+00
  0.1361544E+01  0.4345241E+00  0.0000000E+00
  0.1363800E+01  0.4273891E+00  0.0000000E+00
  0.1366019E+01  0.4202424E+00  0.0000000E+00
  0.1368201E+01  0.4130842E+00  0.0000000E+00
  0.1370345E+01  0.4059147E+00  0.0000000E+00
  0.1372452E+01  0.3987341E+00  0.0000000E+00
  0.1374521E+01  0.3915425E+00  0.0000000E+00
  0.1376552E+01  0.3843402E+00  0.0000000E+00
  0.1378545E+01  0.3771274E+00  0.0000000E+00
  0.1380501E+01  0.3699042E+00  0.0000000E+00
  0.1382419E+01  0.3626709E+00  0.0000000E+00
  0.1384299E+01  0.3554276E+00  0.0000000E+00
  0.1386141E+01  0.3481746E+00  0.0000000E+00
  0.1387945E+01  0.3409120E+00  0.0000000E+00
  0.1389711E+01  0.3336401E+00  0.0000000E+00
  0.1391439E+01  0.3263591E+00  0.0000000E+00
  0.1393129E+01  0.3190691E+00  0.0000000E+00
  0.1394780E+01  0.3117703E+00  0.0000000E+00
  0.1396394E+01  0.3044630E+00  0.0000000E+00
  0.1397969E+01  0.2971474E+00  0.0000000E+00
  0.1399505E+01  0.2898236E+00  0.0000000E+00
  0.1401004E+01  0.2824919E+00  0.0000000E+00
  0.1402463E+01  0.2751524E+00  0.0000000E+00
  0.1403885E+01  0.2678054E+00  0.0000000E+00
  0.1405268E+01  0.2604510E+00  0.0000000E+00
  0.1406612E+01  0.2530895E+00  0.0000000E+00
  0.1407918E+01  0.2457211E+00  0.0000000E+00
  0.1409186E+01  0.2383459E+00  0.0000000E+00
  0.1410414E+01  0.2309642E+00  0.0000000E+00
  0.1411604E+01  0.2235761E+00  0.0000000E+00
  0.1412755E+01  0.2161820E+00  0.0000000E+00
  0.1413868E+01  0.2087819E+00  0.0000000E+00
  0.1414942E+01  0.2013760E+00  0.0000000E+00
  0.1415977E+01  0.1939647E+00  0.0000000E+00
  0.1416973E+01  0.1865480E+00  0.0000000E+00
  0.1417930E+01  0.1791263E+00  0.0000000E+00
  0.1418849E+01  0.1716996E+00  0.0000000E+00
  0.1419728E+01  0.1642682E+00  0.0000000E+00
  0.1420569E+01  0.1568323E+00  0.0000000E+00
  0.1421371E+01  0.1493921E+00  0.0000000E+00
  0.1422133E+01  0.1419478E+00  0.0000000E+00
  0.1422857E+01  0.1344996E+00  0.0000000E+00
  0.1423542E+01  0.1270477E+00  0.0000000E+00
  0.1424188E+01  0.1195924E+00  0.0000000E+00
  0.1424794E+01  0.1121337E+00  0.0000000E+00
  0.1425362E+01  0.1046720E+00  0.0000000E+00
  0.1425890E+01  0.9720745E-01  0.0000000E+00
  0.1426380E+01  0.8974021E-01  0.0000000E+00
  0.1426830E+01  0.8227051E-01  0.0000000E+00
  0.1427241E+01  0.7479855E-01  0.0000000E+00
  0.1427613E+01  0.6732454E-01  0.0000000E+00
  0.1427946E+01  0.5984868E-01  0.0000000E+00
  0.1428240E+01  0.5237119E-01  0.0000000E+00
  0.1428495E+01  0.4489226E-01  0.0000000E+00
  0.1428710E+01  0.3741209E-01  0.0000000E+00
  0.1428887E+01  0.2993091E-01  0.0000000E+00
  0.1429024E+01  0.2244890E-01  0.0000000E+00
  0.1429122E+01  0.1496627E-01  0.0000000E+00
  0.1429180E+01  0.7483240E-02  0.0000000E+00
  0.1429200E+01  0.0000000E+00  0.0000000E+00
  0.1421716E+01  0.0000000E+00  0.0000000E+00
  0.1414232E+01  0.0000000E+00  0.0000000E+00
  0.1406454E+01  0.0000000E+00  0.0000000E+00
  0.1398676E+01  0.0000000E+00  0.0000000E+00
  0.1390593E+01  0.0000000E+00  0.0000000E+00
  0.1382510E+01  0.0000000E+00  0.0000000E+00
  0.1374109E+01  0.0000000E+00  0.0000000E+00
  0.1365709E+01  0.0000000E+00  0.0000000E+00
  0.1356978E+01  0.0000000E+00  0.0000000E+00
  0.1348248E+01  0.0000000E+00  0.0000000E+00
  0.1339175E+01  0.0000000E+00  0.0000000E+00
  0.1330102E+01  0.0000000E+00  0.0000000E+00
  0.1320672E+01  0.0000000E+00  0.0000000E+00
  0.1311243E+01  0.0000000E+00  0.0000000E+00
  0.1301443E+01  0.0000000E+00  0.0000000E+00
  0.1291644E+01  0.0000000E+00  0.0000000E+00
  0.1281460E+01  0.0000000E+00  0.0000000E+00
  0.1271275E+01  0.0000000E+00  0.0000000E+00
  0.1260691E+01  0.0000000E+00  0.0000000E+00
  0.1250107E+01  0.0000000E+00  0.0000000E+00
  0.1239108E+01  0.0000000E+00  0.0000000E+00
  0.1228108E+01  0.0000000E+00  0.0000000E+00
  0.1216677E+01  0.0000000E+00  0.0000000E+00
  0.1205245E+01  0.0000000E+00  0.0000000E+00
  0.1193365E+01  0.0000000E+00  0.0000000E+00
  0.1181485E+01  0.0000000E+00  0.0000000E+00
  0.1169138E+01  0.0000000E+00  0.0000000E+00
  0.1156792E+01  0.0000000E+00  0.0000000E+00
  0.1143960E+01  0.0000000E+00  0.0000000E+00
  0.1131129E+01  0.0000000E+00  0.0000000E+00
  0.1117794E+01  0.0000000E+00  0.0000000E+00
  0.1104459E+01  0.0000000E+00  0.0000000E+00
  0.1090600E+01  0.0000000E+00  0.0000000E+00
  0.1076742E+01  0.0000000E+00  0.0000000E+00
  0.1062339E+01  0.0000000E+00  0.0000000E+00
  0.1047936E+01  0.0000000E+00  0.0000000E+00
  0.1032968E+01  0.0000000E+00  0.0000000E+00
  0.7458846E-02  0.1421653E+01  0.0000000E+00
  0.1465250E-01  0.1047653E+01  0.0000000E+00
  0.2930593E-01  0.1047369E+01  0.0000000E+00
  0.4394673E-01  0.1046678E+01  0.0000000E+00
  0.5858846E-01  0.1045986E+01  0.0000000E+00
  0.7320622E-01  0.1044888E+01  0.0000000E+00
  0.8782489E-01  0.1043790E+01  0.0000000E+00
  0.1024083E+00  0.1042285E+01  0.0000000E+00
  0.1169925E+00  0.1040781E+01  0.0000000E+00
  0.1315302E+00  0.1038871E+01  0.0000000E+00
  0.1460688E+00  0.1036961E+01  0.0000000E+00
  0.1605495E+00  0.1034648E+01  0.0000000E+00
  0.1750311E+00  0.1032334E+01  0.0000000E+00
  0.1894436E+00  0.1029619E+01  0.0000000E+00
  0.2038569E+00  0.1026903E+01  0.0000000E+00
  0.2181901E+00  0.1023788E+01  0.0000000E+00
  0.2325241E+00  0.1020673E+01  0.0000000E+00
  0.2467667E+00  0.1017160E+01  0.0000000E+00
  0.2610102E+00  0.1013647E+01  0.0000000E+00
  0.2751492E+00  0.1009731E+01  0.0000000E+00
  0.2892890E+00  0.1005816E+01  0.0000000E+00
  0.3033140E+00  0.1001506E+01  0.0000000E+00
  0.3173396E+00  0.9971952E+00  0.0000000E+00
  0.3312406E+00  0.9924962E+00  0.0000000E+00
  0.3451422E+00  0.9877971E+00  0.0000000E+00
  0.3589084E+00  0.9827133E+00  0.0000000E+00
  0.3726751E+00  0.9776294E+00  0.0000000E+00
  0.3862959E+00  0.9721649E+00  0.0000000E+00
  0.3999172E+00  0.9667002E+00  0.0000000E+00
  0.4133819E+00  0.9608588E+00  0.0000000E+00
  0.4268471E+00  0.9550171E+00  0.0000000E+00
  0.4401453E+00  0.9488036E+00  0.0000000E+00
  0.4534440E+00  0.9425899E+00  0.0000000E+00
  0.4665656E+00  0.9360090E+00  0.0000000E+00
  0.4796875E+00  0.9294279E+00  0.0000000E+00
  0.4926220E+00  0.9224845E+00  0.0000000E+00
  0.5055569E+00  0.9155409E+00  0.0000000E+00
  0.5182926E+00  0.9082374E+00  0.0000000E+00
  0.5310287E+00  0.9009336E+00  0.0000000E+00
  0.5435533E+00  0.8932724E+00  0.0000000E+00
  0.5560782E+00  0.8856110E+00  0.0000000E+00
  0.5683857E+00  0.8776045E+00  0.0000000E+00
  0.5806934E+00  0.8695979E+00  0.0000000E+00
  0.5927743E+00  0.8612526E+00  0.0000000E+00
  0.6048553E+00  0.8529072E+00  0.0000000E+00
  0.6167002E+00  0.8442293E+00  0.0000000E+00
  0.6285452E+00  0.8355514E+00  0.0000000E+00
  0.6401448E+00  0.8265477E+00  0.0000000E+00
  0.6517445E+00  0.8175440E+00  0.0000000E+00
  0.6630901E+00  0.8082216E+00  0.0000000E+00
  0.6744357E+00  0.7988991E+00  0.0000000E+00
  0.6855182E+00  0.7892651E+00  0.0000000E+00
  0.6966007E+00  0.7796309E+00  0.0000000E+00
  0.7074117E+00  0.7696926E+00  0.0000000E+00
  0.7182227E+00  0.7597543E+00  0.0000000E+00
  0.7287539E+00  0.7495197E+00  0.0000000E+00
  0.7392851E+00  0.7392851E+00  0.0000000E+00
  0.7495197E+00  0.7287539E+00  0.0000000E+00
  0.7597543E+00  0.7182227E+00  0.0000000E+00
  0.7696926E+00  0.7074117E+00  0.0000000E+00
  0.7796309E+00  0.6966007E+00  0.0000000E+00
  0.7892651E+00  0.6855182E+00  0.0000000E+00
  0.7988991E+00  0.6744357E+00  0.0000000E+00
  0.8082216E+00  0.6630901E+00  0.0000000E+00
  0.8175440E+00  0.6517445E+00  0.0000000E+00
  0.8265477E+00  0.6401448E+00  0.0000000E+00
  0.8355514E+00  0.6285452E+00  0.0000000E+00
  0.8442293E+00  0.6167002E+00  0.0000000E+00
  0.8529072E+00  0.6048553E+00  0.0000000E+00
  0.8612526E+00  0.5927743E+00  0.0000000E+00
  0.8695979E+00  0.5806934E+00  0.0000000E+00
  0.8776045E+00  0.5683857E+00  0.0000000E+00
  0.8856110E+00  0.5560782E+00  0.0000000E+00
  0.8932724E+00  0.5435533E+00  0.0000000E+00
  0.9009336E+00  0.5310287E+00  0.0000000E+00
  0.9082374E+00  0.5182926E+00  0.0000000E+00
  0.9155409E+00  0.5055569E+00  0.0000000E+00
  0.9224845E+00  0.4926220E+00  0.0000000E+00
  0.9294279E+00  0.4796875E+00  0.0000000E+00
  0.9360090E+00  0.4665656E+00  0.0000000E+00
  0.9425899E+00  0.4534440E+00  0.0000000E+00
  0.9488036E+00  0.4401453E+00  0.0000000E+00
  0.9550171E+00  0.4268471E+00  0.0000000E+00
  0.9608588E+00  0.4133819E+00  0.0000000E+00
  0.9667002E+00  0.3999172E+00  0.0000000E+00
  0.9721649E+00  0.3862959E+00  0.0000000E+00
  0.9776294E+00  0.3726751E+00  0.0000000E+00
  0.9827133E+00  0.3589084E+00  0.0000000E+00
  0.9877971E+00  0.3451422E+00  0.0000000E+00
  0.9924962E+00  0.3312406E+00  0.0000000E+00
  0.9971952E+00  0.3173396E+00  0.0000000E+00
  0.1001506E+01  0.3033140E+00  0.0000000E+00
  0.1005816E+01  0.2892890E+00  0.0000000E+00
  0.1009731E+01  0.2751492E+00  0.0000000E+00
  0.1013647E+01  0.2610102E+00  0.0000000E+00
  0.1017160E+01  0.2467667E+00  0.0000000E+00
  0.1020673E+01  0.2325241E+00  0.0000000E+00
  0.1023788E+01  0.2181901E+00  0.0000000E+00
  0.1026903E+01  0.2038569E+00  0.0000000E+00
  0.1029619E+01  0.1894436E+00  0.0000000E+00
  0.1032334E+01  0.1750311E+00  0.0000000E+00
  0.1034648E+01  0.1605495E+00  0.0000000E+00
  0.1036961E+01  0.1460688E+00  0.0000000E+00
  0.1038871E+01  0.1315302E+00  0.0000000E+00
  0.1040781E+01  0.1169925E+00  0.0000000E+00
  0.1042285E+01  0.1024083E+00  0.0000000E+00
  0.1043790E+01  0.8782489E-01  0.0000000E+00
  0.1044888E+01  0.7320622E-01  0.0000000E+00
  0.1045986E+01  0.5858846E-01  0.0000000E+00
  0.1046678E+01  0.4394673E-01  0.0000000E+00
  0.1047369E+01  0.2930593E-01  0.0000000E+00
  0.1047653E+01  0.1465250E-01  0.0000000E+00
  0.1032661E+01  0.1462947E-01  0.0000000E+00
  0.1032453E+01  0.2973656E-01  0.0000000E+00
  0.1031745E+01  0.4435286E-01  0.0000000E+00
  0.1031084E+01  0.5944861E-01  0.0000000E+00
  0.1029975E+01  0.7404015E-01  0.0000000E+00
  0.1028861E+01  0.8911153E-01  0.0000000E+00
  0.1027353E+01  0.1036670E+00  0.0000000E+00
  0.1025788E+01  0.1187007E+00  0.0000000E+00
  0.1023881E+01  0.1332088E+00  0.0000000E+00
  0.1021866E+01  0.1481916E+00  0.0000000E+00
  0.1019561E+01  0.1626410E+00  0.0000000E+00
  0.1017099E+01  0.1775596E+00  0.0000000E+00
  0.1014398E+01  0.1919395E+00  0.0000000E+00
  0.1011490E+01  0.2067805E+00  0.0000000E+00
  0.1008394E+01  0.2210799E+00  0.0000000E+00
  0.1005044E+01  0.2358301E+00  0.0000000E+00
  0.1001556E+01  0.2500380E+00  0.0000000E+00
  0.9977655E+00  0.2646842E+00  0.0000000E+00
  0.9938839E+00  0.2787895E+00  0.0000000E+00
  0.9896531E+00  0.2933171E+00  0.0000000E+00
  0.9853831E+00  0.3073076E+00  0.0000000E+00
  0.9807199E+00  0.3217049E+00  0.0000000E+00
  0.9760666E+00  0.3355713E+00  0.0000000E+00
  0.9709752E+00  0.3498252E+00  0.0000000E+00
  0.9659423E+00  0.3635573E+00  0.0000000E+00
  0.9604268E+00  0.3776549E+00  0.0000000E+00
  0.9550184E+00  0.3912424E+00  0.0000000E+00
  0.9490836E+00  0.4051710E+00  0.0000000E+00
  0.9433038E+00  0.4186036E+00  0.0000000E+00
  0.9369548E+00  0.4323504E+00  0.0000000E+00
  0.9308084E+00  0.4456182E+00  0.0000000E+00
  0.9240504E+00  0.4591710E+00  0.0000000E+00
  0.9175424E+00  0.4722637E+00  0.0000000E+00
  0.9103811E+00  0.4856105E+00  0.0000000E+00
  0.9035166E+00  0.4985180E+00  0.0000000E+00
  0.8961996E+00  0.5111872E+00  0.0000000E+00
  0.8887360E+00  0.5243556E+00  0.0000000E+00
  0.8810615E+00  0.5368170E+00  0.0000000E+00
  0.8732058E+00  0.5497511E+00  0.0000000E+00
  0.8651922E+00  0.5619988E+00  0.0000000E+00
  0.8569524E+00  0.5746912E+00  0.0000000E+00
  0.8486061E+00  0.5867156E+00  0.0000000E+00
  0.8399896E+00  0.5991555E+00  0.0000000E+00
  0.8313165E+00  0.6109469E+00  0.0000000E+00
  0.8223313E+00  0.6231235E+00  0.0000000E+00
  0.8133380E+00  0.6346730E+00  0.0000000E+00
  0.8039921E+00  0.6465753E+00  0.0000000E+00
  0.7946853E+00  0.6578739E+00  0.0000000E+00
  0.7849873E+00  0.6694917E+00  0.0000000E+00
  0.7753738E+00  0.6805306E+00  0.0000000E+00
  0.7653327E+00  0.6918535E+00  0.0000000E+00
  0.7554195E+00  0.7026244E+00  0.0000000E+00
  0.7450444E+00  0.7136422E+00  0.0000000E+00
  0.7348390E+00  0.7241369E+00  0.0000000E+00
  0.7241369E+00  0.7348390E+00  0.0000000E+00
  0.7136422E+00  0.7450444E+00  0.0000000E+00
  0.7026244E+00  0.7554195E+00  0.0000000E+00
  0.6918535E+00  0.7653327E+00  0.0000000E+00
  0.6805306E+00  0.7753738E+00  0.0000000E+00
  0.6694917E+00  0.7849873E+00  0.0000000E+00
  0.6578739E+00  0.7946853E+00  0.0000000E+00
  0.6465753E+00  0.8039921E+00  0.0000000E+00
  0.6346730E+00  0.8133380E+00  0.0000000E+00
  0.6231235E+00  0.8223313E+00  0.0000000E+00
  0.6109469E+00  0.8313165E+00  0.0000000E+00
  0.5991555E+00  0.8399896E+00  0.0000000E+00
  0.5867156E+00  0.8486061E+00  0.0000000E+00
  0.5746912E+00  0.8569524E+00  0.0000000E+00
  0.5619988E+00  0.8651922E+00  0.0000000E+00
  0.5497511E+00  0.8732058E+00  0.0000000E+00
  0.5368170E+00  0.8810615E+00  0.0000000E+00
  0.5243556E+00  0.8887360E+00  0.0000000E+00
  0.5111872E+00  0.8961996E+00  0.0000000E+00
  0.4985180E+00  0.9035166E+00  0.0000000E+00
  0.4856105E+00  0.9103811E+00  0.0000000E+00
  0.4722637E+00  0.9175424E+00  0.0000000E+00
  0.4591710E+00  0.9240504E+00  0.0000000E+00
  0.4456182E+00  0.9308084E+00  0.0000000E+00
  0.4323504E+00  0.9369548E+00  0.0000000E+00
  0.4186036E+00  0.9433038E+00  0.0000000E+00
  0.4051710E+00  0.9490836E+00  0.0000000E+00
  0.3912424E+00  0.9550184E+00  0.0000000E+00
  0.3776549E+00  0.9604268E+00  0.0000000E+00
  0.3635573E+00  0.9659423E+00  0.0000000E+00
  0.3498252E+00  0.9709752E+00  0.0000000E+00
  0.3355713E+00  0.9760666E+00  0.0000000E+00
  0.3217049E+00  0.9807199E+00  0.0000000E+00
  0.3073076E+00  0.9853831E+00  0.0000000E+00
  0.2933171E+00  0.9896531E+00  0.0000000E+00
  0.2787895E+00  0.9938839E+00  0.0000000E+00
  0.2646842E+00  0.9977655E+00  0.0000000E+00
  0.2500380E+00  0.1001556E+01  0.0000000E+00
  0.2358301E+00  0.1005044E+01  0.0000000E+00
  0.2210799E+00  0.1008394E+01  0.0000000E+00
  0.2067805E+00  0.1011490E+01  0.0000000E+00
  0.1919395E+00  0.1014398E+01  0.0000000E+00
  0.1775596E+00  0.1017099E+01  0.0000000E+00
  0.1626410E+00  0.1019561E+01  0.0000000E+00
  0.1481916E+00  0.1021866E+01  0.0000000E+00
  0.1332088E+00  0.1023881E+01  0.0000000E+00
  0.1187007E+00  0.1025788E+01  0.0000000E+00
  0.1036670E+00  0.1027353E+01  0.0000000E+00
  0.8911153E-01  0.1028861E+01  0.0000000E+00
  0.7404015E-01  0.1029975E+01  0.0000000E+00
  0.5944861E-01  0.1031084E+01  0.0000000E+00
  0.4435286E-01  0.1031745E+01  0.0000000E+00
  0.2973656E-01  0.1032453E+01  0.0000000E+00
  0.1462947E-01  0.1032661E+01  0.0000000E+00
  0.1425600E-01  0.1076414E+01  0.0000000E+00
  0.2851354E-01  0.1076087E+01  0.0000000E+00
  0.4275927E-01  0.1075388E+01  0.0000000E+00
  0.5700656E-01  0.1074689E+01  0.0000000E+00
  0.7123236E-01  0.1073619E+01  0.0000000E+00
  0.8545975E-01  0.1072548E+01  0.0000000E+00
  0.9965600E-01  0.1071107E+01  0.0000000E+00
  0.1138538E+00  0.1069666E+01  0.0000000E+00
  0.1280107E+00  0.1067853E+01  0.0000000E+00
  0.1421692E+00  0.1066040E+01  0.0000000E+00
  0.1562743E+00  0.1063840E+01  0.0000000E+00
  0.1703807E+00  0.1061640E+01  0.0000000E+00
  0.1844264E+00  0.1059073E+01  0.0000000E+00
  0.1984733E+00  0.1056506E+01  0.0000000E+00
  0.2124499E+00  0.1053574E+01  0.0000000E+00
  0.2264279E+00  0.1050641E+01  0.0000000E+00
  0.2403260E+00  0.1047345E+01  0.0000000E+00
  0.2542255E+00  0.1044049E+01  0.0000000E+00
  0.2680349E+00  0.1040388E+01  0.0000000E+00
  0.2818456E+00  0.1036727E+01  0.0000000E+00
  0.2955527E+00  0.1032691E+01  0.0000000E+00
  0.3092609E+00  0.1028655E+01  0.0000000E+00
  0.3228603E+00  0.1024263E+01  0.0000000E+00
  0.3364608E+00  0.1019871E+01  0.0000000E+00
  0.3499433E+00  0.1015126E+01  0.0000000E+00
  0.3634268E+00  0.1010380E+01  0.0000000E+00
  0.3767834E+00  0.1005285E+01  0.0000000E+00
  0.3901409E+00  0.1000190E+01  0.0000000E+00
  0.4033603E+00  0.9947433E+00  0.0000000E+00
  0.4165808E+00  0.9892966E+00  0.0000000E+00
  0.4296498E+00  0.9834935E+00  0.0000000E+00
  0.4427194E+00  0.9776901E+00  0.0000000E+00
  0.4556344E+00  0.9715485E+00  0.0000000E+00
  0.4685501E+00  0.9654065E+00  0.0000000E+00
  0.4813024E+00  0.9589305E+00  0.0000000E+00
  0.4940554E+00  0.9524540E+00  0.0000000E+00
  0.5066364E+00  0.9456478E+00  0.0000000E+00
  0.5192180E+00  0.9388412E+00  0.0000000E+00
  0.5316157E+00  0.9317035E+00  0.0000000E+00
  0.5440141E+00  0.9245655E+00  0.0000000E+00
  0.5562161E+00  0.9170957E+00  0.0000000E+00
  0.5684185E+00  0.9096257E+00  0.0000000E+00
  0.5804230E+00  0.9018407E+00  0.0000000E+00
  0.5924278E+00  0.8940555E+00  0.0000000E+00
  0.6042267E+00  0.8859607E+00  0.0000000E+00
  0.6160259E+00  0.8778655E+00  0.0000000E+00
  0.6276111E+00  0.8694661E+00  0.0000000E+00
  0.6391967E+00  0.8610664E+00  0.0000000E+00
  0.6505552E+00  0.8523614E+00  0.0000000E+00
  0.6619140E+00  0.8436561E+00  0.0000000E+00
  0.6730354E+00  0.8346492E+00  0.0000000E+00
  0.6841569E+00  0.8256422E+00  0.0000000E+00
  0.6950408E+00  0.8163492E+00  0.0000000E+00
  0.7059247E+00  0.8070560E+00  0.0000000E+00
  0.7165636E+00  0.7974831E+00  0.0000000E+00
  0.7272026E+00  0.7879100E+00  0.0000000E+00
  0.7375894E+00  0.7780636E+00  0.0000000E+00
  0.7479763E+00  0.7682170E+00  0.0000000E+00
  0.7580966E+00  0.7580966E+00  0.0000000E+00
  0.7682170E+00  0.7479763E+00  0.0000000E+00
  0.7780636E+00  0.7375894E+00  0.0000000E+00
  0.7879100E+00  0.7272026E+00  0.0000000E+00
  0.7974831E+00  0.7165636E+00  0.0000000E+00
  0.8070560E+00  0.7059247E+00  0.0000000E+00
  0.8163492E+00  0.6950408E+00  0.0000000E+00
  0.8256422E+00  0.6841569E+00  0.0000000E+00
  0.8346492E+00  0.6730354E+00  0.0000000E+00
  0.8436561E+00  0.6619140E+00  0.0000000E+00
  0.8523614E+00  0.6505552E+00  0.0000000E+00
  0.8610664E+00  0.6391967E+00  0.0000000E+00
  0.8694661E+00  0.6276111E+00  0.0000000E+00
  0.8778655E+00  0.6160259E+00  0.0000000E+00
  0.8859607E+00  0.6042267E+00  0.0000000E+00
  0.8940555E+00  0.5924278E+00  0.0000000E+00
  0.9018407E+00  0.5804230E+00  0.0000000E+00
  0.9096257E+00  0.5684185E+00  0.0000000E+00
  0.9170957E+00  0.5562161E+00  0.0000000E+00
  0.9245655E+00  0.5440141E+00  0.0000000E+00
  0.9317035E+00  0.5316157E+00  0.0000000E+00
  0.9388412E+00  0.5192180E+00  0.0000000E+00
  0.9456478E+00  0.5066364E+00  0.0000000E+00
  0.9524540E+00  0.4940554E+00  0.0000000E+00
  0.9589305E+00  0.4813024E+00  0.0000000E+00
  0.9654065E+00  0.4685501E+00  0.0000000E+00
  0.9715485E+00  0.4556344E+00  0.0000000E+00
  0.9776901E+00  0.4427194E+00  0.0000000E+00
  0.9834935E+00  0.4296498E+00  0.0000000E+00
  0.9892966E+00  0.4165808E+00  0.0000000E+00
  0.9947433E+00  0.4033603E+00  0.0000000E+00
  0.1000190E+01  0.3901409E+00  0.0000000E+00
  0.1005285E+01  0.3767834E+00  0.0000000E+00
  0.1010380E+01  0.3634268E+00  0.0000000E+00
  0.1015126E+01  0.3499433E+00  0.0000000E+00
  0.1019871E+01  0.3364608E+00  0.0000000E+00
  0.1024263E+01  0.3228603E+00  0.0000000E+00
  0.1028655E+01  0.3092609E+00  0.0000000E+00
  0.1032691E+01  0.2955527E+00  0.0000000E+00
  0.1036727E+01  0.2818456E+00  0.0000000E+00
  0.1040388E+01  0.2680349E+00  0.0000000E+00
  0.1044049E+01  0.2542255E+00  0.0000000E+00
  0.1047345E+01  0.2403260E+00  0.0000000E+00
  0.1050641E+01  0.2264279E+00  0.0000000E+00
  0.1053574E+01  0.2124499E+00  0.0000000E+00
  0.1056506E+01  0.1984733E+00  0.0000000E+00
  0.1059073E+01  0.1844264E+00  0.0000000E+00
  0.1061640E+01  0.1703807E+00  0.0000000E+00
  0.1063840E+01  0.1562743E+00  0.0000000E+00
  0.1066040E+01  0.1421692E+00  0.0000000E+00
  0.1067853E+01  0.1280107E+00  0.0000000E+00
  0.1069666E+01  0.1138538E+00  0.0000000E+00
  0.1071107E+01  0.9965600E-01  0.0000000E+00
  0.1072548E+01  0.8545975E-01  0.0000000E+00
  0.1073619E+01  0.7123236E-01  0.0000000E+00
  0.1074689E+01  0.5700656E-01  0.0000000E+00
  0.1075388E+01  0.4275927E-01  0.0000000E+00
  0.1076087E+01  0.2851354E-01  0.0000000E+00
  0.1076414E+01  0.1425600E-01  0.0000000E+00
  0.1061962E+01  0.1420629E-01  0.0000000E+00
  0.1061719E+01  0.2890999E-01  0.0000000E+00
  0.1060979E+01  0.4310526E-01  0.0000000E+00
  0.1060320E+01  0.5779851E-01  0.0000000E+00
  0.1059217E+01  0.7197296E-01  0.0000000E+00
  0.1058143E+01  0.8664451E-01  0.0000000E+00
  0.1056677E+01  0.1007884E+00  0.0000000E+00
  0.1055189E+01  0.1154269E+00  0.0000000E+00
  0.1053361E+01  0.1295313E+00  0.0000000E+00
  0.1051456E+01  0.1441249E+00  0.0000000E+00
  0.1049255E+01  0.1581798E+00  0.0000000E+00
  0.1046936E+01  0.1727141E+00  0.0000000E+00
  0.1044375E+01  0.1867084E+00  0.0000000E+00
  0.1041646E+01  0.2011757E+00  0.0000000E+00
  0.1038728E+01  0.2151003E+00  0.0000000E+00
  0.1035593E+01  0.2294890E+00  0.0000000E+00
  0.1032317E+01  0.2433347E+00  0.0000000E+00
  0.1028778E+01  0.2576334E+00  0.0000000E+00
  0.1025145E+01  0.2713902E+00  0.0000000E+00
  0.1021194E+01  0.2855859E+00  0.0000000E+00
  0.1017197E+01  0.2992416E+00  0.0000000E+00
  0.1012844E+01  0.3133211E+00  0.0000000E+00
  0.1008497E+01  0.3268700E+00  0.0000000E+00
  0.1003749E+01  0.3408245E+00  0.0000000E+00
  0.9990557E+00  0.3542578E+00  0.0000000E+00
  0.9939164E+00  0.3680759E+00  0.0000000E+00
  0.9888800E+00  0.3813851E+00  0.0000000E+00
  0.9833535E+00  0.3950557E+00  0.0000000E+00
  0.9779738E+00  0.4082308E+00  0.0000000E+00
  0.9720569E+00  0.4217439E+00  0.0000000E+00
  0.9663341E+00  0.4347696E+00  0.0000000E+00
  0.9600376E+00  0.4481130E+00  0.0000000E+00
  0.9539834E+00  0.4609872E+00  0.0000000E+00
  0.9473127E+00  0.4741512E+00  0.0000000E+00
  0.9409313E+00  0.4868654E+00  0.0000000E+00
  0.9338911E+00  0.4998393E+00  0.0000000E+00
  0.9271870E+00  0.5123851E+00  0.0000000E+00
  0.9200306E+00  0.5246891E+00  0.0000000E+00
  0.9127470E+00  0.5375200E+00  0.0000000E+00
  0.9052578E+00  0.5496297E+00  0.0000000E+00
  0.8976085E+00  0.5622433E+00  0.0000000E+00
  0.8898116E+00  0.5741599E+00  0.0000000E+00
  0.8818096E+00  0.5865524E+00  0.0000000E+00
  0.8737102E+00  0.5982678E+00  0.0000000E+00
  0.8653621E+00  0.6104298E+00  0.0000000E+00
  0.8569654E+00  0.6219358E+00  0.0000000E+00
  0.8482778E+00  0.6338580E+00  0.0000000E+00
  0.8395836E+00  0.6451465E+00  0.0000000E+00
  0.8305600E+00  0.6568137E+00  0.0000000E+00
  0.8215732E+00  0.6678711E+00  0.0000000E+00
  0.8122242E+00  0.6792794E+00  0.0000000E+00
  0.8029577E+00  0.6901035E+00  0.0000000E+00
  0.7932911E+00  0.7012449E+00  0.0000000E+00
  0.7837506E+00  0.7118285E+00  0.0000000E+00
  0.7737744E+00  0.7226942E+00  0.0000000E+00
  0.7639660E+00  0.7330303E+00  0.0000000E+00
  0.7536884E+00  0.7436118E+00  0.0000000E+00
  0.7436118E+00  0.7536884E+00  0.0000000E+00
  0.7330303E+00  0.7639660E+00  0.0000000E+00
  0.7226942E+00  0.7737744E+00  0.0000000E+00
  0.7118285E+00  0.7837506E+00  0.0000000E+00
  0.7012449E+00  0.7932911E+00  0.0000000E+00
  0.6901035E+00  0.8029577E+00  0.0000000E+00
  0.6792794E+00  0.8122242E+00  0.0000000E+00
  0.6678711E+00  0.8215732E+00  0.0000000E+00
  0.6568137E+00  0.8305600E+00  0.0000000E+00
  0.6451465E+00  0.8395836E+00  0.0000000E+00
  0.6338580E+00  0.8482778E+00  0.0000000E+00
  0.6219358E+00  0.8569654E+00  0.0000000E+00
  0.6104298E+00  0.8653621E+00  0.0000000E+00
  0.5982678E+00  0.8737102E+00  0.0000000E+00
  0.5865524E+00  0.8818096E+00  0.0000000E+00
  0.5741599E+00  0.8898116E+00  0.0000000E+00
  0.5622433E+00  0.8976085E+00  0.0000000E+00
  0.5496297E+00  0.9052578E+00  0.0000000E+00
  0.5375200E+00  0.9127470E+00  0.0000000E+00
  0.5246891E+00  0.9200306E+00  0.0000000E+00
  0.5123851E+00  0.9271870E+00  0.0000000E+00
  0.4998393E+00  0.9338911E+00  0.0000000E+00
  0.4868654E+00  0.9409313E+00  0.0000000E+00
  0.4741512E+00  0.9473127E+00  0.0000000E+00
  0.4609872E+00  0.9539834E+00  0.0000000E+00
  0.4481130E+00  0.9600376E+00  0.0000000E+00
  0.4347696E+00  0.9663341E+00  0.0000000E+00
  0.4217439E+00  0.9720569E+00  0.0000000E+00
  0.4082308E+00  0.9779738E+00  0.0000000E+00
  0.3950557E+00  0.9833535E+00  0.0000000E+00
  0.3813851E+00  0.9888800E+00  0.0000000E+00
  0.3680759E+00  0.9939164E+00  0.0000000E+00
  0.3542578E+00  0.9990557E+00  0.0000000E+00
  0.3408245E+00  0.1003749E+01  0.0000000E+00
  0.3268700E+00  0.1008497E+01  0.0000000E+00
  0.3133211E+00  0.1012844E+01  0.0000000E+00
  0.2992416E+00  0.1017197E+01  0.0000000E+00
  0.2855859E+00  0.1021194E+01  0.0000000E+00
  0.2713902E+00  0.1025145E+01  0.0000000E+00
  0.2576334E+00  0.1028778E+01  0.0000000E+00
  0.2433347E+00  0.1032317E+01  0.0000000E+00
  0.2294890E+00  0.1035593E+01  0.0000000E+00
  0.2151003E+00  0.1038728E+01  0.0000000E+00
  0.2011757E+00  0.1041646E+01  0.0000000E+00
  0.1867084E+00  0.1044375E+01  0.0000000E+00
  0.1727141E+00  0.1046936E+01  0.0000000E+00
  0.1581798E+00  0.1049255E+01  0.0000000E+00
  0.1441249E+00  0.1051456E+01  0.0000000E+00
  0.1295313E+00  0.1053361E+01  0.0000000E+00
  0.1154269E+00  0.1055189E+01  0.0000000E+00
  0.1007884E+00  0.1056677E+01  0.0000000E+00
  0.8664451E-01  0.1058143E+01  0.0000000E+00
  0.7197296E-01  0.1059217E+01  0.0000000E+00
  0.5779851E-01  0.1060320E+01  0.0000000E+00
  0.4310526E-01  0.1060979E+01  0.0000000E+00
  0.2890999E-01  0.1061719E+01  0.0000000E+00
  0.1420629E-01  0.1061962E+01  0.0000000E+00
  0.1388920E-01  0.1104102E+01  0.0000000E+00
  0.2778030E-01  0.1103744E+01  0.0000000E+00
  0.4166050E-01  0.1103047E+01  0.0000000E+00
  0.5554270E-01  0.1102351E+01  0.0000000E+00
  0.6940578E-01  0.1101315E+01  0.0000000E+00
  0.8327096E-01  0.1100279E+01  0.0000000E+00
  0.9710725E-01  0.1098890E+01  0.0000000E+00
  0.1109457E+00  0.1097500E+01  0.0000000E+00
  0.1247464E+00  0.1095761E+01  0.0000000E+00
  0.1385489E+00  0.1094021E+01  0.0000000E+00
  0.1523066E+00  0.1091945E+01  0.0000000E+00
  0.1660661E+00  0.1089869E+01  0.0000000E+00
  0.1797722E+00  0.1087454E+01  0.0000000E+00
  0.1934801E+00  0.1085039E+01  0.0000000E+00
  0.2071221E+00  0.1082266E+01  0.0000000E+00
  0.2207656E+00  0.1079492E+01  0.0000000E+00
  0.2343389E+00  0.1076386E+01  0.0000000E+00
  0.2479138E+00  0.1073280E+01  0.0000000E+00
  0.2614106E+00  0.1069844E+01  0.0000000E+00
  0.2749089E+00  0.1066407E+01  0.0000000E+00
  0.2883162E+00  0.1062624E+01  0.0000000E+00
  0.3017250E+00  0.1058841E+01  0.0000000E+00
  0.3150362E+00  0.1054723E+01  0.0000000E+00
  0.3283487E+00  0.1050605E+01  0.0000000E+00
  0.3415581E+00  0.1046163E+01  0.0000000E+00
  0.3547689E+00  0.1041720E+01  0.0000000E+00
  0.3678668E+00  0.1036951E+01  0.0000000E+00
  0.3809660E+00  0.1032181E+01  0.0000000E+00
  0.3939387E+00  0.1027073E+01  0.0000000E+00
  0.4069123E+00  0.1021965E+01  0.0000000E+00
  0.4197588E+00  0.1016542E+01  0.0000000E+00
  0.4326063E+00  0.1011119E+01  0.0000000E+00
  0.4453190E+00  0.1005384E+01  0.0000000E+00
  0.4580329E+00  0.9996484E+00  0.0000000E+00
  0.4705952E+00  0.9935855E+00  0.0000000E+00
  0.4831585E+00  0.9875223E+00  0.0000000E+00
  0.4955683E+00  0.9811490E+00  0.0000000E+00
  0.5079789E+00  0.9747754E+00  0.0000000E+00
  0.5202315E+00  0.9681010E+00  0.0000000E+00
  0.5324848E+00  0.9614262E+00  0.0000000E+00
  0.5445683E+00  0.9544469E+00  0.0000000E+00
  0.5566527E+00  0.9474671E+00  0.0000000E+00
  0.5685548E+00  0.9401794E+00  0.0000000E+00
  0.5804574E+00  0.9328915E+00  0.0000000E+00
  0.5921797E+00  0.9253159E+00  0.0000000E+00
  0.6039026E+00  0.9177399E+00  0.0000000E+00
  0.6154383E+00  0.9098806E+00  0.0000000E+00
  0.6269747E+00  0.9020210E+00  0.0000000E+00
  0.6383027E+00  0.8938629E+00  0.0000000E+00
  0.6496310E+00  0.8857046E+00  0.0000000E+00
  0.6607558E+00  0.8772703E+00  0.0000000E+00
  0.6718809E+00  0.8688358E+00  0.0000000E+00
  0.6827979E+00  0.8601330E+00  0.0000000E+00
  0.6937152E+00  0.8514299E+00  0.0000000E+00
  0.7044102E+00  0.8424544E+00  0.0000000E+00
  0.7151054E+00  0.8334786E+00  0.0000000E+00
  0.7255693E+00  0.8242340E+00  0.0000000E+00
  0.7360332E+00  0.8149894E+00  0.0000000E+00
  0.7462694E+00  0.8054929E+00  0.0000000E+00
  0.7565057E+00  0.7959964E+00  0.0000000E+00
  0.7665082E+00  0.7862537E+00  0.0000000E+00
  0.7765108E+00  0.7765108E+00  0.0000000E+00
  0.7862537E+00  0.7665082E+00  0.0000000E+00
  0.7959964E+00  0.7565057E+00  0.0000000E+00
  0.8054929E+00  0.7462694E+00  0.0000000E+00
  0.8149894E+00  0.7360332E+00  0.0000000E+00
  0.8242340E+00  0.7255693E+00  0.0000000E+00
  0.8334786E+00  0.7151054E+00  0.0000000E+00
  0.8424544E+00  0.7044102E+00  0.0000000E+00
  0.8514299E+00  0.6937152E+00  0.0000000E+00
  0.8601330E+00  0.6827979E+00  0.0000000E+00
  0.8688358E+00  0.6718809E+00  0.0000000E+00
  0.8772703E+00  0.6607558E+00  0.0000000E+00
  0.8857046E+00  0.6496310E+00  0.0000000E+00
  0.8938629E+00  0.6383027E+00  0.0000000E+00
  0.9020210E+00  0.6269747E+00  0.0000000E+00
  0.9098806E+00  0.6154383E+00  0.0000000E+00
  0.9177399E+00  0.6039026E+00  0.0000000E+00
  0.9253159E+00  0.5921797E+00  0.0000000E+00
  0.9328915E+00  0.5804574E+00  0.0000000E+00
  0.9401794E+00  0.5685548E+00  0.0000000E+00
  0.9474671E+00  0.5566527E+00  0.0000000E+00
  0.9544469E+00  0.5445683E+00  0.0000000E+00
  0.9614262E+00  0.5324848E+00  0.0000000E+00
  0.9681010E+00  0.5202315E+00  0.0000000E+00
  0.9747754E+00  0.5079789E+00  0.0000000E+00
  0.9811490E+00  0.4955683E+00  0.0000000E+00
  0.9875223E+00  0.4831585E+00  0.0000000E+00
  0.9935855E+00  0.4705952E+00  0.0000000E+00
  0.9996484E+00  0.4580329E+00  0.0000000E+00
  0.1005384E+01  0.4453190E+00  0.0000000E+00
  0.1011119E+01  0.4326063E+00  0.0000000E+00
  0.1016542E+01  0.4197588E+00  0.0000000E+00
  0.1021965E+01  0.4069123E+00  0.0000000E+00
  0.1027073E+01  0.3939387E+00  0.0000000E+00
  0.1032181E+01  0.3809660E+00  0.0000000E+00
  0.1036951E+01  0.3678668E+00  0.0000000E+00
  0.1041720E+01  0.3547689E+00  0.0000000E+00
  0.1046163E+01  0.3415581E+00  0.0000000E+00
  0.1050605E+01  0.3283487E+00  0.0000000E+00
  0.1054723E+01  0.3150362E+00  0.0000000E+00
  0.1058841E+01  0.3017250E+00  0.0000000E+00
  0.1062624E+01  0.2883162E+00  0.0000000E+00
  0.1066407E+01  0.2749089E+00  0.0000000E+00
  0.1069844E+01  0.2614106E+00  0.0000000E+00
  0.1073280E+01  0.2479138E+00  0.0000000E+00
  0.1076386E+01  0.2343389E+00  0.0000000E+00
  0.1079492E+01  0.2207656E+00  0.0000000E+00
  0.1082266E+01  0.2071221E+00  0.0000000E+00
  0.1085039E+01  0.1934801E+00  0.0000000E+00
  0.1087454E+01  0.1797722E+00  0.0000000E+00
  0.1089869E+01  0.1660661E+00  0.0000000E+00
  0.1091945E+01  0.1523066E+00  0.0000000E+00
  0.1094021E+01  0.1385489E+00  0.0000000E+00
  0.1095761E+01  0.1247464E+00  0.0000000E+00
  0.1097500E+01  0.1109457E+00  0.0000000E+00
  0.1098890E+01  0.9710725E-01  0.0000000E+00
  0.1100279E+01  0.8327096E-01  0.0000000E+00
  0.1101315E+01  0.6940578E-01  0.0000000E+00
  0.1102351E+01  0.5554270E-01  0.0000000E+00
  0.1103047E+01  0.4166050E-01  0.0000000E+00
  0.1103744E+01  0.2778030E-01  0.0000000E+00
  0.1104102E+01  0.1388920E-01  0.0000000E+00
  0.1090194E+01  0.1383974E-01  0.0000000E+00
  0.1089908E+01  0.2814713E-01  0.0000000E+00
  0.1089169E+01  0.4197723E-01  0.0000000E+00
  0.1088505E+01  0.5627544E-01  0.0000000E+00
  0.1087434E+01  0.7008770E-01  0.0000000E+00
  0.1086391E+01  0.8436714E-01  0.0000000E+00
  0.1084980E+01  0.9815806E-01  0.0000000E+00
  0.1083551E+01  0.1124031E+00  0.0000000E+00
  0.1081799E+01  0.1261564E+00  0.0000000E+00
  0.1079993E+01  0.1403640E+00  0.0000000E+00
  0.1077907E+01  0.1540694E+00  0.0000000E+00
  0.1075713E+01  0.1682298E+00  0.0000000E+00
  0.1073293E+01  0.1818846E+00  0.0000000E+00
  0.1070721E+01  0.1959857E+00  0.0000000E+00
  0.1067958E+01  0.2095792E+00  0.0000000E+00
  0.1065010E+01  0.2236079E+00  0.0000000E+00
  0.1061920E+01  0.2371323E+00  0.0000000E+00
  0.1058603E+01  0.2510829E+00  0.0000000E+00
  0.1055188E+01  0.2645301E+00  0.0000000E+00
  0.1051500E+01  0.2783928E+00  0.0000000E+00
  0.1047747E+01  0.2917521E+00  0.0000000E+00
  0.1043677E+01  0.3055106E+00  0.0000000E+00
  0.1039595E+01  0.3187741E+00  0.0000000E+00
  0.1035164E+01  0.3324243E+00  0.0000000E+00
  0.1030762E+01  0.3455871E+00  0.0000000E+00
  0.1025973E+01  0.3591191E+00  0.0000000E+00
  0.1021252E+01  0.3721731E+00  0.0000000E+00
  0.1016099E+01  0.3855783E+00  0.0000000E+00
  0.1011052E+01  0.3985075E+00  0.0000000E+00
  0.1005543E+01  0.4117724E+00  0.0000000E+00
  0.1000185E+01  0.4245767E+00  0.0000000E+00
  0.9943193E+00  0.4376886E+00  0.0000000E+00
  0.9886503E+00  0.4503629E+00  0.0000000E+00
  0.9824359E+00  0.4633196E+00  0.0000000E+00
  0.9764514E+00  0.4758457E+00  0.0000000E+00
  0.9698912E+00  0.4886370E+00  0.0000000E+00
  0.9636062E+00  0.5010119E+00  0.0000000E+00
  0.9567102E+00  0.5136292E+00  0.0000000E+00
  0.9501301E+00  0.5258493E+00  0.0000000E+00
  0.9431336E+00  0.5378462E+00  0.0000000E+00
  0.9360141E+00  0.5503322E+00  0.0000000E+00
  0.9287084E+00  0.5621476E+00  0.0000000E+00
  0.9212502E+00  0.5744336E+00  0.0000000E+00
  0.9136627E+00  0.5860727E+00  0.0000000E+00
  0.9058831E+00  0.5981582E+00  0.0000000E+00
  0.8980182E+00  0.6096140E+00  0.0000000E+00
  0.8899211E+00  0.6214902E+00  0.0000000E+00
  0.8817669E+00  0.6327507E+00  0.0000000E+00
  0.8733566E+00  0.6444016E+00  0.0000000E+00
  0.8649324E+00  0.6554601E+00  0.0000000E+00
  0.8562121E+00  0.6668840E+00  0.0000000E+00
  0.8475235E+00  0.6777346E+00  0.0000000E+00
  0.8384986E+00  0.6889222E+00  0.0000000E+00
  0.8295425E+00  0.6995602E+00  0.0000000E+00
  0.8202207E+00  0.7104988E+00  0.0000000E+00
  0.8110048E+00  0.7209113E+00  0.0000000E+00
  0.8013982E+00  0.7316011E+00  0.0000000E+00
  0.7919353E+00  0.7417893E+00  0.0000000E+00
  0.7820508E+00  0.7522238E+00  0.0000000E+00
  0.7723454E+00  0.7621798E+00  0.0000000E+00
  0.7621798E+00  0.7723454E+00  0.0000000E+00
  0.7522238E+00  0.7820508E+00  0.0000000E+00
  0.7417893E+00  0.7919353E+00  0.0000000E+00
  0.7316011E+00  0.8013982E+00  0.0000000E+00
  0.7209113E+00  0.8110048E+00  0.0000000E+00
  0.7104988E+00  0.8202207E+00  0.0000000E+00
  0.6995602E+00  0.8295425E+00  0.0000000E+00
  0.6889222E+00  0.8384986E+00  0.0000000E+00
  0.6777346E+00  0.8475235E+00  0.0000000E+00
  0.6668840E+00  0.8562121E+00  0.0000000E+00
  0.6554601E+00  0.8649324E+00  0.0000000E+00
  0.6444016E+00  0.8733566E+00  0.0000000E+00
  0.6327507E+00  0.8817669E+00  0.0000000E+00
  0.6214902E+00  0.8899211E+00  0.0000000E+00
  0.6096140E+00  0.8980182E+00  0.0000000E+00
  0.5981582E+00  0.9058831E+00  0.0000000E+00
  0.5860727E+00  0.9136627E+00  0.0000000E+00
  0.5744336E+00  0.9212502E+00  0.0000000E+00
  0.5621476E+00  0.9287084E+00  0.0000000E+00
  0.5503322E+00  0.9360141E+00  0.0000000E+00
  0.5378462E+00  0.9431336E+00  0.0000000E+00
  0.5258493E+00  0.9501301E+00  0.0000000E+00
  0.5136292E+00  0.9567102E+00  0.0000000E+00
  0.5010119E+00  0.9636062E+00  0.0000000E+00
  0.4886370E+00  0.9698912E+00  0.0000000E+00
  0.4758457E+00  0.9764514E+00  0.0000000E+00
  0.4633196E+00  0.9824359E+00  0.0000000E+00
  0.4503629E+00  0.9886503E+00  0.0000000E+00
  0.4376886E+00  0.9943193E+00  0.0000000E+00
  0.4245767E+00  0.1000185E+01  0.0000000E+00
  0.4117724E+00  0.1005543E+01  0.0000000E+00
  0.3985075E+00  0.1011052E+01  0.0000000E+00
  0.3855783E+00  0.1016099E+01  0.0000000E+00
  0.3721731E+00  0.1021252E+01  0.0000000E+00
  0.3591191E+00  0.1025973E+01  0.0000000E+00
  0.3455871E+00  0.1030762E+01  0.0000000E+00
  0.3324243E+00  0.1035164E+01  0.0000000E+00
  0.3187741E+00  0.1039595E+01  0.0000000E+00
  0.3055106E+00  0.1043677E+01  0.0000000E+00
  0.2917521E+00  0.1047747E+01  0.0000000E+00
  0.2783928E+00  0.1051500E+01  0.0000000E+00
  0.2645301E+00  0.1055188E+01  0.0000000E+00
  0.2510829E+00  0.1058603E+01  0.0000000E+00
  0.2371323E+00  0.1061920E+01  0.0000000E+00
  0.2236079E+00  0.1065010E+01  0.0000000E+00
  0.2095792E+00  0.1067958E+01  0.0000000E+00
  0.1959857E+00  0.1070721E+01  0.0000000E+00
  0.1818846E+00  0.1073293E+01  0.0000000E+00
  0.1682298E+00  0.1075713E+01  0.0000000E+00
  0.1540694E+00  0.1077907E+01  0.0000000E+00
  0.1403640E+00  0.1079993E+01  0.0000000E+00
  0.1261564E+00  0.1081799E+01  0.0000000E+00
  0.1124031E+00  0.1083551E+01  0.0000000E+00
  0.9815806E-01  0.1084980E+01  0.0000000E+00
  0.8436714E-01  0.1086391E+01  0.0000000E+00
  0.7008770E-01  0.1087434E+01  0.0000000E+00
  0.5627544E-01  0.1088505E+01  0.0000000E+00
  0.4197723E-01  0.1089169E+01  0.0000000E+00
  0.2814713E-01  0.1089908E+01  0.0000000E+00
  0.1383974E-01  0.1090194E+01  0.0000000E+00
  0.1334305E-01  0.1130760E+01  0.0000000E+00
  0.2668811E-01  0.1130392E+01  0.0000000E+00
  0.4002373E-01  0.1129725E+01  0.0000000E+00
  0.5336159E-01  0.1129058E+01  0.0000000E+00
  0.6668218E-01  0.1128076E+01  0.0000000E+00
  0.8000534E-01  0.1127093E+01  0.0000000E+00
  0.9330344E-01  0.1125795E+01  0.0000000E+00
  0.1066035E+00  0.1124496E+01  0.0000000E+00
  0.1198732E+00  0.1122899E+01  0.0000000E+00
  0.1331451E+00  0.1121302E+01  0.0000000E+00
  0.1463757E+00  0.1119376E+01  0.0000000E+00
  0.1596081E+00  0.1117450E+01  0.0000000E+00
  0.1727955E+00  0.1115226E+01  0.0000000E+00
  0.1859848E+00  0.1113002E+01  0.0000000E+00
  0.1991204E+00  0.1110469E+01  0.0000000E+00
  0.2122581E+00  0.1107936E+01  0.0000000E+00
  0.2253333E+00  0.1105090E+01  0.0000000E+00
  0.2384101E+00  0.1102243E+01  0.0000000E+00
  0.2514215E+00  0.1099103E+01  0.0000000E+00
  0.2644348E+00  0.1095963E+01  0.0000000E+00
  0.2773691E+00  0.1092505E+01  0.0000000E+00
  0.2903051E+00  0.1089046E+01  0.0000000E+00
  0.3031602E+00  0.1085293E+01  0.0000000E+00
  0.3160168E+00  0.1081539E+01  0.0000000E+00
  0.3287850E+00  0.1077490E+01  0.0000000E+00
  0.3415549E+00  0.1073439E+01  0.0000000E+00
  0.3542246E+00  0.1069081E+01  0.0000000E+00
  0.3668955E+00  0.1064723E+01  0.0000000E+00
  0.3794674E+00  0.1060083E+01  0.0000000E+00
  0.3920408E+00  0.1055442E+01  0.0000000E+00
  0.4044990E+00  0.1050496E+01  0.0000000E+00
  0.4169583E+00  0.1045549E+01  0.0000000E+00
  0.4293022E+00  0.1040319E+01  0.0000000E+00
  0.4416473E+00  0.1035087E+01  0.0000000E+00
  0.4538704E+00  0.1029574E+01  0.0000000E+00
  0.4660948E+00  0.1024060E+01  0.0000000E+00
  0.4781826E+00  0.1018250E+01  0.0000000E+00
  0.4902713E+00  0.1012440E+01  0.0000000E+00
  0.5022285E+00  0.1006362E+01  0.0000000E+00
  0.5141867E+00  0.1000283E+01  0.0000000E+00
  0.5259957E+00  0.9939165E+00  0.0000000E+00
  0.5378055E+00  0.9875497E+00  0.0000000E+00
  0.5494664E+00  0.9809122E+00  0.0000000E+00
  0.5611279E+00  0.9742744E+00  0.0000000E+00
  0.5726361E+00  0.9673723E+00  0.0000000E+00
  0.5841451E+00  0.9604697E+00  0.0000000E+00
  0.5954829E+00  0.9532878E+00  0.0000000E+00
  0.6068212E+00  0.9461056E+00  0.0000000E+00
  0.6179967E+00  0.9386715E+00  0.0000000E+00
  0.6291729E+00  0.9312371E+00  0.0000000E+00
  0.6401692E+00  0.9235380E+00  0.0000000E+00
  0.6511661E+00  0.9158385E+00  0.0000000E+00
  0.6619809E+00  0.9078846E+00  0.0000000E+00
  0.6727961E+00  0.8999305E+00  0.0000000E+00
  0.6834303E+00  0.8917350E+00  0.0000000E+00
  0.6940649E+00  0.8835392E+00  0.0000000E+00
  0.7044945E+00  0.8750833E+00  0.0000000E+00
  0.7149243E+00  0.8666274E+00  0.0000000E+00
  0.7251631E+00  0.8579408E+00  0.0000000E+00
  0.7354022E+00  0.8492541E+00  0.0000000E+00
  0.7454334E+00  0.8403275E+00  0.0000000E+00
  0.7554647E+00  0.8314009E+00  0.0000000E+00
  0.7652834E+00  0.8222407E+00  0.0000000E+00
  0.7751021E+00  0.8130805E+00  0.0000000E+00
  0.7847150E+00  0.8037044E+00  0.0000000E+00
  0.7943281E+00  0.7943281E+00  0.0000000E+00
  0.8037044E+00  0.7847150E+00  0.0000000E+00
  0.8130805E+00  0.7751021E+00  0.0000000E+00
  0.8222407E+00  0.7652834E+00  0.0000000E+00
  0.8314009E+00  0.7554647E+00  0.0000000E+00
  0.8403275E+00  0.7454334E+00  0.0000000E+00
  0.8492541E+00  0.7354022E+00  0.0000000E+00
  0.8579408E+00  0.7251631E+00  0.0000000E+00
  0.8666274E+00  0.7149243E+00  0.0000000E+00
  0.8750833E+00  0.7044945E+00  0.0000000E+00
  0.8835392E+00  0.6940649E+00  0.0000000E+00
  0.8917350E+00  0.6834303E+00  0.0000000E+00
  0.8999305E+00  0.6727961E+00  0.0000000E+00
  0.9078846E+00  0.6619809E+00  0.0000000E+00
  0.9158385E+00  0.6511661E+00  0.0000000E+00
  0.9235380E+00  0.6401692E+00  0.0000000E+00
  0.9312371E+00  0.6291729E+00  0.0000000E+00
  0.9386715E+00  0.6179967E+00  0.0000000E+00
  0.9461056E+00  0.6068212E+00  0.0000000E+00
  0.9532878E+00  0.5954829E+00  0.0000000E+00
  0.9604697E+00  0.5841451E+00  0.0000000E+00
  0.9673723E+00  0.5726361E+00  0.0000000E+00
  0.9742744E+00  0.5611279E+00  0.0000000E+00
  0.9809122E+00  0.5494664E+00  0.0000000E+00
  0.9875497E+00  0.5378055E+00  0.0000000E+00
  0.9939165E+00  0.5259957E+00  0.0000000E+00
  0.1000283E+01  0.5141867E+00  0.0000000E+00
  0.1006362E+01  0.5022285E+00  0.0000000E+00
  0.1012440E+01  0.4902713E+00  0.0000000E+00
  0.1018250E+01  0.4781826E+00  0.0000000E+00
  0.1024060E+01  0.4660948E+00  0.0000000E+00
  0.1029574E+01  0.4538704E+00  0.0000000E+00
  0.1035087E+01  0.4416473E+00  0.0000000E+00
  0.1040319E+01  0.4293022E+00  0.0000000E+00
  0.1045549E+01  0.4169583E+00  0.0000000E+00
  0.1050496E+01  0.4044990E+00  0.0000000E+00
  0.1055442E+01  0.3920408E+00  0.0000000E+00
  0.1060083E+01  0.3794674E+00  0.0000000E+00
  0.1064723E+01  0.3668955E+00  0.0000000E+00
  0.1069081E+01  0.3542246E+00  0.0000000E+00
  0.1073439E+01  0.3415549E+00  0.0000000E+00
  0.1077490E+01  0.3287850E+00  0.0000000E+00
  0.1081539E+01  0.3160168E+00  0.0000000E+00
  0.1085293E+01  0.3031602E+00  0.0000000E+00
  0.1089046E+01  0.2903051E+00  0.0000000E+00
  0.1092505E+01  0.2773691E+00  0.0000000E+00
  0.1095963E+01  0.2644348E+00  0.0000000E+00
  0.1099103E+01  0.2514215E+00  0.0000000E+00
  0.1102243E+01  0.2384101E+00  0.0000000E+00
  0.1105090E+01  0.2253333E+00  0.0000000E+00
  0.1107936E+01  0.2122581E+00  0.0000000E+00
  0.1110469E+01  0.1991204E+00  0.0000000E+00
  0.1113002E+01  0.1859848E+00  0.0000000E+00
  0.1115226E+01  0.1727955E+00  0.0000000E+00
  0.1117450E+01  0.1596081E+00  0.0000000E+00
  0.1119376E+01  0.1463757E+00  0.0000000E+00
  0.1121302E+01  0.1331451E+00  0.0000000E+00
  0.1122899E+01  0.1198732E+00  0.0000000E+00
  0.1124496E+01  0.1066035E+00  0.0000000E+00
  0.1125795E+01  0.9330344E-01  0.0000000E+00
  0.1127093E+01  0.8000534E-01  0.0000000E+00
  0.1128076E+01  0.6668218E-01  0.0000000E+00
  0.1129058E+01  0.5336159E-01  0.0000000E+00
  0.1129725E+01  0.4002373E-01  0.0000000E+00
  0.1130392E+01  0.2668811E-01  0.0000000E+00
  0.1130760E+01  0.1334305E-01  0.0000000E+00
  0.1117377E+01  0.1329491E-01  0.0000000E+00
  0.1117059E+01  0.2723456E-01  0.0000000E+00
  0.1116352E+01  0.4052159E-01  0.0000000E+00
  0.1115688E+01  0.5445351E-01  0.0000000E+00
  0.1114680E+01  0.6773253E-01  0.0000000E+00
  0.1113659E+01  0.8164146E-01  0.0000000E+00
  0.1112342E+01  0.9489379E-01  0.0000000E+00
  0.1110965E+01  0.1087799E+00  0.0000000E+00
  0.1109353E+01  0.1220007E+00  0.0000000E+00
  0.1107620E+01  0.1358552E+00  0.0000000E+00
  0.1105696E+01  0.1490424E+00  0.0000000E+00
  0.1103611E+01  0.1628485E+00  0.0000000E+00
  0.1101395E+01  0.1759905E+00  0.0000000E+00
  0.1098968E+01  0.1897466E+00  0.0000000E+00
  0.1096449E+01  0.2028374E+00  0.0000000E+00
  0.1093655E+01  0.2165296E+00  0.0000000E+00
  0.1090831E+01  0.2295599E+00  0.0000000E+00
  0.1087699E+01  0.2431826E+00  0.0000000E+00
  0.1084588E+01  0.2561497E+00  0.0000000E+00
  0.1081113E+01  0.2696972E+00  0.0000000E+00
  0.1077698E+01  0.2825875E+00  0.0000000E+00
  0.1073871E+01  0.2960424E+00  0.0000000E+00
  0.1070164E+01  0.3088544E+00  0.0000000E+00
  0.1066000E+01  0.3222113E+00  0.0000000E+00
  0.1062002E+01  0.3349403E+00  0.0000000E+00
  0.1057497E+01  0.3481965E+00  0.0000000E+00
  0.1053207E+01  0.3608245E+00  0.0000000E+00
  0.1048370E+01  0.3739662E+00  0.0000000E+00
  0.1043801E+01  0.3864985E+00  0.0000000E+00
  0.1038621E+01  0.3995133E+00  0.0000000E+00
  0.1033754E+01  0.4119340E+00  0.0000000E+00
  0.1028497E+01  0.4242016E+00  0.0000000E+00
  0.1023099E+01  0.4371253E+00  0.0000000E+00
  0.1017562E+01  0.4492789E+00  0.0000000E+00
  0.1011841E+01  0.4620596E+00  0.0000000E+00
  0.1006016E+01  0.4740808E+00  0.0000000E+00
  0.9999617E+00  0.4867093E+00  0.0000000E+00
  0.9938728E+00  0.4986003E+00  0.0000000E+00
  0.9875017E+00  0.5110762E+00  0.0000000E+00
  0.9811366E+00  0.5228316E+00  0.0000000E+00
  0.9744511E+00  0.5351377E+00  0.0000000E+00
  0.9678227E+00  0.5467449E+00  0.0000000E+00
  0.9608286E+00  0.5588833E+00  0.0000000E+00
  0.9539400E+00  0.5703388E+00  0.0000000E+00
  0.9466299E+00  0.5822945E+00  0.0000000E+00
  0.9394728E+00  0.5935878E+00  0.0000000E+00
  0.9318667E+00  0.6053561E+00  0.0000000E+00
  0.9244630E+00  0.6164900E+00  0.0000000E+00
  0.9165670E+00  0.6280691E+00  0.0000000E+00
  0.9089061E+00  0.6390291E+00  0.0000000E+00
  0.9007046E+00  0.6503951E+00  0.0000000E+00
  0.8927947E+00  0.6611764E+00  0.0000000E+00
  0.8843143E+00  0.6723365E+00  0.0000000E+00
  0.8761669E+00  0.6829419E+00  0.0000000E+00
  0.8674029E+00  0.6938892E+00  0.0000000E+00
  0.8590117E+00  0.7042961E+00  0.0000000E+00
  0.8499729E+00  0.7150153E+00  0.0000000E+00
  0.8413516E+00  0.7252348E+00  0.0000000E+00
  0.8320436E+00  0.7357192E+00  0.0000000E+00
  0.8231858E+00  0.7457379E+00  0.0000000E+00
  0.8136089E+00  0.7559878E+00  0.0000000E+00
  0.8045334E+00  0.7657984E+00  0.0000000E+00
  0.7947054E+00  0.7758099E+00  0.0000000E+00
  0.7854194E+00  0.7854194E+00  0.0000000E+00
  0.7758099E+00  0.7947054E+00  0.0000000E+00
  0.7657984E+00  0.8045334E+00  0.0000000E+00
  0.7559878E+00  0.8136089E+00  0.0000000E+00
  0.7457379E+00  0.8231858E+00  0.0000000E+00
  0.7357192E+00  0.8320436E+00  0.0000000E+00
  0.7252348E+00  0.8413516E+00  0.0000000E+00
  0.7150153E+00  0.8499729E+00  0.0000000E+00
  0.7042961E+00  0.8590117E+00  0.0000000E+00
  0.6938892E+00  0.8674029E+00  0.0000000E+00
  0.6829419E+00  0.8761669E+00  0.0000000E+00
  0.6723365E+00  0.8843143E+00  0.0000000E+00
  0.6611764E+00  0.8927947E+00  0.0000000E+00
  0.6503951E+00  0.9007046E+00  0.0000000E+00
  0.6390291E+00  0.9089061E+00  0.0000000E+00
  0.6280691E+00  0.9165670E+00  0.0000000E+00
  0.6164900E+00  0.9244630E+00  0.0000000E+00
  0.6053561E+00  0.9318667E+00  0.0000000E+00
  0.5935878E+00  0.9394728E+00  0.0000000E+00
  0.5822945E+00  0.9466299E+00  0.0000000E+00
  0.5703388E+00  0.9539400E+00  0.0000000E+00
  0.5588833E+00  0.9608286E+00  0.0000000E+00
  0.5467449E+00  0.9678227E+00  0.0000000E+00
  0.5351377E+00  0.9744511E+00  0.0000000E+00
  0.5228316E+00  0.9811366E+00  0.0000000E+00
  0.5110762E+00  0.9875017E+00  0.0000000E+00
  0.4986003E+00  0.9938728E+00  0.0000000E+00
  0.4867093E+00  0.9999617E+00  0.0000000E+00
  0.4740808E+00  0.1006016E+01  0.0000000E+00
  0.4620596E+00  0.1011841E+01  0.0000000E+00
  0.4492789E+00  0.1017562E+01  0.0000000E+00
  0.4371253E+00  0.1023099E+01  0.0000000E+00
  0.4242016E+00  0.1028497E+01  0.0000000E+00
  0.4119340E+00  0.1033754E+01  0.0000000E+00
  0.3995133E+00  0.1038621E+01  0.0000000E+00
  0.3864985E+00  0.1043801E+01  0.0000000E+00
  0.3739662E+00  0.1048370E+01  0.0000000E+00
  0.3608245E+00  0.1053207E+01  0.0000000E+00
  0.3481965E+00  0.1057497E+01  0.0000000E+00
  0.3349403E+00  0.1062002E+01  0.0000000E+00
  0.3222113E+00  0.1066000E+01  0.0000000E+00
  0.3088544E+00  0.1070164E+01  0.0000000E+00
  0.2960424E+00  0.1073871E+01  0.0000000E+00
  0.2825875E+00  0.1077698E+01  0.0000000E+00
  0.2696972E+00  0.1081113E+01  0.0000000E+00
  0.2561497E+00  0.1084588E+01  0.0000000E+00
  0.2431826E+00  0.1087699E+01  0.0000000E+00
  0.2295599E+00  0.1090831E+01  0.0000000E+00
  0.2165296E+00  0.1093655E+01  0.0000000E+00
  0.2028374E+00  0.1096449E+01  0.0000000E+00
  0.1897466E+00  0.1098968E+01  0.0000000E+00
  0.1759905E+00  0.1101395E+01  0.0000000E+00
  0.1628485E+00  0.1103611E+01  0.0000000E+00
  0.1490424E+00  0.1105696E+01  0.0000000E+00
  0.1358552E+00  0.1107620E+01  0.0000000E+00
  0.1220007E+00  0.1109353E+01  0.0000000E+00
  0.1087799E+00  0.1110965E+01  0.0000000E+00
  0.9489379E-01  0.1112342E+01  0.0000000E+00
  0.8164146E-01  0.1113659E+01  0.0000000E+00
  0.6773253E-01  0.1114680E+01  0.0000000E+00
  0.5445351E-01  0.1115688E+01  0.0000000E+00
  0.4052159E-01  0.1116352E+01  0.0000000E+00
  0.2723456E-01  0.1117059E+01  0.0000000E+00
  0.1329491E-01  0.1117377E+01  0.0000000E+00
  0.1285218E-01  0.1156421E+01  0.0000000E+00
  0.2570637E-01  0.1156050E+01  0.0000000E+00
  0.3855243E-01  0.1155415E+01  0.0000000E+00
  0.5140082E-01  0.1154780E+01  0.0000000E+00
  0.6423355E-01  0.1153845E+01  0.0000000E+00
  0.7706827E-01  0.1152909E+01  0.0000000E+00
  0.8988290E-01  0.1151707E+01  0.0000000E+00
  0.1026998E+00  0.1150505E+01  0.0000000E+00
  0.1154877E+00  0.1149005E+01  0.0000000E+00
  0.1282776E+00  0.1147505E+01  0.0000000E+00
  0.1410353E+00  0.1145738E+01  0.0000000E+00
  0.1537951E+00  0.1143970E+01  0.0000000E+00
  0.1665132E+00  0.1141910E+01  0.0000000E+00
  0.1792332E+00  0.1139848E+01  0.0000000E+00
  0.1919086E+00  0.1137519E+01  0.0000000E+00
  0.2045859E+00  0.1135189E+01  0.0000000E+00
  0.2172089E+00  0.1132570E+01  0.0000000E+00
  0.2298337E+00  0.1129950E+01  0.0000000E+00
  0.2424018E+00  0.1127063E+01  0.0000000E+00
  0.2549717E+00  0.1124176E+01  0.0000000E+00
  0.2674748E+00  0.1121004E+01  0.0000000E+00
  0.2799797E+00  0.1117831E+01  0.0000000E+00
  0.2924153E+00  0.1114392E+01  0.0000000E+00
  0.3048525E+00  0.1110951E+01  0.0000000E+00
  0.3172111E+00  0.1107232E+01  0.0000000E+00
  0.3295714E+00  0.1103513E+01  0.0000000E+00
  0.3418501E+00  0.1099528E+01  0.0000000E+00
  0.3541303E+00  0.1095542E+01  0.0000000E+00
  0.3663198E+00  0.1091283E+01  0.0000000E+00
  0.3785110E+00  0.1087022E+01  0.0000000E+00
  0.3906081E+00  0.1082498E+01  0.0000000E+00
  0.4027064E+00  0.1077974E+01  0.0000000E+00
  0.4147034E+00  0.1073183E+01  0.0000000E+00
  0.4267018E+00  0.1068392E+01  0.0000000E+00
  0.4385934E+00  0.1063338E+01  0.0000000E+00
  0.4504862E+00  0.1058284E+01  0.0000000E+00
  0.4622664E+00  0.1052970E+01  0.0000000E+00
  0.4740480E+00  0.1047656E+01  0.0000000E+00
  0.4857106E+00  0.1042082E+01  0.0000000E+00
  0.4973741E+00  0.1036508E+01  0.0000000E+00
  0.5089151E+00  0.1030682E+01  0.0000000E+00
  0.5204573E+00  0.1024856E+01  0.0000000E+00
  0.5318673E+00  0.1018773E+01  0.0000000E+00
  0.5432781E+00  0.1012689E+01  0.0000000E+00
  0.5545565E+00  0.1006362E+01  0.0000000E+00
  0.5658359E+00  0.1000033E+01  0.0000000E+00
  0.5769714E+00  0.9934537E+00  0.0000000E+00
  0.5881077E+00  0.9868738E+00  0.0000000E+00
  0.5991015E+00  0.9800571E+00  0.0000000E+00
  0.6100963E+00  0.9732399E+00  0.0000000E+00
  0.6209346E+00  0.9661754E+00  0.0000000E+00
  0.6317734E+00  0.9591105E+00  0.0000000E+00
  0.6424612E+00  0.9518181E+00  0.0000000E+00
  0.6531497E+00  0.9445252E+00  0.0000000E+00
  0.6636700E+00  0.9369908E+00  0.0000000E+00
  0.6741907E+00  0.9294561E+00  0.0000000E+00
  0.6845511E+00  0.9217015E+00  0.0000000E+00
  0.6949119E+00  0.9139465E+00  0.0000000E+00
  0.7050927E+00  0.9059559E+00  0.0000000E+00
  0.7152736E+00  0.8979650E+00  0.0000000E+00
  0.7252869E+00  0.8897645E+00  0.0000000E+00
  0.7353007E+00  0.8815637E+00  0.0000000E+00
  0.7451221E+00  0.8731331E+00  0.0000000E+00
  0.7549436E+00  0.8647023E+00  0.0000000E+00
  0.7645894E+00  0.8560708E+00  0.0000000E+00
  0.7742355E+00  0.8474391E+00  0.0000000E+00
  0.7836782E+00  0.8385850E+00  0.0000000E+00
  0.7931208E+00  0.8297310E+00  0.0000000E+00
  0.8023811E+00  0.8206864E+00  0.0000000E+00
  0.8116417E+00  0.8116417E+00  0.0000000E+00
  0.8206864E+00  0.8023811E+00  0.0000000E+00
  0.8297310E+00  0.7931208E+00  0.0000000E+00
  0.8385850E+00  0.7836782E+00  0.0000000E+00
  0.8474391E+00  0.7742355E+00  0.0000000E+00
  0.8560708E+00  0.7645894E+00  0.0000000E+00
  0.8647023E+00  0.7549436E+00  0.0000000E+00
  0.8731331E+00  0.7451221E+00  0.0000000E+00
  0.8815637E+00  0.7353007E+00  0.0000000E+00
  0.8897645E+00  0.7252869E+00  0.0000000E+00
  0.8979650E+00  0.7152736E+00  0.0000000E+00
  0.9059559E+00  0.7050927E+00  0.0000000E+00
  0.9139465E+00  0.6949119E+00  0.0000000E+00
  0.9217015E+00  0.6845511E+00  0.0000000E+00
  0.9294561E+00  0.6741907E+00  0.0000000E+00
  0.9369908E+00  0.6636700E+00  0.0000000E+00
  0.9445252E+00  0.6531497E+00  0.0000000E+00
  0.9518181E+00  0.6424612E+00  0.0000000E+00
  0.9591105E+00  0.6317734E+00  0.0000000E+00
  0.9661754E+00  0.6209346E+00  0.0000000E+00
  0.9732399E+00  0.6100963E+00  0.0000000E+00
  0.9800571E+00  0.5991015E+00  0.0000000E+00
  0.9868738E+00  0.5881077E+00  0.0000000E+00
  0.9934537E+00  0.5769714E+00  0.0000000E+00
  0.1000033E+01  0.5658359E+00  0.0000000E+00
  0.1006362E+01  0.5545565E+00  0.0000000E+00
  0.1012689E+01  0.5432781E+00  0.0000000E+00
  0.1018773E+01  0.5318673E+00  0.0000000E+00
  0.1024856E+01  0.5204573E+00  0.0000000E+00
  0.1030682E+01  0.5089151E+00  0.0000000E+00
  0.1036508E+01  0.4973741E+00  0.0000000E+00
  0.1042082E+01  0.4857106E+00  0.0000000E+00
  0.1047656E+01  0.4740480E+00  0.0000000E+00
  0.1052970E+01  0.4622664E+00  0.0000000E+00
  0.1058284E+01  0.4504862E+00  0.0000000E+00
  0.1063338E+01  0.4385934E+00  0.0000000E+00
  0.1068392E+01  0.4267018E+00  0.0000000E+00
  0.1073183E+01  0.4147034E+00  0.0000000E+00
  0.1077974E+01  0.4027064E+00  0.0000000E+00
  0.1082498E+01  0.3906081E+00  0.0000000E+00
  0.1087022E+01  0.3785110E+00  0.0000000E+00
  0.1091283E+01  0.3663198E+00  0.0000000E+00
  0.1095542E+01  0.3541303E+00  0.0000000E+00
  0.1099528E+01  0.3418501E+00  0.0000000E+00
  0.1103513E+01  0.3295714E+00  0.0000000E+00
  0.1107232E+01  0.3172111E+00  0.0000000E+00
  0.1110951E+01  0.3048525E+00  0.0000000E+00
  0.1114392E+01  0.2924153E+00  0.0000000E+00
  0.1117831E+01  0.2799797E+00  0.0000000E+00
  0.1121004E+01  0.2674748E+00  0.0000000E+00
  0.1124176E+01  0.2549717E+00  0.0000000E+00
  0.1127063E+01  0.2424018E+00  0.0000000E+00
  0.1129950E+01  0.2298337E+00  0.0000000E+00
  0.1132570E+01  0.2172089E+00  0.0000000E+00
  0.1135189E+01  0.2045859E+00  0.0000000E+00
  0.1137519E+01  0.1919086E+00  0.0000000E+00
  0.1139848E+01  0.1792332E+00  0.0000000E+00
  0.1141910E+01  0.1665132E+00  0.0000000E+00
  0.1143970E+01  0.1537951E+00  0.0000000E+00
  0.1145738E+01  0.1410353E+00  0.0000000E+00
  0.1147505E+01  0.1282776E+00  0.0000000E+00
  0.1149005E+01  0.1154877E+00  0.0000000E+00
  0.1150505E+01  0.1026998E+00  0.0000000E+00
  0.1151707E+01  0.8988290E-01  0.0000000E+00
  0.1152909E+01  0.7706827E-01  0.0000000E+00
  0.1153845E+01  0.6423355E-01  0.0000000E+00
  0.1154780E+01  0.5140082E-01  0.0000000E+00
  0.1155415E+01  0.3855243E-01  0.0000000E+00
  0.1156050E+01  0.2570637E-01  0.0000000E+00
  0.1156421E+01  0.1285218E-01  0.0000000E+00
  0.1143543E+01  0.1280549E-01  0.0000000E+00
  0.1143214E+01  0.2619751E-01  0.0000000E+00
  0.1142539E+01  0.3899672E-01  0.0000000E+00
  0.1141904E+01  0.5238239E-01  0.0000000E+00
  0.1140941E+01  0.6517298E-01  0.0000000E+00
  0.1139980E+01  0.7853924E-01  0.0000000E+00
  0.1138753E+01  0.9130751E-01  0.0000000E+00
  0.1137472E+01  0.1046560E+00  0.0000000E+00
  0.1135962E+01  0.1174047E+00  0.0000000E+00
  0.1134368E+01  0.1307179E+00  0.0000000E+00
  0.1132591E+01  0.1434294E+00  0.0000000E+00
  0.1130671E+01  0.1567103E+00  0.0000000E+00
  0.1128613E+01  0.1693884E+00  0.0000000E+00
  0.1126379E+01  0.1826206E+00  0.0000000E+00
  0.1124057E+01  0.1952530E+00  0.0000000E+00
  0.1121511E+01  0.2084364E+00  0.0000000E+00
  0.1118909E+01  0.2210188E+00  0.0000000E+00
  0.1116042E+01  0.2341386E+00  0.0000000E+00
  0.1113177E+01  0.2466662E+00  0.0000000E+00
  0.1110009E+01  0.2597234E+00  0.0000000E+00
  0.1106869E+01  0.2721869E+00  0.0000000E+00
  0.1103377E+01  0.2851643E+00  0.0000000E+00
  0.1099972E+01  0.2975608E+00  0.0000000E+00
  0.1096181E+01  0.3104590E+00  0.0000000E+00
  0.1092506E+01  0.3227815E+00  0.0000000E+00
  0.1088406E+01  0.3355911E+00  0.0000000E+00
  0.1084472E+01  0.3478317E+00  0.0000000E+00
  0.1080066E+01  0.3605405E+00  0.0000000E+00
  0.1075861E+01  0.3726971E+00  0.0000000E+00
  0.1071155E+01  0.3853088E+00  0.0000000E+00
  0.1066699E+01  0.3973695E+00  0.0000000E+00
  0.1061692E+01  0.4098631E+00  0.0000000E+00
  0.1056968E+01  0.4218290E+00  0.0000000E+00
  0.1051889E+01  0.4336496E+00  0.0000000E+00
  0.1046683E+01  0.4460655E+00  0.0000000E+00
  0.1041347E+01  0.4577857E+00  0.0000000E+00
  0.1035847E+01  0.4700679E+00  0.0000000E+00
  0.1030257E+01  0.4816654E+00  0.0000000E+00
  0.1024459E+01  0.4938182E+00  0.0000000E+00
  0.1018624E+01  0.5053056E+00  0.0000000E+00
  0.1012544E+01  0.5173156E+00  0.0000000E+00
  0.1006460E+01  0.5286703E+00  0.0000000E+00
  0.1000091E+01  0.5405357E+00  0.0000000E+00
  0.9937667E+00  0.5517650E+00  0.0000000E+00
  0.9871164E+00  0.5634750E+00  0.0000000E+00
  0.9805496E+00  0.5745653E+00  0.0000000E+00
  0.9736305E+00  0.5861202E+00  0.0000000E+00
  0.9668298E+00  0.5970699E+00  0.0000000E+00
  0.9596245E+00  0.6084529E+00  0.0000000E+00
  0.9525848E+00  0.6192526E+00  0.0000000E+00
  0.9451221E+00  0.6304683E+00  0.0000000E+00
  0.9378580E+00  0.6411196E+00  0.0000000E+00
  0.9301222E+00  0.6521538E+00  0.0000000E+00
  0.9226256E+00  0.6626418E+00  0.0000000E+00
  0.9146340E+00  0.6734906E+00  0.0000000E+00
  0.9069191E+00  0.6838234E+00  0.0000000E+00
  0.8986712E+00  0.6944864E+00  0.0000000E+00
  0.8907339E+00  0.7046424E+00  0.0000000E+00
  0.8822316E+00  0.7150982E+00  0.0000000E+00
  0.8740801E+00  0.7250914E+00  0.0000000E+00
  0.8653310E+00  0.7353517E+00  0.0000000E+00
  0.8569663E+00  0.7451579E+00  0.0000000E+00
  0.8479779E+00  0.7552053E+00  0.0000000E+00
  0.8394109E+00  0.7648395E+00  0.0000000E+00
  0.8301776E+00  0.7746709E+00  0.0000000E+00
  0.8214016E+00  0.7841069E+00  0.0000000E+00
  0.8119470E+00  0.7937272E+00  0.0000000E+00
  0.8029849E+00  0.8029849E+00  0.0000000E+00
  0.7937272E+00  0.8119470E+00  0.0000000E+00
  0.7841069E+00  0.8214016E+00  0.0000000E+00
  0.7746709E+00  0.8301776E+00  0.0000000E+00
  0.7648395E+00  0.8394109E+00  0.0000000E+00
  0.7552053E+00  0.8479779E+00  0.0000000E+00
  0.7451579E+00  0.8569663E+00  0.0000000E+00
  0.7353517E+00  0.8653310E+00  0.0000000E+00
  0.7250914E+00  0.8740801E+00  0.0000000E+00
  0.7150982E+00  0.8822316E+00  0.0000000E+00
  0.7046424E+00  0.8907339E+00  0.0000000E+00
  0.6944864E+00  0.8986712E+00  0.0000000E+00
  0.6838234E+00  0.9069191E+00  0.0000000E+00
  0.6734906E+00  0.9146340E+00  0.0000000E+00
  0.6626418E+00  0.9226256E+00  0.0000000E+00
  0.6521538E+00  0.9301222E+00  0.0000000E+00
  0.6411196E+00  0.9378580E+00  0.0000000E+00
  0.6304683E+00  0.9451221E+00  0.0000000E+00
  0.6192526E+00  0.9525848E+00  0.0000000E+00
  0.6084529E+00  0.9596245E+00  0.0000000E+00
  0.5970699E+00  0.9668298E+00  0.0000000E+00
  0.5861202E+00  0.9736305E+00  0.0000000E+00
  0.5745653E+00  0.9805496E+00  0.0000000E+00
  0.5634750E+00  0.9871164E+00  0.0000000E+00
  0.5517650E+00  0.9937667E+00  0.0000000E+00
  0.5405357E+00  0.1000091E+01  0.0000000E+00
  0.5286703E+00  0.1006460E+01  0.0000000E+00
  0.5173156E+00  0.1012544E+01  0.0000000E+00
  0.5053056E+00  0.1018624E+01  0.0000000E+00
  0.4938182E+00  0.1024459E+01  0.0000000E+00
  0.4816654E+00  0.1030257E+01  0.0000000E+00
  0.4700679E+00  0.1035847E+01  0.0000000E+00
  0.4577857E+00  0.1041347E+01  0.0000000E+00
  0.4460655E+00  0.1046683E+01  0.0000000E+00
  0.4336496E+00  0.1051889E+01  0.0000000E+00
  0.4218290E+00  0.1056968E+01  0.0000000E+00
  0.4098631E+00  0.1061692E+01  0.0000000E+00
  0.3973695E+00  0.1066699E+01  0.0000000E+00
  0.3853088E+00  0.1071155E+01  0.0000000E+00
  0.3726971E+00  0.1075861E+01  0.0000000E+00
  0.3605405E+00  0.1080066E+01  0.0000000E+00
  0.3478317E+00  0.1084472E+01  0.0000000E+00
  0.3355911E+00  0.1088406E+01  0.0000000E+00
  0.3227815E+00  0.1092506E+01  0.0000000E+00
  0.3104590E+00  0.1096181E+01  0.0000000E+00
  0.2975608E+00  0.1099972E+01  0.0000000E+00
  0.2851643E+00  0.1103377E+01  0.0000000E+00
  0.2721869E+00  0.1106869E+01  0.0000000E+00
  0.2597234E+00  0.1110009E+01  0.0000000E+00
  0.2466662E+00  0.1113177E+01  0.0000000E+00
  0.2341386E+00  0.1116042E+01  0.0000000E+00
  0.2210188E+00  0.1118909E+01  0.0000000E+00
  0.2084364E+00  0.1121511E+01  0.0000000E+00
  0.1952530E+00  0.1124057E+01  0.0000000E+00
  0.1826206E+00  0.1126379E+01  0.0000000E+00
  0.1693884E+00  0.1128613E+01  0.0000000E+00
  0.1567103E+00  0.1130671E+01  0.0000000E+00
  0.1434294E+00  0.1132591E+01  0.0000000E+00
  0.1307179E+00  0.1134368E+01  0.0000000E+00
  0.1174047E+00  0.1135962E+01  0.0000000E+00
  0.1046560E+00  0.1137472E+01  0.0000000E+00
  0.9130751E-01  0.1138753E+01  0.0000000E+00
  0.7853924E-01  0.1139980E+01  0.0000000E+00
  0.6517298E-01  0.1140941E+01  0.0000000E+00
  0.5238239E-01  0.1141904E+01  0.0000000E+00
  0.3899672E-01  0.1142539E+01  0.0000000E+00
  0.2619751E-01  0.1143214E+01  0.0000000E+00
  0.1280549E-01  0.1143543E+01  0.0000000E+00
  0.1240788E-01  0.1181119E+01  0.0000000E+00
  0.2481768E-01  0.1180753E+01  0.0000000E+00
  0.3721998E-01  0.1180142E+01  0.0000000E+00
  0.4962485E-01  0.1179532E+01  0.0000000E+00
  0.6201610E-01  0.1178655E+01  0.0000000E+00
  0.7440930E-01  0.1177778E+01  0.0000000E+00
  0.8678397E-01  0.1176647E+01  0.0000000E+00
  0.9916133E-01  0.1175516E+01  0.0000000E+00
  0.1115146E+00  0.1174129E+01  0.0000000E+00
  0.1238698E+00  0.1172742E+01  0.0000000E+00
  0.1361949E+00  0.1171092E+01  0.0000000E+00
  0.1485222E+00  0.1169441E+01  0.0000000E+00
  0.1608161E+00  0.1167547E+01  0.0000000E+00
  0.1731121E+00  0.1165652E+01  0.0000000E+00
  0.1853655E+00  0.1163485E+01  0.0000000E+00
  0.1976205E+00  0.1161318E+01  0.0000000E+00
  0.2098323E+00  0.1158910E+01  0.0000000E+00
  0.2220462E+00  0.1156503E+01  0.0000000E+00
  0.2342072E+00  0.1153831E+01  0.0000000E+00
  0.2463698E+00  0.1151159E+01  0.0000000E+00
  0.2584773E+00  0.1148240E+01  0.0000000E+00
  0.2705869E+00  0.1145321E+01  0.0000000E+00
  0.2826348E+00  0.1142151E+01  0.0000000E+00
  0.2946842E+00  0.1138980E+01  0.0000000E+00
  0.3066658E+00  0.1135556E+01  0.0000000E+00
  0.3186491E+00  0.1132131E+01  0.0000000E+00
  0.3305632E+00  0.1128467E+01  0.0000000E+00
  0.3424787E+00  0.1124803E+01  0.0000000E+00
  0.3543130E+00  0.1120878E+01  0.0000000E+00
  0.3661484E+00  0.1116953E+01  0.0000000E+00
  0.3779060E+00  0.1112796E+01  0.0000000E+00
  0.3896651E+00  0.1108639E+01  0.0000000E+00
  0.4013326E+00  0.1104226E+01  0.0000000E+00
  0.4130011E+00  0.1099813E+01  0.0000000E+00
  0.4245799E+00  0.1095166E+01  0.0000000E+00
  0.4361602E+00  0.1090519E+01  0.0000000E+00
  0.4476419E+00  0.1085630E+01  0.0000000E+00
  0.4591247E+00  0.1080741E+01  0.0000000E+00
  0.4705039E+00  0.1075612E+01  0.0000000E+00
  0.4818844E+00  0.1070482E+01  0.0000000E+00
  0.4931605E+00  0.1065125E+01  0.0000000E+00
  0.5044377E+00  0.1059767E+01  0.0000000E+00
  0.5155971E+00  0.1054165E+01  0.0000000E+00
  0.5267573E+00  0.1048563E+01  0.0000000E+00
  0.5378066E+00  0.1042743E+01  0.0000000E+00
  0.5488569E+00  0.1036922E+01  0.0000000E+00
  0.5597783E+00  0.1030861E+01  0.0000000E+00
  0.5707003E+00  0.1024799E+01  0.0000000E+00
  0.5815003E+00  0.1018521E+01  0.0000000E+00
  0.5923012E+00  0.1012242E+01  0.0000000E+00
  0.6029683E+00  0.1005738E+01  0.0000000E+00
  0.6136360E+00  0.9992322E+00  0.0000000E+00
  0.6241674E+00  0.9925070E+00  0.0000000E+00
  0.6346996E+00  0.9857814E+00  0.0000000E+00
  0.6450941E+00  0.9788439E+00  0.0000000E+00
  0.6554892E+00  0.9719061E+00  0.0000000E+00
  0.6657332E+00  0.9647457E+00  0.0000000E+00
  0.6759776E+00  0.9575850E+00  0.0000000E+00
  0.6860805E+00  0.9502252E+00  0.0000000E+00
  0.6961839E+00  0.9428650E+00  0.0000000E+00
  0.7061233E+00  0.9352837E+00  0.0000000E+00
  0.7160628E+00  0.9277023E+00  0.0000000E+00
  0.7258514E+00  0.9199263E+00  0.0000000E+00
  0.7356404E+00  0.9121499E+00  0.0000000E+00
  0.7452626E+00  0.9041676E+00  0.0000000E+00
  0.7548850E+00  0.8961852E+00  0.0000000E+00
  0.7643418E+00  0.8880068E+00  0.0000000E+00
  0.7737988E+00  0.8798281E+00  0.0000000E+00
  0.7830874E+00  0.8714585E+00  0.0000000E+00
  0.7923761E+00  0.8630887E+00  0.0000000E+00
  0.8014842E+00  0.8545224E+00  0.0000000E+00
  0.8105923E+00  0.8459560E+00  0.0000000E+00
  0.8195313E+00  0.8372133E+00  0.0000000E+00
  0.8284705E+00  0.8284705E+00  0.0000000E+00
  0.8372133E+00  0.8195313E+00  0.0000000E+00
  0.8459560E+00  0.8105923E+00  0.0000000E+00
  0.8545224E+00  0.8014842E+00  0.0000000E+00
  0.8630887E+00  0.7923761E+00  0.0000000E+00
  0.8714585E+00  0.7830874E+00  0.0000000E+00
  0.8798281E+00  0.7737988E+00  0.0000000E+00
  0.8880068E+00  0.7643418E+00  0.0000000E+00
  0.8961852E+00  0.7548850E+00  0.0000000E+00
  0.9041676E+00  0.7452626E+00  0.0000000E+00
  0.9121499E+00  0.7356404E+00  0.0000000E+00
  0.9199263E+00  0.7258514E+00  0.0000000E+00
  0.9277023E+00  0.7160628E+00  0.0000000E+00
  0.9352837E+00  0.7061233E+00  0.0000000E+00
  0.9428650E+00  0.6961839E+00  0.0000000E+00
  0.9502252E+00  0.6860805E+00  0.0000000E+00
  0.9575850E+00  0.6759776E+00  0.0000000E+00
  0.9647457E+00  0.6657332E+00  0.0000000E+00
  0.9719061E+00  0.6554892E+00  0.0000000E+00
  0.9788439E+00  0.6450941E+00  0.0000000E+00
  0.9857814E+00  0.6346996E+00  0.0000000E+00
  0.9925070E+00  0.6241674E+00  0.0000000E+00
  0.9992322E+00  0.6136360E+00  0.0000000E+00
  0.1005738E+01  0.6029683E+00  0.0000000E+00
  0.1012242E+01  0.5923012E+00  0.0000000E+00
  0.1018521E+01  0.5815003E+00  0.0000000E+00
  0.1024799E+01  0.5707003E+00  0.0000000E+00
  0.1030861E+01  0.5597783E+00  0.0000000E+00
  0.1036922E+01  0.5488569E+00  0.0000000E+00
  0.1042743E+01  0.5378066E+00  0.0000000E+00
  0.1048563E+01  0.5267573E+00  0.0000000E+00
  0.1054165E+01  0.5155971E+00  0.0000000E+00
  0.1059767E+01  0.5044377E+00  0.0000000E+00
  0.1065125E+01  0.4931605E+00  0.0000000E+00
  0.1070482E+01  0.4818844E+00  0.0000000E+00
  0.1075612E+01  0.4705039E+00  0.0000000E+00
  0.1080741E+01  0.4591247E+00  0.0000000E+00
  0.1085630E+01  0.4476419E+00  0.0000000E+00
  0.1090519E+01  0.4361602E+00  0.0000000E+00
  0.1095166E+01  0.4245799E+00  0.0000000E+00
  0.1099813E+01  0.4130011E+00  0.0000000E+00
  0.1104226E+01  0.4013326E+00  0.0000000E+00
  0.1108639E+01  0.3896651E+00  0.0000000E+00
  0.1112796E+01  0.3779060E+00  0.0000000E+00
  0.1116953E+01  0.3661484E+00  0.0000000E+00
  0.1120878E+01  0.3543130E+00  0.0000000E+00
  0.1124803E+01  0.3424787E+00  0.0000000E+00
  0.1128467E+01  0.3305632E+00  0.0000000E+00
  0.1132131E+01  0.3186491E+00  0.0000000E+00
  0.1135556E+01  0.3066658E+00  0.0000000E+00
  0.1138980E+01  0.2946842E+00  0.0000000E+00
  0.1142151E+01  0.2826348E+00  0.0000000E+00
  0.1145321E+01  0.2705869E+00  0.0000000E+00
  0.1148240E+01  0.2584773E+00  0.0000000E+00
  0.1151159E+01  0.2463698E+00  0.0000000E+00
  0.1153831E+01  0.2342072E+00  0.0000000E+00
  0.1156503E+01  0.2220462E+00  0.0000000E+00
  0.1158910E+01  0.2098323E+00  0.0000000E+00
  0.1161318E+01  0.1976205E+00  0.0000000E+00
  0.1163485E+01  0.1853655E+00  0.0000000E+00
  0.1165652E+01  0.1731121E+00  0.0000000E+00
  0.1167547E+01  0.1608161E+00  0.0000000E+00
  0.1169441E+01  0.1485222E+00  0.0000000E+00
  0.1171092E+01  0.1361949E+00  0.0000000E+00
  0.1172742E+01  0.1238698E+00  0.0000000E+00
  0.1174129E+01  0.1115146E+00  0.0000000E+00
  0.1175516E+01  0.9916133E-01  0.0000000E+00
  0.1176647E+01  0.8678397E-01  0.0000000E+00
  0.1177778E+01  0.7440930E-01  0.0000000E+00
  0.1178655E+01  0.6201610E-01  0.0000000E+00
  0.1179532E+01  0.4962485E-01  0.0000000E+00
  0.1180142E+01  0.3721998E-01  0.0000000E+00
  0.1180753E+01  0.2481768E-01  0.0000000E+00
  0.1181119E+01  0.1240788E-01  0.0000000E+00
  0.1168727E+01  0.1236239E-01  0.0000000E+00
  0.1168395E+01  0.2526223E-01  0.0000000E+00
  0.1167750E+01  0.3762422E-01  0.0000000E+00
  0.1167143E+01  0.5051380E-01  0.0000000E+00
  0.1166235E+01  0.6286085E-01  0.0000000E+00
  0.1165327E+01  0.7574053E-01  0.0000000E+00
  0.1164176E+01  0.8807975E-01  0.0000000E+00
  0.1162985E+01  0.1009341E+00  0.0000000E+00
  0.1161580E+01  0.1132436E+00  0.0000000E+00
  0.1160095E+01  0.1260786E+00  0.0000000E+00
  0.1158438E+01  0.1383676E+00  0.0000000E+00
  0.1156671E+01  0.1511659E+00  0.0000000E+00
  0.1154770E+01  0.1634168E+00  0.0000000E+00
  0.1152710E+01  0.1761822E+00  0.0000000E+00
  0.1150549E+01  0.1883980E+00  0.0000000E+00
  0.1148211E+01  0.2011146E+00  0.0000000E+00
  0.1145810E+01  0.2132871E+00  0.0000000E+00
  0.1143178E+01  0.2259542E+00  0.0000000E+00
  0.1140523E+01  0.2380776E+00  0.0000000E+00
  0.1137619E+01  0.2506862E+00  0.0000000E+00
  0.1134721E+01  0.2627586E+00  0.0000000E+00
  0.1131522E+01  0.2753018E+00  0.0000000E+00
  0.1128379E+01  0.2873132E+00  0.0000000E+00
  0.1124910E+01  0.2997888E+00  0.0000000E+00
  0.1121519E+01  0.3117364E+00  0.0000000E+00
  0.1117763E+01  0.3241326E+00  0.0000000E+00
  0.1114137E+01  0.3360124E+00  0.0000000E+00
  0.1110107E+01  0.3483306E+00  0.0000000E+00
  0.1106232E+01  0.3601306E+00  0.0000000E+00
  0.1101926E+01  0.3723551E+00  0.0000000E+00
  0.1097819E+01  0.3840818E+00  0.0000000E+00
  0.1093236E+01  0.3962156E+00  0.0000000E+00
  0.1088886E+01  0.4078504E+00  0.0000000E+00
  0.1084039E+01  0.4198794E+00  0.0000000E+00
  0.1079453E+01  0.4314300E+00  0.0000000E+00
  0.1074540E+01  0.4428453E+00  0.0000000E+00
  0.1069510E+01  0.4548044E+00  0.0000000E+00
  0.1064360E+01  0.4661263E+00  0.0000000E+00
  0.1059060E+01  0.4779633E+00  0.0000000E+00
  0.1053685E+01  0.4891779E+00  0.0000000E+00
  0.1048123E+01  0.5009015E+00  0.0000000E+00
  0.1042513E+01  0.5120097E+00  0.0000000E+00
  0.1036690E+01  0.5236021E+00  0.0000000E+00
  0.1030864E+01  0.5345974E+00  0.0000000E+00
  0.1024779E+01  0.5460614E+00  0.0000000E+00
  0.1018721E+01  0.5569368E+00  0.0000000E+00
  0.1012387E+01  0.5682622E+00  0.0000000E+00
  0.1006115E+01  0.5790187E+00  0.0000000E+00
  0.9995213E+00  0.5901983E+00  0.0000000E+00
  0.9930301E+00  0.6008245E+00  0.0000000E+00
  0.9861965E+00  0.6118608E+00  0.0000000E+00
  0.9794895E+00  0.6223564E+00  0.0000000E+00
  0.9724011E+00  0.6332315E+00  0.0000000E+00
  0.9654863E+00  0.6435905E+00  0.0000000E+00
  0.9581638E+00  0.6543150E+00  0.0000000E+00
  0.9510350E+00  0.6645285E+00  0.0000000E+00
  0.9434693E+00  0.6750809E+00  0.0000000E+00
  0.9361408E+00  0.6851549E+00  0.0000000E+00
  0.9283430E+00  0.6955451E+00  0.0000000E+00
  0.9208065E+00  0.7054598E+00  0.0000000E+00
  0.9127779E+00  0.7156667E+00  0.0000000E+00
  0.9050427E+00  0.7254357E+00  0.0000000E+00
  0.8967883E+00  0.7354698E+00  0.0000000E+00
  0.8888605E+00  0.7450741E+00  0.0000000E+00
  0.8803841E+00  0.7549144E+00  0.0000000E+00
  0.8722559E+00  0.7643596E+00  0.0000000E+00
  0.8635611E+00  0.7740181E+00  0.0000000E+00
  0.8552558E+00  0.7832965E+00  0.0000000E+00
  0.8463412E+00  0.7927500E+00  0.0000000E+00
  0.8378400E+00  0.8018528E+00  0.0000000E+00
  0.8287230E+00  0.8111193E+00  0.0000000E+00
  0.8200561E+00  0.8200561E+00  0.0000000E+00
  0.8111193E+00  0.8287230E+00  0.0000000E+00
  0.8018528E+00  0.8378400E+00  0.0000000E+00
  0.7927500E+00  0.8463412E+00  0.0000000E+00
  0.7832965E+00  0.8552558E+00  0.0000000E+00
  0.7740181E+00  0.8635611E+00  0.0000000E+00
  0.7643596E+00  0.8722559E+00  0.0000000E+00
  0.7549144E+00  0.8803841E+00  0.0000000E+00
  0.7450741E+00  0.8888605E+00  0.0000000E+00
  0.7354698E+00  0.8967883E+00  0.0000000E+00
  0.7254357E+00  0.9050427E+00  0.0000000E+00
  0.7156667E+00  0.9127779E+00  0.0000000E+00
  0.7054598E+00  0.9208065E+00  0.0000000E+00
  0.6955451E+00  0.9283430E+00  0.0000000E+00
  0.6851549E+00  0.9361408E+00  0.0000000E+00
  0.6750809E+00  0.9434693E+00  0.0000000E+00
  0.6645285E+00  0.9510350E+00  0.0000000E+00
  0.6543150E+00  0.9581638E+00  0.0000000E+00
  0.6435905E+00  0.9654863E+00  0.0000000E+00
  0.6332315E+00  0.9724011E+00  0.0000000E+00
  0.6223564E+00  0.9794895E+00  0.0000000E+00
  0.6118608E+00  0.9861965E+00  0.0000000E+00
  0.6008245E+00  0.9930301E+00  0.0000000E+00
  0.5901983E+00  0.9995213E+00  0.0000000E+00
  0.5790187E+00  0.1006115E+01  0.0000000E+00
  0.5682622E+00  0.1012387E+01  0.0000000E+00
  0.5569368E+00  0.1018721E+01  0.0000000E+00
  0.5460614E+00  0.1024779E+01  0.0000000E+00
  0.5345974E+00  0.1030864E+01  0.0000000E+00
  0.5236021E+00  0.1036690E+01  0.0000000E+00
  0.5120097E+00  0.1042513E+01  0.0000000E+00
  0.5009015E+00  0.1048123E+01  0.0000000E+00
  0.4891779E+00  0.1053685E+01  0.0000000E+00
  0.4779633E+00  0.1059060E+01  0.0000000E+00
  0.4661263E+00  0.1064360E+01  0.0000000E+00
  0.4548044E+00  0.1069510E+01  0.0000000E+00
  0.4428453E+00  0.1074540E+01  0.0000000E+00
  0.4314300E+00  0.1079453E+01  0.0000000E+00
  0.4198794E+00  0.1084039E+01  0.0000000E+00
  0.4078504E+00  0.1088886E+01  0.0000000E+00
  0.3962156E+00  0.1093236E+01  0.0000000E+00
  0.3840818E+00  0.1097819E+01  0.0000000E+00
  0.3723551E+00  0.1101926E+01  0.0000000E+00
  0.3601306E+00  0.1106232E+01  0.0000000E+00
  0.3483306E+00  0.1110107E+01  0.0000000E+00
  0.3360124E+00  0.1114137E+01  0.0000000E+00
  0.3241326E+00  0.1117763E+01  0.0000000E+00
  0.3117364E+00  0.1121519E+01  0.0000000E+00
  0.2997888E+00  0.1124910E+01  0.0000000E+00
  0.2873132E+00  0.1128379E+01  0.0000000E+00
  0.2753018E+00  0.1131522E+01  0.0000000E+00
  0.2627586E+00  0.1134721E+01  0.0000000E+00
  0.2506862E+00  0.1137619E+01  0.0000000E+00
  0.2380776E+00  0.1140523E+01  0.0000000E+00
  0.2259542E+00  0.1143178E+01  0.0000000E+00
  0.2132871E+00  0.1145810E+01  0.0000000E+00
  0.2011146E+00  0.1148211E+01  0.0000000E+00
  0.1883980E+00  0.1150549E+01  0.0000000E+00
  0.1761822E+00  0.1152710E+01  0.0000000E+00
  0.1634168E+00  0.1154770E+01  0.0000000E+00
  0.1511659E+00  0.1156671E+01  0.0000000E+00
  0.1383676E+00  0.1158438E+01  0.0000000E+00
  0.1260786E+00  0.1160095E+01  0.0000000E+00
  0.1132436E+00  0.1161580E+01  0.0000000E+00
  0.1009341E+00  0.1162985E+01  0.0000000E+00
  0.8807975E-01  0.1164176E+01  0.0000000E+00
  0.7574053E-01  0.1165327E+01  0.0000000E+00
  0.6286085E-01  0.1166235E+01  0.0000000E+00
  0.5051380E-01  0.1167143E+01  0.0000000E+00
  0.3762422E-01  0.1167750E+01  0.0000000E+00
  0.2526223E-01  0.1168395E+01  0.0000000E+00
  0.1236239E-01  0.1168727E+01  0.0000000E+00
  0.1200318E-01  0.1204889E+01  0.0000000E+00
  0.2400815E-01  0.1204533E+01  0.0000000E+00
  0.3600617E-01  0.1203949E+01  0.0000000E+00
  0.4800688E-01  0.1203364E+01  0.0000000E+00
  0.5999592E-01  0.1202547E+01  0.0000000E+00
  0.7198692E-01  0.1201730E+01  0.0000000E+00
  0.8396105E-01  0.1200665E+01  0.0000000E+00
  0.9593704E-01  0.1199601E+01  0.0000000E+00
  0.1078925E+00  0.1198309E+01  0.0000000E+00
  0.1198504E+00  0.1197017E+01  0.0000000E+00
  0.1317822E+00  0.1195488E+01  0.0000000E+00
  0.1437159E+00  0.1193959E+01  0.0000000E+00
  0.1556183E+00  0.1192188E+01  0.0000000E+00
  0.1675227E+00  0.1190418E+01  0.0000000E+00
  0.1793931E+00  0.1188422E+01  0.0000000E+00
  0.1912654E+00  0.1186425E+01  0.0000000E+00
  0.2030968E+00  0.1184187E+01  0.0000000E+00
  0.2149298E+00  0.1181950E+01  0.0000000E+00
  0.2267182E+00  0.1179479E+01  0.0000000E+00
  0.2385086E+00  0.1177009E+01  0.0000000E+00
  0.2502517E+00  0.1174315E+01  0.0000000E+00
  0.2619965E+00  0.1171621E+01  0.0000000E+00
  0.2736849E+00  0.1168684E+01  0.0000000E+00
  0.2853746E+00  0.1165746E+01  0.0000000E+00
  0.2970073E+00  0.1162584E+01  0.0000000E+00
  0.3086419E+00  0.1159422E+01  0.0000000E+00
  0.3202152E+00  0.1156037E+01  0.0000000E+00
  0.3317899E+00  0.1152652E+01  0.0000000E+00
  0.3432933E+00  0.1149026E+01  0.0000000E+00
  0.3547979E+00  0.1145399E+01  0.0000000E+00
  0.3662332E+00  0.1141555E+01  0.0000000E+00
  0.3776702E+00  0.1137711E+01  0.0000000E+00
  0.3890313E+00  0.1133644E+01  0.0000000E+00
  0.4003937E+00  0.1129577E+01  0.0000000E+00
  0.4116723E+00  0.1125278E+01  0.0000000E+00
  0.4229520E+00  0.1120979E+01  0.0000000E+00
  0.4341496E+00  0.1116468E+01  0.0000000E+00
  0.4453487E+00  0.1111956E+01  0.0000000E+00
  0.4564565E+00  0.1107221E+01  0.0000000E+00
  0.4675654E+00  0.1102485E+01  0.0000000E+00
  0.4785787E+00  0.1097528E+01  0.0000000E+00
  0.4895930E+00  0.1092570E+01  0.0000000E+00
  0.5005128E+00  0.1087405E+01  0.0000000E+00
  0.5114337E+00  0.1082240E+01  0.0000000E+00
  0.5222482E+00  0.1076853E+01  0.0000000E+00
  0.5330634E+00  0.1071466E+01  0.0000000E+00
  0.5437727E+00  0.1065868E+01  0.0000000E+00
  0.5544830E+00  0.1060270E+01  0.0000000E+00
  0.5650865E+00  0.1054471E+01  0.0000000E+00
  0.5756910E+00  0.1048672E+01  0.0000000E+00
  0.5861734E+00  0.1042652E+01  0.0000000E+00
  0.5966563E+00  0.1036632E+01  0.0000000E+00
  0.6070231E+00  0.1030413E+01  0.0000000E+00
  0.6173908E+00  0.1024193E+01  0.0000000E+00
  0.6276380E+00  0.1017776E+01  0.0000000E+00
  0.6378858E+00  0.1011358E+01  0.0000000E+00
  0.6479997E+00  0.1004730E+01  0.0000000E+00
  0.6581140E+00  0.9981011E+00  0.0000000E+00
  0.6681021E+00  0.9912827E+00  0.0000000E+00
  0.6780909E+00  0.9844639E+00  0.0000000E+00
  0.6879445E+00  0.9774504E+00  0.0000000E+00
  0.6977986E+00  0.9704367E+00  0.0000000E+00
  0.7075096E+00  0.9632251E+00  0.0000000E+00
  0.7172209E+00  0.9560132E+00  0.0000000E+00
  0.7267946E+00  0.9486191E+00  0.0000000E+00
  0.7363687E+00  0.9412246E+00  0.0000000E+00
  0.7457928E+00  0.9336391E+00  0.0000000E+00
  0.7552170E+00  0.9260535E+00  0.0000000E+00
  0.7644900E+00  0.9182831E+00  0.0000000E+00
  0.7737632E+00  0.9105126E+00  0.0000000E+00
  0.7828886E+00  0.9025687E+00  0.0000000E+00
  0.7920142E+00  0.8946246E+00  0.0000000E+00
  0.8009754E+00  0.8864951E+00  0.0000000E+00
  0.8099366E+00  0.8783656E+00  0.0000000E+00
  0.8187395E+00  0.8700646E+00  0.0000000E+00
  0.8275425E+00  0.8617637E+00  0.0000000E+00
  0.8361876E+00  0.8532984E+00  0.0000000E+00
  0.8448329E+00  0.8448329E+00  0.0000000E+00
  0.8532984E+00  0.8361876E+00  0.0000000E+00
  0.8617637E+00  0.8275425E+00  0.0000000E+00
  0.8700646E+00  0.8187395E+00  0.0000000E+00
  0.8783656E+00  0.8099366E+00  0.0000000E+00
  0.8864951E+00  0.8009754E+00  0.0000000E+00
  0.8946246E+00  0.7920142E+00  0.0000000E+00
  0.9025687E+00  0.7828886E+00  0.0000000E+00
  0.9105126E+00  0.7737632E+00  0.0000000E+00
  0.9182831E+00  0.7644900E+00  0.0000000E+00
  0.9260535E+00  0.7552170E+00  0.0000000E+00
  0.9336391E+00  0.7457928E+00  0.0000000E+00
  0.9412246E+00  0.7363687E+00  0.0000000E+00
  0.9486191E+00  0.7267946E+00  0.0000000E+00
  0.9560132E+00  0.7172209E+00  0.0000000E+00
  0.9632251E+00  0.7075096E+00  0.0000000E+00
  0.9704367E+00  0.6977986E+00  0.0000000E+00
  0.9774504E+00  0.6879445E+00  0.0000000E+00
  0.9844639E+00  0.6780909E+00  0.0000000E+00
  0.9912827E+00  0.6681021E+00  0.0000000E+00
  0.9981011E+00  0.6581140E+00  0.0000000E+00
  0.1004730E+01  0.6479997E+00  0.0000000E+00
  0.1011358E+01  0.6378858E+00  0.0000000E+00
  0.1017776E+01  0.6276380E+00  0.0000000E+00
  0.1024193E+01  0.6173908E+00  0.0000000E+00
  0.1030413E+01  0.6070231E+00  0.0000000E+00
  0.1036632E+01  0.5966563E+00  0.0000000E+00
  0.1042652E+01  0.5861734E+00  0.0000000E+00
  0.1048672E+01  0.5756910E+00  0.0000000E+00
  0.1054471E+01  0.5650865E+00  0.0000000E+00
  0.1060270E+01  0.5544830E+00  0.0000000E+00
  0.1065868E+01  0.5437727E+00  0.0000000E+00
  0.1071466E+01  0.5330634E+00  0.0000000E+00
  0.1076853E+01  0.5222482E+00  0.0000000E+00
  0.1082240E+01  0.5114337E+00  0.0000000E+00
  0.1087405E+01  0.5005128E+00  0.0000000E+00
  0.1092570E+01  0.4895930E+00  0.0000000E+00
  0.1097528E+01  0.4785787E+00  0.0000000E+00
  0.1102485E+01  0.4675654E+00  0.0000000E+00
  0.1107221E+01  0.4564565E+00  0.0000000E+00
  0.1111956E+01  0.4453487E+00  0.0000000E+00
  0.1116468E+01  0.4341496E+00  0.0000000E+00
  0.1120979E+01  0.4229520E+00  0.0000000E+00
  0.1125278E+01  0.4116723E+00  0.0000000E+00
  0.1129577E+01  0.4003937E+00  0.0000000E+00
  0.1133644E+01  0.3890313E+00  0.0000000E+00
  0.1137711E+01  0.3776702E+00  0.0000000E+00
  0.1141555E+01  0.3662332E+00  0.0000000E+00
  0.1145399E+01  0.3547979E+00  0.0000000E+00
  0.1149026E+01  0.3432933E+00  0.0000000E+00
  0.1152652E+01  0.3317899E+00  0.0000000E+00
  0.1156037E+01  0.3202152E+00  0.0000000E+00
  0.1159422E+01  0.3086419E+00  0.0000000E+00
  0.1162584E+01  0.2970073E+00  0.0000000E+00
  0.1165746E+01  0.2853746E+00  0.0000000E+00
  0.1168684E+01  0.2736849E+00  0.0000000E+00
  0.1171621E+01  0.2619965E+00  0.0000000E+00
  0.1174315E+01  0.2502517E+00  0.0000000E+00
  0.1177009E+01  0.2385086E+00  0.0000000E+00
  0.1179479E+01  0.2267182E+00  0.0000000E+00
  0.1181950E+01  0.2149298E+00  0.0000000E+00
  0.1184187E+01  0.2030968E+00  0.0000000E+00
  0.1186425E+01  0.1912654E+00  0.0000000E+00
  0.1188422E+01  0.1793931E+00  0.0000000E+00
  0.1190418E+01  0.1675227E+00  0.0000000E+00
  0.1192188E+01  0.1556183E+00  0.0000000E+00
  0.1193959E+01  0.1437159E+00  0.0000000E+00
  0.1195488E+01  0.1317822E+00  0.0000000E+00
  0.1197017E+01  0.1198504E+00  0.0000000E+00
  0.1198309E+01  0.1078925E+00  0.0000000E+00
  0.1199601E+01  0.9593704E-01  0.0000000E+00
  0.1200665E+01  0.8396105E-01  0.0000000E+00
  0.1201730E+01  0.7198692E-01  0.0000000E+00
  0.1202547E+01  0.5999592E-01  0.0000000E+00
  0.1203364E+01  0.4800688E-01  0.0000000E+00
  0.1203949E+01  0.3600617E-01  0.0000000E+00
  0.1204533E+01  0.2400815E-01  0.0000000E+00
  0.1204889E+01  0.1200318E-01  0.0000000E+00
  0.1192965E+01  0.1195900E-01  0.0000000E+00
  0.1192638E+01  0.2441308E-01  0.0000000E+00
  0.1192022E+01  0.3637452E-01  0.0000000E+00
  0.1191437E+01  0.4881660E-01  0.0000000E+00
  0.1190588E+01  0.6076214E-01  0.0000000E+00
  0.1189738E+01  0.7319971E-01  0.0000000E+00
  0.1188651E+01  0.8513571E-01  0.0000000E+00
  0.1187539E+01  0.9755177E-01  0.0000000E+00
  0.1186230E+01  0.1094706E+00  0.0000000E+00
  0.1184854E+01  0.1218644E+00  0.0000000E+00
  0.1183311E+01  0.1337558E+00  0.0000000E+00
  0.1181671E+01  0.1461247E+00  0.0000000E+00
  0.1179897E+01  0.1579932E+00  0.0000000E+00
  0.1178001E+01  0.1703250E+00  0.0000000E+00
  0.1176002E+01  0.1821570E+00  0.0000000E+00
  0.1173834E+01  0.1944525E+00  0.0000000E+00
  0.1171601E+01  0.2062479E+00  0.0000000E+00
  0.1169186E+01  0.2184993E+00  0.0000000E+00
  0.1166726E+01  0.2302537E+00  0.0000000E+00
  0.1164042E+01  0.2424520E+00  0.0000000E+00
  0.1161360E+01  0.2541600E+00  0.0000000E+00
  0.1158421E+01  0.2663081E+00  0.0000000E+00
  0.1155507E+01  0.2779616E+00  0.0000000E+00
  0.1152317E+01  0.2900455E+00  0.0000000E+00
  0.1149179E+01  0.3016479E+00  0.0000000E+00
  0.1145725E+01  0.3136643E+00  0.0000000E+00
  0.1142370E+01  0.3252056E+00  0.0000000E+00
  0.1138668E+01  0.3371573E+00  0.0000000E+00
  0.1135083E+01  0.3486275E+00  0.0000000E+00
  0.1131125E+01  0.3604934E+00  0.0000000E+00
  0.1127319E+01  0.3719022E+00  0.0000000E+00
  0.1123114E+01  0.3836929E+00  0.0000000E+00
  0.1119096E+01  0.3950236E+00  0.0000000E+00
  0.1114635E+01  0.4067228E+00  0.0000000E+00
  0.1110390E+01  0.4179737E+00  0.0000000E+00
  0.1105690E+01  0.4295818E+00  0.0000000E+00
  0.1101235E+01  0.4407535E+00  0.0000000E+00
  0.1096478E+01  0.4517992E+00  0.0000000E+00
  0.1091610E+01  0.4633441E+00  0.0000000E+00
  0.1086634E+01  0.4743024E+00  0.0000000E+00
  0.1081519E+01  0.4857363E+00  0.0000000E+00
  0.1076339E+01  0.4966021E+00  0.0000000E+00
  0.1070990E+01  0.5079316E+00  0.0000000E+00
  0.1065593E+01  0.5186927E+00  0.0000000E+00
  0.1059999E+01  0.5299061E+00  0.0000000E+00
  0.1054397E+01  0.5405731E+00  0.0000000E+00
  0.1048574E+01  0.5516646E+00  0.0000000E+00
  0.1042773E+01  0.5622183E+00  0.0000000E+00
  0.1036708E+01  0.5731899E+00  0.0000000E+00
  0.1030694E+01  0.5836314E+00  0.0000000E+00
  0.1024408E+01  0.5944736E+00  0.0000000E+00
  0.1018198E+01  0.6048046E+00  0.0000000E+00
  0.1011677E+01  0.6155081E+00  0.0000000E+00
  0.1005273E+01  0.6257162E+00  0.0000000E+00
  0.9985286E+00  0.6362876E+00  0.0000000E+00
  0.9919219E+00  0.6463702E+00  0.0000000E+00
  0.9849621E+00  0.6567975E+00  0.0000000E+00
  0.9781658E+00  0.6667555E+00  0.0000000E+00
  0.9709780E+00  0.6770306E+00  0.0000000E+00
  0.9639923E+00  0.6868567E+00  0.0000000E+00
  0.9565981E+00  0.6969882E+00  0.0000000E+00
  0.9494219E+00  0.7066748E+00  0.0000000E+00
  0.9418092E+00  0.7166399E+00  0.0000000E+00
  0.9344482E+00  0.7261929E+00  0.0000000E+00
  0.9266278E+00  0.7360031E+00  0.0000000E+00
  0.9190873E+00  0.7454085E+00  0.0000000E+00
  0.9110628E+00  0.7550504E+00  0.0000000E+00
  0.9033379E+00  0.7643096E+00  0.0000000E+00
  0.8951111E+00  0.7737811E+00  0.0000000E+00
  0.8872169E+00  0.7828949E+00  0.0000000E+00
  0.8787886E+00  0.7921959E+00  0.0000000E+00
  0.8707205E+00  0.8011487E+00  0.0000000E+00
  0.8621013E+00  0.8102656E+00  0.0000000E+00
  0.8538569E+00  0.8190642E+00  0.0000000E+00
  0.8450475E+00  0.8280084E+00  0.0000000E+00
  0.8366517E+00  0.8366517E+00  0.0000000E+00
  0.8280084E+00  0.8450475E+00  0.0000000E+00
  0.8190642E+00  0.8538569E+00  0.0000000E+00
  0.8102656E+00  0.8621013E+00  0.0000000E+00
  0.8011487E+00  0.8707205E+00  0.0000000E+00
  0.7921959E+00  0.8787886E+00  0.0000000E+00
  0.7828949E+00  0.8872169E+00  0.0000000E+00
  0.7737811E+00  0.8951111E+00  0.0000000E+00
  0.7643096E+00  0.9033379E+00  0.0000000E+00
  0.7550504E+00  0.9110628E+00  0.0000000E+00
  0.7454085E+00  0.9190873E+00  0.0000000E+00
  0.7360031E+00  0.9266278E+00  0.0000000E+00
  0.7261929E+00  0.9344482E+00  0.0000000E+00
  0.7166399E+00  0.9418092E+00  0.0000000E+00
  0.7066748E+00  0.9494219E+00  0.0000000E+00
  0.6969882E+00  0.9565981E+00  0.0000000E+00
  0.6868567E+00  0.9639923E+00  0.0000000E+00
  0.6770306E+00  0.9709780E+00  0.0000000E+00
  0.6667555E+00  0.9781658E+00  0.0000000E+00
  0.6567975E+00  0.9849621E+00  0.0000000E+00
  0.6463702E+00  0.9919219E+00  0.0000000E+00
  0.6362876E+00  0.9985286E+00  0.0000000E+00
  0.6257162E+00  0.1005273E+01  0.0000000E+00
  0.6155081E+00  0.1011677E+01  0.0000000E+00
  0.6048046E+00  0.1018198E+01  0.0000000E+00
  0.5944736E+00  0.1024408E+01  0.0000000E+00
  0.5836314E+00  0.1030694E+01  0.0000000E+00
  0.5731899E+00  0.1036708E+01  0.0000000E+00
  0.5622183E+00  0.1042773E+01  0.0000000E+00
  0.5516646E+00  0.1048574E+01  0.0000000E+00
  0.5405731E+00  0.1054397E+01  0.0000000E+00
  0.5299061E+00  0.1059999E+01  0.0000000E+00
  0.5186927E+00  0.1065593E+01  0.0000000E+00
  0.5079316E+00  0.1070990E+01  0.0000000E+00
  0.4966021E+00  0.1076339E+01  0.0000000E+00
  0.4857363E+00  0.1081519E+01  0.0000000E+00
  0.4743024E+00  0.1086634E+01  0.0000000E+00
  0.4633441E+00  0.1091610E+01  0.0000000E+00
  0.4517992E+00  0.1096478E+01  0.0000000E+00
  0.4407535E+00  0.1101235E+01  0.0000000E+00
  0.4295818E+00  0.1105690E+01  0.0000000E+00
  0.4179737E+00  0.1110390E+01  0.0000000E+00
  0.4067228E+00  0.1114635E+01  0.0000000E+00
  0.3950236E+00  0.1119096E+01  0.0000000E+00
  0.3836929E+00  0.1123114E+01  0.0000000E+00
  0.3719022E+00  0.1127319E+01  0.0000000E+00
  0.3604934E+00  0.1131125E+01  0.0000000E+00
  0.3486275E+00  0.1135083E+01  0.0000000E+00
  0.3371573E+00  0.1138668E+01  0.0000000E+00
  0.3252056E+00  0.1142370E+01  0.0000000E+00
  0.3136643E+00  0.1145725E+01  0.0000000E+00
  0.3016479E+00  0.1149179E+01  0.0000000E+00
  0.2900455E+00  0.1152317E+01  0.0000000E+00
  0.2779616E+00  0.1155507E+01  0.0000000E+00
  0.2663081E+00  0.1158421E+01  0.0000000E+00
  0.2541600E+00  0.1161360E+01  0.0000000E+00
  0.2424520E+00  0.1164042E+01  0.0000000E+00
  0.2302537E+00  0.1166726E+01  0.0000000E+00
  0.2184993E+00  0.1169186E+01  0.0000000E+00
  0.2062479E+00  0.1171601E+01  0.0000000E+00
  0.1944525E+00  0.1173834E+01  0.0000000E+00
  0.1821570E+00  0.1176002E+01  0.0000000E+00
  0.1703250E+00  0.1178001E+01  0.0000000E+00
  0.1579932E+00  0.1179897E+01  0.0000000E+00
  0.1461247E+00  0.1181671E+01  0.0000000E+00
  0.1337558E+00  0.1183311E+01  0.0000000E+00
  0.1218644E+00  0.1184854E+01  0.0000000E+00
  0.1094706E+00  0.1186230E+01  0.0000000E+00
  0.9755177E-01  0.1187539E+01  0.0000000E+00
  0.8513571E-01  0.1188651E+01  0.0000000E+00
  0.7319971E-01  0.1189738E+01  0.0000000E+00
  0.6076214E-01  0.1190588E+01  0.0000000E+00
  0.4881660E-01  0.1191437E+01  0.0000000E+00
  0.3637452E-01  0.1192022E+01  0.0000000E+00
  0.2441308E-01  0.1192638E+01  0.0000000E+00
  0.1195900E-01  0.1192965E+01  0.0000000E+00
  0.1163251E-01  0.1227766E+01  0.0000000E+00
  0.2326664E-01  0.1227423E+01  0.0000000E+00
  0.3489456E-01  0.1226869E+01  0.0000000E+00
  0.4652488E-01  0.1226315E+01  0.0000000E+00
  0.5814486E-01  0.1225548E+01  0.0000000E+00
  0.6976699E-01  0.1224782E+01  0.0000000E+00
  0.8137430E-01  0.1223790E+01  0.0000000E+00
  0.9298323E-01  0.1222799E+01  0.0000000E+00
  0.1045735E+00  0.1221588E+01  0.0000000E+00
  0.1161657E+00  0.1220377E+01  0.0000000E+00
  0.1277355E+00  0.1218954E+01  0.0000000E+00
  0.1393075E+00  0.1217532E+01  0.0000000E+00
  0.1508527E+00  0.1215893E+01  0.0000000E+00
  0.1623995E+00  0.1214254E+01  0.0000000E+00
  0.1739144E+00  0.1212390E+01  0.0000000E+00
  0.1854306E+00  0.1210526E+01  0.0000000E+00
  0.1969126E+00  0.1208451E+01  0.0000000E+00
  0.2083967E+00  0.1206376E+01  0.0000000E+00
  0.2198422E+00  0.1204091E+01  0.0000000E+00
  0.2312894E+00  0.1201805E+01  0.0000000E+00
  0.2426920E+00  0.1199298E+01  0.0000000E+00
  0.2540959E+00  0.1196790E+01  0.0000000E+00
  0.2654528E+00  0.1194070E+01  0.0000000E+00
  0.2768113E+00  0.1191349E+01  0.0000000E+00
  0.2881194E+00  0.1188420E+01  0.0000000E+00
  0.2994292E+00  0.1185491E+01  0.0000000E+00
  0.3106837E+00  0.1182351E+01  0.0000000E+00
  0.3219395E+00  0.1179210E+01  0.0000000E+00
  0.3331342E+00  0.1175852E+01  0.0000000E+00
  0.3443302E+00  0.1172494E+01  0.0000000E+00
  0.3554641E+00  0.1168931E+01  0.0000000E+00
  0.3665996E+00  0.1165368E+01  0.0000000E+00
  0.3776698E+00  0.1161602E+01  0.0000000E+00
  0.3887412E+00  0.1157837E+01  0.0000000E+00
  0.3997378E+00  0.1153853E+01  0.0000000E+00
  0.4107353E+00  0.1149869E+01  0.0000000E+00
  0.4216589E+00  0.1145683E+01  0.0000000E+00
  0.4325837E+00  0.1141497E+01  0.0000000E+00
  0.4434319E+00  0.1137112E+01  0.0000000E+00
  0.4542812E+00  0.1132728E+01  0.0000000E+00
  0.4650462E+00  0.1128137E+01  0.0000000E+00
  0.4758122E+00  0.1123545E+01  0.0000000E+00
  0.4864899E+00  0.1118749E+01  0.0000000E+00
  0.4971685E+00  0.1113952E+01  0.0000000E+00
  0.5077593E+00  0.1108963E+01  0.0000000E+00
  0.5183512E+00  0.1103973E+01  0.0000000E+00
  0.5288505E+00  0.1098788E+01  0.0000000E+00
  0.5393506E+00  0.1093604E+01  0.0000000E+00
  0.5497477E+00  0.1088213E+01  0.0000000E+00
  0.5601454E+00  0.1082821E+01  0.0000000E+00
  0.5704445E+00  0.1077242E+01  0.0000000E+00
  0.5807445E+00  0.1071663E+01  0.0000000E+00
  0.5909416E+00  0.1065896E+01  0.0000000E+00
  0.6011395E+00  0.1060128E+01  0.0000000E+00
  0.6112251E+00  0.1054165E+01  0.0000000E+00
  0.6213112E+00  0.1048201E+01  0.0000000E+00
  0.6312852E+00  0.1042051E+01  0.0000000E+00
  0.6412598E+00  0.1035899E+01  0.0000000E+00
  0.6511208E+00  0.1029567E+01  0.0000000E+00
  0.6609826E+00  0.1023234E+01  0.0000000E+00
  0.6707255E+00  0.1016718E+01  0.0000000E+00
  0.6804689E+00  0.1010203E+01  0.0000000E+00
  0.6900854E+00  0.1003500E+01  0.0000000E+00
  0.6997021E+00  0.9967965E+00  0.0000000E+00
  0.7091951E+00  0.9899185E+00  0.0000000E+00
  0.7186886E+00  0.9830400E+00  0.0000000E+00
  0.7280561E+00  0.9759904E+00  0.0000000E+00
  0.7374240E+00  0.9689404E+00  0.0000000E+00
  0.7466535E+00  0.9617094E+00  0.0000000E+00
  0.7558831E+00  0.9544784E+00  0.0000000E+00
  0.7649774E+00  0.9470770E+00  0.0000000E+00
  0.7740718E+00  0.9396754E+00  0.0000000E+00
  0.7830308E+00  0.9321102E+00  0.0000000E+00
  0.7919901E+00  0.9245447E+00  0.0000000E+00
  0.8008061E+00  0.9168124E+00  0.0000000E+00
  0.8096222E+00  0.9090800E+00  0.0000000E+00
  0.8182881E+00  0.9011791E+00  0.0000000E+00
  0.8269540E+00  0.8932783E+00  0.0000000E+00
  0.8354755E+00  0.8852219E+00  0.0000000E+00
  0.8439972E+00  0.8771653E+00  0.0000000E+00
  0.8523718E+00  0.8689560E+00  0.0000000E+00
  0.8607466E+00  0.8607466E+00  0.0000000E+00
  0.8689560E+00  0.8523718E+00  0.0000000E+00
  0.8771653E+00  0.8439972E+00  0.0000000E+00
  0.8852219E+00  0.8354755E+00  0.0000000E+00
  0.8932783E+00  0.8269540E+00  0.0000000E+00
  0.9011791E+00  0.8182881E+00  0.0000000E+00
  0.9090800E+00  0.8096222E+00  0.0000000E+00
  0.9168124E+00  0.8008061E+00  0.0000000E+00
  0.9245447E+00  0.7919901E+00  0.0000000E+00
  0.9321102E+00  0.7830308E+00  0.0000000E+00
  0.9396754E+00  0.7740718E+00  0.0000000E+00
  0.9470770E+00  0.7649774E+00  0.0000000E+00
  0.9544784E+00  0.7558831E+00  0.0000000E+00
  0.9617094E+00  0.7466535E+00  0.0000000E+00
  0.9689404E+00  0.7374240E+00  0.0000000E+00
  0.9759904E+00  0.7280561E+00  0.0000000E+00
  0.9830400E+00  0.7186886E+00  0.0000000E+00
  0.9899185E+00  0.7091951E+00  0.0000000E+00
  0.9967965E+00  0.6997021E+00  0.0000000E+00
  0.1003500E+01  0.6900854E+00  0.0000000E+00
  0.1010203E+01  0.6804689E+00  0.0000000E+00
  0.1016718E+01  0.6707255E+00  0.0000000E+00
  0.1023234E+01  0.6609826E+00  0.0000000E+00
  0.1029567E+01  0.6511208E+00  0.0000000E+00
  0.1035899E+01  0.6412598E+00  0.0000000E+00
  0.1042051E+01  0.6312852E+00  0.0000000E+00
  0.1048201E+01  0.6213112E+00  0.0000000E+00
  0.1054165E+01  0.6112251E+00  0.0000000E+00
  0.1060128E+01  0.6011395E+00  0.0000000E+00
  0.1065896E+01  0.5909416E+00  0.0000000E+00
  0.1071663E+01  0.5807445E+00  0.0000000E+00
  0.1077242E+01  0.5704445E+00  0.0000000E+00
  0.1082821E+01  0.5601454E+00  0.0000000E+00
  0.1088213E+01  0.5497477E+00  0.0000000E+00
  0.1093604E+01  0.5393506E+00  0.0000000E+00
  0.1098788E+01  0.5288505E+00  0.0000000E+00
  0.1103973E+01  0.5183512E+00  0.0000000E+00
  0.1108963E+01  0.5077593E+00  0.0000000E+00
  0.1113952E+01  0.4971685E+00  0.0000000E+00
  0.1118749E+01  0.4864899E+00  0.0000000E+00
  0.1123545E+01  0.4758122E+00  0.0000000E+00
  0.1128137E+01  0.4650462E+00  0.0000000E+00
  0.1132728E+01  0.4542812E+00  0.0000000E+00
  0.1137112E+01  0.4434319E+00  0.0000000E+00
  0.1141497E+01  0.4325837E+00  0.0000000E+00
  0.1145683E+01  0.4216589E+00  0.0000000E+00
  0.1149869E+01  0.4107353E+00  0.0000000E+00
  0.1153853E+01  0.3997378E+00  0.0000000E+00
  0.1157837E+01  0.3887412E+00  0.0000000E+00
  0.1161602E+01  0.3776698E+00  0.0000000E+00
  0.1165368E+01  0.3665996E+00  0.0000000E+00
  0.1168931E+01  0.3554641E+00  0.0000000E+00
  0.1172494E+01  0.3443302E+00  0.0000000E+00
  0.1175852E+01  0.3331342E+00  0.0000000E+00
  0.1179210E+01  0.3219395E+00  0.0000000E+00
  0.1182351E+01  0.3106837E+00  0.0000000E+00
  0.1185491E+01  0.2994292E+00  0.0000000E+00
  0.1188420E+01  0.2881194E+00  0.0000000E+00
  0.1191349E+01  0.2768113E+00  0.0000000E+00
  0.1194070E+01  0.2654528E+00  0.0000000E+00
  0.1196790E+01  0.2540959E+00  0.0000000E+00
  0.1199298E+01  0.2426920E+00  0.0000000E+00
  0.1201805E+01  0.2312894E+00  0.0000000E+00
  0.1204091E+01  0.2198422E+00  0.0000000E+00
  0.1206376E+01  0.2083967E+00  0.0000000E+00
  0.1208451E+01  0.1969126E+00  0.0000000E+00
  0.1210526E+01  0.1854306E+00  0.0000000E+00
  0.1212390E+01  0.1739144E+00  0.0000000E+00
  0.1214254E+01  0.1623995E+00  0.0000000E+00
  0.1215893E+01  0.1508527E+00  0.0000000E+00
  0.1217532E+01  0.1393075E+00  0.0000000E+00
  0.1218954E+01  0.1277355E+00  0.0000000E+00
  0.1220377E+01  0.1161657E+00  0.0000000E+00
  0.1221588E+01  0.1045735E+00  0.0000000E+00
  0.1222799E+01  0.9298323E-01  0.0000000E+00
  0.1223790E+01  0.8137430E-01  0.0000000E+00
  0.1224782E+01  0.6976699E-01  0.0000000E+00
  0.1225548E+01  0.5814486E-01  0.0000000E+00
  0.1226315E+01  0.4652488E-01  0.0000000E+00
  0.1226869E+01  0.3489456E-01  0.0000000E+00
  0.1227423E+01  0.2326664E-01  0.0000000E+00
  0.1227766E+01  0.1163251E-01  0.0000000E+00
  0.1216292E+01  0.1158938E-01  0.0000000E+00
  0.1215974E+01  0.2363752E-01  0.0000000E+00
  0.1215388E+01  0.3522912E-01  0.0000000E+00
  0.1214831E+01  0.4726644E-01  0.0000000E+00
  0.1214035E+01  0.5884782E-01  0.0000000E+00
  0.1213242E+01  0.7087834E-01  0.0000000E+00
  0.1212224E+01  0.8244512E-01  0.0000000E+00
  0.1211183E+01  0.9446229E-01  0.0000000E+00
  0.1209954E+01  0.1060178E+00  0.0000000E+00
  0.1208676E+01  0.1180113E+00  0.0000000E+00
  0.1207240E+01  0.1295467E+00  0.0000000E+00
  0.1205719E+01  0.1415165E+00  0.0000000E+00
  0.1204069E+01  0.1530231E+00  0.0000000E+00
  0.1202306E+01  0.1649676E+00  0.0000000E+00
  0.1200440E+01  0.1764482E+00  0.0000000E+00
  0.1198445E+01  0.1883553E+00  0.0000000E+00
  0.1196371E+01  0.1998059E+00  0.0000000E+00
  0.1194129E+01  0.2116725E+00  0.0000000E+00
  0.1191846E+01  0.2230834E+00  0.0000000E+00
  0.1189367E+01  0.2349107E+00  0.0000000E+00
  0.1186871E+01  0.2462803E+00  0.0000000E+00
  0.1184164E+01  0.2580591E+00  0.0000000E+00
  0.1181459E+01  0.2693847E+00  0.0000000E+00
  0.1178507E+01  0.2811064E+00  0.0000000E+00
  0.1175595E+01  0.2923851E+00  0.0000000E+00
  0.1172410E+01  0.3040521E+00  0.0000000E+00
  0.1169294E+01  0.3152759E+00  0.0000000E+00
  0.1165880E+01  0.3268835E+00  0.0000000E+00
  0.1162554E+01  0.3380479E+00  0.0000000E+00
  0.1158903E+01  0.3495810E+00  0.0000000E+00
  0.1155369E+01  0.3606902E+00  0.0000000E+00
  0.1151488E+01  0.3721555E+00  0.0000000E+00
  0.1147761E+01  0.3831983E+00  0.0000000E+00
  0.1143649E+01  0.3945912E+00  0.0000000E+00
  0.1139713E+01  0.4055596E+00  0.0000000E+00
  0.1135374E+01  0.4168650E+00  0.0000000E+00
  0.1131233E+01  0.4277654E+00  0.0000000E+00
  0.1126671E+01  0.4389900E+00  0.0000000E+00
  0.1122340E+01  0.4498141E+00  0.0000000E+00
  0.1117728E+01  0.4605208E+00  0.0000000E+00
  0.1113013E+01  0.4716880E+00  0.0000000E+00
  0.1108198E+01  0.4823125E+00  0.0000000E+00
  0.1103256E+01  0.4933787E+00  0.0000000E+00
  0.1098252E+01  0.5039226E+00  0.0000000E+00
  0.1093096E+01  0.5148890E+00  0.0000000E+00
  0.1087899E+01  0.5253360E+00  0.0000000E+00
  0.1082519E+01  0.5362026E+00  0.0000000E+00
  0.1077123E+01  0.5465546E+00  0.0000000E+00
  0.1071529E+01  0.5573098E+00  0.0000000E+00
  0.1065948E+01  0.5675720E+00  0.0000000E+00
  0.1060144E+01  0.5782126E+00  0.0000000E+00
  0.1054378E+01  0.5883673E+00  0.0000000E+00
  0.1048353E+01  0.5988927E+00  0.0000000E+00
  0.1042396E+01  0.6089400E+00  0.0000000E+00
  0.1036167E+01  0.6193461E+00  0.0000000E+00
  0.1030028E+01  0.6292884E+00  0.0000000E+00
  0.1023595E+01  0.6395682E+00  0.0000000E+00
  0.1017277E+01  0.6493969E+00  0.0000000E+00
  0.1010630E+01  0.6595441E+00  0.0000000E+00
  0.1004133E+01  0.6692558E+00  0.0000000E+00
  0.9972901E+00  0.6792759E+00  0.0000000E+00
  0.9906131E+00  0.6888664E+00  0.0000000E+00
  0.9835758E+00  0.6987474E+00  0.0000000E+00
  0.9767229E+00  0.7082179E+00  0.0000000E+00
  0.9694814E+00  0.7179523E+00  0.0000000E+00
  0.9624609E+00  0.7272975E+00  0.0000000E+00
  0.9550289E+00  0.7368943E+00  0.0000000E+00
  0.9478371E+00  0.7461047E+00  0.0000000E+00
  0.9402164E+00  0.7555489E+00  0.0000000E+00
  0.9328528E+00  0.7646282E+00  0.0000000E+00
  0.9250431E+00  0.7739170E+00  0.0000000E+00
  0.9175187E+00  0.7828637E+00  0.0000000E+00
  0.9095250E+00  0.7920022E+00  0.0000000E+00
  0.9018435E+00  0.8008075E+00  0.0000000E+00
  0.8936647E+00  0.8097800E+00  0.0000000E+00
  0.8858164E+00  0.8184390E+00  0.0000000E+00
  0.8774657E+00  0.8272493E+00  0.0000000E+00
  0.8694619E+00  0.8357671E+00  0.0000000E+00
  0.8609349E+00  0.8444167E+00  0.0000000E+00
  0.8527897E+00  0.8527897E+00  0.0000000E+00
  0.8444167E+00  0.8609349E+00  0.0000000E+00
  0.8357671E+00  0.8694619E+00  0.0000000E+00
  0.8272493E+00  0.8774657E+00  0.0000000E+00
  0.8184390E+00  0.8858164E+00  0.0000000E+00
  0.8097800E+00  0.8936647E+00  0.0000000E+00
  0.8008075E+00  0.9018435E+00  0.0000000E+00
  0.7920022E+00  0.9095250E+00  0.0000000E+00
  0.7828637E+00  0.9175187E+00  0.0000000E+00
  0.7739170E+00  0.9250431E+00  0.0000000E+00
  0.7646282E+00  0.9328528E+00  0.0000000E+00
  0.7555489E+00  0.9402164E+00  0.0000000E+00
  0.7461047E+00  0.9478371E+00  0.0000000E+00
  0.7368943E+00  0.9550289E+00  0.0000000E+00
  0.7272975E+00  0.9624609E+00  0.0000000E+00
  0.7179523E+00  0.9694814E+00  0.0000000E+00
  0.7082179E+00  0.9767229E+00  0.0000000E+00
  0.6987474E+00  0.9835758E+00  0.0000000E+00
  0.6888664E+00  0.9906131E+00  0.0000000E+00
  0.6792759E+00  0.9972901E+00  0.0000000E+00
  0.6692558E+00  0.1004133E+01  0.0000000E+00
  0.6595441E+00  0.1010630E+01  0.0000000E+00
  0.6493969E+00  0.1017277E+01  0.0000000E+00
  0.6395682E+00  0.1023595E+01  0.0000000E+00
  0.6292884E+00  0.1030028E+01  0.0000000E+00
  0.6193461E+00  0.1036167E+01  0.0000000E+00
  0.6089400E+00  0.1042396E+01  0.0000000E+00
  0.5988927E+00  0.1048353E+01  0.0000000E+00
  0.5883673E+00  0.1054378E+01  0.0000000E+00
  0.5782126E+00  0.1060144E+01  0.0000000E+00
  0.5675720E+00  0.1065948E+01  0.0000000E+00
  0.5573098E+00  0.1071529E+01  0.0000000E+00
  0.5465546E+00  0.1077123E+01  0.0000000E+00
  0.5362026E+00  0.1082519E+01  0.0000000E+00
  0.5253360E+00  0.1087899E+01  0.0000000E+00
  0.5148890E+00  0.1093096E+01  0.0000000E+00
  0.5039226E+00  0.1098252E+01  0.0000000E+00
  0.4933787E+00  0.1103256E+01  0.0000000E+00
  0.4823125E+00  0.1108198E+01  0.0000000E+00
  0.4716880E+00  0.1113013E+01  0.0000000E+00
  0.4605208E+00  0.1117728E+01  0.0000000E+00
  0.4498141E+00  0.1122340E+01  0.0000000E+00
  0.4389900E+00  0.1126671E+01  0.0000000E+00
  0.4277654E+00  0.1131233E+01  0.0000000E+00
  0.4168650E+00  0.1135374E+01  0.0000000E+00
  0.4055596E+00  0.1139713E+01  0.0000000E+00
  0.3945912E+00  0.1143649E+01  0.0000000E+00
  0.3831983E+00  0.1147761E+01  0.0000000E+00
  0.3721555E+00  0.1151488E+01  0.0000000E+00
  0.3606902E+00  0.1155369E+01  0.0000000E+00
  0.3495810E+00  0.1158903E+01  0.0000000E+00
  0.3380479E+00  0.1162554E+01  0.0000000E+00
  0.3268835E+00  0.1165880E+01  0.0000000E+00
  0.3152759E+00  0.1169294E+01  0.0000000E+00
  0.3040521E+00  0.1172410E+01  0.0000000E+00
  0.2923851E+00  0.1175595E+01  0.0000000E+00
  0.2811064E+00  0.1178507E+01  0.0000000E+00
  0.2693847E+00  0.1181459E+01  0.0000000E+00
  0.2580591E+00  0.1184164E+01  0.0000000E+00
  0.2462803E+00  0.1186871E+01  0.0000000E+00
  0.2349107E+00  0.1189367E+01  0.0000000E+00
  0.2230834E+00  0.1191846E+01  0.0000000E+00
  0.2116725E+00  0.1194129E+01  0.0000000E+00
  0.1998059E+00  0.1196371E+01  0.0000000E+00
  0.1883553E+00  0.1198445E+01  0.0000000E+00
  0.1764482E+00  0.1200440E+01  0.0000000E+00
  0.1649676E+00  0.1202306E+01  0.0000000E+00
  0.1530231E+00  0.1204069E+01  0.0000000E+00
  0.1415165E+00  0.1205719E+01  0.0000000E+00
  0.1295467E+00  0.1207240E+01  0.0000000E+00
  0.1180113E+00  0.1208676E+01  0.0000000E+00
  0.1060178E+00  0.1209954E+01  0.0000000E+00
  0.9446229E-01  0.1211183E+01  0.0000000E+00
  0.8244512E-01  0.1212224E+01  0.0000000E+00
  0.7087834E-01  0.1213242E+01  0.0000000E+00
  0.5884782E-01  0.1214035E+01  0.0000000E+00
  0.4726644E-01  0.1214831E+01  0.0000000E+00
  0.3522912E-01  0.1215388E+01  0.0000000E+00
  0.2363752E-01  0.1215974E+01  0.0000000E+00
  0.1158938E-01  0.1216292E+01  0.0000000E+00
  0.1116156E-01  0.1249788E+01  0.0000000E+00
  0.2232450E-01  0.1249468E+01  0.0000000E+00
  0.3348221E-01  0.1248956E+01  0.0000000E+00
  0.4464181E-01  0.1248443E+01  0.0000000E+00
  0.5579224E-01  0.1247735E+01  0.0000000E+00
  0.6694490E-01  0.1247026E+01  0.0000000E+00
  0.7808505E-01  0.1246124E+01  0.0000000E+00
  0.8922710E-01  0.1245222E+01  0.0000000E+00
  0.1003531E+00  0.1244119E+01  0.0000000E+00
  0.1114804E+00  0.1243017E+01  0.0000000E+00
  0.1225881E+00  0.1241713E+01  0.0000000E+00
  0.1336972E+00  0.1240409E+01  0.0000000E+00
  0.1447836E+00  0.1238912E+01  0.0000000E+00
  0.1558719E+00  0.1237415E+01  0.0000000E+00
  0.1669336E+00  0.1235724E+01  0.0000000E+00
  0.1779972E+00  0.1234032E+01  0.0000000E+00
  0.1890314E+00  0.1232150E+01  0.0000000E+00
  0.2000670E+00  0.1230267E+01  0.0000000E+00
  0.2110678E+00  0.1228179E+01  0.0000000E+00
  0.2220697E+00  0.1226092E+01  0.0000000E+00
  0.2330352E+00  0.1223812E+01  0.0000000E+00
  0.2440021E+00  0.1221533E+01  0.0000000E+00
  0.2549286E+00  0.1219061E+01  0.0000000E+00
  0.2658569E+00  0.1216589E+01  0.0000000E+00
  0.2767420E+00  0.1213928E+01  0.0000000E+00
  0.2876286E+00  0.1211266E+01  0.0000000E+00
  0.2984676E+00  0.1208412E+01  0.0000000E+00
  0.3093078E+00  0.1205557E+01  0.0000000E+00
  0.3200959E+00  0.1202505E+01  0.0000000E+00
  0.3308850E+00  0.1199452E+01  0.0000000E+00
  0.3416208E+00  0.1196213E+01  0.0000000E+00
  0.3523579E+00  0.1192973E+01  0.0000000E+00
  0.3630378E+00  0.1189546E+01  0.0000000E+00
  0.3737193E+00  0.1186119E+01  0.0000000E+00
  0.3843410E+00  0.1182507E+01  0.0000000E+00
  0.3949639E+00  0.1178895E+01  0.0000000E+00
  0.4055202E+00  0.1175089E+01  0.0000000E+00
  0.4160774E+00  0.1171282E+01  0.0000000E+00
  0.4265674E+00  0.1167290E+01  0.0000000E+00
  0.4370583E+00  0.1163298E+01  0.0000000E+00
  0.4474785E+00  0.1159122E+01  0.0000000E+00
  0.4578999E+00  0.1154946E+01  0.0000000E+00
  0.4682487E+00  0.1150591E+01  0.0000000E+00
  0.4785986E+00  0.1146235E+01  0.0000000E+00
  0.4888712E+00  0.1141697E+01  0.0000000E+00
  0.4991447E+00  0.1137160E+01  0.0000000E+00
  0.5093345E+00  0.1132434E+01  0.0000000E+00
  0.5195249E+00  0.1127708E+01  0.0000000E+00
  0.5296326E+00  0.1122805E+01  0.0000000E+00
  0.5397411E+00  0.1117902E+01  0.0000000E+00
  0.5497636E+00  0.1112824E+01  0.0000000E+00
  0.5597870E+00  0.1107746E+01  0.0000000E+00
  0.5697219E+00  0.1102494E+01  0.0000000E+00
  0.5796576E+00  0.1097243E+01  0.0000000E+00
  0.5894976E+00  0.1091812E+01  0.0000000E+00
  0.5993381E+00  0.1086381E+01  0.0000000E+00
  0.6090817E+00  0.1080777E+01  0.0000000E+00
  0.6188257E+00  0.1075172E+01  0.0000000E+00
  0.6284705E+00  0.1069396E+01  0.0000000E+00
  0.6381160E+00  0.1063620E+01  0.0000000E+00
  0.6476614E+00  0.1057680E+01  0.0000000E+00
  0.6572074E+00  0.1051738E+01  0.0000000E+00
  0.6666487E+00  0.1045631E+01  0.0000000E+00
  0.6760906E+00  0.1039524E+01  0.0000000E+00
  0.6854194E+00  0.1033244E+01  0.0000000E+00
  0.6947486E+00  0.1026964E+01  0.0000000E+00
  0.7039674E+00  0.1020522E+01  0.0000000E+00
  0.7131866E+00  0.1014080E+01  0.0000000E+00
  0.7222930E+00  0.1007478E+01  0.0000000E+00
  0.7313999E+00  0.1000877E+01  0.0000000E+00
  0.7403917E+00  0.9941189E+00  0.0000000E+00
  0.7493839E+00  0.9873606E+00  0.0000000E+00
  0.7582544E+00  0.9804427E+00  0.0000000E+00
  0.7671251E+00  0.9735247E+00  0.0000000E+00
  0.7758708E+00  0.9664487E+00  0.0000000E+00
  0.7846167E+00  0.9593726E+00  0.0000000E+00
  0.7932377E+00  0.9521444E+00  0.0000000E+00
  0.8018588E+00  0.9449161E+00  0.0000000E+00
  0.8103548E+00  0.9375408E+00  0.0000000E+00
  0.8188511E+00  0.9301653E+00  0.0000000E+00
  0.8272172E+00  0.9226425E+00  0.0000000E+00
  0.8355836E+00  0.9151195E+00  0.0000000E+00
  0.8438124E+00  0.9074461E+00  0.0000000E+00
  0.8520413E+00  0.8997728E+00  0.0000000E+00
  0.8601338E+00  0.8919555E+00  0.0000000E+00
  0.8682262E+00  0.8841383E+00  0.0000000E+00
  0.8761822E+00  0.8761822E+00  0.0000000E+00
  0.8841383E+00  0.8682262E+00  0.0000000E+00
  0.8919555E+00  0.8601338E+00  0.0000000E+00
  0.8997728E+00  0.8520413E+00  0.0000000E+00
  0.9074461E+00  0.8438124E+00  0.0000000E+00
  0.9151195E+00  0.8355836E+00  0.0000000E+00
  0.9226425E+00  0.8272172E+00  0.0000000E+00
  0.9301653E+00  0.8188511E+00  0.0000000E+00
  0.9375408E+00  0.8103548E+00  0.0000000E+00
  0.9449161E+00  0.8018588E+00  0.0000000E+00
  0.9521444E+00  0.7932377E+00  0.0000000E+00
  0.9593726E+00  0.7846167E+00  0.0000000E+00
  0.9664487E+00  0.7758708E+00  0.0000000E+00
  0.9735247E+00  0.7671251E+00  0.0000000E+00
  0.9804427E+00  0.7582544E+00  0.0000000E+00
  0.9873606E+00  0.7493839E+00  0.0000000E+00
  0.9941189E+00  0.7403917E+00  0.0000000E+00
  0.1000877E+01  0.7313999E+00  0.0000000E+00
  0.1007478E+01  0.7222930E+00  0.0000000E+00
  0.1014080E+01  0.7131866E+00  0.0000000E+00
  0.1020522E+01  0.7039674E+00  0.0000000E+00
  0.1026964E+01  0.6947486E+00  0.0000000E+00
  0.1033244E+01  0.6854194E+00  0.0000000E+00
  0.1039524E+01  0.6760906E+00  0.0000000E+00
  0.1045631E+01  0.6666487E+00  0.0000000E+00
  0.1051738E+01  0.6572074E+00  0.0000000E+00
  0.1057680E+01  0.6476614E+00  0.0000000E+00
  0.1063620E+01  0.6381160E+00  0.0000000E+00
  0.1069396E+01  0.6284705E+00  0.0000000E+00
  0.1075172E+01  0.6188257E+00  0.0000000E+00
  0.1080777E+01  0.6090817E+00  0.0000000E+00
  0.1086381E+01  0.5993381E+00  0.0000000E+00
  0.1091812E+01  0.5894976E+00  0.0000000E+00
  0.1097243E+01  0.5796576E+00  0.0000000E+00
  0.1102494E+01  0.5697219E+00  0.0000000E+00
  0.1107746E+01  0.5597870E+00  0.0000000E+00
  0.1112824E+01  0.5497636E+00  0.0000000E+00
  0.1117902E+01  0.5397411E+00  0.0000000E+00
  0.1122805E+01  0.5296326E+00  0.0000000E+00
  0.1127708E+01  0.5195249E+00  0.0000000E+00
  0.1132434E+01  0.5093345E+00  0.0000000E+00
  0.1137160E+01  0.4991447E+00  0.0000000E+00
  0.1141697E+01  0.4888712E+00  0.0000000E+00
  0.1146235E+01  0.4785986E+00  0.0000000E+00
  0.1150591E+01  0.4682487E+00  0.0000000E+00
  0.1154946E+01  0.4578999E+00  0.0000000E+00
  0.1159122E+01  0.4474785E+00  0.0000000E+00
  0.1163298E+01  0.4370583E+00  0.0000000E+00
  0.1167290E+01  0.4265674E+00  0.0000000E+00
  0.1171282E+01  0.4160774E+00  0.0000000E+00
  0.1175089E+01  0.4055202E+00  0.0000000E+00
  0.1178895E+01  0.3949639E+00  0.0000000E+00
  0.1182507E+01  0.3843410E+00  0.0000000E+00
  0.1186119E+01  0.3737193E+00  0.0000000E+00
  0.1189546E+01  0.3630378E+00  0.0000000E+00
  0.1192973E+01  0.3523579E+00  0.0000000E+00
  0.1196213E+01  0.3416208E+00  0.0000000E+00
  0.1199452E+01  0.3308850E+00  0.0000000E+00
  0.1202505E+01  0.3200959E+00  0.0000000E+00
  0.1205557E+01  0.3093078E+00  0.0000000E+00
  0.1208412E+01  0.2984676E+00  0.0000000E+00
  0.1211266E+01  0.2876286E+00  0.0000000E+00
  0.1213928E+01  0.2767420E+00  0.0000000E+00
  0.1216589E+01  0.2658569E+00  0.0000000E+00
  0.1219061E+01  0.2549286E+00  0.0000000E+00
  0.1221533E+01  0.2440021E+00  0.0000000E+00
  0.1223812E+01  0.2330352E+00  0.0000000E+00
  0.1226092E+01  0.2220697E+00  0.0000000E+00
  0.1228179E+01  0.2110678E+00  0.0000000E+00
  0.1230267E+01  0.2000670E+00  0.0000000E+00
  0.1232150E+01  0.1890314E+00  0.0000000E+00
  0.1234032E+01  0.1779972E+00  0.0000000E+00
  0.1235724E+01  0.1669336E+00  0.0000000E+00
  0.1237415E+01  0.1558719E+00  0.0000000E+00
  0.1238912E+01  0.1447836E+00  0.0000000E+00
  0.1240409E+01  0.1336972E+00  0.0000000E+00
  0.1241713E+01  0.1225881E+00  0.0000000E+00
  0.1243017E+01  0.1114804E+00  0.0000000E+00
  0.1244119E+01  0.1003531E+00  0.0000000E+00
  0.1245222E+01  0.8922710E-01  0.0000000E+00
  0.1246124E+01  0.7808505E-01  0.0000000E+00
  0.1247026E+01  0.6694490E-01  0.0000000E+00
  0.1247735E+01  0.5579224E-01  0.0000000E+00
  0.1248443E+01  0.4464181E-01  0.0000000E+00
  0.1248956E+01  0.3348221E-01  0.0000000E+00
  0.1249468E+01  0.2232450E-01  0.0000000E+00
  0.1249788E+01  0.1116156E-01  0.0000000E+00
  0.1238747E+01  0.1111976E-01  0.0000000E+00
  0.1238441E+01  0.2279576E-01  0.0000000E+00
  0.1237897E+01  0.3391732E-01  0.0000000E+00
  0.1237370E+01  0.4558408E-01  0.0000000E+00
  0.1236638E+01  0.5670247E-01  0.0000000E+00
  0.1235890E+01  0.6835771E-01  0.0000000E+00
  0.1234965E+01  0.7946199E-01  0.0000000E+00
  0.1233991E+01  0.9110834E-01  0.0000000E+00
  0.1232870E+01  0.1021976E+00  0.0000000E+00
  0.1231674E+01  0.1138277E+00  0.0000000E+00
  0.1230361E+01  0.1249033E+00  0.0000000E+00
  0.1228945E+01  0.1365085E+00  0.0000000E+00
  0.1227444E+01  0.1475655E+00  0.0000000E+00
  0.1225806E+01  0.1591437E+00  0.0000000E+00
  0.1224113E+01  0.1701747E+00  0.0000000E+00
  0.1222247E+01  0.1817239E+00  0.0000000E+00
  0.1220366E+01  0.1927262E+00  0.0000000E+00
  0.1218283E+01  0.2042452E+00  0.0000000E+00
  0.1216208E+01  0.2152152E+00  0.0000000E+00
  0.1213910E+01  0.2266942E+00  0.0000000E+00
  0.1211646E+01  0.2376307E+00  0.0000000E+00
  0.1209125E+01  0.2490638E+00  0.0000000E+00
  0.1206670E+01  0.2599651E+00  0.0000000E+00
  0.1203929E+01  0.2713515E+00  0.0000000E+00
  0.1201290E+01  0.2822105E+00  0.0000000E+00
  0.1198332E+01  0.2935502E+00  0.0000000E+00
  0.1195509E+01  0.3043613E+00  0.0000000E+00
  0.1192335E+01  0.3156469E+00  0.0000000E+00
  0.1189321E+01  0.3264077E+00  0.0000000E+00
  0.1185929E+01  0.3376295E+00  0.0000000E+00
  0.1182728E+01  0.3483418E+00  0.0000000E+00
  0.1179125E+01  0.3595020E+00  0.0000000E+00
  0.1175741E+01  0.3701589E+00  0.0000000E+00
  0.1172106E+01  0.3807290E+00  0.0000000E+00
  0.1168363E+01  0.3918517E+00  0.0000000E+00
  0.1164534E+01  0.4023571E+00  0.0000000E+00
  0.1160569E+01  0.4134046E+00  0.0000000E+00
  0.1156560E+01  0.4238500E+00  0.0000000E+00
  0.1152387E+01  0.4348188E+00  0.0000000E+00
  0.1148200E+01  0.4452024E+00  0.0000000E+00
  0.1143821E+01  0.4560880E+00  0.0000000E+00
  0.1139458E+01  0.4663980E+00  0.0000000E+00
  0.1134868E+01  0.4772027E+00  0.0000000E+00
  0.1130327E+01  0.4874349E+00  0.0000000E+00
  0.1125530E+01  0.4981544E+00  0.0000000E+00
  0.1120808E+01  0.5083105E+00  0.0000000E+00
  0.1115812E+01  0.5189366E+00  0.0000000E+00
  0.1110918E+01  0.5290154E+00  0.0000000E+00
  0.1105722E+01  0.5395454E+00  0.0000000E+00
  0.1100654E+01  0.5495397E+00  0.0000000E+00
  0.1095249E+01  0.5599667E+00  0.0000000E+00
  0.1090011E+01  0.5698735E+00  0.0000000E+00
  0.1084411E+01  0.5802028E+00  0.0000000E+00
  0.1079003E+01  0.5900177E+00  0.0000000E+00
  0.1073210E+01  0.6002418E+00  0.0000000E+00
  0.1067633E+01  0.6099627E+00  0.0000000E+00
  0.1061645E+01  0.6200723E+00  0.0000000E+00
  0.1055897E+01  0.6296988E+00  0.0000000E+00
  0.1049716E+01  0.6396929E+00  0.0000000E+00
  0.1043807E+01  0.6492216E+00  0.0000000E+00
  0.1037435E+01  0.6591018E+00  0.0000000E+00
  0.1031369E+01  0.6685272E+00  0.0000000E+00
  0.1024807E+01  0.6782881E+00  0.0000000E+00
  0.1018577E+01  0.6876031E+00  0.0000000E+00
  0.1011828E+01  0.6972338E+00  0.0000000E+00
  0.1005435E+01  0.7064421E+00  0.0000000E+00
  0.9985094E+00  0.7159465E+00  0.0000000E+00
  0.9919577E+00  0.7250437E+00  0.0000000E+00
  0.9851926E+00  0.7339816E+00  0.0000000E+00
  0.9781454E+00  0.7434006E+00  0.0000000E+00
  0.9712238E+00  0.7522177E+00  0.0000000E+00
  0.9639925E+00  0.7614988E+00  0.0000000E+00
  0.9569167E+00  0.7701980E+00  0.0000000E+00
  0.9495118E+00  0.7793377E+00  0.0000000E+00
  0.9422874E+00  0.7879213E+00  0.0000000E+00
  0.9347138E+00  0.7969164E+00  0.0000000E+00
  0.9273458E+00  0.8053767E+00  0.0000000E+00
  0.9196005E+00  0.8142270E+00  0.0000000E+00
  0.9120888E+00  0.8225559E+00  0.0000000E+00
  0.9041725E+00  0.8312584E+00  0.0000000E+00
  0.8965149E+00  0.8394567E+00  0.0000000E+00
  0.8884390E+00  0.8480086E+00  0.0000000E+00
  0.8806420E+00  0.8560777E+00  0.0000000E+00
  0.8724112E+00  0.8644764E+00  0.0000000E+00
  0.8644764E+00  0.8724112E+00  0.0000000E+00
  0.8560777E+00  0.8806420E+00  0.0000000E+00
  0.8480086E+00  0.8884390E+00  0.0000000E+00
  0.8394567E+00  0.8965149E+00  0.0000000E+00
  0.8312584E+00  0.9041725E+00  0.0000000E+00
  0.8225559E+00  0.9120888E+00  0.0000000E+00
  0.8142270E+00  0.9196005E+00  0.0000000E+00
  0.8053767E+00  0.9273458E+00  0.0000000E+00
  0.7969164E+00  0.9347138E+00  0.0000000E+00
  0.7879213E+00  0.9422874E+00  0.0000000E+00
  0.7793377E+00  0.9495118E+00  0.0000000E+00
  0.7701980E+00  0.9569167E+00  0.0000000E+00
  0.7614988E+00  0.9639925E+00  0.0000000E+00
  0.7522177E+00  0.9712238E+00  0.0000000E+00
  0.7434006E+00  0.9781454E+00  0.0000000E+00
  0.7339816E+00  0.9851926E+00  0.0000000E+00
  0.7250437E+00  0.9919577E+00  0.0000000E+00
  0.7159465E+00  0.9985094E+00  0.0000000E+00
  0.7064421E+00  0.1005435E+01  0.0000000E+00
  0.6972338E+00  0.1011828E+01  0.0000000E+00
  0.6876031E+00  0.1018577E+01  0.0000000E+00
  0.6782881E+00  0.1024807E+01  0.0000000E+00
  0.6685272E+00  0.1031369E+01  0.0000000E+00
  0.6591018E+00  0.1037435E+01  0.0000000E+00
  0.6492216E+00  0.1043807E+01  0.0000000E+00
  0.6396929E+00  0.1049716E+01  0.0000000E+00
  0.6296988E+00  0.1055897E+01  0.0000000E+00
  0.6200723E+00  0.1061645E+01  0.0000000E+00
  0.6099627E+00  0.1067633E+01  0.0000000E+00
  0.6002418E+00  0.1073210E+01  0.0000000E+00
  0.5900177E+00  0.1079003E+01  0.0000000E+00
  0.5802028E+00  0.1084411E+01  0.0000000E+00
  0.5698735E+00  0.1090011E+01  0.0000000E+00
  0.5599667E+00  0.1095249E+01  0.0000000E+00
  0.5495397E+00  0.1100654E+01  0.0000000E+00
  0.5395454E+00  0.1105722E+01  0.0000000E+00
  0.5290154E+00  0.1110918E+01  0.0000000E+00
  0.5189366E+00  0.1115812E+01  0.0000000E+00
  0.5083105E+00  0.1120808E+01  0.0000000E+00
  0.4981544E+00  0.1125530E+01  0.0000000E+00
  0.4874349E+00  0.1130327E+01  0.0000000E+00
  0.4772027E+00  0.1134868E+01  0.0000000E+00
  0.4663980E+00  0.1139458E+01  0.0000000E+00
  0.4560880E+00  0.1143821E+01  0.0000000E+00
  0.4452024E+00  0.1148200E+01  0.0000000E+00
  0.4348188E+00  0.1152387E+01  0.0000000E+00
  0.4238500E+00  0.1156560E+01  0.0000000E+00
  0.4134046E+00  0.1160569E+01  0.0000000E+00
  0.4023571E+00  0.1164534E+01  0.0000000E+00
  0.3918517E+00  0.1168363E+01  0.0000000E+00
  0.3807290E+00  0.1172106E+01  0.0000000E+00
  0.3701589E+00  0.1175741E+01  0.0000000E+00
  0.3595020E+00  0.1179125E+01  0.0000000E+00
  0.3483418E+00  0.1182728E+01  0.0000000E+00
  0.3376295E+00  0.1185929E+01  0.0000000E+00
  0.3264077E+00  0.1189321E+01  0.0000000E+00
  0.3156469E+00  0.1192335E+01  0.0000000E+00
  0.3043613E+00  0.1195509E+01  0.0000000E+00
  0.2935502E+00  0.1198332E+01  0.0000000E+00
  0.2822105E+00  0.1201290E+01  0.0000000E+00
  0.2713515E+00  0.1203929E+01  0.0000000E+00
  0.2599651E+00  0.1206670E+01  0.0000000E+00
  0.2490638E+00  0.1209125E+01  0.0000000E+00
  0.2376307E+00  0.1211646E+01  0.0000000E+00
  0.2266942E+00  0.1213910E+01  0.0000000E+00
  0.2152152E+00  0.1216208E+01  0.0000000E+00
  0.2042452E+00  0.1218283E+01  0.0000000E+00
  0.1927262E+00  0.1220366E+01  0.0000000E+00
  0.1817239E+00  0.1222247E+01  0.0000000E+00
  0.1701747E+00  0.1224113E+01  0.0000000E+00
  0.1591437E+00  0.1225806E+01  0.0000000E+00
  0.1475655E+00  0.1227444E+01  0.0000000E+00
  0.1365085E+00  0.1228945E+01  0.0000000E+00
  0.1249033E+00  0.1230361E+01  0.0000000E+00
  0.1138277E+00  0.1231674E+01  0.0000000E+00
  0.1021976E+00  0.1232870E+01  0.0000000E+00
  0.9110834E-01  0.1233991E+01  0.0000000E+00
  0.7946199E-01  0.1234965E+01  0.0000000E+00
  0.6835771E-01  0.1235890E+01  0.0000000E+00
  0.5670247E-01  0.1236638E+01  0.0000000E+00
  0.4558408E-01  0.1237370E+01  0.0000000E+00
  0.3391732E-01  0.1237897E+01  0.0000000E+00
  0.2279576E-01  0.1238441E+01  0.0000000E+00
  0.1111976E-01  0.1238747E+01  0.0000000E+00
  0.1073729E-01  0.1270981E+01  0.0000000E+00
  0.2147574E-01  0.1270686E+01  0.0000000E+00
  0.3220971E-01  0.1270213E+01  0.0000000E+00
  0.4294519E-01  0.1269741E+01  0.0000000E+00
  0.5367290E-01  0.1269090E+01  0.0000000E+00
  0.6440241E-01  0.1268440E+01  0.0000000E+00
  0.7512091E-01  0.1267611E+01  0.0000000E+00
  0.8584136E-01  0.1266782E+01  0.0000000E+00
  0.9654771E-01  0.1265774E+01  0.0000000E+00
  0.1072558E+00  0.1264765E+01  0.0000000E+00
  0.1179471E+00  0.1263579E+01  0.0000000E+00
  0.1286399E+00  0.1262393E+01  0.0000000E+00
  0.1393129E+00  0.1261027E+01  0.0000000E+00
  0.1499870E+00  0.1259661E+01  0.0000000E+00
  0.1606381E+00  0.1258112E+01  0.0000000E+00
  0.1712903E+00  0.1256563E+01  0.0000000E+00
  0.1819168E+00  0.1254837E+01  0.0000000E+00
  0.1925446E+00  0.1253110E+01  0.0000000E+00
  0.2031435E+00  0.1251208E+01  0.0000000E+00
  0.2137442E+00  0.1249305E+01  0.0000000E+00
  0.2243130E+00  0.1247227E+01  0.0000000E+00
  0.2348834E+00  0.1245149E+01  0.0000000E+00
  0.2454189E+00  0.1242895E+01  0.0000000E+00
  0.2559557E+00  0.1240641E+01  0.0000000E+00
  0.2664549E+00  0.1238211E+01  0.0000000E+00
  0.2769552E+00  0.1235781E+01  0.0000000E+00
  0.2874137E+00  0.1233171E+01  0.0000000E+00
  0.2978733E+00  0.1230561E+01  0.0000000E+00
  0.3082893E+00  0.1227777E+01  0.0000000E+00
  0.3187064E+00  0.1224992E+01  0.0000000E+00
  0.3290768E+00  0.1222035E+01  0.0000000E+00
  0.3394483E+00  0.1219076E+01  0.0000000E+00
  0.3497703E+00  0.1215946E+01  0.0000000E+00
  0.3600937E+00  0.1212816E+01  0.0000000E+00
  0.3703648E+00  0.1209515E+01  0.0000000E+00
  0.3806372E+00  0.1206214E+01  0.0000000E+00
  0.3908547E+00  0.1202743E+01  0.0000000E+00
  0.4010732E+00  0.1199273E+01  0.0000000E+00
  0.4112327E+00  0.1195629E+01  0.0000000E+00
  0.4213929E+00  0.1191986E+01  0.0000000E+00
  0.4314907E+00  0.1188168E+01  0.0000000E+00
  0.4415892E+00  0.1184351E+01  0.0000000E+00
  0.4516244E+00  0.1180368E+01  0.0000000E+00
  0.4616604E+00  0.1176384E+01  0.0000000E+00
  0.4716302E+00  0.1172234E+01  0.0000000E+00
  0.4816010E+00  0.1168085E+01  0.0000000E+00
  0.4915017E+00  0.1163769E+01  0.0000000E+00
  0.5014033E+00  0.1159452E+01  0.0000000E+00
  0.5112331E+00  0.1154973E+01  0.0000000E+00
  0.5210638E+00  0.1150493E+01  0.0000000E+00
  0.5308201E+00  0.1145852E+01  0.0000000E+00
  0.5405771E+00  0.1141210E+01  0.0000000E+00
  0.5502544E+00  0.1136402E+01  0.0000000E+00
  0.5599322E+00  0.1131594E+01  0.0000000E+00
  0.5695282E+00  0.1126623E+01  0.0000000E+00
  0.5791248E+00  0.1121651E+01  0.0000000E+00
  0.5886388E+00  0.1116522E+01  0.0000000E+00
  0.5981535E+00  0.1111392E+01  0.0000000E+00
  0.6075829E+00  0.1106106E+01  0.0000000E+00
  0.6170130E+00  0.1100820E+01  0.0000000E+00
  0.6263548E+00  0.1095378E+01  0.0000000E+00
  0.6356972E+00  0.1089936E+01  0.0000000E+00
  0.6449483E+00  0.1084339E+01  0.0000000E+00
  0.6541999E+00  0.1078742E+01  0.0000000E+00
  0.6633581E+00  0.1072991E+01  0.0000000E+00
  0.6725166E+00  0.1067241E+01  0.0000000E+00
  0.6815761E+00  0.1061334E+01  0.0000000E+00
  0.6906358E+00  0.1055428E+01  0.0000000E+00
  0.6995968E+00  0.1049371E+01  0.0000000E+00
  0.7085581E+00  0.1043315E+01  0.0000000E+00
  0.7174182E+00  0.1037110E+01  0.0000000E+00
  0.7262786E+00  0.1030905E+01  0.0000000E+00
  0.7350359E+00  0.1024555E+01  0.0000000E+00
  0.7437937E+00  0.1018205E+01  0.0000000E+00
  0.7524460E+00  0.1011711E+01  0.0000000E+00
  0.7610986E+00  0.1005217E+01  0.0000000E+00
  0.7696424E+00  0.9985800E+00  0.0000000E+00
  0.7781865E+00  0.9919427E+00  0.0000000E+00
  0.7866170E+00  0.9851614E+00  0.0000000E+00
  0.7950476E+00  0.9783798E+00  0.0000000E+00
  0.8033636E+00  0.9714577E+00  0.0000000E+00
  0.8116796E+00  0.9645355E+00  0.0000000E+00
  0.8198809E+00  0.9574772E+00  0.0000000E+00
  0.8280823E+00  0.9504189E+00  0.0000000E+00
  0.8361651E+00  0.9432249E+00  0.0000000E+00
  0.8442480E+00  0.9360307E+00  0.0000000E+00
  0.8522112E+00  0.9287042E+00  0.0000000E+00
  0.8601746E+00  0.9213776E+00  0.0000000E+00
  0.8680163E+00  0.9139209E+00  0.0000000E+00
  0.8758582E+00  0.9064642E+00  0.0000000E+00
  0.8835764E+00  0.8988795E+00  0.0000000E+00
  0.8912947E+00  0.8912947E+00  0.0000000E+00
  0.8988795E+00  0.8835764E+00  0.0000000E+00
  0.9064642E+00  0.8758582E+00  0.0000000E+00
  0.9139209E+00  0.8680163E+00  0.0000000E+00
  0.9213776E+00  0.8601746E+00  0.0000000E+00
  0.9287042E+00  0.8522112E+00  0.0000000E+00
  0.9360307E+00  0.8442480E+00  0.0000000E+00
  0.9432249E+00  0.8361651E+00  0.0000000E+00
  0.9504189E+00  0.8280823E+00  0.0000000E+00
  0.9574772E+00  0.8198809E+00  0.0000000E+00
  0.9645355E+00  0.8116796E+00  0.0000000E+00
  0.9714577E+00  0.8033636E+00  0.0000000E+00
  0.9783798E+00  0.7950476E+00  0.0000000E+00
  0.9851614E+00  0.7866170E+00  0.0000000E+00
  0.9919427E+00  0.7781865E+00  0.0000000E+00
  0.9985800E+00  0.7696424E+00  0.0000000E+00
  0.1005217E+01  0.7610986E+00  0.0000000E+00
  0.1011711E+01  0.7524460E+00  0.0000000E+00
  0.1018205E+01  0.7437937E+00  0.0000000E+00
  0.1024555E+01  0.7350359E+00  0.0000000E+00
  0.1030905E+01  0.7262786E+00  0.0000000E+00
  0.1037110E+01  0.7174182E+00  0.0000000E+00
  0.1043315E+01  0.7085581E+00  0.0000000E+00
  0.1049371E+01  0.6995968E+00  0.0000000E+00
  0.1055428E+01  0.6906358E+00  0.0000000E+00
  0.1061334E+01  0.6815761E+00  0.0000000E+00
  0.1067241E+01  0.6725166E+00  0.0000000E+00
  0.1072991E+01  0.6633581E+00  0.0000000E+00
  0.1078742E+01  0.6541999E+00  0.0000000E+00
  0.1084339E+01  0.6449483E+00  0.0000000E+00
  0.1089936E+01  0.6356972E+00  0.0000000E+00
  0.1095378E+01  0.6263548E+00  0.0000000E+00
  0.1100820E+01  0.6170130E+00  0.0000000E+00
  0.1106106E+01  0.6075829E+00  0.0000000E+00
  0.1111392E+01  0.5981535E+00  0.0000000E+00
  0.1116522E+01  0.5886388E+00  0.0000000E+00
  0.1121651E+01  0.5791248E+00  0.0000000E+00
  0.1126623E+01  0.5695282E+00  0.0000000E+00
  0.1131594E+01  0.5599322E+00  0.0000000E+00
  0.1136402E+01  0.5502544E+00  0.0000000E+00
  0.1141210E+01  0.5405771E+00  0.0000000E+00
  0.1145852E+01  0.5308201E+00  0.0000000E+00
  0.1150493E+01  0.5210638E+00  0.0000000E+00
  0.1154973E+01  0.5112331E+00  0.0000000E+00
  0.1159452E+01  0.5014033E+00  0.0000000E+00
  0.1163769E+01  0.4915017E+00  0.0000000E+00
  0.1168085E+01  0.4816010E+00  0.0000000E+00
  0.1172234E+01  0.4716302E+00  0.0000000E+00
  0.1176384E+01  0.4616604E+00  0.0000000E+00
  0.1180368E+01  0.4516244E+00  0.0000000E+00
  0.1184351E+01  0.4415892E+00  0.0000000E+00
  0.1188168E+01  0.4314907E+00  0.0000000E+00
  0.1191986E+01  0.4213929E+00  0.0000000E+00
  0.1195629E+01  0.4112327E+00  0.0000000E+00
  0.1199273E+01  0.4010732E+00  0.0000000E+00
  0.1202743E+01  0.3908547E+00  0.0000000E+00
  0.1206214E+01  0.3806372E+00  0.0000000E+00
  0.1209515E+01  0.3703648E+00  0.0000000E+00
  0.1212816E+01  0.3600937E+00  0.0000000E+00
  0.1215946E+01  0.3497703E+00  0.0000000E+00
  0.1219076E+01  0.3394483E+00  0.0000000E+00
  0.1222035E+01  0.3290768E+00  0.0000000E+00
  0.1224992E+01  0.3187064E+00  0.0000000E+00
  0.1227777E+01  0.3082893E+00  0.0000000E+00
  0.1230561E+01  0.2978733E+00  0.0000000E+00
  0.1233171E+01  0.2874137E+00  0.0000000E+00
  0.1235781E+01  0.2769552E+00  0.0000000E+00
  0.1238211E+01  0.2664549E+00  0.0000000E+00
  0.1240641E+01  0.2559557E+00  0.0000000E+00
  0.1242895E+01  0.2454189E+00  0.0000000E+00
  0.1245149E+01  0.2348834E+00  0.0000000E+00
  0.1247227E+01  0.2243130E+00  0.0000000E+00
  0.1249305E+01  0.2137442E+00  0.0000000E+00
  0.1251208E+01  0.2031435E+00  0.0000000E+00
  0.1253110E+01  0.1925446E+00  0.0000000E+00
  0.1254837E+01  0.1819168E+00  0.0000000E+00
  0.1256563E+01  0.1712903E+00  0.0000000E+00
  0.1258112E+01  0.1606381E+00  0.0000000E+00
  0.1259661E+01  0.1499870E+00  0.0000000E+00
  0.1261027E+01  0.1393129E+00  0.0000000E+00
  0.1262393E+01  0.1286399E+00  0.0000000E+00
  0.1263579E+01  0.1179471E+00  0.0000000E+00
  0.1264765E+01  0.1072558E+00  0.0000000E+00
  0.1265774E+01  0.9654771E-01  0.0000000E+00
  0.1266782E+01  0.8584136E-01  0.0000000E+00
  0.1267611E+01  0.7512091E-01  0.0000000E+00
  0.1268440E+01  0.6440241E-01  0.0000000E+00
  0.1269090E+01  0.5367290E-01  0.0000000E+00
  0.1269741E+01  0.4294519E-01  0.0000000E+00
  0.1270213E+01  0.3220971E-01  0.0000000E+00
  0.1270686E+01  0.2147574E-01  0.0000000E+00
  0.1270981E+01  0.1073729E-01  0.0000000E+00
  0.1260357E+01  0.1069692E-01  0.0000000E+00
  0.1260073E+01  0.2190027E-01  0.0000000E+00
  0.1259569E+01  0.3259892E-01  0.0000000E+00
  0.1259085E+01  0.4379408E-01  0.0000000E+00
  0.1258409E+01  0.5448961E-01  0.0000000E+00
  0.1257722E+01  0.6567491E-01  0.0000000E+00
  0.1256873E+01  0.7636350E-01  0.0000000E+00
  0.1255987E+01  0.8753662E-01  0.0000000E+00
  0.1254961E+01  0.9821168E-01  0.0000000E+00
  0.1253872E+01  0.1093717E+00  0.0000000E+00
  0.1252671E+01  0.1200304E+00  0.0000000E+00
  0.1251379E+01  0.1311737E+00  0.0000000E+00
  0.1250002E+01  0.1418146E+00  0.0000000E+00
  0.1248511E+01  0.1529364E+00  0.0000000E+00
  0.1246960E+01  0.1635572E+00  0.0000000E+00
  0.1245270E+01  0.1746521E+00  0.0000000E+00
  0.1243546E+01  0.1852514E+00  0.0000000E+00
  0.1241660E+01  0.1963152E+00  0.0000000E+00
  0.1239762E+01  0.2068885E+00  0.0000000E+00
  0.1237669E+01  0.2179174E+00  0.0000000E+00
  0.1235598E+01  0.2284614E+00  0.0000000E+00
  0.1233307E+01  0.2394558E+00  0.0000000E+00
  0.1231065E+01  0.2499654E+00  0.0000000E+00
  0.1228577E+01  0.2609218E+00  0.0000000E+00
  0.1226166E+01  0.2713949E+00  0.0000000E+00
  0.1223482E+01  0.2823099E+00  0.0000000E+00
  0.1220898E+01  0.2927426E+00  0.0000000E+00
  0.1218018E+01  0.3036095E+00  0.0000000E+00
  0.1215262E+01  0.3140010E+00  0.0000000E+00
  0.1212184E+01  0.3248142E+00  0.0000000E+00
  0.1209256E+01  0.3351629E+00  0.0000000E+00
  0.1205987E+01  0.3459218E+00  0.0000000E+00
  0.1202890E+01  0.3562239E+00  0.0000000E+00
  0.1199426E+01  0.3669274E+00  0.0000000E+00
  0.1196165E+01  0.3771778E+00  0.0000000E+00
  0.1192672E+01  0.3873474E+00  0.0000000E+00
  0.1189081E+01  0.3980178E+00  0.0000000E+00
  0.1185416E+01  0.4081287E+00  0.0000000E+00
  0.1181627E+01  0.4187335E+00  0.0000000E+00
  0.1177794E+01  0.4287884E+00  0.0000000E+00
  0.1173815E+01  0.4393216E+00  0.0000000E+00
  0.1169819E+01  0.4493186E+00  0.0000000E+00
  0.1165652E+01  0.4597779E+00  0.0000000E+00
  0.1161495E+01  0.4697140E+00  0.0000000E+00
  0.1157143E+01  0.4800975E+00  0.0000000E+00
  0.1152824E+01  0.4899669E+00  0.0000000E+00
  0.1148285E+01  0.5002719E+00  0.0000000E+00
  0.1143805E+01  0.5100690E+00  0.0000000E+00
  0.1139076E+01  0.5202927E+00  0.0000000E+00
  0.1134437E+01  0.5300167E+00  0.0000000E+00
  0.1129526E+01  0.5401580E+00  0.0000000E+00
  0.1124727E+01  0.5498058E+00  0.0000000E+00
  0.1119637E+01  0.5598594E+00  0.0000000E+00
  0.1114680E+01  0.5694304E+00  0.0000000E+00
  0.1109413E+01  0.5793919E+00  0.0000000E+00
  0.1104301E+01  0.5888836E+00  0.0000000E+00
  0.1098854E+01  0.5987473E+00  0.0000000E+00
  0.1093586E+01  0.6081570E+00  0.0000000E+00
  0.1087959E+01  0.6179219E+00  0.0000000E+00
  0.1082539E+01  0.6272447E+00  0.0000000E+00
  0.1076738E+01  0.6369103E+00  0.0000000E+00
  0.1071168E+01  0.6461441E+00  0.0000000E+00
  0.1065195E+01  0.6557087E+00  0.0000000E+00
  0.1059479E+01  0.6648510E+00  0.0000000E+00
  0.1053333E+01  0.6743100E+00  0.0000000E+00
  0.1047467E+01  0.6833551E+00  0.0000000E+00
  0.1041150E+01  0.6926989E+00  0.0000000E+00
  0.1035134E+01  0.7016486E+00  0.0000000E+00
  0.1028652E+01  0.7108795E+00  0.0000000E+00
  0.1022490E+01  0.7197307E+00  0.0000000E+00
  0.1015846E+01  0.7288470E+00  0.0000000E+00
  0.1009540E+01  0.7375964E+00  0.0000000E+00
  0.1003040E+01  0.7462003E+00  0.0000000E+00
  0.9962846E+00  0.7552385E+00  0.0000000E+00
  0.9896435E+00  0.7637340E+00  0.0000000E+00
  0.9827257E+00  0.7726510E+00  0.0000000E+00
  0.9759436E+00  0.7810367E+00  0.0000000E+00
  0.9688650E+00  0.7898260E+00  0.0000000E+00
  0.9619455E+00  0.7981032E+00  0.0000000E+00
  0.9547116E+00  0.8067621E+00  0.0000000E+00
  0.9476590E+00  0.8149301E+00  0.0000000E+00
  0.9402748E+00  0.8234588E+00  0.0000000E+00
  0.9330898E+00  0.8315139E+00  0.0000000E+00
  0.9255542E+00  0.8399071E+00  0.0000000E+00
  0.9182394E+00  0.8478433E+00  0.0000000E+00
  0.9105510E+00  0.8560988E+00  0.0000000E+00
  0.9031085E+00  0.8639141E+00  0.0000000E+00
  0.8952722E+00  0.8720323E+00  0.0000000E+00
  0.8877057E+00  0.8797256E+00  0.0000000E+00
  0.8797256E+00  0.8877057E+00  0.0000000E+00
  0.8720323E+00  0.8952722E+00  0.0000000E+00
  0.8639141E+00  0.9031085E+00  0.0000000E+00
  0.8560988E+00  0.9105510E+00  0.0000000E+00
  0.8478433E+00  0.9182394E+00  0.0000000E+00
  0.8399071E+00  0.9255542E+00  0.0000000E+00
  0.8315139E+00  0.9330898E+00  0.0000000E+00
  0.8234588E+00  0.9402748E+00  0.0000000E+00
  0.8149301E+00  0.9476590E+00  0.0000000E+00
  0.8067621E+00  0.9547116E+00  0.0000000E+00
  0.7981032E+00  0.9619455E+00  0.0000000E+00
  0.7898260E+00  0.9688650E+00  0.0000000E+00
  0.7810367E+00  0.9759436E+00  0.0000000E+00
  0.7726510E+00  0.9827257E+00  0.0000000E+00
  0.7637340E+00  0.9896435E+00  0.0000000E+00
  0.7552385E+00  0.9962846E+00  0.0000000E+00
  0.7462003E+00  0.1003040E+01  0.0000000E+00
  0.7375964E+00  0.1009540E+01  0.0000000E+00
  0.7288470E+00  0.1015846E+01  0.0000000E+00
  0.7197307E+00  0.1022490E+01  0.0000000E+00
  0.7108795E+00  0.1028652E+01  0.0000000E+00
  0.7016486E+00  0.1035134E+01  0.0000000E+00
  0.6926989E+00  0.1041150E+01  0.0000000E+00
  0.6833551E+00  0.1047467E+01  0.0000000E+00
  0.6743100E+00  0.1053333E+01  0.0000000E+00
  0.6648510E+00  0.1059479E+01  0.0000000E+00
  0.6557087E+00  0.1065195E+01  0.0000000E+00
  0.6461441E+00  0.1071168E+01  0.0000000E+00
  0.6369103E+00  0.1076738E+01  0.0000000E+00
  0.6272447E+00  0.1082539E+01  0.0000000E+00
  0.6179219E+00  0.1087959E+01  0.0000000E+00
  0.6081570E+00  0.1093586E+01  0.0000000E+00
  0.5987473E+00  0.1098854E+01  0.0000000E+00
  0.5888836E+00  0.1104301E+01  0.0000000E+00
  0.5793919E+00  0.1109413E+01  0.0000000E+00
  0.5694304E+00  0.1114680E+01  0.0000000E+00
  0.5598594E+00  0.1119637E+01  0.0000000E+00
  0.5498058E+00  0.1124727E+01  0.0000000E+00
  0.5401580E+00  0.1129526E+01  0.0000000E+00
  0.5300167E+00  0.1134437E+01  0.0000000E+00
  0.5202927E+00  0.1139076E+01  0.0000000E+00
  0.5100690E+00  0.1143805E+01  0.0000000E+00
  0.5002719E+00  0.1148285E+01  0.0000000E+00
  0.4899669E+00  0.1152824E+01  0.0000000E+00
  0.4800975E+00  0.1157143E+01  0.0000000E+00
  0.4697140E+00  0.1161495E+01  0.0000000E+00
  0.4597779E+00  0.1165652E+01  0.0000000E+00
  0.4493186E+00  0.1169819E+01  0.0000000E+00
  0.4393216E+00  0.1173815E+01  0.0000000E+00
  0.4287884E+00  0.1177794E+01  0.0000000E+00
  0.4187335E+00  0.1181627E+01  0.0000000E+00
  0.4081287E+00  0.1185416E+01  0.0000000E+00
  0.3980178E+00  0.1189081E+01  0.0000000E+00
  0.3873474E+00  0.1192672E+01  0.0000000E+00
  0.3771778E+00  0.1196165E+01  0.0000000E+00
  0.3669274E+00  0.1199426E+01  0.0000000E+00
  0.3562239E+00  0.1202890E+01  0.0000000E+00
  0.3459218E+00  0.1205987E+01  0.0000000E+00
  0.3351629E+00  0.1209256E+01  0.0000000E+00
  0.3248142E+00  0.1212184E+01  0.0000000E+00
  0.3140010E+00  0.1215262E+01  0.0000000E+00
  0.3036095E+00  0.1218018E+01  0.0000000E+00
  0.2927426E+00  0.1220898E+01  0.0000000E+00
  0.2823099E+00  0.1223482E+01  0.0000000E+00
  0.2713949E+00  0.1226166E+01  0.0000000E+00
  0.2609218E+00  0.1228577E+01  0.0000000E+00
  0.2499654E+00  0.1231065E+01  0.0000000E+00
  0.2394558E+00  0.1233307E+01  0.0000000E+00
  0.2284614E+00  0.1235598E+01  0.0000000E+00
  0.2179174E+00  0.1237669E+01  0.0000000E+00
  0.2068885E+00  0.1239762E+01  0.0000000E+00
  0.1963152E+00  0.1241660E+01  0.0000000E+00
  0.1852514E+00  0.1243546E+01  0.0000000E+00
  0.1746521E+00  0.1245270E+01  0.0000000E+00
  0.1635572E+00  0.1246960E+01  0.0000000E+00
  0.1529364E+00  0.1248511E+01  0.0000000E+00
  0.1418146E+00  0.1250002E+01  0.0000000E+00
  0.1311737E+00  0.1251379E+01  0.0000000E+00
  0.1200304E+00  0.1252671E+01  0.0000000E+00
  0.1093717E+00  0.1253872E+01  0.0000000E+00
  0.9821168E-01  0.1254961E+01  0.0000000E+00
  0.8753662E-01  0.1255987E+01  0.0000000E+00
  0.7636350E-01  0.1256873E+01  0.0000000E+00
  0.6567491E-01  0.1257722E+01  0.0000000E+00
  0.5448961E-01  0.1258409E+01  0.0000000E+00
  0.4379408E-01  0.1259085E+01  0.0000000E+00
  0.3259892E-01  0.1259569E+01  0.0000000E+00
  0.2190027E-01  0.1260073E+01  0.0000000E+00
  0.1069692E-01  0.1260357E+01  0.0000000E+00
  0.1035263E-01  0.1291376E+01  0.0000000E+00
  0.2070623E-01  0.1291107E+01  0.0000000E+00
  0.3105607E-01  0.1290675E+01  0.0000000E+00
  0.4140701E-01  0.1290243E+01  0.0000000E+00
  0.5175141E-01  0.1289646E+01  0.0000000E+00
  0.6209706E-01  0.1289050E+01  0.0000000E+00
  0.7243336E-01  0.1288289E+01  0.0000000E+00
  0.8277109E-01  0.1287529E+01  0.0000000E+00
  0.9309665E-01  0.1286605E+01  0.0000000E+00
  0.1034238E+00  0.1285680E+01  0.0000000E+00
  0.1137360E+00  0.1284592E+01  0.0000000E+00
  0.1240500E+00  0.1283504E+01  0.0000000E+00
  0.1343463E+00  0.1282253E+01  0.0000000E+00
  0.1446443E+00  0.1281002E+01  0.0000000E+00
  0.1549222E+00  0.1279587E+01  0.0000000E+00
  0.1652015E+00  0.1278173E+01  0.0000000E+00
  0.1754583E+00  0.1276595E+01  0.0000000E+00
  0.1857164E+00  0.1275018E+01  0.0000000E+00
  0.1959495E+00  0.1273278E+01  0.0000000E+00
  0.2061837E+00  0.1271538E+01  0.0000000E+00
  0.2163903E+00  0.1269636E+01  0.0000000E+00
  0.2265978E+00  0.1267732E+01  0.0000000E+00
  0.2367746E+00  0.1265664E+01  0.0000000E+00
  0.2469522E+00  0.1263595E+01  0.0000000E+00
  0.2570971E+00  0.1261365E+01  0.0000000E+00
  0.2672430E+00  0.1259135E+01  0.0000000E+00
  0.2773536E+00  0.1256745E+01  0.0000000E+00
  0.2874651E+00  0.1254355E+01  0.0000000E+00
  0.2975387E+00  0.1251804E+01  0.0000000E+00
  0.3076133E+00  0.1249254E+01  0.0000000E+00
  0.3176473E+00  0.1246544E+01  0.0000000E+00
  0.3276826E+00  0.1243834E+01  0.0000000E+00
  0.3376745E+00  0.1240966E+01  0.0000000E+00
  0.3476677E+00  0.1238098E+01  0.0000000E+00
  0.3576150E+00  0.1235071E+01  0.0000000E+00
  0.3675635E+00  0.1232045E+01  0.0000000E+00
  0.3774638E+00  0.1228861E+01  0.0000000E+00
  0.3873651E+00  0.1225677E+01  0.0000000E+00
  0.3972157E+00  0.1222337E+01  0.0000000E+00
  0.4070672E+00  0.1218997E+01  0.0000000E+00
  0.4168658E+00  0.1215501E+01  0.0000000E+00
  0.4266650E+00  0.1212005E+01  0.0000000E+00
  0.4364081E+00  0.1208353E+01  0.0000000E+00
  0.4461517E+00  0.1204699E+01  0.0000000E+00
  0.4558365E+00  0.1200890E+01  0.0000000E+00
  0.4655218E+00  0.1197080E+01  0.0000000E+00
  0.4751467E+00  0.1193118E+01  0.0000000E+00
  0.4847722E+00  0.1189155E+01  0.0000000E+00
  0.4943348E+00  0.1185041E+01  0.0000000E+00
  0.5038981E+00  0.1180926E+01  0.0000000E+00
  0.5133960E+00  0.1176661E+01  0.0000000E+00
  0.5228946E+00  0.1172396E+01  0.0000000E+00
  0.5323253E+00  0.1167981E+01  0.0000000E+00
  0.5417569E+00  0.1163565E+01  0.0000000E+00
  0.5511181E+00  0.1159002E+01  0.0000000E+00
  0.5604801E+00  0.1154438E+01  0.0000000E+00
  0.5697695E+00  0.1149726E+01  0.0000000E+00
  0.5790595E+00  0.1145014E+01  0.0000000E+00
  0.5882747E+00  0.1140157E+01  0.0000000E+00
  0.5974904E+00  0.1135299E+01  0.0000000E+00
  0.6066290E+00  0.1130296E+01  0.0000000E+00
  0.6157681E+00  0.1125292E+01  0.0000000E+00
  0.6248277E+00  0.1120145E+01  0.0000000E+00
  0.6338878E+00  0.1114998E+01  0.0000000E+00
  0.6428644E+00  0.1109705E+01  0.0000000E+00
  0.6518413E+00  0.1104412E+01  0.0000000E+00
  0.6607334E+00  0.1098977E+01  0.0000000E+00
  0.6696257E+00  0.1093541E+01  0.0000000E+00
  0.6784318E+00  0.1087965E+01  0.0000000E+00
  0.6872382E+00  0.1082390E+01  0.0000000E+00
  0.6959561E+00  0.1076676E+01  0.0000000E+00
  0.7046743E+00  0.1070961E+01  0.0000000E+00
  0.7133018E+00  0.1065110E+01  0.0000000E+00
  0.7219296E+00  0.1059259E+01  0.0000000E+00
  0.7304644E+00  0.1053272E+01  0.0000000E+00
  0.7389997E+00  0.1047286E+01  0.0000000E+00
  0.7474397E+00  0.1041165E+01  0.0000000E+00
  0.7558802E+00  0.1035044E+01  0.0000000E+00
  0.7642234E+00  0.1028791E+01  0.0000000E+00
  0.7725669E+00  0.1022537E+01  0.0000000E+00
  0.7808110E+00  0.1016153E+01  0.0000000E+00
  0.7890555E+00  0.1009769E+01  0.0000000E+00
  0.7971985E+00  0.1003255E+01  0.0000000E+00
  0.8053418E+00  0.9967414E+00  0.0000000E+00
  0.8133817E+00  0.9901001E+00  0.0000000E+00
  0.8214217E+00  0.9834587E+00  0.0000000E+00
  0.8293533E+00  0.9766878E+00  0.0000000E+00
  0.8372849E+00  0.9699168E+00  0.0000000E+00
  0.8451086E+00  0.9630211E+00  0.0000000E+00
  0.8529324E+00  0.9561255E+00  0.0000000E+00
  0.8606469E+00  0.9491074E+00  0.0000000E+00
  0.8683613E+00  0.9420893E+00  0.0000000E+00
  0.8759644E+00  0.9349505E+00  0.0000000E+00
  0.8835675E+00  0.9278117E+00  0.0000000E+00
  0.8910573E+00  0.9205541E+00  0.0000000E+00
  0.8985471E+00  0.9132964E+00  0.0000000E+00
  0.9059218E+00  0.9059218E+00  0.0000000E+00
  0.9132964E+00  0.8985471E+00  0.0000000E+00
  0.9205541E+00  0.8910573E+00  0.0000000E+00
  0.9278117E+00  0.8835675E+00  0.0000000E+00
  0.9349505E+00  0.8759644E+00  0.0000000E+00
  0.9420893E+00  0.8683613E+00  0.0000000E+00
  0.9491074E+00  0.8606469E+00  0.0000000E+00
  0.9561255E+00  0.8529324E+00  0.0000000E+00
  0.9630211E+00  0.8451086E+00  0.0000000E+00
  0.9699168E+00  0.8372849E+00  0.0000000E+00
  0.9766878E+00  0.8293533E+00  0.0000000E+00
  0.9834587E+00  0.8214217E+00  0.0000000E+00
  0.9901001E+00  0.8133817E+00  0.0000000E+00
  0.9967414E+00  0.8053418E+00  0.0000000E+00
  0.1003255E+01  0.7971985E+00  0.0000000E+00
  0.1009769E+01  0.7890555E+00  0.0000000E+00
  0.1016153E+01  0.7808110E+00  0.0000000E+00
  0.1022537E+01  0.7725669E+00  0.0000000E+00
  0.1028791E+01  0.7642234E+00  0.0000000E+00
  0.1035044E+01  0.7558802E+00  0.0000000E+00
  0.1041165E+01  0.7474397E+00  0.0000000E+00
  0.1047286E+01  0.7389997E+00  0.0000000E+00
  0.1053272E+01  0.7304644E+00  0.0000000E+00
  0.1059259E+01  0.7219296E+00  0.0000000E+00
  0.1065110E+01  0.7133018E+00  0.0000000E+00
  0.1070961E+01  0.7046743E+00  0.0000000E+00
  0.1076676E+01  0.6959561E+00  0.0000000E+00
  0.1082390E+01  0.6872382E+00  0.0000000E+00
  0.1087965E+01  0.6784318E+00  0.0000000E+00
  0.1093541E+01  0.6696257E+00  0.0000000E+00
  0.1098977E+01  0.6607334E+00  0.0000000E+00
  0.1104412E+01  0.6518413E+00  0.0000000E+00
  0.1109705E+01  0.6428644E+00  0.0000000E+00
  0.1114998E+01  0.6338878E+00  0.0000000E+00
  0.1120145E+01  0.6248277E+00  0.0000000E+00
  0.1125292E+01  0.6157681E+00  0.0000000E+00
  0.1130296E+01  0.6066290E+00  0.0000000E+00
  0.1135299E+01  0.5974904E+00  0.0000000E+00
  0.1140157E+01  0.5882747E+00  0.0000000E+00
  0.1145014E+01  0.5790595E+00  0.0000000E+00
  0.1149726E+01  0.5697695E+00  0.0000000E+00
  0.1154438E+01  0.5604801E+00  0.0000000E+00
  0.1159002E+01  0.5511181E+00  0.0000000E+00
  0.1163565E+01  0.5417569E+00  0.0000000E+00
  0.1167981E+01  0.5323253E+00  0.0000000E+00
  0.1172396E+01  0.5228946E+00  0.0000000E+00
  0.1176661E+01  0.5133960E+00  0.0000000E+00
  0.1180926E+01  0.5038981E+00  0.0000000E+00
  0.1185041E+01  0.4943348E+00  0.0000000E+00
  0.1189155E+01  0.4847722E+00  0.0000000E+00
  0.1193118E+01  0.4751467E+00  0.0000000E+00
  0.1197080E+01  0.4655218E+00  0.0000000E+00
  0.1200890E+01  0.4558365E+00  0.0000000E+00
  0.1204699E+01  0.4461517E+00  0.0000000E+00
  0.1208353E+01  0.4364081E+00  0.0000000E+00
  0.1212005E+01  0.4266650E+00  0.0000000E+00
  0.1215501E+01  0.4168658E+00  0.0000000E+00
  0.1218997E+01  0.4070672E+00  0.0000000E+00
  0.1222337E+01  0.3972157E+00  0.0000000E+00
  0.1225677E+01  0.3873651E+00  0.0000000E+00
  0.1228861E+01  0.3774638E+00  0.0000000E+00
  0.1232045E+01  0.3675635E+00  0.0000000E+00
  0.1235071E+01  0.3576150E+00  0.0000000E+00
  0.1238098E+01  0.3476677E+00  0.0000000E+00
  0.1240966E+01  0.3376745E+00  0.0000000E+00
  0.1243834E+01  0.3276826E+00  0.0000000E+00
  0.1246544E+01  0.3176473E+00  0.0000000E+00
  0.1249254E+01  0.3076133E+00  0.0000000E+00
  0.1251804E+01  0.2975387E+00  0.0000000E+00
  0.1254355E+01  0.2874651E+00  0.0000000E+00
  0.1256745E+01  0.2773536E+00  0.0000000E+00
  0.1259135E+01  0.2672430E+00  0.0000000E+00
  0.1261365E+01  0.2570971E+00  0.0000000E+00
  0.1263595E+01  0.2469522E+00  0.0000000E+00
  0.1265664E+01  0.2367746E+00  0.0000000E+00
  0.1267732E+01  0.2265978E+00  0.0000000E+00
  0.1269636E+01  0.2163903E+00  0.0000000E+00
  0.1271538E+01  0.2061837E+00  0.0000000E+00
  0.1273278E+01  0.1959495E+00  0.0000000E+00
  0.1275018E+01  0.1857164E+00  0.0000000E+00
  0.1276595E+01  0.1754583E+00  0.0000000E+00
  0.1278173E+01  0.1652015E+00  0.0000000E+00
  0.1279587E+01  0.1549222E+00  0.0000000E+00
  0.1281002E+01  0.1446443E+00  0.0000000E+00
  0.1282253E+01  0.1343463E+00  0.0000000E+00
  0.1283504E+01  0.1240500E+00  0.0000000E+00
  0.1284592E+01  0.1137360E+00  0.0000000E+00
  0.1285680E+01  0.1034238E+00  0.0000000E+00
  0.1286605E+01  0.9309665E-01  0.0000000E+00
  0.1287529E+01  0.8277109E-01  0.0000000E+00
  0.1288289E+01  0.7243336E-01  0.0000000E+00
  0.1289050E+01  0.6209706E-01  0.0000000E+00
  0.1289646E+01  0.5175141E-01  0.0000000E+00
  0.1290243E+01  0.4140701E-01  0.0000000E+00
  0.1290675E+01  0.3105607E-01  0.0000000E+00
  0.1291107E+01  0.2070623E-01  0.0000000E+00
  0.1291376E+01  0.1035263E-01  0.0000000E+00
  0.1281153E+01  0.1031351E-01  0.0000000E+00
  0.1280893E+01  0.2109111E-01  0.0000000E+00
  0.1280429E+01  0.3140513E-01  0.0000000E+00
  0.1279985E+01  0.4217659E-01  0.0000000E+00
  0.1279362E+01  0.5248821E-01  0.0000000E+00
  0.1278735E+01  0.6325078E-01  0.0000000E+00
  0.1277953E+01  0.7355702E-01  0.0000000E+00
  0.1277144E+01  0.8430798E-01  0.0000000E+00
  0.1276202E+01  0.9460567E-01  0.0000000E+00
  0.1275209E+01  0.1053423E+00  0.0000000E+00
  0.1274108E+01  0.1156289E+00  0.0000000E+00
  0.1272931E+01  0.1263487E+00  0.0000000E+00
  0.1271670E+01  0.1366187E+00  0.0000000E+00
  0.1270311E+01  0.1473208E+00  0.0000000E+00
  0.1268889E+01  0.1575713E+00  0.0000000E+00
  0.1267345E+01  0.1682525E+00  0.0000000E+00
  0.1265763E+01  0.1784818E+00  0.0000000E+00
  0.1264038E+01  0.1891387E+00  0.0000000E+00
  0.1262298E+01  0.1993444E+00  0.0000000E+00
  0.1260392E+01  0.2099742E+00  0.0000000E+00
  0.1258494E+01  0.2201535E+00  0.0000000E+00
  0.1256408E+01  0.2307527E+00  0.0000000E+00
  0.1254350E+01  0.2409034E+00  0.0000000E+00
  0.1252084E+01  0.2514671E+00  0.0000000E+00
  0.1249869E+01  0.2615878E+00  0.0000000E+00
  0.1247424E+01  0.2721132E+00  0.0000000E+00
  0.1245051E+01  0.2822008E+00  0.0000000E+00
  0.1242425E+01  0.2926833E+00  0.0000000E+00
  0.1239894E+01  0.3027364E+00  0.0000000E+00
  0.1237091E+01  0.3131745E+00  0.0000000E+00
  0.1234403E+01  0.3231897E+00  0.0000000E+00
  0.1231423E+01  0.3335809E+00  0.0000000E+00
  0.1228580E+01  0.3435549E+00  0.0000000E+00
  0.1225422E+01  0.3538979E+00  0.0000000E+00
  0.1222426E+01  0.3638269E+00  0.0000000E+00
  0.1219091E+01  0.3741197E+00  0.0000000E+00
  0.1215944E+01  0.3840007E+00  0.0000000E+00
  0.1212584E+01  0.3938071E+00  0.0000000E+00
  0.1209133E+01  0.4040696E+00  0.0000000E+00
  0.1205616E+01  0.4138235E+00  0.0000000E+00
  0.1201990E+01  0.4240275E+00  0.0000000E+00
  0.1198319E+01  0.4337271E+00  0.0000000E+00
  0.1194516E+01  0.4438685E+00  0.0000000E+00
  0.1190694E+01  0.4535142E+00  0.0000000E+00
  0.1186720E+01  0.4635888E+00  0.0000000E+00
  0.1182749E+01  0.4731789E+00  0.0000000E+00
  0.1178605E+01  0.4831844E+00  0.0000000E+00
  0.1174486E+01  0.4927153E+00  0.0000000E+00
  0.1170172E+01  0.5026487E+00  0.0000000E+00
  0.1165906E+01  0.5121185E+00  0.0000000E+00
  0.1161425E+01  0.5219776E+00  0.0000000E+00
  0.1157012E+01  0.5313836E+00  0.0000000E+00
  0.1152366E+01  0.5411658E+00  0.0000000E+00
  0.1147807E+01  0.5505029E+00  0.0000000E+00
  0.1142991E+01  0.5602056E+00  0.0000000E+00
  0.1138287E+01  0.5694709E+00  0.0000000E+00
  0.1133305E+01  0.5790922E+00  0.0000000E+00
  0.1128458E+01  0.5882845E+00  0.0000000E+00
  0.1123314E+01  0.5978228E+00  0.0000000E+00
  0.1118326E+01  0.6069397E+00  0.0000000E+00
  0.1113021E+01  0.6163923E+00  0.0000000E+00
  0.1107893E+01  0.6254316E+00  0.0000000E+00
  0.1102428E+01  0.6347953E+00  0.0000000E+00
  0.1097160E+01  0.6437536E+00  0.0000000E+00
  0.1091536E+01  0.6530244E+00  0.0000000E+00
  0.1086129E+01  0.6619006E+00  0.0000000E+00
  0.1080350E+01  0.6710757E+00  0.0000000E+00
  0.1074806E+01  0.6798680E+00  0.0000000E+00
  0.1068869E+01  0.6889419E+00  0.0000000E+00
  0.1063187E+01  0.6976486E+00  0.0000000E+00
  0.1057099E+01  0.7066217E+00  0.0000000E+00
  0.1051282E+01  0.7152400E+00  0.0000000E+00
  0.1045044E+01  0.7241099E+00  0.0000000E+00
  0.1039093E+01  0.7326376E+00  0.0000000E+00
  0.1032704E+01  0.7414035E+00  0.0000000E+00
  0.1026624E+01  0.7498365E+00  0.0000000E+00
  0.1020364E+01  0.7581368E+00  0.0000000E+00
  0.1013874E+01  0.7668305E+00  0.0000000E+00
  0.1007486E+01  0.7750332E+00  0.0000000E+00
  0.1000849E+01  0.7836169E+00  0.0000000E+00
  0.9943341E+00  0.7917189E+00  0.0000000E+00
  0.9875506E+00  0.8001891E+00  0.0000000E+00
  0.9809105E+00  0.8081890E+00  0.0000000E+00
  0.9739835E+00  0.8165437E+00  0.0000000E+00
  0.9672173E+00  0.8244404E+00  0.0000000E+00
  0.9601512E+00  0.8326757E+00  0.0000000E+00
  0.9532634E+00  0.8404690E+00  0.0000000E+00
  0.9460592E+00  0.8485820E+00  0.0000000E+00
  0.9390513E+00  0.8562702E+00  0.0000000E+00
  0.9317122E+00  0.8642595E+00  0.0000000E+00
  0.9245863E+00  0.8718406E+00  0.0000000E+00
  0.9171147E+00  0.8797045E+00  0.0000000E+00
  0.9098723E+00  0.8871761E+00  0.0000000E+00
  0.9022706E+00  0.8949127E+00  0.0000000E+00
  0.8949127E+00  0.9022706E+00  0.0000000E+00
  0.8871761E+00  0.9098723E+00  0.0000000E+00
  0.8797045E+00  0.9171147E+00  0.0000000E+00
  0.8718406E+00  0.9245863E+00  0.0000000E+00
  0.8642595E+00  0.9317122E+00  0.0000000E+00
  0.8562702E+00  0.9390513E+00  0.0000000E+00
  0.8485820E+00  0.9460592E+00  0.0000000E+00
  0.8404690E+00  0.9532634E+00  0.0000000E+00
  0.8326757E+00  0.9601512E+00  0.0000000E+00
  0.8244404E+00  0.9672173E+00  0.0000000E+00
  0.8165437E+00  0.9739835E+00  0.0000000E+00
  0.8081890E+00  0.9809105E+00  0.0000000E+00
  0.8001891E+00  0.9875506E+00  0.0000000E+00
  0.7917189E+00  0.9943341E+00  0.0000000E+00
  0.7836169E+00  0.1000849E+01  0.0000000E+00
  0.7750332E+00  0.1007486E+01  0.0000000E+00
  0.7668305E+00  0.1013874E+01  0.0000000E+00
  0.7581368E+00  0.1020364E+01  0.0000000E+00
  0.7498365E+00  0.1026624E+01  0.0000000E+00
  0.7414035E+00  0.1032704E+01  0.0000000E+00
  0.7326376E+00  0.1039093E+01  0.0000000E+00
  0.7241099E+00  0.1045044E+01  0.0000000E+00
  0.7152400E+00  0.1051282E+01  0.0000000E+00
  0.7066217E+00  0.1057099E+01  0.0000000E+00
  0.6976486E+00  0.1063187E+01  0.0000000E+00
  0.6889419E+00  0.1068869E+01  0.0000000E+00
  0.6798680E+00  0.1074806E+01  0.0000000E+00
  0.6710757E+00  0.1080350E+01  0.0000000E+00
  0.6619006E+00  0.1086129E+01  0.0000000E+00
  0.6530244E+00  0.1091536E+01  0.0000000E+00
  0.6437536E+00  0.1097160E+01  0.0000000E+00
  0.6347953E+00  0.1102428E+01  0.0000000E+00
  0.6254316E+00  0.1107893E+01  0.0000000E+00
  0.6163923E+00  0.1113021E+01  0.0000000E+00
  0.6069397E+00  0.1118326E+01  0.0000000E+00
  0.5978228E+00  0.1123314E+01  0.0000000E+00
  0.5882845E+00  0.1128458E+01  0.0000000E+00
  0.5790922E+00  0.1133305E+01  0.0000000E+00
  0.5694709E+00  0.1138287E+01  0.0000000E+00
  0.5602056E+00  0.1142991E+01  0.0000000E+00
  0.5505029E+00  0.1147807E+01  0.0000000E+00
  0.5411658E+00  0.1152366E+01  0.0000000E+00
  0.5313836E+00  0.1157012E+01  0.0000000E+00
  0.5219776E+00  0.1161425E+01  0.0000000E+00
  0.5121185E+00  0.1165906E+01  0.0000000E+00
  0.5026487E+00  0.1170172E+01  0.0000000E+00
  0.4927153E+00  0.1174486E+01  0.0000000E+00
  0.4831844E+00  0.1178605E+01  0.0000000E+00
  0.4731789E+00  0.1182749E+01  0.0000000E+00
  0.4635888E+00  0.1186720E+01  0.0000000E+00
  0.4535142E+00  0.1190694E+01  0.0000000E+00
  0.4438685E+00  0.1194516E+01  0.0000000E+00
  0.4337271E+00  0.1198319E+01  0.0000000E+00
  0.4240275E+00  0.1201990E+01  0.0000000E+00
  0.4138235E+00  0.1205616E+01  0.0000000E+00
  0.4040696E+00  0.1209133E+01  0.0000000E+00
  0.3938071E+00  0.1212584E+01  0.0000000E+00
  0.3840007E+00  0.1215944E+01  0.0000000E+00
  0.3741197E+00  0.1219091E+01  0.0000000E+00
  0.3638269E+00  0.1222426E+01  0.0000000E+00
  0.3538979E+00  0.1225422E+01  0.0000000E+00
  0.3435549E+00  0.1228580E+01  0.0000000E+00
  0.3335809E+00  0.1231423E+01  0.0000000E+00
  0.3231897E+00  0.1234403E+01  0.0000000E+00
  0.3131745E+00  0.1237091E+01  0.0000000E+00
  0.3027364E+00  0.1239894E+01  0.0000000E+00
  0.2926833E+00  0.1242425E+01  0.0000000E+00
  0.2822008E+00  0.1245051E+01  0.0000000E+00
  0.2721132E+00  0.1247424E+01  0.0000000E+00
  0.2615878E+00  0.1249869E+01  0.0000000E+00
  0.2514671E+00  0.1252084E+01  0.0000000E+00
  0.2409034E+00  0.1254350E+01  0.0000000E+00
  0.2307527E+00  0.1256408E+01  0.0000000E+00
  0.2201535E+00  0.1258494E+01  0.0000000E+00
  0.2099742E+00  0.1260392E+01  0.0000000E+00
  0.1993444E+00  0.1262298E+01  0.0000000E+00
  0.1891387E+00  0.1264038E+01  0.0000000E+00
  0.1784818E+00  0.1265763E+01  0.0000000E+00
  0.1682525E+00  0.1267345E+01  0.0000000E+00
  0.1575713E+00  0.1268889E+01  0.0000000E+00
  0.1473208E+00  0.1270311E+01  0.0000000E+00
  0.1366187E+00  0.1271670E+01  0.0000000E+00
  0.1263487E+00  0.1272931E+01  0.0000000E+00
  0.1156289E+00  0.1274108E+01  0.0000000E+00
  0.1053423E+00  0.1275209E+01  0.0000000E+00
  0.9460567E-01  0.1276202E+01  0.0000000E+00
  0.8430798E-01  0.1277144E+01  0.0000000E+00
  0.7355702E-01  0.1277953E+01  0.0000000E+00
  0.6325078E-01  0.1278735E+01  0.0000000E+00
  0.5248821E-01  0.1279362E+01  0.0000000E+00
  0.4217659E-01  0.1279985E+01  0.0000000E+00
  0.3140513E-01  0.1280429E+01  0.0000000E+00
  0.2109111E-01  0.1280893E+01  0.0000000E+00
  0.1031351E-01  0.1281153E+01  0.0000000E+00
  0.1000189E-01  0.1311002E+01  0.0000000E+00
  0.2000460E-01  0.1310760E+01  0.0000000E+00
  0.3000410E-01  0.1310368E+01  0.0000000E+00
  0.4000447E-01  0.1309975E+01  0.0000000E+00
  0.4999926E-01  0.1309431E+01  0.0000000E+00
  0.5999495E-01  0.1308887E+01  0.0000000E+00
  0.6998270E-01  0.1308192E+01  0.0000000E+00
  0.7997141E-01  0.1307497E+01  0.0000000E+00
  0.8994979E-01  0.1306650E+01  0.0000000E+00
  0.9992917E-01  0.1305804E+01  0.0000000E+00
  0.1098959E+00  0.1304807E+01  0.0000000E+00
  0.1198636E+00  0.1303809E+01  0.0000000E+00
  0.1298163E+00  0.1302661E+01  0.0000000E+00
  0.1397701E+00  0.1301513E+01  0.0000000E+00
  0.1497064E+00  0.1300215E+01  0.0000000E+00
  0.1596439E+00  0.1298916E+01  0.0000000E+00
  0.1695617E+00  0.1297468E+01  0.0000000E+00
  0.1794806E+00  0.1296019E+01  0.0000000E+00
  0.1893774E+00  0.1294420E+01  0.0000000E+00
  0.1992753E+00  0.1292821E+01  0.0000000E+00
  0.2091489E+00  0.1291073E+01  0.0000000E+00
  0.2190237E+00  0.1289324E+01  0.0000000E+00
  0.2288717E+00  0.1287427E+01  0.0000000E+00
  0.2387210E+00  0.1285529E+01  0.0000000E+00
  0.2485412E+00  0.1283483E+01  0.0000000E+00
  0.2583626E+00  0.1281436E+01  0.0000000E+00
  0.2681528E+00  0.1279242E+01  0.0000000E+00
  0.2779441E+00  0.1277047E+01  0.0000000E+00
  0.2877019E+00  0.1274704E+01  0.0000000E+00
  0.2974608E+00  0.1272362E+01  0.0000000E+00
  0.3071839E+00  0.1269872E+01  0.0000000E+00
  0.3169081E+00  0.1267381E+01  0.0000000E+00
  0.3265944E+00  0.1264745E+01  0.0000000E+00
  0.3362817E+00  0.1262108E+01  0.0000000E+00
  0.3459287E+00  0.1259324E+01  0.0000000E+00
  0.3555765E+00  0.1256540E+01  0.0000000E+00
  0.3651821E+00  0.1253611E+01  0.0000000E+00
  0.3747885E+00  0.1250681E+01  0.0000000E+00
  0.3843504E+00  0.1247607E+01  0.0000000E+00
  0.3939131E+00  0.1244532E+01  0.0000000E+00
  0.4034292E+00  0.1241314E+01  0.0000000E+00
  0.4129460E+00  0.1238095E+01  0.0000000E+00
  0.4224139E+00  0.1234733E+01  0.0000000E+00
  0.4318826E+00  0.1231370E+01  0.0000000E+00
  0.4413003E+00  0.1227865E+01  0.0000000E+00
  0.4507186E+00  0.1224360E+01  0.0000000E+00
  0.4600839E+00  0.1220713E+01  0.0000000E+00
  0.4694497E+00  0.1217066E+01  0.0000000E+00
  0.4787602E+00  0.1213278E+01  0.0000000E+00
  0.4880714E+00  0.1209490E+01  0.0000000E+00
  0.4973248E+00  0.1205560E+01  0.0000000E+00
  0.5065788E+00  0.1201631E+01  0.0000000E+00
  0.5157729E+00  0.1197562E+01  0.0000000E+00
  0.5249675E+00  0.1193492E+01  0.0000000E+00
  0.5341004E+00  0.1189284E+01  0.0000000E+00
  0.5432338E+00  0.1185076E+01  0.0000000E+00
  0.5523035E+00  0.1180731E+01  0.0000000E+00
  0.5613736E+00  0.1176385E+01  0.0000000E+00
  0.5703779E+00  0.1171903E+01  0.0000000E+00
  0.5793826E+00  0.1167421E+01  0.0000000E+00
  0.5883194E+00  0.1162804E+01  0.0000000E+00
  0.5972566E+00  0.1158186E+01  0.0000000E+00
  0.6061238E+00  0.1153434E+01  0.0000000E+00
  0.6149914E+00  0.1148682E+01  0.0000000E+00
  0.6237870E+00  0.1143797E+01  0.0000000E+00
  0.6325830E+00  0.1138911E+01  0.0000000E+00
  0.6413050E+00  0.1133893E+01  0.0000000E+00
  0.6500272E+00  0.1128876E+01  0.0000000E+00
  0.6586731E+00  0.1123726E+01  0.0000000E+00
  0.6673194E+00  0.1118577E+01  0.0000000E+00
  0.6758875E+00  0.1113298E+01  0.0000000E+00
  0.6844560E+00  0.1108018E+01  0.0000000E+00
  0.6929445E+00  0.1102610E+01  0.0000000E+00
  0.7014333E+00  0.1097202E+01  0.0000000E+00
  0.7098400E+00  0.1091667E+01  0.0000000E+00
  0.7182471E+00  0.1086131E+01  0.0000000E+00
  0.7265702E+00  0.1080469E+01  0.0000000E+00
  0.7348937E+00  0.1074807E+01  0.0000000E+00
  0.7431313E+00  0.1069021E+01  0.0000000E+00
  0.7513692E+00  0.1063234E+01  0.0000000E+00
  0.7595193E+00  0.1057324E+01  0.0000000E+00
  0.7676697E+00  0.1051414E+01  0.0000000E+00
  0.7757305E+00  0.1045381E+01  0.0000000E+00
  0.7837915E+00  0.1039349E+01  0.0000000E+00
  0.7917611E+00  0.1033196E+01  0.0000000E+00
  0.7997309E+00  0.1027042E+01  0.0000000E+00
  0.8076073E+00  0.1020770E+01  0.0000000E+00
  0.8154840E+00  0.1014497E+01  0.0000000E+00
  0.8232656E+00  0.1008106E+01  0.0000000E+00
  0.8310474E+00  0.1001716E+01  0.0000000E+00
  0.8387323E+00  0.9952087E+00  0.0000000E+00
  0.8464173E+00  0.9887016E+00  0.0000000E+00
  0.8540038E+00  0.9820795E+00  0.0000000E+00
  0.8615903E+00  0.9754574E+00  0.0000000E+00
  0.8690765E+00  0.9687219E+00  0.0000000E+00
  0.8765628E+00  0.9619863E+00  0.0000000E+00
  0.8839470E+00  0.9551389E+00  0.0000000E+00
  0.8913313E+00  0.9482914E+00  0.0000000E+00
  0.8986119E+00  0.9413336E+00  0.0000000E+00
  0.9058925E+00  0.9343758E+00  0.0000000E+00
  0.9130676E+00  0.9273094E+00  0.0000000E+00
  0.9202429E+00  0.9202429E+00  0.0000000E+00
  0.9273094E+00  0.9130676E+00  0.0000000E+00
  0.9343758E+00  0.9058925E+00  0.0000000E+00
  0.9413336E+00  0.8986119E+00  0.0000000E+00
  0.9482914E+00  0.8913313E+00  0.0000000E+00
  0.9551389E+00  0.8839470E+00  0.0000000E+00
  0.9619863E+00  0.8765628E+00  0.0000000E+00
  0.9687219E+00  0.8690765E+00  0.0000000E+00
  0.9754574E+00  0.8615903E+00  0.0000000E+00
  0.9820795E+00  0.8540038E+00  0.0000000E+00
  0.9887016E+00  0.8464173E+00  0.0000000E+00
  0.9952087E+00  0.8387323E+00  0.0000000E+00
  0.1001716E+01  0.8310474E+00  0.0000000E+00
  0.1008106E+01  0.8232656E+00  0.0000000E+00
  0.1014497E+01  0.8154840E+00  0.0000000E+00
  0.1020770E+01  0.8076073E+00  0.0000000E+00
  0.1027042E+01  0.7997309E+00  0.0000000E+00
  0.1033196E+01  0.7917611E+00  0.0000000E+00
  0.1039349E+01  0.7837915E+00  0.0000000E+00
  0.1045381E+01  0.7757305E+00  0.0000000E+00
  0.1051414E+01  0.7676697E+00  0.0000000E+00
  0.1057324E+01  0.7595193E+00  0.0000000E+00
  0.1063234E+01  0.7513692E+00  0.0000000E+00
  0.1069021E+01  0.7431313E+00  0.0000000E+00
  0.1074807E+01  0.7348937E+00  0.0000000E+00
  0.1080469E+01  0.7265702E+00  0.0000000E+00
  0.1086131E+01  0.7182471E+00  0.0000000E+00
  0.1091667E+01  0.7098400E+00  0.0000000E+00
  0.1097202E+01  0.7014333E+00  0.0000000E+00
  0.1102610E+01  0.6929445E+00  0.0000000E+00
  0.1108018E+01  0.6844560E+00  0.0000000E+00
  0.1113298E+01  0.6758875E+00  0.0000000E+00
  0.1118577E+01  0.6673194E+00  0.0000000E+00
  0.1123726E+01  0.6586731E+00  0.0000000E+00
  0.1128876E+01  0.6500272E+00  0.0000000E+00
  0.1133893E+01  0.6413050E+00  0.0000000E+00
  0.1138911E+01  0.6325830E+00  0.0000000E+00
  0.1143797E+01  0.6237870E+00  0.0000000E+00
  0.1148682E+01  0.6149914E+00  0.0000000E+00
  0.1153434E+01  0.6061238E+00  0.0000000E+00
  0.1158186E+01  0.5972566E+00  0.0000000E+00
  0.1162804E+01  0.5883194E+00  0.0000000E+00
  0.1167421E+01  0.5793826E+00  0.0000000E+00
  0.1171903E+01  0.5703779E+00  0.0000000E+00
  0.1176385E+01  0.5613736E+00  0.0000000E+00
  0.1180731E+01  0.5523035E+00  0.0000000E+00
  0.1185076E+01  0.5432338E+00  0.0000000E+00
  0.1189284E+01  0.5341004E+00  0.0000000E+00
  0.1193492E+01  0.5249675E+00  0.0000000E+00
  0.1197562E+01  0.5157729E+00  0.0000000E+00
  0.1201631E+01  0.5065788E+00  0.0000000E+00
  0.1205560E+01  0.4973248E+00  0.0000000E+00
  0.1209490E+01  0.4880714E+00  0.0000000E+00
  0.1213278E+01  0.4787602E+00  0.0000000E+00
  0.1217066E+01  0.4694497E+00  0.0000000E+00
  0.1220713E+01  0.4600839E+00  0.0000000E+00
  0.1224360E+01  0.4507186E+00  0.0000000E+00
  0.1227865E+01  0.4413003E+00  0.0000000E+00
  0.1231370E+01  0.4318826E+00  0.0000000E+00
  0.1234733E+01  0.4224139E+00  0.0000000E+00
  0.1238095E+01  0.4129460E+00  0.0000000E+00
  0.1241314E+01  0.4034292E+00  0.0000000E+00
  0.1244532E+01  0.3939131E+00  0.0000000E+00
  0.1247607E+01  0.3843504E+00  0.0000000E+00
  0.1250681E+01  0.3747885E+00  0.0000000E+00
  0.1253611E+01  0.3651821E+00  0.0000000E+00
  0.1256540E+01  0.3555765E+00  0.0000000E+00
  0.1259324E+01  0.3459287E+00  0.0000000E+00
  0.1262108E+01  0.3362817E+00  0.0000000E+00
  0.1264745E+01  0.3265944E+00  0.0000000E+00
  0.1267381E+01  0.3169081E+00  0.0000000E+00
  0.1269872E+01  0.3071839E+00  0.0000000E+00
  0.1272362E+01  0.2974608E+00  0.0000000E+00
  0.1274704E+01  0.2877019E+00  0.0000000E+00
  0.1277047E+01  0.2779441E+00  0.0000000E+00
  0.1279242E+01  0.2681528E+00  0.0000000E+00
  0.1281436E+01  0.2583626E+00  0.0000000E+00
  0.1283483E+01  0.2485412E+00  0.0000000E+00
  0.1285529E+01  0.2387210E+00  0.0000000E+00
  0.1287427E+01  0.2288717E+00  0.0000000E+00
  0.1289324E+01  0.2190237E+00  0.0000000E+00
  0.1291073E+01  0.2091489E+00  0.0000000E+00
  0.1292821E+01  0.1992753E+00  0.0000000E+00
  0.1294420E+01  0.1893774E+00  0.0000000E+00
  0.1296019E+01  0.1794806E+00  0.0000000E+00
  0.1297468E+01  0.1695617E+00  0.0000000E+00
  0.1298916E+01  0.1596439E+00  0.0000000E+00
  0.1300215E+01  0.1497064E+00  0.0000000E+00
  0.1301513E+01  0.1397701E+00  0.0000000E+00
  0.1302661E+01  0.1298163E+00  0.0000000E+00
  0.1303809E+01  0.1198636E+00  0.0000000E+00
  0.1304807E+01  0.1098959E+00  0.0000000E+00
  0.1305804E+01  0.9992917E-01  0.0000000E+00
  0.1306650E+01  0.8994979E-01  0.0000000E+00
  0.1307497E+01  0.7997141E-01  0.0000000E+00
  0.1308192E+01  0.6998270E-01  0.0000000E+00
  0.1308887E+01  0.5999495E-01  0.0000000E+00
  0.1309431E+01  0.4999926E-01  0.0000000E+00
  0.1309975E+01  0.4000447E-01  0.0000000E+00
  0.1310368E+01  0.3000410E-01  0.0000000E+00
  0.1310760E+01  0.2000460E-01  0.0000000E+00
  0.1311002E+01  0.1000189E-01  0.0000000E+00
  0.1301166E+01  0.9964245E-02  0.0000000E+00
  0.1300931E+01  0.2035552E-01  0.0000000E+00
  0.1300506E+01  0.3031958E-01  0.0000000E+00
  0.1300103E+01  0.4070615E-01  0.0000000E+00
  0.1299531E+01  0.5066753E-01  0.0000000E+00
  0.1298960E+01  0.6104691E-01  0.0000000E+00
  0.1298241E+01  0.7100313E-01  0.0000000E+00
  0.1297502E+01  0.8137280E-01  0.0000000E+00
  0.1296636E+01  0.9132139E-01  0.0000000E+00
  0.1295729E+01  0.1016788E+00  0.0000000E+00
  0.1294716E+01  0.1116174E+00  0.0000000E+00
  0.1293641E+01  0.1219600E+00  0.0000000E+00
  0.1292481E+01  0.1318861E+00  0.0000000E+00
  0.1291240E+01  0.1422113E+00  0.0000000E+00
  0.1289933E+01  0.1521226E+00  0.0000000E+00
  0.1288525E+01  0.1624279E+00  0.0000000E+00
  0.1287072E+01  0.1723219E+00  0.0000000E+00
  0.1285497E+01  0.1826047E+00  0.0000000E+00
  0.1283897E+01  0.1924788E+00  0.0000000E+00
  0.1282157E+01  0.2027368E+00  0.0000000E+00
  0.1280410E+01  0.2125886E+00  0.0000000E+00
  0.1278505E+01  0.2228191E+00  0.0000000E+00
  0.1276611E+01  0.2326459E+00  0.0000000E+00
  0.1274538E+01  0.2428456E+00  0.0000000E+00
  0.1272498E+01  0.2526460E+00  0.0000000E+00
  0.1270260E+01  0.2628131E+00  0.0000000E+00
  0.1268075E+01  0.2725839E+00  0.0000000E+00
  0.1265673E+01  0.2827162E+00  0.0000000E+00
  0.1263344E+01  0.2924551E+00  0.0000000E+00
  0.1260778E+01  0.3025500E+00  0.0000000E+00
  0.1258306E+01  0.3122546E+00  0.0000000E+00
  0.1255577E+01  0.3223097E+00  0.0000000E+00
  0.1252961E+01  0.3319776E+00  0.0000000E+00
  0.1250070E+01  0.3419904E+00  0.0000000E+00
  0.1247312E+01  0.3516191E+00  0.0000000E+00
  0.1244258E+01  0.3615869E+00  0.0000000E+00
  0.1241359E+01  0.3711744E+00  0.0000000E+00
  0.1238144E+01  0.3810947E+00  0.0000000E+00
  0.1235104E+01  0.3906387E+00  0.0000000E+00
  0.1231866E+01  0.4001133E+00  0.0000000E+00
  0.1228544E+01  0.4100061E+00  0.0000000E+00
  0.1225164E+01  0.4194346E+00  0.0000000E+00
  0.1221683E+01  0.4292726E+00  0.0000000E+00
  0.1218162E+01  0.4386522E+00  0.0000000E+00
  0.1214522E+01  0.4484335E+00  0.0000000E+00
  0.1210862E+01  0.4577618E+00  0.0000000E+00
  0.1207063E+01  0.4674837E+00  0.0000000E+00
  0.1203265E+01  0.4767594E+00  0.0000000E+00
  0.1199309E+01  0.4864196E+00  0.0000000E+00
  0.1195373E+01  0.4956405E+00  0.0000000E+00
  0.1191263E+01  0.5052363E+00  0.0000000E+00
  0.1187190E+01  0.5144002E+00  0.0000000E+00
  0.1182925E+01  0.5239292E+00  0.0000000E+00
  0.1178717E+01  0.5330340E+00  0.0000000E+00
  0.1174300E+01  0.5424939E+00  0.0000000E+00
  0.1169957E+01  0.5515375E+00  0.0000000E+00
  0.1165388E+01  0.5609259E+00  0.0000000E+00
  0.1160912E+01  0.5699061E+00  0.0000000E+00
  0.1156192E+01  0.5792207E+00  0.0000000E+00
  0.1151584E+01  0.5881354E+00  0.0000000E+00
  0.1146715E+01  0.5973738E+00  0.0000000E+00
  0.1141975E+01  0.6062209E+00  0.0000000E+00
  0.1136957E+01  0.6153807E+00  0.0000000E+00
  0.1132088E+01  0.6241581E+00  0.0000000E+00
  0.1126923E+01  0.6332371E+00  0.0000000E+00
  0.1121924E+01  0.6419422E+00  0.0000000E+00
  0.1116612E+01  0.6509367E+00  0.0000000E+00
  0.1111483E+01  0.6595676E+00  0.0000000E+00
  0.1106026E+01  0.6684755E+00  0.0000000E+00
  0.1100770E+01  0.6770307E+00  0.0000000E+00
  0.1095171E+01  0.6858507E+00  0.0000000E+00
  0.1089788E+01  0.6943281E+00  0.0000000E+00
  0.1084048E+01  0.7030579E+00  0.0000000E+00
  0.1078540E+01  0.7114554E+00  0.0000000E+00
  0.1072660E+01  0.7200931E+00  0.0000000E+00
  0.1067029E+01  0.7284084E+00  0.0000000E+00
  0.1061011E+01  0.7369521E+00  0.0000000E+00
  0.1055258E+01  0.7451830E+00  0.0000000E+00
  0.1049101E+01  0.7536307E+00  0.0000000E+00
  0.1043228E+01  0.7617746E+00  0.0000000E+00
  0.1037190E+01  0.7697968E+00  0.0000000E+00
  0.1030940E+01  0.7781774E+00  0.0000000E+00
  0.1024783E+01  0.7861109E+00  0.0000000E+00
  0.1018400E+01  0.7943899E+00  0.0000000E+00
  0.1012126E+01  0.8022325E+00  0.0000000E+00
  0.1005611E+01  0.8104083E+00  0.0000000E+00
  0.9992215E+00  0.8181582E+00  0.0000000E+00
  0.9925763E+00  0.8262288E+00  0.0000000E+00
  0.9860724E+00  0.8338828E+00  0.0000000E+00
  0.9792957E+00  0.8418446E+00  0.0000000E+00
  0.9726789E+00  0.8494019E+00  0.0000000E+00
  0.9657750E+00  0.8572540E+00  0.0000000E+00
  0.9590474E+00  0.8647134E+00  0.0000000E+00
  0.9520183E+00  0.8724540E+00  0.0000000E+00
  0.9451815E+00  0.8798136E+00  0.0000000E+00
  0.9380289E+00  0.8874408E+00  0.0000000E+00
  0.9310847E+00  0.8946991E+00  0.0000000E+00
  0.9238104E+00  0.9022108E+00  0.0000000E+00
  0.9167604E+00  0.9093661E+00  0.0000000E+00
  0.9093661E+00  0.9167604E+00  0.0000000E+00
  0.9022108E+00  0.9238104E+00  0.0000000E+00
  0.8946991E+00  0.9310847E+00  0.0000000E+00
  0.8874408E+00  0.9380289E+00  0.0000000E+00
  0.8798136E+00  0.9451815E+00  0.0000000E+00
  0.8724540E+00  0.9520183E+00  0.0000000E+00
  0.8647134E+00  0.9590474E+00  0.0000000E+00
  0.8572540E+00  0.9657750E+00  0.0000000E+00
  0.8494019E+00  0.9726789E+00  0.0000000E+00
  0.8418446E+00  0.9792957E+00  0.0000000E+00
  0.8338828E+00  0.9860724E+00  0.0000000E+00
  0.8262288E+00  0.9925763E+00  0.0000000E+00
  0.8181582E+00  0.9992215E+00  0.0000000E+00
  0.8104083E+00  0.1005611E+01  0.0000000E+00
  0.8022325E+00  0.1012126E+01  0.0000000E+00
  0.7943899E+00  0.1018400E+01  0.0000000E+00
  0.7861109E+00  0.1024783E+01  0.0000000E+00
  0.7781774E+00  0.1030940E+01  0.0000000E+00
  0.7697968E+00  0.1037190E+01  0.0000000E+00
  0.7617746E+00  0.1043228E+01  0.0000000E+00
  0.7536307E+00  0.1049101E+01  0.0000000E+00
  0.7451830E+00  0.1055258E+01  0.0000000E+00
  0.7369521E+00  0.1061011E+01  0.0000000E+00
  0.7284084E+00  0.1067029E+01  0.0000000E+00
  0.7200931E+00  0.1072660E+01  0.0000000E+00
  0.7114554E+00  0.1078540E+01  0.0000000E+00
  0.7030579E+00  0.1084048E+01  0.0000000E+00
  0.6943281E+00  0.1089788E+01  0.0000000E+00
  0.6858507E+00  0.1095171E+01  0.0000000E+00
  0.6770307E+00  0.1100770E+01  0.0000000E+00
  0.6684755E+00  0.1106026E+01  0.0000000E+00
  0.6595676E+00  0.1111483E+01  0.0000000E+00
  0.6509367E+00  0.1116612E+01  0.0000000E+00
  0.6419422E+00  0.1121924E+01  0.0000000E+00
  0.6332371E+00  0.1126923E+01  0.0000000E+00
  0.6241581E+00  0.1132088E+01  0.0000000E+00
  0.6153807E+00  0.1136957E+01  0.0000000E+00
  0.6062209E+00  0.1141975E+01  0.0000000E+00
  0.5973738E+00  0.1146715E+01  0.0000000E+00
  0.5881354E+00  0.1151584E+01  0.0000000E+00
  0.5792207E+00  0.1156192E+01  0.0000000E+00
  0.5699061E+00  0.1160912E+01  0.0000000E+00
  0.5609259E+00  0.1165388E+01  0.0000000E+00
  0.5515375E+00  0.1169957E+01  0.0000000E+00
  0.5424939E+00  0.1174300E+01  0.0000000E+00
  0.5330340E+00  0.1178717E+01  0.0000000E+00
  0.5239292E+00  0.1182925E+01  0.0000000E+00
  0.5144002E+00  0.1187190E+01  0.0000000E+00
  0.5052363E+00  0.1191263E+01  0.0000000E+00
  0.4956405E+00  0.1195373E+01  0.0000000E+00
  0.4864196E+00  0.1199309E+01  0.0000000E+00
  0.4767594E+00  0.1203265E+01  0.0000000E+00
  0.4674837E+00  0.1207063E+01  0.0000000E+00
  0.4577618E+00  0.1210862E+01  0.0000000E+00
  0.4484335E+00  0.1214522E+01  0.0000000E+00
  0.4386522E+00  0.1218162E+01  0.0000000E+00
  0.4292726E+00  0.1221683E+01  0.0000000E+00
  0.4194346E+00  0.1225164E+01  0.0000000E+00
  0.4100061E+00  0.1228544E+01  0.0000000E+00
  0.4001133E+00  0.1231866E+01  0.0000000E+00
  0.3906387E+00  0.1235104E+01  0.0000000E+00
  0.3810947E+00  0.1238144E+01  0.0000000E+00
  0.3711744E+00  0.1241359E+01  0.0000000E+00
  0.3615869E+00  0.1244258E+01  0.0000000E+00
  0.3516191E+00  0.1247312E+01  0.0000000E+00
  0.3419904E+00  0.1250070E+01  0.0000000E+00
  0.3319776E+00  0.1252961E+01  0.0000000E+00
  0.3223097E+00  0.1255577E+01  0.0000000E+00
  0.3122546E+00  0.1258306E+01  0.0000000E+00
  0.3025500E+00  0.1260778E+01  0.0000000E+00
  0.2924551E+00  0.1263344E+01  0.0000000E+00
  0.2827162E+00  0.1265673E+01  0.0000000E+00
  0.2725839E+00  0.1268075E+01  0.0000000E+00
  0.2628131E+00  0.1270260E+01  0.0000000E+00
  0.2526460E+00  0.1272498E+01  0.0000000E+00
  0.2428456E+00  0.1274538E+01  0.0000000E+00
  0.2326459E+00  0.1276611E+01  0.0000000E+00
  0.2228191E+00  0.1278505E+01  0.0000000E+00
  0.2125886E+00  0.1280410E+01  0.0000000E+00
  0.2027368E+00  0.1282157E+01  0.0000000E+00
  0.1924788E+00  0.1283897E+01  0.0000000E+00
  0.1826047E+00  0.1285497E+01  0.0000000E+00
  0.1723219E+00  0.1287072E+01  0.0000000E+00
  0.1624279E+00  0.1288525E+01  0.0000000E+00
  0.1521226E+00  0.1289933E+01  0.0000000E+00
  0.1422113E+00  0.1291240E+01  0.0000000E+00
  0.1318861E+00  0.1292481E+01  0.0000000E+00
  0.1219600E+00  0.1293641E+01  0.0000000E+00
  0.1116174E+00  0.1294716E+01  0.0000000E+00
  0.1016788E+00  0.1295729E+01  0.0000000E+00
  0.9132139E-01  0.1296636E+01  0.0000000E+00
  0.8137280E-01  0.1297502E+01  0.0000000E+00
  0.7100313E-01  0.1298241E+01  0.0000000E+00
  0.6104691E-01  0.1298960E+01  0.0000000E+00
  0.5066753E-01  0.1299531E+01  0.0000000E+00
  0.4070615E-01  0.1300103E+01  0.0000000E+00
  0.3031958E-01  0.1300506E+01  0.0000000E+00
  0.2035552E-01  0.1300931E+01  0.0000000E+00
  0.9964245E-02  0.1301166E+01  0.0000000E+00
  0.9590800E-02  0.1329889E+01  0.0000000E+00
  0.1918230E-01  0.1329676E+01  0.0000000E+00
  0.2877102E-01  0.1329327E+01  0.0000000E+00
  0.3836055E-01  0.1328978E+01  0.0000000E+00
  0.4794525E-01  0.1328492E+01  0.0000000E+00
  0.5753081E-01  0.1328006E+01  0.0000000E+00
  0.6710959E-01  0.1327383E+01  0.0000000E+00
  0.7668916E-01  0.1326760E+01  0.0000000E+00
  0.8625992E-01  0.1326000E+01  0.0000000E+00
  0.9583145E-01  0.1325239E+01  0.0000000E+00
  0.1053921E+00  0.1324341E+01  0.0000000E+00
  0.1149536E+00  0.1323442E+01  0.0000000E+00
  0.1245023E+00  0.1322407E+01  0.0000000E+00
  0.1340519E+00  0.1321373E+01  0.0000000E+00
  0.1435867E+00  0.1320202E+01  0.0000000E+00
  0.1531223E+00  0.1319031E+01  0.0000000E+00
  0.1626413E+00  0.1317724E+01  0.0000000E+00
  0.1721611E+00  0.1316418E+01  0.0000000E+00
  0.1816618E+00  0.1314973E+01  0.0000000E+00
  0.1911633E+00  0.1313527E+01  0.0000000E+00
  0.2006442E+00  0.1311947E+01  0.0000000E+00
  0.2101259E+00  0.1310366E+01  0.0000000E+00
  0.2195849E+00  0.1308651E+01  0.0000000E+00
  0.2290449E+00  0.1306935E+01  0.0000000E+00
  0.2384802E+00  0.1305085E+01  0.0000000E+00
  0.2479164E+00  0.1303235E+01  0.0000000E+00
  0.2573257E+00  0.1301249E+01  0.0000000E+00
  0.2667359E+00  0.1299263E+01  0.0000000E+00
  0.2761173E+00  0.1297142E+01  0.0000000E+00
  0.2854995E+00  0.1295021E+01  0.0000000E+00
  0.2948512E+00  0.1292766E+01  0.0000000E+00
  0.3042038E+00  0.1290511E+01  0.0000000E+00
  0.3135241E+00  0.1288123E+01  0.0000000E+00
  0.3228451E+00  0.1285735E+01  0.0000000E+00
  0.3321319E+00  0.1283215E+01  0.0000000E+00
  0.3414195E+00  0.1280694E+01  0.0000000E+00
  0.3506702E+00  0.1278039E+01  0.0000000E+00
  0.3599216E+00  0.1275383E+01  0.0000000E+00
  0.3691349E+00  0.1272596E+01  0.0000000E+00
  0.3783489E+00  0.1269809E+01  0.0000000E+00
  0.3875230E+00  0.1266891E+01  0.0000000E+00
  0.3966979E+00  0.1263973E+01  0.0000000E+00
  0.4058308E+00  0.1260925E+01  0.0000000E+00
  0.4149645E+00  0.1257876E+01  0.0000000E+00
  0.4240541E+00  0.1254696E+01  0.0000000E+00
  0.4331443E+00  0.1251517E+01  0.0000000E+00
  0.4421884E+00  0.1248206E+01  0.0000000E+00
  0.4512332E+00  0.1244896E+01  0.0000000E+00
  0.4602306E+00  0.1241457E+01  0.0000000E+00
  0.4692286E+00  0.1238018E+01  0.0000000E+00
  0.4781773E+00  0.1234452E+01  0.0000000E+00
  0.4871267E+00  0.1230885E+01  0.0000000E+00
  0.4960250E+00  0.1227192E+01  0.0000000E+00
  0.5049239E+00  0.1223498E+01  0.0000000E+00
  0.5137687E+00  0.1219675E+01  0.0000000E+00
  0.5226141E+00  0.1215852E+01  0.0000000E+00
  0.5314047E+00  0.1211904E+01  0.0000000E+00
  0.5401959E+00  0.1207956E+01  0.0000000E+00
  0.5489306E+00  0.1203883E+01  0.0000000E+00
  0.5576658E+00  0.1199809E+01  0.0000000E+00
  0.5663427E+00  0.1195612E+01  0.0000000E+00
  0.5750201E+00  0.1191415E+01  0.0000000E+00
  0.5836368E+00  0.1187094E+01  0.0000000E+00
  0.5922540E+00  0.1182772E+01  0.0000000E+00
  0.6008086E+00  0.1178327E+01  0.0000000E+00
  0.6093637E+00  0.1173882E+01  0.0000000E+00
  0.6178552E+00  0.1169316E+01  0.0000000E+00
  0.6263471E+00  0.1164750E+01  0.0000000E+00
  0.6347738E+00  0.1160063E+01  0.0000000E+00
  0.6432007E+00  0.1155376E+01  0.0000000E+00
  0.6515608E+00  0.1150570E+01  0.0000000E+00
  0.6599211E+00  0.1145764E+01  0.0000000E+00
  0.6682113E+00  0.1140837E+01  0.0000000E+00
  0.6765018E+00  0.1135910E+01  0.0000000E+00
  0.6847219E+00  0.1130865E+01  0.0000000E+00
  0.6929422E+00  0.1125820E+01  0.0000000E+00
  0.7010905E+00  0.1120660E+01  0.0000000E+00
  0.7092391E+00  0.1115498E+01  0.0000000E+00
  0.7173139E+00  0.1110222E+01  0.0000000E+00
  0.7253890E+00  0.1104946E+01  0.0000000E+00
  0.7333879E+00  0.1099554E+01  0.0000000E+00
  0.7413870E+00  0.1094162E+01  0.0000000E+00
  0.7493083E+00  0.1088656E+01  0.0000000E+00
  0.7572298E+00  0.1083150E+01  0.0000000E+00
  0.7650726E+00  0.1077532E+01  0.0000000E+00
  0.7729156E+00  0.1071913E+01  0.0000000E+00
  0.7806784E+00  0.1066184E+01  0.0000000E+00
  0.7884413E+00  0.1060455E+01  0.0000000E+00
  0.7961225E+00  0.1054616E+01  0.0000000E+00
  0.8038038E+00  0.1048778E+01  0.0000000E+00
  0.8113999E+00  0.1042828E+01  0.0000000E+00
  0.8189961E+00  0.1036878E+01  0.0000000E+00
  0.8265074E+00  0.1030821E+01  0.0000000E+00
  0.8340188E+00  0.1024764E+01  0.0000000E+00
  0.8414437E+00  0.1018602E+01  0.0000000E+00
  0.8488687E+00  0.1012439E+01  0.0000000E+00
  0.8562058E+00  0.1006171E+01  0.0000000E+00
  0.8635429E+00  0.9999031E+00  0.0000000E+00
  0.8707896E+00  0.9935307E+00  0.0000000E+00
  0.8780363E+00  0.9871584E+00  0.0000000E+00
  0.8851911E+00  0.9806828E+00  0.0000000E+00
  0.8923459E+00  0.9742072E+00  0.0000000E+00
  0.8994083E+00  0.9676307E+00  0.0000000E+00
  0.9064707E+00  0.9610543E+00  0.0000000E+00
  0.9134392E+00  0.9543784E+00  0.0000000E+00
  0.9204078E+00  0.9477025E+00  0.0000000E+00
  0.9272811E+00  0.9409285E+00  0.0000000E+00
  0.9341544E+00  0.9341544E+00  0.0000000E+00
  0.9409285E+00  0.9272811E+00  0.0000000E+00
  0.9477025E+00  0.9204078E+00  0.0000000E+00
  0.9543784E+00  0.9134392E+00  0.0000000E+00
  0.9610543E+00  0.9064707E+00  0.0000000E+00
  0.9676307E+00  0.8994083E+00  0.0000000E+00
  0.9742072E+00  0.8923459E+00  0.0000000E+00
  0.9806828E+00  0.8851911E+00  0.0000000E+00
  0.9871584E+00  0.8780363E+00  0.0000000E+00
  0.9935307E+00  0.8707896E+00  0.0000000E+00
  0.9999031E+00  0.8635429E+00  0.0000000E+00
  0.1006171E+01  0.8562058E+00  0.0000000E+00
  0.1012439E+01  0.8488687E+00  0.0000000E+00
  0.1018602E+01  0.8414437E+00  0.0000000E+00
  0.1024764E+01  0.8340188E+00  0.0000000E+00
  0.1030821E+01  0.8265074E+00  0.0000000E+00
  0.1036878E+01  0.8189961E+00  0.0000000E+00
  0.1042828E+01  0.8113999E+00  0.0000000E+00
  0.1048778E+01  0.8038038E+00  0.0000000E+00
  0.1054616E+01  0.7961225E+00  0.0000000E+00
  0.1060455E+01  0.7884413E+00  0.0000000E+00
  0.1066184E+01  0.7806784E+00  0.0000000E+00
  0.1071913E+01  0.7729156E+00  0.0000000E+00
  0.1077532E+01  0.7650726E+00  0.0000000E+00
  0.1083150E+01  0.7572298E+00  0.0000000E+00
  0.1088656E+01  0.7493083E+00  0.0000000E+00
  0.1094162E+01  0.7413870E+00  0.0000000E+00
  0.1099554E+01  0.7333879E+00  0.0000000E+00
  0.1104946E+01  0.7253890E+00  0.0000000E+00
  0.1110222E+01  0.7173139E+00  0.0000000E+00
  0.1115498E+01  0.7092391E+00  0.0000000E+00
  0.1120660E+01  0.7010905E+00  0.0000000E+00
  0.1125820E+01  0.6929422E+00  0.0000000E+00
  0.1130865E+01  0.6847219E+00  0.0000000E+00
  0.1135910E+01  0.6765018E+00  0.0000000E+00
  0.1140837E+01  0.6682113E+00  0.0000000E+00
  0.1145764E+01  0.6599211E+00  0.0000000E+00
  0.1150570E+01  0.6515608E+00  0.0000000E+00
  0.1155376E+01  0.6432007E+00  0.0000000E+00
  0.1160063E+01  0.6347738E+00  0.0000000E+00
  0.1164750E+01  0.6263471E+00  0.0000000E+00
  0.1169316E+01  0.6178552E+00  0.0000000E+00
  0.1173882E+01  0.6093637E+00  0.0000000E+00
  0.1178327E+01  0.6008086E+00  0.0000000E+00
  0.1182772E+01  0.5922540E+00  0.0000000E+00
  0.1187094E+01  0.5836368E+00  0.0000000E+00
  0.1191415E+01  0.5750201E+00  0.0000000E+00
  0.1195612E+01  0.5663427E+00  0.0000000E+00
  0.1199809E+01  0.5576658E+00  0.0000000E+00
  0.1203883E+01  0.5489306E+00  0.0000000E+00
  0.1207956E+01  0.5401959E+00  0.0000000E+00
  0.1211904E+01  0.5314047E+00  0.0000000E+00
  0.1215852E+01  0.5226141E+00  0.0000000E+00
  0.1219675E+01  0.5137687E+00  0.0000000E+00
  0.1223498E+01  0.5049239E+00  0.0000000E+00
  0.1227192E+01  0.4960250E+00  0.0000000E+00
  0.1230885E+01  0.4871267E+00  0.0000000E+00
  0.1234452E+01  0.4781773E+00  0.0000000E+00
  0.1238018E+01  0.4692286E+00  0.0000000E+00
  0.1241457E+01  0.4602306E+00  0.0000000E+00
  0.1244896E+01  0.4512332E+00  0.0000000E+00
  0.1248206E+01  0.4421884E+00  0.0000000E+00
  0.1251517E+01  0.4331443E+00  0.0000000E+00
  0.1254696E+01  0.4240541E+00  0.0000000E+00
  0.1257876E+01  0.4149645E+00  0.0000000E+00
  0.1260925E+01  0.4058308E+00  0.0000000E+00
  0.1263973E+01  0.3966979E+00  0.0000000E+00
  0.1266891E+01  0.3875230E+00  0.0000000E+00
  0.1269809E+01  0.3783489E+00  0.0000000E+00
  0.1272596E+01  0.3691349E+00  0.0000000E+00
  0.1275383E+01  0.3599216E+00  0.0000000E+00
  0.1278039E+01  0.3506702E+00  0.0000000E+00
  0.1280694E+01  0.3414195E+00  0.0000000E+00
  0.1283215E+01  0.3321319E+00  0.0000000E+00
  0.1285735E+01  0.3228451E+00  0.0000000E+00
  0.1288123E+01  0.3135241E+00  0.0000000E+00
  0.1290511E+01  0.3042038E+00  0.0000000E+00
  0.1292766E+01  0.2948512E+00  0.0000000E+00
  0.1295021E+01  0.2854995E+00  0.0000000E+00
  0.1297142E+01  0.2761173E+00  0.0000000E+00
  0.1299263E+01  0.2667359E+00  0.0000000E+00
  0.1301249E+01  0.2573257E+00  0.0000000E+00
  0.1303235E+01  0.2479164E+00  0.0000000E+00
  0.1305085E+01  0.2384802E+00  0.0000000E+00
  0.1306935E+01  0.2290449E+00  0.0000000E+00
  0.1308651E+01  0.2195849E+00  0.0000000E+00
  0.1310366E+01  0.2101259E+00  0.0000000E+00
  0.1311947E+01  0.2006442E+00  0.0000000E+00
  0.1313527E+01  0.1911633E+00  0.0000000E+00
  0.1314973E+01  0.1816618E+00  0.0000000E+00
  0.1316418E+01  0.1721611E+00  0.0000000E+00
  0.1317724E+01  0.1626413E+00  0.0000000E+00
  0.1319031E+01  0.1531223E+00  0.0000000E+00
  0.1320202E+01  0.1435867E+00  0.0000000E+00
  0.1321373E+01  0.1340519E+00  0.0000000E+00
  0.1322407E+01  0.1245023E+00  0.0000000E+00
  0.1323442E+01  0.1149536E+00  0.0000000E+00
  0.1324341E+01  0.1053921E+00  0.0000000E+00
  0.1325239E+01  0.9583145E-01  0.0000000E+00
  0.1326000E+01  0.8625992E-01  0.0000000E+00
  0.1326760E+01  0.7668916E-01  0.0000000E+00
  0.1327383E+01  0.6710959E-01  0.0000000E+00
  0.1328006E+01  0.5753081E-01  0.0000000E+00
  0.1328492E+01  0.4794525E-01  0.0000000E+00
  0.1328978E+01  0.3836055E-01  0.0000000E+00
  0.1329327E+01  0.2877102E-01  0.0000000E+00
  0.1329676E+01  0.1918230E-01  0.0000000E+00
  0.1329889E+01  0.9590800E-02  0.0000000E+00
  0.1320426E+01  0.9555659E-02  0.0000000E+00
  0.1320215E+01  0.1959358E-01  0.0000000E+00
  0.1319836E+01  0.2914970E-01  0.0000000E+00
  0.1319471E+01  0.3918300E-01  0.0000000E+00
  0.1318959E+01  0.4873707E-01  0.0000000E+00
  0.1318438E+01  0.5876400E-01  0.0000000E+00
  0.1317793E+01  0.6831288E-01  0.0000000E+00
  0.1317117E+01  0.7833226E-01  0.0000000E+00
  0.1316338E+01  0.8787441E-01  0.0000000E+00
  0.1315508E+01  0.9788327E-01  0.0000000E+00
  0.1314595E+01  0.1074172E+00  0.0000000E+00
  0.1313610E+01  0.1174126E+00  0.0000000E+00
  0.1312564E+01  0.1269363E+00  0.0000000E+00
  0.1311425E+01  0.1369162E+00  0.0000000E+00
  0.1310247E+01  0.1464268E+00  0.0000000E+00
  0.1308953E+01  0.1563898E+00  0.0000000E+00
  0.1307643E+01  0.1658851E+00  0.0000000E+00
  0.1306196E+01  0.1758290E+00  0.0000000E+00
  0.1304751E+01  0.1853073E+00  0.0000000E+00
  0.1303151E+01  0.1952285E+00  0.0000000E+00
  0.1301574E+01  0.2046885E+00  0.0000000E+00
  0.1299821E+01  0.2145850E+00  0.0000000E+00
  0.1298113E+01  0.2240245E+00  0.0000000E+00
  0.1296206E+01  0.2338946E+00  0.0000000E+00
  0.1294367E+01  0.2433108E+00  0.0000000E+00
  0.1292308E+01  0.2531527E+00  0.0000000E+00
  0.1290337E+01  0.2625434E+00  0.0000000E+00
  0.1288127E+01  0.2723542E+00  0.0000000E+00
  0.1286024E+01  0.2817179E+00  0.0000000E+00
  0.1283663E+01  0.2914949E+00  0.0000000E+00
  0.1281430E+01  0.3008300E+00  0.0000000E+00
  0.1278917E+01  0.3105718E+00  0.0000000E+00
  0.1276555E+01  0.3198756E+00  0.0000000E+00
  0.1273891E+01  0.3295805E+00  0.0000000E+00
  0.1271401E+01  0.3388506E+00  0.0000000E+00
  0.1268725E+01  0.3480650E+00  0.0000000E+00
  0.1265959E+01  0.3577484E+00  0.0000000E+00
  0.1263155E+01  0.3669287E+00  0.0000000E+00
  0.1260240E+01  0.3765678E+00  0.0000000E+00
  0.1257308E+01  0.3857113E+00  0.0000000E+00
  0.1254245E+01  0.3953044E+00  0.0000000E+00
  0.1251185E+01  0.4044080E+00  0.0000000E+00
  0.1247975E+01  0.4139542E+00  0.0000000E+00
  0.1244787E+01  0.4230163E+00  0.0000000E+00
  0.1241430E+01  0.4325126E+00  0.0000000E+00
  0.1238115E+01  0.4415319E+00  0.0000000E+00
  0.1234613E+01  0.4509756E+00  0.0000000E+00
  0.1231172E+01  0.4599504E+00  0.0000000E+00
  0.1227525E+01  0.4693393E+00  0.0000000E+00
  0.1223959E+01  0.4782668E+00  0.0000000E+00
  0.1220168E+01  0.4875999E+00  0.0000000E+00
  0.1216477E+01  0.4964778E+00  0.0000000E+00
  0.1212543E+01  0.5057530E+00  0.0000000E+00
  0.1208726E+01  0.5145792E+00  0.0000000E+00
  0.1204649E+01  0.5237932E+00  0.0000000E+00
  0.1200710E+01  0.5325671E+00  0.0000000E+00
  0.1196492E+01  0.5417181E+00  0.0000000E+00
  0.1192430E+01  0.5504376E+00  0.0000000E+00
  0.1188071E+01  0.5595239E+00  0.0000000E+00
  0.1183889E+01  0.5681865E+00  0.0000000E+00
  0.1179389E+01  0.5772066E+00  0.0000000E+00
  0.1175087E+01  0.5858102E+00  0.0000000E+00
  0.1170449E+01  0.5947614E+00  0.0000000E+00
  0.1166027E+01  0.6033044E+00  0.0000000E+00
  0.1161252E+01  0.6121843E+00  0.0000000E+00
  0.1156711E+01  0.6206657E+00  0.0000000E+00
  0.1151798E+01  0.6294727E+00  0.0000000E+00
  0.1147141E+01  0.6378902E+00  0.0000000E+00
  0.1142092E+01  0.6466227E+00  0.0000000E+00
  0.1137320E+01  0.6549742E+00  0.0000000E+00
  0.1132382E+01  0.6632262E+00  0.0000000E+00
  0.1127241E+01  0.6719092E+00  0.0000000E+00
  0.1122188E+01  0.6800946E+00  0.0000000E+00
  0.1116914E+01  0.6886967E+00  0.0000000E+00
  0.1111748E+01  0.6968130E+00  0.0000000E+00
  0.1106342E+01  0.7053328E+00  0.0000000E+00
  0.1101063E+01  0.7133770E+00  0.0000000E+00
  0.1095527E+01  0.7218139E+00  0.0000000E+00
  0.1090135E+01  0.7297845E+00  0.0000000E+00
  0.1084471E+01  0.7381357E+00  0.0000000E+00
  0.1078967E+01  0.7460317E+00  0.0000000E+00
  0.1073176E+01  0.7542947E+00  0.0000000E+00
  0.1067563E+01  0.7621149E+00  0.0000000E+00
  0.1061645E+01  0.7702878E+00  0.0000000E+00
  0.1055923E+01  0.7780297E+00  0.0000000E+00
  0.1049880E+01  0.7861116E+00  0.0000000E+00
  0.1044052E+01  0.7937733E+00  0.0000000E+00
  0.1037885E+01  0.8017626E+00  0.0000000E+00
  0.1031949E+01  0.8093421E+00  0.0000000E+00
  0.1025661E+01  0.8172359E+00  0.0000000E+00
  0.1019621E+01  0.8247330E+00  0.0000000E+00
  0.1013211E+01  0.8325294E+00  0.0000000E+00
  0.1007068E+01  0.8399424E+00  0.0000000E+00
  0.1000539E+01  0.8476398E+00  0.0000000E+00
  0.9942935E+00  0.8549667E+00  0.0000000E+00
  0.9876459E+00  0.8625639E+00  0.0000000E+00
  0.9813003E+00  0.8698026E+00  0.0000000E+00
  0.9745362E+00  0.8772974E+00  0.0000000E+00
  0.9680907E+00  0.8844466E+00  0.0000000E+00
  0.9612125E+00  0.8918372E+00  0.0000000E+00
  0.9546687E+00  0.8988961E+00  0.0000000E+00
  0.9476763E+00  0.9061807E+00  0.0000000E+00
  0.9410369E+00  0.9131477E+00  0.0000000E+00
  0.9339314E+00  0.9203251E+00  0.0000000E+00
  0.9271986E+00  0.9271986E+00  0.0000000E+00
  0.9203251E+00  0.9339314E+00  0.0000000E+00
  0.9131477E+00  0.9410369E+00  0.0000000E+00
  0.9061807E+00  0.9476763E+00  0.0000000E+00
  0.8988961E+00  0.9546687E+00  0.0000000E+00
  0.8918372E+00  0.9612125E+00  0.0000000E+00
  0.8844466E+00  0.9680907E+00  0.0000000E+00
  0.8772974E+00  0.9745362E+00  0.0000000E+00
  0.8698026E+00  0.9813003E+00  0.0000000E+00
  0.8625639E+00  0.9876459E+00  0.0000000E+00
  0.8549667E+00  0.9942935E+00  0.0000000E+00
  0.8476398E+00  0.1000539E+01  0.0000000E+00
  0.8399424E+00  0.1007068E+01  0.0000000E+00
  0.8325294E+00  0.1013211E+01  0.0000000E+00
  0.8247330E+00  0.1019621E+01  0.0000000E+00
  0.8172359E+00  0.1025661E+01  0.0000000E+00
  0.8093421E+00  0.1031949E+01  0.0000000E+00
  0.8017626E+00  0.1037885E+01  0.0000000E+00
  0.7937733E+00  0.1044052E+01  0.0000000E+00
  0.7861116E+00  0.1049880E+01  0.0000000E+00
  0.7780297E+00  0.1055923E+01  0.0000000E+00
  0.7702878E+00  0.1061645E+01  0.0000000E+00
  0.7621149E+00  0.1067563E+01  0.0000000E+00
  0.7542947E+00  0.1073176E+01  0.0000000E+00
  0.7460317E+00  0.1078967E+01  0.0000000E+00
  0.7381357E+00  0.1084471E+01  0.0000000E+00
  0.7297845E+00  0.1090135E+01  0.0000000E+00
  0.7218139E+00  0.1095527E+01  0.0000000E+00
  0.7133770E+00  0.1101063E+01  0.0000000E+00
  0.7053328E+00  0.1106342E+01  0.0000000E+00
  0.6968130E+00  0.1111748E+01  0.0000000E+00
  0.6886967E+00  0.1116914E+01  0.0000000E+00
  0.6800946E+00  0.1122188E+01  0.0000000E+00
  0.6719092E+00  0.1127241E+01  0.0000000E+00
  0.6632262E+00  0.1132382E+01  0.0000000E+00
  0.6549742E+00  0.1137320E+01  0.0000000E+00
  0.6466227E+00  0.1142092E+01  0.0000000E+00
  0.6378902E+00  0.1147141E+01  0.0000000E+00
  0.6294727E+00  0.1151798E+01  0.0000000E+00
  0.6206657E+00  0.1156711E+01  0.0000000E+00
  0.6121843E+00  0.1161252E+01  0.0000000E+00
  0.6033044E+00  0.1166027E+01  0.0000000E+00
  0.5947614E+00  0.1170449E+01  0.0000000E+00
  0.5858102E+00  0.1175087E+01  0.0000000E+00
  0.5772066E+00  0.1179389E+01  0.0000000E+00
  0.5681865E+00  0.1183889E+01  0.0000000E+00
  0.5595239E+00  0.1188071E+01  0.0000000E+00
  0.5504376E+00  0.1192430E+01  0.0000000E+00
  0.5417181E+00  0.1196492E+01  0.0000000E+00
  0.5325671E+00  0.1200710E+01  0.0000000E+00
  0.5237932E+00  0.1204649E+01  0.0000000E+00
  0.5145792E+00  0.1208726E+01  0.0000000E+00
  0.5057530E+00  0.1212543E+01  0.0000000E+00
  0.4964778E+00  0.1216477E+01  0.0000000E+00
  0.4875999E+00  0.1220168E+01  0.0000000E+00
  0.4782668E+00  0.1223959E+01  0.0000000E+00
  0.4693393E+00  0.1227525E+01  0.0000000E+00
  0.4599504E+00  0.1231172E+01  0.0000000E+00
  0.4509756E+00  0.1234613E+01  0.0000000E+00
  0.4415319E+00  0.1238115E+01  0.0000000E+00
  0.4325126E+00  0.1241430E+01  0.0000000E+00
  0.4230163E+00  0.1244787E+01  0.0000000E+00
  0.4139542E+00  0.1247975E+01  0.0000000E+00
  0.4044080E+00  0.1251185E+01  0.0000000E+00
  0.3953044E+00  0.1254245E+01  0.0000000E+00
  0.3857113E+00  0.1257308E+01  0.0000000E+00
  0.3765678E+00  0.1260240E+01  0.0000000E+00
  0.3669287E+00  0.1263155E+01  0.0000000E+00
  0.3577484E+00  0.1265959E+01  0.0000000E+00
  0.3480650E+00  0.1268725E+01  0.0000000E+00
  0.3388506E+00  0.1271401E+01  0.0000000E+00
  0.3295805E+00  0.1273891E+01  0.0000000E+00
  0.3198756E+00  0.1276555E+01  0.0000000E+00
  0.3105718E+00  0.1278917E+01  0.0000000E+00
  0.3008300E+00  0.1281430E+01  0.0000000E+00
  0.2914949E+00  0.1283663E+01  0.0000000E+00
  0.2817179E+00  0.1286024E+01  0.0000000E+00
  0.2723542E+00  0.1288127E+01  0.0000000E+00
  0.2625434E+00  0.1290337E+01  0.0000000E+00
  0.2531527E+00  0.1292308E+01  0.0000000E+00
  0.2433108E+00  0.1294367E+01  0.0000000E+00
  0.2338946E+00  0.1296206E+01  0.0000000E+00
  0.2240245E+00  0.1298113E+01  0.0000000E+00
  0.2145850E+00  0.1299821E+01  0.0000000E+00
  0.2046885E+00  0.1301574E+01  0.0000000E+00
  0.1952285E+00  0.1303151E+01  0.0000000E+00
  0.1853073E+00  0.1304751E+01  0.0000000E+00
  0.1758290E+00  0.1306196E+01  0.0000000E+00
  0.1658851E+00  0.1307643E+01  0.0000000E+00
  0.1563898E+00  0.1308953E+01  0.0000000E+00
  0.1464268E+00  0.1310247E+01  0.0000000E+00
  0.1369162E+00  0.1311425E+01  0.0000000E+00
  0.1269363E+00  0.1312564E+01  0.0000000E+00
  0.1174126E+00  0.1313610E+01  0.0000000E+00
  0.1074172E+00  0.1314595E+01  0.0000000E+00
  0.9788327E-01  0.1315508E+01  0.0000000E+00
  0.8787441E-01  0.1316338E+01  0.0000000E+00
  0.7833226E-01  0.1317117E+01  0.0000000E+00
  0.6831288E-01  0.1317793E+01  0.0000000E+00
  0.5876400E-01  0.1318438E+01  0.0000000E+00
  0.4873707E-01  0.1318959E+01  0.0000000E+00
  0.3918300E-01  0.1319471E+01  0.0000000E+00
  0.2914970E-01  0.1319836E+01  0.0000000E+00
  0.1959358E-01  0.1320215E+01  0.0000000E+00
  0.9555659E-02  0.1320426E+01  0.0000000E+00
  0.9219834E-02  0.1348063E+01  0.0000000E+00
  0.1844027E-01  0.1347878E+01  0.0000000E+00
  0.2765827E-01  0.1347570E+01  0.0000000E+00
  0.3687705E-01  0.1347262E+01  0.0000000E+00
  0.4609162E-01  0.1346829E+01  0.0000000E+00
  0.5530694E-01  0.1346396E+01  0.0000000E+00
  0.6451619E-01  0.1345836E+01  0.0000000E+00
  0.7372627E-01  0.1345276E+01  0.0000000E+00
  0.8292869E-01  0.1344593E+01  0.0000000E+00
  0.9213198E-01  0.1343910E+01  0.0000000E+00
  0.1013257E+00  0.1343101E+01  0.0000000E+00
  0.1105203E+00  0.1342292E+01  0.0000000E+00
  0.1197036E+00  0.1341358E+01  0.0000000E+00
  0.1288879E+00  0.1340423E+01  0.0000000E+00
  0.1380593E+00  0.1339366E+01  0.0000000E+00
  0.1472317E+00  0.1338309E+01  0.0000000E+00
  0.1563892E+00  0.1337126E+01  0.0000000E+00
  0.1655474E+00  0.1335941E+01  0.0000000E+00
  0.1746895E+00  0.1334634E+01  0.0000000E+00
  0.1838324E+00  0.1333327E+01  0.0000000E+00
  0.1929576E+00  0.1331897E+01  0.0000000E+00
  0.2020834E+00  0.1330467E+01  0.0000000E+00
  0.2111893E+00  0.1328911E+01  0.0000000E+00
  0.2202958E+00  0.1327355E+01  0.0000000E+00
  0.2293814E+00  0.1325677E+01  0.0000000E+00
  0.2384676E+00  0.1323999E+01  0.0000000E+00
  0.2475310E+00  0.1322197E+01  0.0000000E+00
  0.2565948E+00  0.1320395E+01  0.0000000E+00
  0.2656336E+00  0.1318468E+01  0.0000000E+00
  0.2746729E+00  0.1316541E+01  0.0000000E+00
  0.2836863E+00  0.1314493E+01  0.0000000E+00
  0.2927002E+00  0.1312445E+01  0.0000000E+00
  0.3016857E+00  0.1310273E+01  0.0000000E+00
  0.3106718E+00  0.1308100E+01  0.0000000E+00
  0.3196283E+00  0.1305807E+01  0.0000000E+00
  0.3285855E+00  0.1303513E+01  0.0000000E+00
  0.3375117E+00  0.1301100E+01  0.0000000E+00
  0.3464386E+00  0.1298687E+01  0.0000000E+00
  0.3553316E+00  0.1296149E+01  0.0000000E+00
  0.3642251E+00  0.1293612E+01  0.0000000E+00
  0.3730845E+00  0.1290956E+01  0.0000000E+00
  0.3819445E+00  0.1288300E+01  0.0000000E+00
  0.3907683E+00  0.1285524E+01  0.0000000E+00
  0.3995927E+00  0.1282749E+01  0.0000000E+00
  0.4083786E+00  0.1279852E+01  0.0000000E+00
  0.4171650E+00  0.1276955E+01  0.0000000E+00
  0.4259125E+00  0.1273941E+01  0.0000000E+00
  0.4346605E+00  0.1270927E+01  0.0000000E+00
  0.4433670E+00  0.1267793E+01  0.0000000E+00
  0.4520739E+00  0.1264659E+01  0.0000000E+00
  0.4607381E+00  0.1261408E+01  0.0000000E+00
  0.4694026E+00  0.1258156E+01  0.0000000E+00
  0.4780235E+00  0.1254788E+01  0.0000000E+00
  0.4866448E+00  0.1251421E+01  0.0000000E+00
  0.4952194E+00  0.1247935E+01  0.0000000E+00
  0.5037942E+00  0.1244448E+01  0.0000000E+00
  0.5123216E+00  0.1240846E+01  0.0000000E+00
  0.5208494E+00  0.1237244E+01  0.0000000E+00
  0.5293282E+00  0.1233526E+01  0.0000000E+00
  0.5378073E+00  0.1229809E+01  0.0000000E+00
  0.5462347E+00  0.1225974E+01  0.0000000E+00
  0.5546624E+00  0.1222140E+01  0.0000000E+00
  0.5630386E+00  0.1218193E+01  0.0000000E+00
  0.5714153E+00  0.1214246E+01  0.0000000E+00
  0.5797380E+00  0.1210186E+01  0.0000000E+00
  0.5880610E+00  0.1206125E+01  0.0000000E+00
  0.5963282E+00  0.1201952E+01  0.0000000E+00
  0.6045957E+00  0.1197778E+01  0.0000000E+00
  0.6128072E+00  0.1193494E+01  0.0000000E+00
  0.6210191E+00  0.1189210E+01  0.0000000E+00
  0.6291716E+00  0.1184814E+01  0.0000000E+00
  0.6373246E+00  0.1180417E+01  0.0000000E+00
  0.6454177E+00  0.1175911E+01  0.0000000E+00
  0.6535112E+00  0.1171405E+01  0.0000000E+00
  0.6615443E+00  0.1166791E+01  0.0000000E+00
  0.6695776E+00  0.1162177E+01  0.0000000E+00
  0.6775463E+00  0.1157452E+01  0.0000000E+00
  0.6855153E+00  0.1152727E+01  0.0000000E+00
  0.6934210E+00  0.1147895E+01  0.0000000E+00
  0.7013268E+00  0.1143064E+01  0.0000000E+00
  0.7091672E+00  0.1138127E+01  0.0000000E+00
  0.7170077E+00  0.1133189E+01  0.0000000E+00
  0.7247800E+00  0.1128145E+01  0.0000000E+00
  0.7325525E+00  0.1123100E+01  0.0000000E+00
  0.7402571E+00  0.1117951E+01  0.0000000E+00
  0.7479619E+00  0.1112803E+01  0.0000000E+00
  0.7555951E+00  0.1107548E+01  0.0000000E+00
  0.7632285E+00  0.1102293E+01  0.0000000E+00
  0.7707901E+00  0.1096936E+01  0.0000000E+00
  0.7783519E+00  0.1091578E+01  0.0000000E+00
  0.7858419E+00  0.1086120E+01  0.0000000E+00
  0.7933320E+00  0.1080662E+01  0.0000000E+00
  0.8007463E+00  0.1075101E+01  0.0000000E+00
  0.8081607E+00  0.1069540E+01  0.0000000E+00
  0.8155000E+00  0.1063880E+01  0.0000000E+00
  0.8228396E+00  0.1058220E+01  0.0000000E+00
  0.8301028E+00  0.1052462E+01  0.0000000E+00
  0.8373661E+00  0.1046704E+01  0.0000000E+00
  0.8445494E+00  0.1040846E+01  0.0000000E+00
  0.8517329E+00  0.1034988E+01  0.0000000E+00
  0.8588378E+00  0.1029035E+01  0.0000000E+00
  0.8659428E+00  0.1023083E+01  0.0000000E+00
  0.8729666E+00  0.1017034E+01  0.0000000E+00
  0.8799905E+00  0.1010985E+01  0.0000000E+00
  0.8869313E+00  0.1004841E+01  0.0000000E+00
  0.8938722E+00  0.9986971E+00  0.0000000E+00
  0.9007308E+00  0.9924613E+00  0.0000000E+00
  0.9075894E+00  0.9862254E+00  0.0000000E+00
  0.9143620E+00  0.9798961E+00  0.0000000E+00
  0.9211345E+00  0.9735667E+00  0.0000000E+00
  0.9278213E+00  0.9671467E+00  0.0000000E+00
  0.9345081E+00  0.9607266E+00  0.0000000E+00
  0.9411089E+00  0.9542182E+00  0.0000000E+00
  0.9477098E+00  0.9477098E+00  0.0000000E+00
  0.9542182E+00  0.9411089E+00  0.0000000E+00
  0.9607266E+00  0.9345081E+00  0.0000000E+00
  0.9671467E+00  0.9278213E+00  0.0000000E+00
  0.9735667E+00  0.9211345E+00  0.0000000E+00
  0.9798961E+00  0.9143620E+00  0.0000000E+00
  0.9862254E+00  0.9075894E+00  0.0000000E+00
  0.9924613E+00  0.9007308E+00  0.0000000E+00
  0.9986971E+00  0.8938722E+00  0.0000000E+00
  0.1004841E+01  0.8869313E+00  0.0000000E+00
  0.1010985E+01  0.8799905E+00  0.0000000E+00
  0.1017034E+01  0.8729666E+00  0.0000000E+00
  0.1023083E+01  0.8659428E+00  0.0000000E+00
  0.1029035E+01  0.8588378E+00  0.0000000E+00
  0.1034988E+01  0.8517329E+00  0.0000000E+00
  0.1040846E+01  0.8445494E+00  0.0000000E+00
  0.1046704E+01  0.8373661E+00  0.0000000E+00
  0.1052462E+01  0.8301028E+00  0.0000000E+00
  0.1058220E+01  0.8228396E+00  0.0000000E+00
  0.1063880E+01  0.8155000E+00  0.0000000E+00
  0.1069540E+01  0.8081607E+00  0.0000000E+00
  0.1075101E+01  0.8007463E+00  0.0000000E+00
  0.1080662E+01  0.7933320E+00  0.0000000E+00
  0.1086120E+01  0.7858419E+00  0.0000000E+00
  0.1091578E+01  0.7783519E+00  0.0000000E+00
  0.1096936E+01  0.7707901E+00  0.0000000E+00
  0.1102293E+01  0.7632285E+00  0.0000000E+00
  0.1107548E+01  0.7555951E+00  0.0000000E+00
  0.1112803E+01  0.7479619E+00  0.0000000E+00
  0.1117951E+01  0.7402571E+00  0.0000000E+00
  0.1123100E+01  0.7325525E+00  0.0000000E+00
  0.1128145E+01  0.7247800E+00  0.0000000E+00
  0.1133189E+01  0.7170077E+00  0.0000000E+00
  0.1138127E+01  0.7091672E+00  0.0000000E+00
  0.1143064E+01  0.7013268E+00  0.0000000E+00
  0.1147895E+01  0.6934210E+00  0.0000000E+00
  0.1152727E+01  0.6855153E+00  0.0000000E+00
  0.1157452E+01  0.6775463E+00  0.0000000E+00
  0.1162177E+01  0.6695776E+00  0.0000000E+00
  0.1166791E+01  0.6615443E+00  0.0000000E+00
  0.1171405E+01  0.6535112E+00  0.0000000E+00
  0.1175911E+01  0.6454177E+00  0.0000000E+00
  0.1180417E+01  0.6373246E+00  0.0000000E+00
  0.1184814E+01  0.6291716E+00  0.0000000E+00
  0.1189210E+01  0.6210191E+00  0.0000000E+00
  0.1193494E+01  0.6128072E+00  0.0000000E+00
  0.1197778E+01  0.6045957E+00  0.0000000E+00
  0.1201952E+01  0.5963282E+00  0.0000000E+00
  0.1206125E+01  0.5880610E+00  0.0000000E+00
  0.1210186E+01  0.5797380E+00  0.0000000E+00
  0.1214246E+01  0.5714153E+00  0.0000000E+00
  0.1218193E+01  0.5630386E+00  0.0000000E+00
  0.1222140E+01  0.5546624E+00  0.0000000E+00
  0.1225974E+01  0.5462347E+00  0.0000000E+00
  0.1229809E+01  0.5378073E+00  0.0000000E+00
  0.1233526E+01  0.5293282E+00  0.0000000E+00
  0.1237244E+01  0.5208494E+00  0.0000000E+00
  0.1240846E+01  0.5123216E+00  0.0000000E+00
  0.1244448E+01  0.5037942E+00  0.0000000E+00
  0.1247935E+01  0.4952194E+00  0.0000000E+00
  0.1251421E+01  0.4866448E+00  0.0000000E+00
  0.1254788E+01  0.4780235E+00  0.0000000E+00
  0.1258156E+01  0.4694026E+00  0.0000000E+00
  0.1261408E+01  0.4607381E+00  0.0000000E+00
  0.1264659E+01  0.4520739E+00  0.0000000E+00
  0.1267793E+01  0.4433670E+00  0.0000000E+00
  0.1270927E+01  0.4346605E+00  0.0000000E+00
  0.1273941E+01  0.4259125E+00  0.0000000E+00
  0.1276955E+01  0.4171650E+00  0.0000000E+00
  0.1279852E+01  0.4083786E+00  0.0000000E+00
  0.1282749E+01  0.3995927E+00  0.0000000E+00
  0.1285524E+01  0.3907683E+00  0.0000000E+00
  0.1288300E+01  0.3819445E+00  0.0000000E+00
  0.1290956E+01  0.3730845E+00  0.0000000E+00
  0.1293612E+01  0.3642251E+00  0.0000000E+00
  0.1296149E+01  0.3553316E+00  0.0000000E+00
  0.1298687E+01  0.3464386E+00  0.0000000E+00
  0.1301100E+01  0.3375117E+00  0.0000000E+00
  0.1303513E+01  0.3285855E+00  0.0000000E+00
  0.1305807E+01  0.3196283E+00  0.0000000E+00
  0.1308100E+01  0.3106718E+00  0.0000000E+00
  0.1310273E+01  0.3016857E+00  0.0000000E+00
  0.1312445E+01  0.2927002E+00  0.0000000E+00
  0.1314493E+01  0.2836863E+00  0.0000000E+00
  0.1316541E+01  0.2746729E+00  0.0000000E+00
  0.1318468E+01  0.2656336E+00  0.0000000E+00
  0.1320395E+01  0.2565948E+00  0.0000000E+00
  0.1322197E+01  0.2475310E+00  0.0000000E+00
  0.1323999E+01  0.2384676E+00  0.0000000E+00
  0.1325677E+01  0.2293814E+00  0.0000000E+00
  0.1327355E+01  0.2202958E+00  0.0000000E+00
  0.1328911E+01  0.2111893E+00  0.0000000E+00
  0.1330467E+01  0.2020834E+00  0.0000000E+00
  0.1331897E+01  0.1929576E+00  0.0000000E+00
  0.1333327E+01  0.1838324E+00  0.0000000E+00
  0.1334634E+01  0.1746895E+00  0.0000000E+00
  0.1335941E+01  0.1655474E+00  0.0000000E+00
  0.1337126E+01  0.1563892E+00  0.0000000E+00
  0.1338309E+01  0.1472317E+00  0.0000000E+00
  0.1339366E+01  0.1380593E+00  0.0000000E+00
  0.1340423E+01  0.1288879E+00  0.0000000E+00
  0.1341358E+01  0.1197036E+00  0.0000000E+00
  0.1342292E+01  0.1105203E+00  0.0000000E+00
  0.1343101E+01  0.1013257E+00  0.0000000E+00
  0.1343910E+01  0.9213198E-01  0.0000000E+00
  0.1344593E+01  0.8292869E-01  0.0000000E+00
  0.1345276E+01  0.7372627E-01  0.0000000E+00
  0.1345836E+01  0.6451619E-01  0.0000000E+00
  0.1346396E+01  0.5530694E-01  0.0000000E+00
  0.1346829E+01  0.4609162E-01  0.0000000E+00
  0.1347262E+01  0.3687705E-01  0.0000000E+00
  0.1347570E+01  0.2765827E-01  0.0000000E+00
  0.1347878E+01  0.1844027E-01  0.0000000E+00
  0.1348063E+01  0.9219834E-02  0.0000000E+00
  0.1338958E+01  0.9187188E-02  0.0000000E+00
  0.1338775E+01  0.1881138E-01  0.0000000E+00
  0.1338439E+01  0.2799947E-01  0.0000000E+00
  0.1338115E+01  0.3761918E-01  0.0000000E+00
  0.1337657E+01  0.4680487E-01  0.0000000E+00
  0.1337194E+01  0.5641971E-01  0.0000000E+00
  0.1336613E+01  0.6560278E-01  0.0000000E+00
  0.1336010E+01  0.7520910E-01  0.0000000E+00
  0.1335309E+01  0.8438660E-01  0.0000000E+00
  0.1334564E+01  0.9398384E-01  0.0000000E+00
  0.1333740E+01  0.1031538E+00  0.0000000E+00
  0.1332855E+01  0.1127397E+00  0.0000000E+00
  0.1331909E+01  0.1219016E+00  0.0000000E+00
  0.1330884E+01  0.1314735E+00  0.0000000E+00
  0.1329818E+01  0.1406240E+00  0.0000000E+00
  0.1328654E+01  0.1501820E+00  0.0000000E+00
  0.1327465E+01  0.1593190E+00  0.0000000E+00
  0.1326163E+01  0.1688600E+00  0.0000000E+00
  0.1324852E+01  0.1779827E+00  0.0000000E+00
  0.1323408E+01  0.1875050E+00  0.0000000E+00
  0.1321977E+01  0.1966105E+00  0.0000000E+00
  0.1320395E+01  0.2061132E+00  0.0000000E+00
  0.1318843E+01  0.2152002E+00  0.0000000E+00
  0.1317123E+01  0.2246799E+00  0.0000000E+00
  0.1315451E+01  0.2337475E+00  0.0000000E+00
  0.1313592E+01  0.2432034E+00  0.0000000E+00
  0.1311801E+01  0.2522483E+00  0.0000000E+00
  0.1309803E+01  0.2616778E+00  0.0000000E+00
  0.1307891E+01  0.2706992E+00  0.0000000E+00
  0.1305755E+01  0.2800993E+00  0.0000000E+00
  0.1303724E+01  0.2890962E+00  0.0000000E+00
  0.1301451E+01  0.2984664E+00  0.0000000E+00
  0.1299300E+01  0.3074357E+00  0.0000000E+00
  0.1296891E+01  0.3167728E+00  0.0000000E+00
  0.1294621E+01  0.3257144E+00  0.0000000E+00
  0.1292077E+01  0.3350177E+00  0.0000000E+00
  0.1289690E+01  0.3439291E+00  0.0000000E+00
  0.1287134E+01  0.3527882E+00  0.0000000E+00
  0.1284496E+01  0.3620729E+00  0.0000000E+00
  0.1281823E+01  0.3709018E+00  0.0000000E+00
  0.1279050E+01  0.3801459E+00  0.0000000E+00
  0.1276260E+01  0.3889405E+00  0.0000000E+00
  0.1273354E+01  0.3981443E+00  0.0000000E+00
  0.1270446E+01  0.4069032E+00  0.0000000E+00
  0.1267407E+01  0.4160638E+00  0.0000000E+00
  0.1264383E+01  0.4247849E+00  0.0000000E+00
  0.1261210E+01  0.4339015E+00  0.0000000E+00
  0.1258069E+01  0.4425823E+00  0.0000000E+00
  0.1254764E+01  0.4516530E+00  0.0000000E+00
  0.1251508E+01  0.4602935E+00  0.0000000E+00
  0.1248071E+01  0.4693155E+00  0.0000000E+00
  0.1244702E+01  0.4779132E+00  0.0000000E+00
  0.1241134E+01  0.4868862E+00  0.0000000E+00
  0.1237650E+01  0.4954391E+00  0.0000000E+00
  0.1233953E+01  0.5043601E+00  0.0000000E+00
  0.1230355E+01  0.5128678E+00  0.0000000E+00
  0.1226525E+01  0.5217336E+00  0.0000000E+00
  0.1222815E+01  0.5301936E+00  0.0000000E+00
  0.1218858E+01  0.5390043E+00  0.0000000E+00
  0.1215034E+01  0.5474152E+00  0.0000000E+00
  0.1210950E+01  0.5561674E+00  0.0000000E+00
  0.1207016E+01  0.5645292E+00  0.0000000E+00
  0.1202804E+01  0.5732218E+00  0.0000000E+00
  0.1198760E+01  0.5815312E+00  0.0000000E+00
  0.1194423E+01  0.5901622E+00  0.0000000E+00
  0.1190267E+01  0.5984179E+00  0.0000000E+00
  0.1185804E+01  0.6069849E+00  0.0000000E+00
  0.1181540E+01  0.6151864E+00  0.0000000E+00
  0.1176952E+01  0.6236891E+00  0.0000000E+00
  0.1172579E+01  0.6318328E+00  0.0000000E+00
  0.1167869E+01  0.6402692E+00  0.0000000E+00
  0.1163388E+01  0.6483546E+00  0.0000000E+00
  0.1158554E+01  0.6567237E+00  0.0000000E+00
  0.1153970E+01  0.6647493E+00  0.0000000E+00
  0.1149236E+01  0.6726828E+00  0.0000000E+00
  0.1144316E+01  0.6810074E+00  0.0000000E+00
  0.1139477E+01  0.6888803E+00  0.0000000E+00
  0.1134438E+01  0.6971323E+00  0.0000000E+00
  0.1129494E+01  0.7049405E+00  0.0000000E+00
  0.1124337E+01  0.7131202E+00  0.0000000E+00
  0.1119289E+01  0.7208635E+00  0.0000000E+00
  0.1114013E+01  0.7289669E+00  0.0000000E+00
  0.1108863E+01  0.7366439E+00  0.0000000E+00
  0.1103470E+01  0.7446700E+00  0.0000000E+00
  0.1098217E+01  0.7522780E+00  0.0000000E+00
  0.1092707E+01  0.7602246E+00  0.0000000E+00
  0.1087353E+01  0.7677646E+00  0.0000000E+00
  0.1081729E+01  0.7756292E+00  0.0000000E+00
  0.1076277E+01  0.7830991E+00  0.0000000E+00
  0.1070540E+01  0.7908821E+00  0.0000000E+00
  0.1064987E+01  0.7982793E+00  0.0000000E+00
  0.1059139E+01  0.8059781E+00  0.0000000E+00
  0.1053489E+01  0.8133027E+00  0.0000000E+00
  0.1047528E+01  0.8209141E+00  0.0000000E+00
  0.1041782E+01  0.8281637E+00  0.0000000E+00
  0.1035711E+01  0.8356890E+00  0.0000000E+00
  0.1029868E+01  0.8428615E+00  0.0000000E+00
  0.1023690E+01  0.8502978E+00  0.0000000E+00
  0.1017753E+01  0.8573936E+00  0.0000000E+00
  0.1011466E+01  0.8647401E+00  0.0000000E+00
  0.1005437E+01  0.8717560E+00  0.0000000E+00
  0.9990434E+00  0.8790110E+00  0.0000000E+00
  0.9929217E+00  0.8859459E+00  0.0000000E+00
  0.9864224E+00  0.8931072E+00  0.0000000E+00
  0.9802113E+00  0.8999613E+00  0.0000000E+00
  0.9736069E+00  0.9070286E+00  0.0000000E+00
  0.9673069E+00  0.9137984E+00  0.0000000E+00
  0.9606009E+00  0.9207702E+00  0.0000000E+00
  0.9542127E+00  0.9274560E+00  0.0000000E+00
  0.9474042E+00  0.9343308E+00  0.0000000E+00
  0.9409321E+00  0.9409321E+00  0.0000000E+00
  0.9343308E+00  0.9474042E+00  0.0000000E+00
  0.9274560E+00  0.9542127E+00  0.0000000E+00
  0.9207702E+00  0.9606009E+00  0.0000000E+00
  0.9137984E+00  0.9673069E+00  0.0000000E+00
  0.9070286E+00  0.9736069E+00  0.0000000E+00
  0.8999613E+00  0.9802113E+00  0.0000000E+00
  0.8931072E+00  0.9864224E+00  0.0000000E+00
  0.8859459E+00  0.9929217E+00  0.0000000E+00
  0.8790110E+00  0.9990434E+00  0.0000000E+00
  0.8717560E+00  0.1005437E+01  0.0000000E+00
  0.8647401E+00  0.1011466E+01  0.0000000E+00
  0.8573936E+00  0.1017753E+01  0.0000000E+00
  0.8502978E+00  0.1023690E+01  0.0000000E+00
  0.8428615E+00  0.1029868E+01  0.0000000E+00
  0.8356890E+00  0.1035711E+01  0.0000000E+00
  0.8281637E+00  0.1041782E+01  0.0000000E+00
  0.8209141E+00  0.1047528E+01  0.0000000E+00
  0.8133027E+00  0.1053489E+01  0.0000000E+00
  0.8059781E+00  0.1059139E+01  0.0000000E+00
  0.7982793E+00  0.1064987E+01  0.0000000E+00
  0.7908821E+00  0.1070540E+01  0.0000000E+00
  0.7830991E+00  0.1076277E+01  0.0000000E+00
  0.7756292E+00  0.1081729E+01  0.0000000E+00
  0.7677646E+00  0.1087353E+01  0.0000000E+00
  0.7602246E+00  0.1092707E+01  0.0000000E+00
  0.7522780E+00  0.1098217E+01  0.0000000E+00
  0.7446700E+00  0.1103470E+01  0.0000000E+00
  0.7366439E+00  0.1108863E+01  0.0000000E+00
  0.7289669E+00  0.1114013E+01  0.0000000E+00
  0.7208635E+00  0.1119289E+01  0.0000000E+00
  0.7131202E+00  0.1124337E+01  0.0000000E+00
  0.7049405E+00  0.1129494E+01  0.0000000E+00
  0.6971323E+00  0.1134438E+01  0.0000000E+00
  0.6888803E+00  0.1139477E+01  0.0000000E+00
  0.6810074E+00  0.1144316E+01  0.0000000E+00
  0.6726828E+00  0.1149236E+01  0.0000000E+00
  0.6647493E+00  0.1153970E+01  0.0000000E+00
  0.6567237E+00  0.1158554E+01  0.0000000E+00
  0.6483546E+00  0.1163388E+01  0.0000000E+00
  0.6402692E+00  0.1167869E+01  0.0000000E+00
  0.6318328E+00  0.1172579E+01  0.0000000E+00
  0.6236891E+00  0.1176952E+01  0.0000000E+00
  0.6151864E+00  0.1181540E+01  0.0000000E+00
  0.6069849E+00  0.1185804E+01  0.0000000E+00
  0.5984179E+00  0.1190267E+01  0.0000000E+00
  0.5901622E+00  0.1194423E+01  0.0000000E+00
  0.5815312E+00  0.1198760E+01  0.0000000E+00
  0.5732218E+00  0.1202804E+01  0.0000000E+00
  0.5645292E+00  0.1207016E+01  0.0000000E+00
  0.5561674E+00  0.1210950E+01  0.0000000E+00
  0.5474152E+00  0.1215034E+01  0.0000000E+00
  0.5390043E+00  0.1218858E+01  0.0000000E+00
  0.5301936E+00  0.1222815E+01  0.0000000E+00
  0.5217336E+00  0.1226525E+01  0.0000000E+00
  0.5128678E+00  0.1230355E+01  0.0000000E+00
  0.5043601E+00  0.1233953E+01  0.0000000E+00
  0.4954391E+00  0.1237650E+01  0.0000000E+00
  0.4868862E+00  0.1241134E+01  0.0000000E+00
  0.4779132E+00  0.1244702E+01  0.0000000E+00
  0.4693155E+00  0.1248071E+01  0.0000000E+00
  0.4602935E+00  0.1251508E+01  0.0000000E+00
  0.4516530E+00  0.1254764E+01  0.0000000E+00
  0.4425823E+00  0.1258069E+01  0.0000000E+00
  0.4339015E+00  0.1261210E+01  0.0000000E+00
  0.4247849E+00  0.1264383E+01  0.0000000E+00
  0.4160638E+00  0.1267407E+01  0.0000000E+00
  0.4069032E+00  0.1270446E+01  0.0000000E+00
  0.3981443E+00  0.1273354E+01  0.0000000E+00
  0.3889405E+00  0.1276260E+01  0.0000000E+00
  0.3801459E+00  0.1279050E+01  0.0000000E+00
  0.3709018E+00  0.1281823E+01  0.0000000E+00
  0.3620729E+00  0.1284496E+01  0.0000000E+00
  0.3527882E+00  0.1287134E+01  0.0000000E+00
  0.3439291E+00  0.1289690E+01  0.0000000E+00
  0.3350177E+00  0.1292077E+01  0.0000000E+00
  0.3257144E+00  0.1294621E+01  0.0000000E+00
  0.3167728E+00  0.1296891E+01  0.0000000E+00
  0.3074357E+00  0.1299300E+01  0.0000000E+00
  0.2984664E+00  0.1301451E+01  0.0000000E+00
  0.2890962E+00  0.1303724E+01  0.0000000E+00
  0.2800993E+00  0.1305755E+01  0.0000000E+00
  0.2706992E+00  0.1307891E+01  0.0000000E+00
  0.2616778E+00  0.1309803E+01  0.0000000E+00
  0.2522483E+00  0.1311801E+01  0.0000000E+00
  0.2432034E+00  0.1313592E+01  0.0000000E+00
  0.2337475E+00  0.1315451E+01  0.0000000E+00
  0.2246799E+00  0.1317123E+01  0.0000000E+00
  0.2152002E+00  0.1318843E+01  0.0000000E+00
  0.2061132E+00  0.1320395E+01  0.0000000E+00
  0.1966105E+00  0.1321977E+01  0.0000000E+00
  0.1875050E+00  0.1323408E+01  0.0000000E+00
  0.1779827E+00  0.1324852E+01  0.0000000E+00
  0.1688600E+00  0.1326163E+01  0.0000000E+00
  0.1593190E+00  0.1327465E+01  0.0000000E+00
  0.1501820E+00  0.1328654E+01  0.0000000E+00
  0.1406240E+00  0.1329818E+01  0.0000000E+00
  0.1314735E+00  0.1330884E+01  0.0000000E+00
  0.1219016E+00  0.1331909E+01  0.0000000E+00
  0.1127397E+00  0.1332855E+01  0.0000000E+00
  0.1031538E+00  0.1333740E+01  0.0000000E+00
  0.9398384E-01  0.1334564E+01  0.0000000E+00
  0.8438660E-01  0.1335309E+01  0.0000000E+00
  0.7520910E-01  0.1336010E+01  0.0000000E+00
  0.6560278E-01  0.1336613E+01  0.0000000E+00
  0.5641971E-01  0.1337194E+01  0.0000000E+00
  0.4680487E-01  0.1337657E+01  0.0000000E+00
  0.3761918E-01  0.1338115E+01  0.0000000E+00
  0.2799947E-01  0.1338439E+01  0.0000000E+00
  0.1881138E-01  0.1338775E+01  0.0000000E+00
  0.9187188E-02  0.1338958E+01  0.0000000E+00
  0.8883122E-02  0.1365552E+01  0.0000000E+00
  0.1776674E-01  0.1365395E+01  0.0000000E+00
  0.2664833E-01  0.1365127E+01  0.0000000E+00
  0.3553051E-01  0.1364860E+01  0.0000000E+00
  0.4440896E-01  0.1364473E+01  0.0000000E+00
  0.5328804E-01  0.1364087E+01  0.0000000E+00
  0.6216210E-01  0.1363590E+01  0.0000000E+00
  0.7103683E-01  0.1363093E+01  0.0000000E+00
  0.7990470E-01  0.1362478E+01  0.0000000E+00
  0.8877321E-01  0.1361863E+01  0.0000000E+00
  0.9763387E-01  0.1361137E+01  0.0000000E+00
  0.1064951E+00  0.1360411E+01  0.0000000E+00
  0.1153465E+00  0.1359567E+01  0.0000000E+00
  0.1241984E+00  0.1358723E+01  0.0000000E+00
  0.1330397E+00  0.1357768E+01  0.0000000E+00
  0.1418815E+00  0.1356814E+01  0.0000000E+00
  0.1507104E+00  0.1355740E+01  0.0000000E+00
  0.1595396E+00  0.1354666E+01  0.0000000E+00
  0.1683552E+00  0.1353481E+01  0.0000000E+00
  0.1771712E+00  0.1352296E+01  0.0000000E+00
  0.1859713E+00  0.1350993E+01  0.0000000E+00
  0.1947719E+00  0.1349690E+01  0.0000000E+00
  0.2035560E+00  0.1348278E+01  0.0000000E+00
  0.2123407E+00  0.1346865E+01  0.0000000E+00
  0.2211062E+00  0.1345336E+01  0.0000000E+00
  0.2298723E+00  0.1343806E+01  0.0000000E+00
  0.2386191E+00  0.1342167E+01  0.0000000E+00
  0.2473665E+00  0.1340528E+01  0.0000000E+00
  0.2560917E+00  0.1338773E+01  0.0000000E+00
  0.2648174E+00  0.1337017E+01  0.0000000E+00
  0.2735211E+00  0.1335153E+01  0.0000000E+00
  0.2822252E+00  0.1333289E+01  0.0000000E+00
  0.2909042E+00  0.1331309E+01  0.0000000E+00
  0.2995836E+00  0.1329329E+01  0.0000000E+00
  0.3082377E+00  0.1327238E+01  0.0000000E+00
  0.3168922E+00  0.1325148E+01  0.0000000E+00
  0.3255184E+00  0.1322942E+01  0.0000000E+00
  0.3341451E+00  0.1320735E+01  0.0000000E+00
  0.3427440E+00  0.1318422E+01  0.0000000E+00
  0.3513434E+00  0.1316108E+01  0.0000000E+00
  0.3599117E+00  0.1313680E+01  0.0000000E+00
  0.3684804E+00  0.1311252E+01  0.0000000E+00
  0.3770185E+00  0.1308717E+01  0.0000000E+00
  0.3855571E+00  0.1306182E+01  0.0000000E+00
  0.3940616E+00  0.1303534E+01  0.0000000E+00
  0.4025665E+00  0.1300885E+01  0.0000000E+00
  0.4110382E+00  0.1298131E+01  0.0000000E+00
  0.4195102E+00  0.1295376E+01  0.0000000E+00
  0.4279453E+00  0.1292509E+01  0.0000000E+00
  0.4363806E+00  0.1289642E+01  0.0000000E+00
  0.4447799E+00  0.1286669E+01  0.0000000E+00
  0.4531794E+00  0.1283696E+01  0.0000000E+00
  0.4615384E+00  0.1280610E+01  0.0000000E+00
  0.4698976E+00  0.1277523E+01  0.0000000E+00
  0.4782182E+00  0.1274333E+01  0.0000000E+00
  0.4865391E+00  0.1271143E+01  0.0000000E+00
  0.4948171E+00  0.1267842E+01  0.0000000E+00
  0.5030956E+00  0.1264540E+01  0.0000000E+00
  0.5113325E+00  0.1261136E+01  0.0000000E+00
  0.5195698E+00  0.1257732E+01  0.0000000E+00
  0.5277615E+00  0.1254219E+01  0.0000000E+00
  0.5359534E+00  0.1250705E+01  0.0000000E+00
  0.5441013E+00  0.1247089E+01  0.0000000E+00
  0.5522494E+00  0.1243474E+01  0.0000000E+00
  0.5603491E+00  0.1239750E+01  0.0000000E+00
  0.5684491E+00  0.1236026E+01  0.0000000E+00
  0.5765024E+00  0.1232202E+01  0.0000000E+00
  0.5845559E+00  0.1228377E+01  0.0000000E+00
  0.5925574E+00  0.1224444E+01  0.0000000E+00
  0.6005590E+00  0.1220511E+01  0.0000000E+00
  0.6085111E+00  0.1216477E+01  0.0000000E+00
  0.6164634E+00  0.1212444E+01  0.0000000E+00
  0.6243615E+00  0.1208305E+01  0.0000000E+00
  0.6322600E+00  0.1204166E+01  0.0000000E+00
  0.6401065E+00  0.1199929E+01  0.0000000E+00
  0.6479534E+00  0.1195692E+01  0.0000000E+00
  0.6557433E+00  0.1191351E+01  0.0000000E+00
  0.6635336E+00  0.1187009E+01  0.0000000E+00
  0.6712694E+00  0.1182571E+01  0.0000000E+00
  0.6790055E+00  0.1178133E+01  0.0000000E+00
  0.6866821E+00  0.1173592E+01  0.0000000E+00
  0.6943588E+00  0.1169052E+01  0.0000000E+00
  0.7019788E+00  0.1164416E+01  0.0000000E+00
  0.7095989E+00  0.1159780E+01  0.0000000E+00
  0.7171567E+00  0.1155042E+01  0.0000000E+00
  0.7247147E+00  0.1150305E+01  0.0000000E+00
  0.7322121E+00  0.1145472E+01  0.0000000E+00
  0.7397096E+00  0.1140639E+01  0.0000000E+00
  0.7471424E+00  0.1135706E+01  0.0000000E+00
  0.7545754E+00  0.1130774E+01  0.0000000E+00
  0.7619466E+00  0.1125749E+01  0.0000000E+00
  0.7693180E+00  0.1120724E+01  0.0000000E+00
  0.7766220E+00  0.1115602E+01  0.0000000E+00
  0.7839262E+00  0.1110479E+01  0.0000000E+00
  0.7911663E+00  0.1105266E+01  0.0000000E+00
  0.7984065E+00  0.1100053E+01  0.0000000E+00
  0.8055769E+00  0.1094745E+01  0.0000000E+00
  0.8127474E+00  0.1089436E+01  0.0000000E+00
  0.8198515E+00  0.1084038E+01  0.0000000E+00
  0.8269557E+00  0.1078640E+01  0.0000000E+00
  0.8339877E+00  0.1073148E+01  0.0000000E+00
  0.8410197E+00  0.1067657E+01  0.0000000E+00
  0.8479821E+00  0.1062077E+01  0.0000000E+00
  0.8549445E+00  0.1056496E+01  0.0000000E+00
  0.8618315E+00  0.1050823E+01  0.0000000E+00
  0.8687186E+00  0.1045150E+01  0.0000000E+00
  0.8755347E+00  0.1039392E+01  0.0000000E+00
  0.8823509E+00  0.1033634E+01  0.0000000E+00
  0.8890900E+00  0.1027785E+01  0.0000000E+00
  0.8958291E+00  0.1021937E+01  0.0000000E+00
  0.9024951E+00  0.1016005E+01  0.0000000E+00
  0.9091612E+00  0.1010073E+01  0.0000000E+00
  0.9157479E+00  0.1004053E+01  0.0000000E+00
  0.9223346E+00  0.9980332E+00  0.0000000E+00
  0.9288461E+00  0.9919319E+00  0.0000000E+00
  0.9353575E+00  0.9858306E+00  0.0000000E+00
  0.9417874E+00  0.9796432E+00  0.0000000E+00
  0.9482173E+00  0.9734559E+00  0.0000000E+00
  0.9545698E+00  0.9671891E+00  0.0000000E+00
  0.9609224E+00  0.9609224E+00  0.0000000E+00
  0.9671891E+00  0.9545698E+00  0.0000000E+00
  0.9734559E+00  0.9482173E+00  0.0000000E+00
  0.9796432E+00  0.9417874E+00  0.0000000E+00
  0.9858306E+00  0.9353575E+00  0.0000000E+00
  0.9919319E+00  0.9288461E+00  0.0000000E+00
  0.9980332E+00  0.9223346E+00  0.0000000E+00
  0.1004053E+01  0.9157479E+00  0.0000000E+00
  0.1010073E+01  0.9091612E+00  0.0000000E+00
  0.1016005E+01  0.9024951E+00  0.0000000E+00
  0.1021937E+01  0.8958291E+00  0.0000000E+00
  0.1027785E+01  0.8890900E+00  0.0000000E+00
  0.1033634E+01  0.8823509E+00  0.0000000E+00
  0.1039392E+01  0.8755347E+00  0.0000000E+00
  0.1045150E+01  0.8687186E+00  0.0000000E+00
  0.1050823E+01  0.8618315E+00  0.0000000E+00
  0.1056496E+01  0.8549445E+00  0.0000000E+00
  0.1062077E+01  0.8479821E+00  0.0000000E+00
  0.1067657E+01  0.8410197E+00  0.0000000E+00
  0.1073148E+01  0.8339877E+00  0.0000000E+00
  0.1078640E+01  0.8269557E+00  0.0000000E+00
  0.1084038E+01  0.8198515E+00  0.0000000E+00
  0.1089436E+01  0.8127474E+00  0.0000000E+00
  0.1094745E+01  0.8055769E+00  0.0000000E+00
  0.1100053E+01  0.7984065E+00  0.0000000E+00
  0.1105266E+01  0.7911663E+00  0.0000000E+00
  0.1110479E+01  0.7839262E+00  0.0000000E+00
  0.1115602E+01  0.7766220E+00  0.0000000E+00
  0.1120724E+01  0.7693180E+00  0.0000000E+00
  0.1125749E+01  0.7619466E+00  0.0000000E+00
  0.1130774E+01  0.7545754E+00  0.0000000E+00
  0.1135706E+01  0.7471424E+00  0.0000000E+00
  0.1140639E+01  0.7397096E+00  0.0000000E+00
  0.1145472E+01  0.7322121E+00  0.0000000E+00
  0.1150305E+01  0.7247147E+00  0.0000000E+00
  0.1155042E+01  0.7171567E+00  0.0000000E+00
  0.1159780E+01  0.7095989E+00  0.0000000E+00
  0.1164416E+01  0.7019788E+00  0.0000000E+00
  0.1169052E+01  0.6943588E+00  0.0000000E+00
  0.1173592E+01  0.6866821E+00  0.0000000E+00
  0.1178133E+01  0.6790055E+00  0.0000000E+00
  0.1182571E+01  0.6712694E+00  0.0000000E+00
  0.1187009E+01  0.6635336E+00  0.0000000E+00
  0.1191351E+01  0.6557433E+00  0.0000000E+00
  0.1195692E+01  0.6479534E+00  0.0000000E+00
  0.1199929E+01  0.6401065E+00  0.0000000E+00
  0.1204166E+01  0.6322600E+00  0.0000000E+00
  0.1208305E+01  0.6243615E+00  0.0000000E+00
  0.1212444E+01  0.6164634E+00  0.0000000E+00
  0.1216477E+01  0.6085111E+00  0.0000000E+00
  0.1220511E+01  0.6005590E+00  0.0000000E+00
  0.1224444E+01  0.5925574E+00  0.0000000E+00
  0.1228377E+01  0.5845559E+00  0.0000000E+00
  0.1232202E+01  0.5765024E+00  0.0000000E+00
  0.1236026E+01  0.5684491E+00  0.0000000E+00
  0.1239750E+01  0.5603491E+00  0.0000000E+00
  0.1243474E+01  0.5522494E+00  0.0000000E+00
  0.1247089E+01  0.5441013E+00  0.0000000E+00
  0.1250705E+01  0.5359534E+00  0.0000000E+00
  0.1254219E+01  0.5277615E+00  0.0000000E+00
  0.1257732E+01  0.5195698E+00  0.0000000E+00
  0.1261136E+01  0.5113325E+00  0.0000000E+00
  0.1264540E+01  0.5030956E+00  0.0000000E+00
  0.1267842E+01  0.4948171E+00  0.0000000E+00
  0.1271143E+01  0.4865391E+00  0.0000000E+00
  0.1274333E+01  0.4782182E+00  0.0000000E+00
  0.1277523E+01  0.4698976E+00  0.0000000E+00
  0.1280610E+01  0.4615384E+00  0.0000000E+00
  0.1283696E+01  0.4531794E+00  0.0000000E+00
  0.1286669E+01  0.4447799E+00  0.0000000E+00
  0.1289642E+01  0.4363806E+00  0.0000000E+00
  0.1292509E+01  0.4279453E+00  0.0000000E+00
  0.1295376E+01  0.4195102E+00  0.0000000E+00
  0.1298131E+01  0.4110382E+00  0.0000000E+00
  0.1300885E+01  0.4025665E+00  0.0000000E+00
  0.1303534E+01  0.3940616E+00  0.0000000E+00
  0.1306182E+01  0.3855571E+00  0.0000000E+00
  0.1308717E+01  0.3770185E+00  0.0000000E+00
  0.1311252E+01  0.3684804E+00  0.0000000E+00
  0.1313680E+01  0.3599117E+00  0.0000000E+00
  0.1316108E+01  0.3513434E+00  0.0000000E+00
  0.1318422E+01  0.3427440E+00  0.0000000E+00
  0.1320735E+01  0.3341451E+00  0.0000000E+00
  0.1322942E+01  0.3255184E+00  0.0000000E+00
  0.1325148E+01  0.3168922E+00  0.0000000E+00
  0.1327238E+01  0.3082377E+00  0.0000000E+00
  0.1329329E+01  0.2995836E+00  0.0000000E+00
  0.1331309E+01  0.2909042E+00  0.0000000E+00
  0.1333289E+01  0.2822252E+00  0.0000000E+00
  0.1335153E+01  0.2735211E+00  0.0000000E+00
  0.1337017E+01  0.2648174E+00  0.0000000E+00
  0.1338773E+01  0.2560917E+00  0.0000000E+00
  0.1340528E+01  0.2473665E+00  0.0000000E+00
  0.1342167E+01  0.2386191E+00  0.0000000E+00
  0.1343806E+01  0.2298723E+00  0.0000000E+00
  0.1345336E+01  0.2211062E+00  0.0000000E+00
  0.1346865E+01  0.2123407E+00  0.0000000E+00
  0.1348278E+01  0.2035560E+00  0.0000000E+00
  0.1349690E+01  0.1947719E+00  0.0000000E+00
  0.1350993E+01  0.1859713E+00  0.0000000E+00
  0.1352296E+01  0.1771712E+00  0.0000000E+00
  0.1353481E+01  0.1683552E+00  0.0000000E+00
  0.1354666E+01  0.1595396E+00  0.0000000E+00
  0.1355740E+01  0.1507104E+00  0.0000000E+00
  0.1356814E+01  0.1418815E+00  0.0000000E+00
  0.1357768E+01  0.1330397E+00  0.0000000E+00
  0.1358723E+01  0.1241984E+00  0.0000000E+00
  0.1359567E+01  0.1153465E+00  0.0000000E+00
  0.1360411E+01  0.1064951E+00  0.0000000E+00
  0.1361137E+01  0.9763387E-01  0.0000000E+00
  0.1361863E+01  0.8877321E-01  0.0000000E+00
  0.1362478E+01  0.7990470E-01  0.0000000E+00
  0.1363093E+01  0.7103683E-01  0.0000000E+00
  0.1363590E+01  0.6216210E-01  0.0000000E+00
  0.1364087E+01  0.5328804E-01  0.0000000E+00
  0.1364473E+01  0.4440896E-01  0.0000000E+00
  0.1364860E+01  0.3553051E-01  0.0000000E+00
  0.1365127E+01  0.2664833E-01  0.0000000E+00
  0.1365395E+01  0.1776674E-01  0.0000000E+00
  0.1365552E+01  0.8883122E-02  0.0000000E+00
  0.1356791E+01  0.8852267E-02  0.0000000E+00
  0.1356635E+01  0.1810358E-01  0.0000000E+00
  0.1356340E+01  0.2695596E-01  0.0000000E+00
  0.1356057E+01  0.3620408E-01  0.0000000E+00
  0.1355648E+01  0.4505630E-01  0.0000000E+00
  0.1355236E+01  0.5429809E-01  0.0000000E+00
  0.1354718E+01  0.6314655E-01  0.0000000E+00
  0.1354178E+01  0.7238262E-01  0.0000000E+00
  0.1353545E+01  0.8122755E-01  0.0000000E+00
  0.1352877E+01  0.9045425E-01  0.0000000E+00
  0.1352135E+01  0.9929147E-01  0.0000000E+00
  0.1351340E+01  0.1085102E+00  0.0000000E+00
  0.1350483E+01  0.1173392E+00  0.0000000E+00
  0.1349560E+01  0.1265464E+00  0.0000000E+00
  0.1348594E+01  0.1353655E+00  0.0000000E+00
  0.1347546E+01  0.1445611E+00  0.0000000E+00
  0.1346465E+01  0.1533685E+00  0.0000000E+00
  0.1345288E+01  0.1625486E+00  0.0000000E+00
  0.1344097E+01  0.1713440E+00  0.0000000E+00
  0.1342794E+01  0.1805080E+00  0.0000000E+00
  0.1341490E+01  0.1892896E+00  0.0000000E+00
  0.1340061E+01  0.1984343E+00  0.0000000E+00
  0.1338649E+01  0.2072009E+00  0.0000000E+00
  0.1337092E+01  0.2163257E+00  0.0000000E+00
  0.1335566E+01  0.2250755E+00  0.0000000E+00
  0.1333883E+01  0.2341782E+00  0.0000000E+00
  0.1332250E+01  0.2429097E+00  0.0000000E+00
  0.1330440E+01  0.2519905E+00  0.0000000E+00
  0.1328695E+01  0.2607002E+00  0.0000000E+00
  0.1326758E+01  0.2697554E+00  0.0000000E+00
  0.1324905E+01  0.2784444E+00  0.0000000E+00
  0.1322843E+01  0.2874748E+00  0.0000000E+00
  0.1320879E+01  0.2961387E+00  0.0000000E+00
  0.1318691E+01  0.3051403E+00  0.0000000E+00
  0.1316619E+01  0.3137800E+00  0.0000000E+00
  0.1314305E+01  0.3227525E+00  0.0000000E+00
  0.1312122E+01  0.3313645E+00  0.0000000E+00
  0.1309687E+01  0.3403054E+00  0.0000000E+00
  0.1307398E+01  0.3488910E+00  0.0000000E+00
  0.1304951E+01  0.3574275E+00  0.0000000E+00
  0.1302430E+01  0.3663523E+00  0.0000000E+00
  0.1299879E+01  0.3748606E+00  0.0000000E+00
  0.1297237E+01  0.3837500E+00  0.0000000E+00
  0.1294575E+01  0.3922268E+00  0.0000000E+00
  0.1291811E+01  0.4010787E+00  0.0000000E+00
  0.1289044E+01  0.4095219E+00  0.0000000E+00
  0.1286157E+01  0.4183366E+00  0.0000000E+00
  0.1283280E+01  0.4267456E+00  0.0000000E+00
  0.1280274E+01  0.4355196E+00  0.0000000E+00
  0.1277293E+01  0.4438929E+00  0.0000000E+00
  0.1274165E+01  0.4526259E+00  0.0000000E+00
  0.1271074E+01  0.4609620E+00  0.0000000E+00
  0.1267826E+01  0.4696498E+00  0.0000000E+00
  0.1264633E+01  0.4779490E+00  0.0000000E+00
  0.1261266E+01  0.4865921E+00  0.0000000E+00
  0.1257965E+01  0.4948510E+00  0.0000000E+00
  0.1254479E+01  0.5034454E+00  0.0000000E+00
  0.1251075E+01  0.5116645E+00  0.0000000E+00
  0.1247470E+01  0.5202107E+00  0.0000000E+00
  0.1243961E+01  0.5283863E+00  0.0000000E+00
  0.1240238E+01  0.5368820E+00  0.0000000E+00
  0.1236628E+01  0.5450139E+00  0.0000000E+00
  0.1232785E+01  0.5534583E+00  0.0000000E+00
  0.1229071E+01  0.5615436E+00  0.0000000E+00
  0.1225113E+01  0.5699353E+00  0.0000000E+00
  0.1221300E+01  0.5779747E+00  0.0000000E+00
  0.1217226E+01  0.5863125E+00  0.0000000E+00
  0.1213308E+01  0.5943015E+00  0.0000000E+00
  0.1209119E+01  0.6025818E+00  0.0000000E+00
  0.1205103E+01  0.6105230E+00  0.0000000E+00
  0.1200800E+01  0.6187465E+00  0.0000000E+00
  0.1196682E+01  0.6266350E+00  0.0000000E+00
  0.1192267E+01  0.6347976E+00  0.0000000E+00
  0.1188050E+01  0.6426361E+00  0.0000000E+00
  0.1183522E+01  0.6507382E+00  0.0000000E+00
  0.1179205E+01  0.6585211E+00  0.0000000E+00
  0.1174566E+01  0.6665621E+00  0.0000000E+00
  0.1170155E+01  0.6742915E+00  0.0000000E+00
  0.1165605E+01  0.6819353E+00  0.0000000E+00
  0.1160887E+01  0.6899361E+00  0.0000000E+00
  0.1156243E+01  0.6975238E+00  0.0000000E+00
  0.1151418E+01  0.7054608E+00  0.0000000E+00
  0.1146675E+01  0.7129894E+00  0.0000000E+00
  0.1141741E+01  0.7208584E+00  0.0000000E+00
  0.1136904E+01  0.7283278E+00  0.0000000E+00
  0.1131861E+01  0.7361277E+00  0.0000000E+00
  0.1126927E+01  0.7435369E+00  0.0000000E+00
  0.1121778E+01  0.7512651E+00  0.0000000E+00
  0.1116753E+01  0.7586133E+00  0.0000000E+00
  0.1111497E+01  0.7662694E+00  0.0000000E+00
  0.1106377E+01  0.7735539E+00  0.0000000E+00
  0.1101016E+01  0.7811353E+00  0.0000000E+00
  0.1095806E+01  0.7883570E+00  0.0000000E+00
  0.1090342E+01  0.7958651E+00  0.0000000E+00
  0.1085039E+01  0.8030189E+00  0.0000000E+00
  0.1079471E+01  0.8104501E+00  0.0000000E+00
  0.1074080E+01  0.8175380E+00  0.0000000E+00
  0.1068410E+01  0.8248935E+00  0.0000000E+00
  0.1062929E+01  0.8319118E+00  0.0000000E+00
  0.1057158E+01  0.8391891E+00  0.0000000E+00
  0.1051591E+01  0.8461384E+00  0.0000000E+00
  0.1045718E+01  0.8533351E+00  0.0000000E+00
  0.1040061E+01  0.8602122E+00  0.0000000E+00
  0.1034092E+01  0.8673277E+00  0.0000000E+00
  0.1028351E+01  0.8741352E+00  0.0000000E+00
  0.1022284E+01  0.8811680E+00  0.0000000E+00
  0.1016455E+01  0.8879007E+00  0.0000000E+00
  0.1010292E+01  0.8948486E+00  0.0000000E+00
  0.1004380E+01  0.9015096E+00  0.0000000E+00
  0.9981213E+00  0.9083735E+00  0.0000000E+00
  0.9921252E+00  0.9149568E+00  0.0000000E+00
  0.9857720E+00  0.9217332E+00  0.0000000E+00
  0.9796955E+00  0.9282424E+00  0.0000000E+00
  0.9732472E+00  0.9349317E+00  0.0000000E+00
  0.9670897E+00  0.9413610E+00  0.0000000E+00
  0.9605502E+00  0.9479629E+00  0.0000000E+00
  0.9543161E+00  0.9543161E+00  0.0000000E+00
  0.9479629E+00  0.9605502E+00  0.0000000E+00
  0.9413610E+00  0.9670897E+00  0.0000000E+00
  0.9349317E+00  0.9732472E+00  0.0000000E+00
  0.9282424E+00  0.9796955E+00  0.0000000E+00
  0.9217332E+00  0.9857720E+00  0.0000000E+00
  0.9149568E+00  0.9921252E+00  0.0000000E+00
  0.9083735E+00  0.9981213E+00  0.0000000E+00
  0.9015096E+00  0.1004380E+01  0.0000000E+00
  0.8948486E+00  0.1010292E+01  0.0000000E+00
  0.8879007E+00  0.1016455E+01  0.0000000E+00
  0.8811680E+00  0.1022284E+01  0.0000000E+00
  0.8741352E+00  0.1028351E+01  0.0000000E+00
  0.8673277E+00  0.1034092E+01  0.0000000E+00
  0.8602122E+00  0.1040061E+01  0.0000000E+00
  0.8533351E+00  0.1045718E+01  0.0000000E+00
  0.8461384E+00  0.1051591E+01  0.0000000E+00
  0.8391891E+00  0.1057158E+01  0.0000000E+00
  0.8319118E+00  0.1062929E+01  0.0000000E+00
  0.8248935E+00  0.1068410E+01  0.0000000E+00
  0.8175380E+00  0.1074080E+01  0.0000000E+00
  0.8104501E+00  0.1079471E+01  0.0000000E+00
  0.8030189E+00  0.1085039E+01  0.0000000E+00
  0.7958651E+00  0.1090342E+01  0.0000000E+00
  0.7883570E+00  0.1095806E+01  0.0000000E+00
  0.7811353E+00  0.1101016E+01  0.0000000E+00
  0.7735539E+00  0.1106377E+01  0.0000000E+00
  0.7662694E+00  0.1111497E+01  0.0000000E+00
  0.7586133E+00  0.1116753E+01  0.0000000E+00
  0.7512651E+00  0.1121778E+01  0.0000000E+00
  0.7435369E+00  0.1126927E+01  0.0000000E+00
  0.7361277E+00  0.1131861E+01  0.0000000E+00
  0.7283278E+00  0.1136904E+01  0.0000000E+00
  0.7208584E+00  0.1141741E+01  0.0000000E+00
  0.7129894E+00  0.1146675E+01  0.0000000E+00
  0.7054608E+00  0.1151418E+01  0.0000000E+00
  0.6975238E+00  0.1156243E+01  0.0000000E+00
  0.6899361E+00  0.1160887E+01  0.0000000E+00
  0.6819353E+00  0.1165605E+01  0.0000000E+00
  0.6742915E+00  0.1170155E+01  0.0000000E+00
  0.6665621E+00  0.1174566E+01  0.0000000E+00
  0.6585211E+00  0.1179205E+01  0.0000000E+00
  0.6507382E+00  0.1183522E+01  0.0000000E+00
  0.6426361E+00  0.1188050E+01  0.0000000E+00
  0.6347976E+00  0.1192267E+01  0.0000000E+00
  0.6266350E+00  0.1196682E+01  0.0000000E+00
  0.6187465E+00  0.1200800E+01  0.0000000E+00
  0.6105230E+00  0.1205103E+01  0.0000000E+00
  0.6025818E+00  0.1209119E+01  0.0000000E+00
  0.5943015E+00  0.1213308E+01  0.0000000E+00
  0.5863125E+00  0.1217226E+01  0.0000000E+00
  0.5779747E+00  0.1221300E+01  0.0000000E+00
  0.5699353E+00  0.1225113E+01  0.0000000E+00
  0.5615436E+00  0.1229071E+01  0.0000000E+00
  0.5534583E+00  0.1232785E+01  0.0000000E+00
  0.5450139E+00  0.1236628E+01  0.0000000E+00
  0.5368820E+00  0.1240238E+01  0.0000000E+00
  0.5283863E+00  0.1243961E+01  0.0000000E+00
  0.5202107E+00  0.1247470E+01  0.0000000E+00
  0.5116645E+00  0.1251075E+01  0.0000000E+00
  0.5034454E+00  0.1254479E+01  0.0000000E+00
  0.4948510E+00  0.1257965E+01  0.0000000E+00
  0.4865921E+00  0.1261266E+01  0.0000000E+00
  0.4779490E+00  0.1264633E+01  0.0000000E+00
  0.4696498E+00  0.1267826E+01  0.0000000E+00
  0.4609620E+00  0.1271074E+01  0.0000000E+00
  0.4526259E+00  0.1274165E+01  0.0000000E+00
  0.4438929E+00  0.1277293E+01  0.0000000E+00
  0.4355196E+00  0.1280274E+01  0.0000000E+00
  0.4267456E+00  0.1283280E+01  0.0000000E+00
  0.4183366E+00  0.1286157E+01  0.0000000E+00
  0.4095219E+00  0.1289044E+01  0.0000000E+00
  0.4010787E+00  0.1291811E+01  0.0000000E+00
  0.3922268E+00  0.1294575E+01  0.0000000E+00
  0.3837500E+00  0.1297237E+01  0.0000000E+00
  0.3748606E+00  0.1299879E+01  0.0000000E+00
  0.3663523E+00  0.1302430E+01  0.0000000E+00
  0.3574275E+00  0.1304951E+01  0.0000000E+00
  0.3488910E+00  0.1307398E+01  0.0000000E+00
  0.3403054E+00  0.1309687E+01  0.0000000E+00
  0.3313645E+00  0.1312122E+01  0.0000000E+00
  0.3227525E+00  0.1314305E+01  0.0000000E+00
  0.3137800E+00  0.1316619E+01  0.0000000E+00
  0.3051403E+00  0.1318691E+01  0.0000000E+00
  0.2961387E+00  0.1320879E+01  0.0000000E+00
  0.2874748E+00  0.1322843E+01  0.0000000E+00
  0.2784444E+00  0.1324905E+01  0.0000000E+00
  0.2697554E+00  0.1326758E+01  0.0000000E+00
  0.2607002E+00  0.1328695E+01  0.0000000E+00
  0.2519905E+00  0.1330440E+01  0.0000000E+00
  0.2429097E+00  0.1332250E+01  0.0000000E+00
  0.2341782E+00  0.1333883E+01  0.0000000E+00
  0.2250755E+00  0.1335566E+01  0.0000000E+00
  0.2163257E+00  0.1337092E+01  0.0000000E+00
  0.2072009E+00  0.1338649E+01  0.0000000E+00
  0.1984343E+00  0.1340061E+01  0.0000000E+00
  0.1892896E+00  0.1341490E+01  0.0000000E+00
  0.1805080E+00  0.1342794E+01  0.0000000E+00
  0.1713440E+00  0.1344097E+01  0.0000000E+00
  0.1625486E+00  0.1345288E+01  0.0000000E+00
  0.1533685E+00  0.1346465E+01  0.0000000E+00
  0.1445611E+00  0.1347546E+01  0.0000000E+00
  0.1353655E+00  0.1348594E+01  0.0000000E+00
  0.1265464E+00  0.1349560E+01  0.0000000E+00
  0.1173392E+00  0.1350483E+01  0.0000000E+00
  0.1085102E+00  0.1351340E+01  0.0000000E+00
  0.9929147E-01  0.1352135E+01  0.0000000E+00
  0.9045425E-01  0.1352877E+01  0.0000000E+00
  0.8122755E-01  0.1353545E+01  0.0000000E+00
  0.7238262E-01  0.1354178E+01  0.0000000E+00
  0.6314655E-01  0.1354718E+01  0.0000000E+00
  0.5429809E-01  0.1355236E+01  0.0000000E+00
  0.4505630E-01  0.1355648E+01  0.0000000E+00
  0.3620408E-01  0.1356057E+01  0.0000000E+00
  0.2695596E-01  0.1356340E+01  0.0000000E+00
  0.1810358E-01  0.1356635E+01  0.0000000E+00
  0.8852267E-02  0.1356791E+01  0.0000000E+00
  0.8508350E-02  0.1382383E+01  0.0000000E+00
  0.1701707E-01  0.1382255E+01  0.0000000E+00
  0.2552408E-01  0.1382027E+01  0.0000000E+00
  0.3403154E-01  0.1381798E+01  0.0000000E+00
  0.4253597E-01  0.1381466E+01  0.0000000E+00
  0.5104090E-01  0.1381134E+01  0.0000000E+00
  0.5954141E-01  0.1380696E+01  0.0000000E+00
  0.6804237E-01  0.1380258E+01  0.0000000E+00
  0.7653789E-01  0.1379718E+01  0.0000000E+00
  0.8503379E-01  0.1379179E+01  0.0000000E+00
  0.9352288E-01  0.1378535E+01  0.0000000E+00
  0.1020124E+00  0.1377891E+01  0.0000000E+00
  0.1104935E+00  0.1377139E+01  0.0000000E+00
  0.1189750E+00  0.1376388E+01  0.0000000E+00
  0.1274472E+00  0.1375535E+01  0.0000000E+00
  0.1359199E+00  0.1374682E+01  0.0000000E+00
  0.1443817E+00  0.1373724E+01  0.0000000E+00
  0.1528439E+00  0.1372766E+01  0.0000000E+00
  0.1612942E+00  0.1371705E+01  0.0000000E+00
  0.1697449E+00  0.1370644E+01  0.0000000E+00
  0.1781827E+00  0.1369482E+01  0.0000000E+00
  0.1866208E+00  0.1368320E+01  0.0000000E+00
  0.1950441E+00  0.1367052E+01  0.0000000E+00
  0.2034677E+00  0.1365783E+01  0.0000000E+00
  0.2118755E+00  0.1364412E+01  0.0000000E+00
  0.2202836E+00  0.1363040E+01  0.0000000E+00
  0.2286748E+00  0.1361566E+01  0.0000000E+00
  0.2370664E+00  0.1360092E+01  0.0000000E+00
  0.2454393E+00  0.1358514E+01  0.0000000E+00
  0.2538125E+00  0.1356935E+01  0.0000000E+00
  0.2621666E+00  0.1355257E+01  0.0000000E+00
  0.2705211E+00  0.1353578E+01  0.0000000E+00
  0.2788547E+00  0.1351798E+01  0.0000000E+00
  0.2871887E+00  0.1350017E+01  0.0000000E+00
  0.2955005E+00  0.1348133E+01  0.0000000E+00
  0.3038125E+00  0.1346250E+01  0.0000000E+00
  0.3121012E+00  0.1344265E+01  0.0000000E+00
  0.3203902E+00  0.1342279E+01  0.0000000E+00
  0.3286542E+00  0.1340191E+01  0.0000000E+00
  0.3369185E+00  0.1338103E+01  0.0000000E+00
  0.3451571E+00  0.1335914E+01  0.0000000E+00
  0.3533960E+00  0.1333725E+01  0.0000000E+00
  0.3616085E+00  0.1331438E+01  0.0000000E+00
  0.3698213E+00  0.1329150E+01  0.0000000E+00
  0.3780050E+00  0.1326760E+01  0.0000000E+00
  0.3861890E+00  0.1324370E+01  0.0000000E+00
  0.3943440E+00  0.1321881E+01  0.0000000E+00
  0.4024993E+00  0.1319393E+01  0.0000000E+00
  0.4106236E+00  0.1316804E+01  0.0000000E+00
  0.4187483E+00  0.1314215E+01  0.0000000E+00
  0.4268399E+00  0.1311524E+01  0.0000000E+00
  0.4349318E+00  0.1308832E+01  0.0000000E+00
  0.4429913E+00  0.1306045E+01  0.0000000E+00
  0.4510511E+00  0.1303257E+01  0.0000000E+00
  0.4590765E+00  0.1300371E+01  0.0000000E+00
  0.4671021E+00  0.1297485E+01  0.0000000E+00
  0.4750918E+00  0.1294500E+01  0.0000000E+00
  0.4830817E+00  0.1291515E+01  0.0000000E+00
  0.4910357E+00  0.1288435E+01  0.0000000E+00
  0.4989899E+00  0.1285355E+01  0.0000000E+00
  0.5069048E+00  0.1282174E+01  0.0000000E+00
  0.5148200E+00  0.1278993E+01  0.0000000E+00
  0.5226958E+00  0.1275716E+01  0.0000000E+00
  0.5305718E+00  0.1272438E+01  0.0000000E+00
  0.5384083E+00  0.1269067E+01  0.0000000E+00
  0.5462451E+00  0.1265695E+01  0.0000000E+00
  0.5540393E+00  0.1262226E+01  0.0000000E+00
  0.5618336E+00  0.1258756E+01  0.0000000E+00
  0.5695859E+00  0.1255193E+01  0.0000000E+00
  0.5773384E+00  0.1251630E+01  0.0000000E+00
  0.5850478E+00  0.1247974E+01  0.0000000E+00
  0.5927574E+00  0.1244318E+01  0.0000000E+00
  0.6004199E+00  0.1240563E+01  0.0000000E+00
  0.6080824E+00  0.1236809E+01  0.0000000E+00
  0.6156995E+00  0.1232962E+01  0.0000000E+00
  0.6233168E+00  0.1229116E+01  0.0000000E+00
  0.6308869E+00  0.1225177E+01  0.0000000E+00
  0.6384571E+00  0.1221237E+01  0.0000000E+00
  0.6459782E+00  0.1217205E+01  0.0000000E+00
  0.6534995E+00  0.1213172E+01  0.0000000E+00
  0.6609723E+00  0.1209050E+01  0.0000000E+00
  0.6684453E+00  0.1204928E+01  0.0000000E+00
  0.6758670E+00  0.1200714E+01  0.0000000E+00
  0.6832889E+00  0.1196500E+01  0.0000000E+00
  0.6906580E+00  0.1192194E+01  0.0000000E+00
  0.6980272E+00  0.1187888E+01  0.0000000E+00
  0.7053442E+00  0.1183493E+01  0.0000000E+00
  0.7126613E+00  0.1179098E+01  0.0000000E+00
  0.7199231E+00  0.1174612E+01  0.0000000E+00
  0.7271850E+00  0.1170126E+01  0.0000000E+00
  0.7343925E+00  0.1165553E+01  0.0000000E+00
  0.7416001E+00  0.1160980E+01  0.0000000E+00
  0.7487526E+00  0.1156321E+01  0.0000000E+00
  0.7559052E+00  0.1151662E+01  0.0000000E+00
  0.7629989E+00  0.1146913E+01  0.0000000E+00
  0.7700926E+00  0.1142164E+01  0.0000000E+00
  0.7771283E+00  0.1137329E+01  0.0000000E+00
  0.7841641E+00  0.1132495E+01  0.0000000E+00
  0.7911402E+00  0.1127574E+01  0.0000000E+00
  0.7981164E+00  0.1122653E+01  0.0000000E+00
  0.8050311E+00  0.1117647E+01  0.0000000E+00
  0.8119459E+00  0.1112640E+01  0.0000000E+00
  0.8188006E+00  0.1107551E+01  0.0000000E+00
  0.8256554E+00  0.1102462E+01  0.0000000E+00
  0.8324472E+00  0.1097289E+01  0.0000000E+00
  0.8392391E+00  0.1092116E+01  0.0000000E+00
  0.8459673E+00  0.1086860E+01  0.0000000E+00
  0.8526955E+00  0.1081604E+01  0.0000000E+00
  0.8593596E+00  0.1076267E+01  0.0000000E+00
  0.8660238E+00  0.1070930E+01  0.0000000E+00
  0.8726203E+00  0.1065509E+01  0.0000000E+00
  0.8792168E+00  0.1060089E+01  0.0000000E+00
  0.8857474E+00  0.1054589E+01  0.0000000E+00
  0.8922781E+00  0.1049089E+01  0.0000000E+00
  0.8987428E+00  0.1043512E+01  0.0000000E+00
  0.9052075E+00  0.1037934E+01  0.0000000E+00
  0.9116015E+00  0.1032276E+01  0.0000000E+00
  0.9179955E+00  0.1026617E+01  0.0000000E+00
  0.9243216E+00  0.1020883E+01  0.0000000E+00
  0.9306478E+00  0.1015149E+01  0.0000000E+00
  0.9369032E+00  0.1009337E+01  0.0000000E+00
  0.9431586E+00  0.1003525E+01  0.0000000E+00
  0.9493403E+00  0.9976356E+00  0.0000000E+00
  0.9555221E+00  0.9917457E+00  0.0000000E+00
  0.9616332E+00  0.9857826E+00  0.0000000E+00
  0.9677444E+00  0.9798195E+00  0.0000000E+00
  0.9737819E+00  0.9737819E+00  0.0000000E+00
  0.9798195E+00  0.9677444E+00  0.0000000E+00
  0.9857826E+00  0.9616332E+00  0.0000000E+00
  0.9917457E+00  0.9555221E+00  0.0000000E+00
  0.9976356E+00  0.9493403E+00  0.0000000E+00
  0.1003525E+01  0.9431586E+00  0.0000000E+00
  0.1009337E+01  0.9369032E+00  0.0000000E+00
  0.1015149E+01  0.9306478E+00  0.0000000E+00
  0.1020883E+01  0.9243216E+00  0.0000000E+00
  0.1026617E+01  0.9179955E+00  0.0000000E+00
  0.1032276E+01  0.9116015E+00  0.0000000E+00
  0.1037934E+01  0.9052075E+00  0.0000000E+00
  0.1043512E+01  0.8987428E+00  0.0000000E+00
  0.1049089E+01  0.8922781E+00  0.0000000E+00
  0.1054589E+01  0.8857474E+00  0.0000000E+00
  0.1060089E+01  0.8792168E+00  0.0000000E+00
  0.1065509E+01  0.8726203E+00  0.0000000E+00
  0.1070930E+01  0.8660238E+00  0.0000000E+00
  0.1076267E+01  0.8593596E+00  0.0000000E+00
  0.1081604E+01  0.8526955E+00  0.0000000E+00
  0.1086860E+01  0.8459673E+00  0.0000000E+00
  0.1092116E+01  0.8392391E+00  0.0000000E+00
  0.1097289E+01  0.8324472E+00  0.0000000E+00
  0.1102462E+01  0.8256554E+00  0.0000000E+00
  0.1107551E+01  0.8188006E+00  0.0000000E+00
  0.1112640E+01  0.8119459E+00  0.0000000E+00
  0.1117647E+01  0.8050311E+00  0.0000000E+00
  0.1122653E+01  0.7981164E+00  0.0000000E+00
  0.1127574E+01  0.7911402E+00  0.0000000E+00
  0.1132495E+01  0.7841641E+00  0.0000000E+00
  0.1137329E+01  0.7771283E+00  0.0000000E+00
  0.1142164E+01  0.7700926E+00  0.0000000E+00
  0.1146913E+01  0.7629989E+00  0.0000000E+00
  0.1151662E+01  0.7559052E+00  0.0000000E+00
  0.1156321E+01  0.7487526E+00  0.0000000E+00
  0.1160980E+01  0.7416001E+00  0.0000000E+00
  0.1165553E+01  0.7343925E+00  0.0000000E+00
  0.1170126E+01  0.7271850E+00  0.0000000E+00
  0.1174612E+01  0.7199231E+00  0.0000000E+00
  0.1179098E+01  0.7126613E+00  0.0000000E+00
  0.1183493E+01  0.7053442E+00  0.0000000E+00
  0.1187888E+01  0.6980272E+00  0.0000000E+00
  0.1192194E+01  0.6906580E+00  0.0000000E+00
  0.1196500E+01  0.6832889E+00  0.0000000E+00
  0.1200714E+01  0.6758670E+00  0.0000000E+00
  0.1204928E+01  0.6684453E+00  0.0000000E+00
  0.1209050E+01  0.6609723E+00  0.0000000E+00
  0.1213172E+01  0.6534995E+00  0.0000000E+00
  0.1217205E+01  0.6459782E+00  0.0000000E+00
  0.1221237E+01  0.6384571E+00  0.0000000E+00
  0.1225177E+01  0.6308869E+00  0.0000000E+00
  0.1229116E+01  0.6233168E+00  0.0000000E+00
  0.1232962E+01  0.6156995E+00  0.0000000E+00
  0.1236809E+01  0.6080824E+00  0.0000000E+00
  0.1240563E+01  0.6004199E+00  0.0000000E+00
  0.1244318E+01  0.5927574E+00  0.0000000E+00
  0.1247974E+01  0.5850478E+00  0.0000000E+00
  0.1251630E+01  0.5773384E+00  0.0000000E+00
  0.1255193E+01  0.5695859E+00  0.0000000E+00
  0.1258756E+01  0.5618336E+00  0.0000000E+00
  0.1262226E+01  0.5540393E+00  0.0000000E+00
  0.1265695E+01  0.5462451E+00  0.0000000E+00
  0.1269067E+01  0.5384083E+00  0.0000000E+00
  0.1272438E+01  0.5305718E+00  0.0000000E+00
  0.1275716E+01  0.5226958E+00  0.0000000E+00
  0.1278993E+01  0.5148200E+00  0.0000000E+00
  0.1282174E+01  0.5069048E+00  0.0000000E+00
  0.1285355E+01  0.4989899E+00  0.0000000E+00
  0.1288435E+01  0.4910357E+00  0.0000000E+00
  0.1291515E+01  0.4830817E+00  0.0000000E+00
  0.1294500E+01  0.4750918E+00  0.0000000E+00
  0.1297485E+01  0.4671021E+00  0.0000000E+00
  0.1300371E+01  0.4590765E+00  0.0000000E+00
  0.1303257E+01  0.4510511E+00  0.0000000E+00
  0.1306045E+01  0.4429913E+00  0.0000000E+00
  0.1308832E+01  0.4349318E+00  0.0000000E+00
  0.1311524E+01  0.4268399E+00  0.0000000E+00
  0.1314215E+01  0.4187483E+00  0.0000000E+00
  0.1316804E+01  0.4106236E+00  0.0000000E+00
  0.1319393E+01  0.4024993E+00  0.0000000E+00
  0.1321881E+01  0.3943440E+00  0.0000000E+00
  0.1324370E+01  0.3861890E+00  0.0000000E+00
  0.1326760E+01  0.3780050E+00  0.0000000E+00
  0.1329150E+01  0.3698213E+00  0.0000000E+00
  0.1331438E+01  0.3616085E+00  0.0000000E+00
  0.1333725E+01  0.3533960E+00  0.0000000E+00
  0.1335914E+01  0.3451571E+00  0.0000000E+00
  0.1338103E+01  0.3369185E+00  0.0000000E+00
  0.1340191E+01  0.3286542E+00  0.0000000E+00
  0.1342279E+01  0.3203902E+00  0.0000000E+00
  0.1344265E+01  0.3121012E+00  0.0000000E+00
  0.1346250E+01  0.3038125E+00  0.0000000E+00
  0.1348133E+01  0.2955005E+00  0.0000000E+00
  0.1350017E+01  0.2871887E+00  0.0000000E+00
  0.1351798E+01  0.2788547E+00  0.0000000E+00
  0.1353578E+01  0.2705211E+00  0.0000000E+00
  0.1355257E+01  0.2621666E+00  0.0000000E+00
  0.1356935E+01  0.2538125E+00  0.0000000E+00
  0.1358514E+01  0.2454393E+00  0.0000000E+00
  0.1360092E+01  0.2370664E+00  0.0000000E+00
  0.1361566E+01  0.2286748E+00  0.0000000E+00
  0.1363040E+01  0.2202836E+00  0.0000000E+00
  0.1364412E+01  0.2118755E+00  0.0000000E+00
  0.1365783E+01  0.2034677E+00  0.0000000E+00
  0.1367052E+01  0.1950441E+00  0.0000000E+00
  0.1368320E+01  0.1866208E+00  0.0000000E+00
  0.1369482E+01  0.1781827E+00  0.0000000E+00
  0.1370644E+01  0.1697449E+00  0.0000000E+00
  0.1371705E+01  0.1612942E+00  0.0000000E+00
  0.1372766E+01  0.1528439E+00  0.0000000E+00
  0.1373724E+01  0.1443817E+00  0.0000000E+00
  0.1374682E+01  0.1359199E+00  0.0000000E+00
  0.1375535E+01  0.1274472E+00  0.0000000E+00
  0.1376388E+01  0.1189750E+00  0.0000000E+00
  0.1377139E+01  0.1104935E+00  0.0000000E+00
  0.1377891E+01  0.1020124E+00  0.0000000E+00
  0.1378535E+01  0.9352288E-01  0.0000000E+00
  0.1379179E+01  0.8503379E-01  0.0000000E+00
  0.1379718E+01  0.7653789E-01  0.0000000E+00
  0.1380258E+01  0.6804237E-01  0.0000000E+00
  0.1380696E+01  0.5954141E-01  0.0000000E+00
  0.1381134E+01  0.5104090E-01  0.0000000E+00
  0.1381466E+01  0.4253597E-01  0.0000000E+00
  0.1381798E+01  0.3403154E-01  0.0000000E+00
  0.1382027E+01  0.2552408E-01  0.0000000E+00
  0.1382255E+01  0.1701707E-01  0.0000000E+00
  0.1382383E+01  0.8508350E-02  0.0000000E+00
  0.1373954E+01  0.8479361E-02  0.0000000E+00
  0.1373823E+01  0.1739198E-01  0.0000000E+00
  0.1373570E+01  0.2587267E-01  0.0000000E+00
  0.1373325E+01  0.3478133E-01  0.0000000E+00
  0.1372971E+01  0.4326088E-01  0.0000000E+00
  0.1372606E+01  0.5216514E-01  0.0000000E+00
  0.1372148E+01  0.6064311E-01  0.0000000E+00
  0.1371668E+01  0.6954087E-01  0.0000000E+00
  0.1371111E+01  0.7801320E-01  0.0000000E+00
  0.1370512E+01  0.8690534E-01  0.0000000E+00
  0.1369853E+01  0.9537336E-01  0.0000000E+00
  0.1369139E+01  0.1042567E+00  0.0000000E+00
  0.1368376E+01  0.1127170E+00  0.0000000E+00
  0.1367544E+01  0.1215902E+00  0.0000000E+00
  0.1366682E+01  0.1300437E+00  0.0000000E+00
  0.1365735E+01  0.1389052E+00  0.0000000E+00
  0.1364770E+01  0.1473494E+00  0.0000000E+00
  0.1363702E+01  0.1561968E+00  0.0000000E+00
  0.1362637E+01  0.1646309E+00  0.0000000E+00
  0.1361454E+01  0.1734643E+00  0.0000000E+00
  0.1360290E+01  0.1818856E+00  0.0000000E+00
  0.1358988E+01  0.1907038E+00  0.0000000E+00
  0.1357722E+01  0.1991117E+00  0.0000000E+00
  0.1356305E+01  0.2079132E+00  0.0000000E+00
  0.1354939E+01  0.2163055E+00  0.0000000E+00
  0.1353405E+01  0.2250868E+00  0.0000000E+00
  0.1351939E+01  0.2334648E+00  0.0000000E+00
  0.1350291E+01  0.2422269E+00  0.0000000E+00
  0.1348724E+01  0.2505864E+00  0.0000000E+00
  0.1346958E+01  0.2593252E+00  0.0000000E+00
  0.1345292E+01  0.2676674E+00  0.0000000E+00
  0.1343413E+01  0.2763848E+00  0.0000000E+00
  0.1341650E+01  0.2847060E+00  0.0000000E+00
  0.1339651E+01  0.2933992E+00  0.0000000E+00
  0.1337789E+01  0.3016980E+00  0.0000000E+00
  0.1335784E+01  0.3099552E+00  0.0000000E+00
  0.1333712E+01  0.3186409E+00  0.0000000E+00
  0.1331606E+01  0.3268760E+00  0.0000000E+00
  0.1329416E+01  0.3355313E+00  0.0000000E+00
  0.1327212E+01  0.3437440E+00  0.0000000E+00
  0.1324911E+01  0.3523691E+00  0.0000000E+00
  0.1322611E+01  0.3605561E+00  0.0000000E+00
  0.1320194E+01  0.3691503E+00  0.0000000E+00
  0.1317793E+01  0.3773112E+00  0.0000000E+00
  0.1315266E+01  0.3858727E+00  0.0000000E+00
  0.1312769E+01  0.3940045E+00  0.0000000E+00
  0.1310128E+01  0.4025329E+00  0.0000000E+00
  0.1307533E+01  0.4106367E+00  0.0000000E+00
  0.1304782E+01  0.4191298E+00  0.0000000E+00
  0.1302088E+01  0.4272025E+00  0.0000000E+00
  0.1299224E+01  0.4356573E+00  0.0000000E+00
  0.1296435E+01  0.4436999E+00  0.0000000E+00
  0.1293462E+01  0.4521168E+00  0.0000000E+00
  0.1290577E+01  0.4601264E+00  0.0000000E+00
  0.1287488E+01  0.4685022E+00  0.0000000E+00
  0.1284506E+01  0.4764772E+00  0.0000000E+00
  0.1281310E+01  0.4848136E+00  0.0000000E+00
  0.1278236E+01  0.4927530E+00  0.0000000E+00
  0.1274928E+01  0.5010466E+00  0.0000000E+00
  0.1271756E+01  0.5089493E+00  0.0000000E+00
  0.1268341E+01  0.5171998E+00  0.0000000E+00
  0.1265076E+01  0.5250640E+00  0.0000000E+00
  0.1261552E+01  0.5332675E+00  0.0000000E+00
  0.1258193E+01  0.5410945E+00  0.0000000E+00
  0.1254562E+01  0.5492533E+00  0.0000000E+00
  0.1251110E+01  0.5570384E+00  0.0000000E+00
  0.1247369E+01  0.5651479E+00  0.0000000E+00
  0.1243825E+01  0.5728921E+00  0.0000000E+00
  0.1239979E+01  0.5809548E+00  0.0000000E+00
  0.1236347E+01  0.5886563E+00  0.0000000E+00
  0.1232581E+01  0.5962868E+00  0.0000000E+00
  0.1228658E+01  0.6043201E+00  0.0000000E+00
  0.1224802E+01  0.6119083E+00  0.0000000E+00
  0.1220777E+01  0.6198888E+00  0.0000000E+00
  0.1216830E+01  0.6274323E+00  0.0000000E+00
  0.1212697E+01  0.6353568E+00  0.0000000E+00
  0.1208659E+01  0.6428547E+00  0.0000000E+00
  0.1204425E+01  0.6507242E+00  0.0000000E+00
  0.1200298E+01  0.6581732E+00  0.0000000E+00
  0.1195960E+01  0.6659870E+00  0.0000000E+00
  0.1191743E+01  0.6733880E+00  0.0000000E+00
  0.1187304E+01  0.6811444E+00  0.0000000E+00
  0.1182999E+01  0.6884936E+00  0.0000000E+00
  0.1178457E+01  0.6961905E+00  0.0000000E+00
  0.1174064E+01  0.7034902E+00  0.0000000E+00
  0.1169424E+01  0.7111277E+00  0.0000000E+00
  0.1164943E+01  0.7183744E+00  0.0000000E+00
  0.1160200E+01  0.7259479E+00  0.0000000E+00
  0.1155633E+01  0.7331420E+00  0.0000000E+00
  0.1150792E+01  0.7406533E+00  0.0000000E+00
  0.1146140E+01  0.7477926E+00  0.0000000E+00
  0.1141198E+01  0.7552391E+00  0.0000000E+00
  0.1136460E+01  0.7623217E+00  0.0000000E+00
  0.1131422E+01  0.7697045E+00  0.0000000E+00
  0.1126601E+01  0.7767302E+00  0.0000000E+00
  0.1121465E+01  0.7840449E+00  0.0000000E+00
  0.1116560E+01  0.7910134E+00  0.0000000E+00
  0.1111329E+01  0.7982617E+00  0.0000000E+00
  0.1106341E+01  0.8051702E+00  0.0000000E+00
  0.1101015E+01  0.8123474E+00  0.0000000E+00
  0.1095945E+01  0.8191975E+00  0.0000000E+00
  0.1090526E+01  0.8263069E+00  0.0000000E+00
  0.1085375E+01  0.8330951E+00  0.0000000E+00
  0.1079859E+01  0.8401313E+00  0.0000000E+00
  0.1074630E+01  0.8468569E+00  0.0000000E+00
  0.1069021E+01  0.8538226E+00  0.0000000E+00
  0.1063712E+01  0.8604833E+00  0.0000000E+00
  0.1058288E+01  0.8670517E+00  0.0000000E+00
  0.1052617E+01  0.8739657E+00  0.0000000E+00
  0.1047115E+01  0.8804720E+00  0.0000000E+00
  0.1041357E+01  0.8873116E+00  0.0000000E+00
  0.1035779E+01  0.8937530E+00  0.0000000E+00
  0.1029929E+01  0.9005144E+00  0.0000000E+00
  0.1024272E+01  0.9068888E+00  0.0000000E+00
  0.1018336E+01  0.9135734E+00  0.0000000E+00
  0.1012605E+01  0.9198797E+00  0.0000000E+00
  0.1006580E+01  0.9264859E+00  0.0000000E+00
  0.1000774E+01  0.9327247E+00  0.0000000E+00
  0.9946640E+00  0.9392519E+00  0.0000000E+00
  0.9887822E+00  0.9454194E+00  0.0000000E+00
  0.9825864E+00  0.9518639E+00  0.0000000E+00
  0.9766319E+00  0.9579631E+00  0.0000000E+00
  0.9703550E+00  0.9643276E+00  0.0000000E+00
  0.9643276E+00  0.9703550E+00  0.0000000E+00
  0.9579631E+00  0.9766319E+00  0.0000000E+00
  0.9518639E+00  0.9825864E+00  0.0000000E+00
  0.9454194E+00  0.9887822E+00  0.0000000E+00
  0.9392519E+00  0.9946640E+00  0.0000000E+00
  0.9327247E+00  0.1000774E+01  0.0000000E+00
  0.9264859E+00  0.1006580E+01  0.0000000E+00
  0.9198797E+00  0.1012605E+01  0.0000000E+00
  0.9135734E+00  0.1018336E+01  0.0000000E+00
  0.9068888E+00  0.1024272E+01  0.0000000E+00
  0.9005144E+00  0.1029929E+01  0.0000000E+00
  0.8937530E+00  0.1035779E+01  0.0000000E+00
  0.8873116E+00  0.1041357E+01  0.0000000E+00
  0.8804720E+00  0.1047115E+01  0.0000000E+00
  0.8739657E+00  0.1052617E+01  0.0000000E+00
  0.8670517E+00  0.1058288E+01  0.0000000E+00
  0.8604833E+00  0.1063712E+01  0.0000000E+00
  0.8538226E+00  0.1069021E+01  0.0000000E+00
  0.8468569E+00  0.1074630E+01  0.0000000E+00
  0.8401313E+00  0.1079859E+01  0.0000000E+00
  0.8330951E+00  0.1085375E+01  0.0000000E+00
  0.8263069E+00  0.1090526E+01  0.0000000E+00
  0.8191975E+00  0.1095945E+01  0.0000000E+00
  0.8123474E+00  0.1101015E+01  0.0000000E+00
  0.8051702E+00  0.1106341E+01  0.0000000E+00
  0.7982617E+00  0.1111329E+01  0.0000000E+00
  0.7910134E+00  0.1116560E+01  0.0000000E+00
  0.7840449E+00  0.1121465E+01  0.0000000E+00
  0.7767302E+00  0.1126601E+01  0.0000000E+00
  0.7697045E+00  0.1131422E+01  0.0000000E+00
  0.7623217E+00  0.1136460E+01  0.0000000E+00
  0.7552391E+00  0.1141198E+01  0.0000000E+00
  0.7477926E+00  0.1146140E+01  0.0000000E+00
  0.7406533E+00  0.1150792E+01  0.0000000E+00
  0.7331420E+00  0.1155633E+01  0.0000000E+00
  0.7259479E+00  0.1160200E+01  0.0000000E+00
  0.7183744E+00  0.1164943E+01  0.0000000E+00
  0.7111277E+00  0.1169424E+01  0.0000000E+00
  0.7034902E+00  0.1174064E+01  0.0000000E+00
  0.6961905E+00  0.1178457E+01  0.0000000E+00
  0.6884936E+00  0.1182999E+01  0.0000000E+00
  0.6811444E+00  0.1187304E+01  0.0000000E+00
  0.6733880E+00  0.1191743E+01  0.0000000E+00
  0.6659870E+00  0.1195960E+01  0.0000000E+00
  0.6581732E+00  0.1200298E+01  0.0000000E+00
  0.6507242E+00  0.1204425E+01  0.0000000E+00
  0.6428547E+00  0.1208659E+01  0.0000000E+00
  0.6353568E+00  0.1212697E+01  0.0000000E+00
  0.6274323E+00  0.1216830E+01  0.0000000E+00
  0.6198888E+00  0.1220777E+01  0.0000000E+00
  0.6119083E+00  0.1224802E+01  0.0000000E+00
  0.6043201E+00  0.1228658E+01  0.0000000E+00
  0.5962868E+00  0.1232581E+01  0.0000000E+00
  0.5886563E+00  0.1236347E+01  0.0000000E+00
  0.5809548E+00  0.1239979E+01  0.0000000E+00
  0.5728921E+00  0.1243825E+01  0.0000000E+00
  0.5651479E+00  0.1247369E+01  0.0000000E+00
  0.5570384E+00  0.1251110E+01  0.0000000E+00
  0.5492533E+00  0.1254562E+01  0.0000000E+00
  0.5410945E+00  0.1258193E+01  0.0000000E+00
  0.5332675E+00  0.1261552E+01  0.0000000E+00
  0.5250640E+00  0.1265076E+01  0.0000000E+00
  0.5171998E+00  0.1268341E+01  0.0000000E+00
  0.5089493E+00  0.1271756E+01  0.0000000E+00
  0.5010466E+00  0.1274928E+01  0.0000000E+00
  0.4927530E+00  0.1278236E+01  0.0000000E+00
  0.4848136E+00  0.1281310E+01  0.0000000E+00
  0.4764772E+00  0.1284506E+01  0.0000000E+00
  0.4685022E+00  0.1287488E+01  0.0000000E+00
  0.4601264E+00  0.1290577E+01  0.0000000E+00
  0.4521168E+00  0.1293462E+01  0.0000000E+00
  0.4436999E+00  0.1296435E+01  0.0000000E+00
  0.4356573E+00  0.1299224E+01  0.0000000E+00
  0.4272025E+00  0.1302088E+01  0.0000000E+00
  0.4191298E+00  0.1304782E+01  0.0000000E+00
  0.4106367E+00  0.1307533E+01  0.0000000E+00
  0.4025329E+00  0.1310128E+01  0.0000000E+00
  0.3940045E+00  0.1312769E+01  0.0000000E+00
  0.3858727E+00  0.1315266E+01  0.0000000E+00
  0.3773112E+00  0.1317793E+01  0.0000000E+00
  0.3691503E+00  0.1320194E+01  0.0000000E+00
  0.3605561E+00  0.1322611E+01  0.0000000E+00
  0.3523691E+00  0.1324911E+01  0.0000000E+00
  0.3437440E+00  0.1327212E+01  0.0000000E+00
  0.3355313E+00  0.1329416E+01  0.0000000E+00
  0.3268760E+00  0.1331606E+01  0.0000000E+00
  0.3186409E+00  0.1333712E+01  0.0000000E+00
  0.3099552E+00  0.1335784E+01  0.0000000E+00
  0.3016980E+00  0.1337789E+01  0.0000000E+00
  0.2933992E+00  0.1339651E+01  0.0000000E+00
  0.2847060E+00  0.1341650E+01  0.0000000E+00
  0.2763848E+00  0.1343413E+01  0.0000000E+00
  0.2676674E+00  0.1345292E+01  0.0000000E+00
  0.2593252E+00  0.1346958E+01  0.0000000E+00
  0.2505864E+00  0.1348724E+01  0.0000000E+00
  0.2422269E+00  0.1350291E+01  0.0000000E+00
  0.2334648E+00  0.1351939E+01  0.0000000E+00
  0.2250868E+00  0.1353405E+01  0.0000000E+00
  0.2163055E+00  0.1354939E+01  0.0000000E+00
  0.2079132E+00  0.1356305E+01  0.0000000E+00
  0.1991117E+00  0.1357722E+01  0.0000000E+00
  0.1907038E+00  0.1358988E+01  0.0000000E+00
  0.1818856E+00  0.1360290E+01  0.0000000E+00
  0.1734643E+00  0.1361454E+01  0.0000000E+00
  0.1646309E+00  0.1362637E+01  0.0000000E+00
  0.1561968E+00  0.1363702E+01  0.0000000E+00
  0.1473494E+00  0.1364770E+01  0.0000000E+00
  0.1389052E+00  0.1365735E+01  0.0000000E+00
  0.1300437E+00  0.1366682E+01  0.0000000E+00
  0.1215902E+00  0.1367544E+01  0.0000000E+00
  0.1127170E+00  0.1368376E+01  0.0000000E+00
  0.1042567E+00  0.1369139E+01  0.0000000E+00
  0.9537336E-01  0.1369853E+01  0.0000000E+00
  0.8690534E-01  0.1370512E+01  0.0000000E+00
  0.7801320E-01  0.1371111E+01  0.0000000E+00
  0.6954087E-01  0.1371668E+01  0.0000000E+00
  0.6064311E-01  0.1372148E+01  0.0000000E+00
  0.5216514E-01  0.1372606E+01  0.0000000E+00
  0.4326088E-01  0.1372971E+01  0.0000000E+00
  0.3478133E-01  0.1373325E+01  0.0000000E+00
  0.2587267E-01  0.1373570E+01  0.0000000E+00
  0.1739198E-01  0.1373823E+01  0.0000000E+00
  0.8479361E-02  0.1373954E+01  0.0000000E+00
  0.8170377E-02  0.1398578E+01  0.0000000E+00
  0.1634100E-01  0.1398481E+01  0.0000000E+00
  0.2451021E-01  0.1398289E+01  0.0000000E+00
  0.3267972E-01  0.1398098E+01  0.0000000E+00
  0.4084672E-01  0.1397812E+01  0.0000000E+00
  0.4901403E-01  0.1397527E+01  0.0000000E+00
  0.5717779E-01  0.1397148E+01  0.0000000E+00
  0.6534180E-01  0.1396770E+01  0.0000000E+00
  0.7350101E-01  0.1396293E+01  0.0000000E+00
  0.8166046E-01  0.1395817E+01  0.0000000E+00
  0.8981400E-01  0.1395244E+01  0.0000000E+00
  0.9796778E-01  0.1394672E+01  0.0000000E+00
  0.1061147E+00  0.1394006E+01  0.0000000E+00
  0.1142619E+00  0.1393340E+01  0.0000000E+00
  0.1224011E+00  0.1392580E+01  0.0000000E+00
  0.1305407E+00  0.1391821E+01  0.0000000E+00
  0.1386709E+00  0.1390965E+01  0.0000000E+00
  0.1468014E+00  0.1390110E+01  0.0000000E+00
  0.1549215E+00  0.1389159E+01  0.0000000E+00
  0.1630419E+00  0.1388207E+01  0.0000000E+00
  0.1711509E+00  0.1387162E+01  0.0000000E+00
  0.1792601E+00  0.1386116E+01  0.0000000E+00
  0.1873570E+00  0.1384978E+01  0.0000000E+00
  0.1954542E+00  0.1383839E+01  0.0000000E+00
  0.2035377E+00  0.1382606E+01  0.0000000E+00
  0.2116215E+00  0.1381373E+01  0.0000000E+00
  0.2196905E+00  0.1380045E+01  0.0000000E+00
  0.2277597E+00  0.1378717E+01  0.0000000E+00
  0.2358131E+00  0.1377295E+01  0.0000000E+00
  0.2438667E+00  0.1375872E+01  0.0000000E+00
  0.2519035E+00  0.1374357E+01  0.0000000E+00
  0.2599406E+00  0.1372842E+01  0.0000000E+00
  0.2679598E+00  0.1371234E+01  0.0000000E+00
  0.2759792E+00  0.1369625E+01  0.0000000E+00
  0.2839792E+00  0.1367922E+01  0.0000000E+00
  0.2919794E+00  0.1366219E+01  0.0000000E+00
  0.2999598E+00  0.1364424E+01  0.0000000E+00
  0.3079404E+00  0.1362629E+01  0.0000000E+00
  0.3158997E+00  0.1360741E+01  0.0000000E+00
  0.3238591E+00  0.1358852E+01  0.0000000E+00
  0.3317964E+00  0.1356872E+01  0.0000000E+00
  0.3397339E+00  0.1354892E+01  0.0000000E+00
  0.3476475E+00  0.1352817E+01  0.0000000E+00
  0.3555612E+00  0.1350743E+01  0.0000000E+00
  0.3634508E+00  0.1348577E+01  0.0000000E+00
  0.3713406E+00  0.1346412E+01  0.0000000E+00
  0.3792053E+00  0.1344156E+01  0.0000000E+00
  0.3870701E+00  0.1341900E+01  0.0000000E+00
  0.3949081E+00  0.1339552E+01  0.0000000E+00
  0.4027463E+00  0.1337204E+01  0.0000000E+00
  0.4105561E+00  0.1334763E+01  0.0000000E+00
  0.4183662E+00  0.1332321E+01  0.0000000E+00
  0.4261477E+00  0.1329790E+01  0.0000000E+00
  0.4339295E+00  0.1327259E+01  0.0000000E+00
  0.4416819E+00  0.1324639E+01  0.0000000E+00
  0.4494345E+00  0.1322019E+01  0.0000000E+00
  0.4571565E+00  0.1319309E+01  0.0000000E+00
  0.4648786E+00  0.1316599E+01  0.0000000E+00
  0.4725678E+00  0.1313797E+01  0.0000000E+00
  0.4802572E+00  0.1310995E+01  0.0000000E+00
  0.4879137E+00  0.1308103E+01  0.0000000E+00
  0.4955703E+00  0.1305212E+01  0.0000000E+00
  0.5031934E+00  0.1302233E+01  0.0000000E+00
  0.5108167E+00  0.1299254E+01  0.0000000E+00
  0.5184056E+00  0.1296187E+01  0.0000000E+00
  0.5259945E+00  0.1293121E+01  0.0000000E+00
  0.5335468E+00  0.1289965E+01  0.0000000E+00
  0.5410992E+00  0.1286809E+01  0.0000000E+00
  0.5486138E+00  0.1283563E+01  0.0000000E+00
  0.5561285E+00  0.1280317E+01  0.0000000E+00
  0.5636056E+00  0.1276986E+01  0.0000000E+00
  0.5710830E+00  0.1273654E+01  0.0000000E+00
  0.5785218E+00  0.1270237E+01  0.0000000E+00
  0.5859607E+00  0.1266820E+01  0.0000000E+00
  0.5933596E+00  0.1263317E+01  0.0000000E+00
  0.6007587E+00  0.1259814E+01  0.0000000E+00
  0.6081152E+00  0.1256222E+01  0.0000000E+00
  0.6154719E+00  0.1252630E+01  0.0000000E+00
  0.6227867E+00  0.1248953E+01  0.0000000E+00
  0.6301017E+00  0.1245277E+01  0.0000000E+00
  0.6373741E+00  0.1241517E+01  0.0000000E+00
  0.6446468E+00  0.1237756E+01  0.0000000E+00
  0.6518757E+00  0.1233912E+01  0.0000000E+00
  0.6591048E+00  0.1230069E+01  0.0000000E+00
  0.6662877E+00  0.1226139E+01  0.0000000E+00
  0.6734707E+00  0.1222209E+01  0.0000000E+00
  0.6806073E+00  0.1218196E+01  0.0000000E+00
  0.6877440E+00  0.1214182E+01  0.0000000E+00
  0.6948342E+00  0.1210087E+01  0.0000000E+00
  0.7019246E+00  0.1205991E+01  0.0000000E+00
  0.7089677E+00  0.1201815E+01  0.0000000E+00
  0.7160108E+00  0.1197639E+01  0.0000000E+00
  0.7230038E+00  0.1193379E+01  0.0000000E+00
  0.7299969E+00  0.1189118E+01  0.0000000E+00
  0.7369405E+00  0.1184778E+01  0.0000000E+00
  0.7438841E+00  0.1180437E+01  0.0000000E+00
  0.7507766E+00  0.1176016E+01  0.0000000E+00
  0.7576692E+00  0.1171594E+01  0.0000000E+00
  0.7645107E+00  0.1167094E+01  0.0000000E+00
  0.7713524E+00  0.1162594E+01  0.0000000E+00
  0.7781404E+00  0.1158013E+01  0.0000000E+00
  0.7849284E+00  0.1153432E+01  0.0000000E+00
  0.7916631E+00  0.1148773E+01  0.0000000E+00
  0.7983978E+00  0.1144114E+01  0.0000000E+00
  0.8050784E+00  0.1139377E+01  0.0000000E+00
  0.8117589E+00  0.1134641E+01  0.0000000E+00
  0.8183840E+00  0.1129826E+01  0.0000000E+00
  0.8250091E+00  0.1125012E+01  0.0000000E+00
  0.8315773E+00  0.1120121E+01  0.0000000E+00
  0.8381456E+00  0.1115229E+01  0.0000000E+00
  0.8446564E+00  0.1110261E+01  0.0000000E+00
  0.8511673E+00  0.1105293E+01  0.0000000E+00
  0.8576209E+00  0.1100251E+01  0.0000000E+00
  0.8640746E+00  0.1095208E+01  0.0000000E+00
  0.8704693E+00  0.1090092E+01  0.0000000E+00
  0.8768640E+00  0.1084975E+01  0.0000000E+00
  0.8831982E+00  0.1079783E+01  0.0000000E+00
  0.8895324E+00  0.1074591E+01  0.0000000E+00
  0.8958051E+00  0.1069325E+01  0.0000000E+00
  0.9020778E+00  0.1064059E+01  0.0000000E+00
  0.9082899E+00  0.1058722E+01  0.0000000E+00
  0.9145020E+00  0.1053384E+01  0.0000000E+00
  0.9206527E+00  0.1047976E+01  0.0000000E+00
  0.9268034E+00  0.1042568E+01  0.0000000E+00
  0.9328900E+00  0.1037087E+01  0.0000000E+00
  0.9389766E+00  0.1031607E+01  0.0000000E+00
  0.9449975E+00  0.1026055E+01  0.0000000E+00
  0.9510184E+00  0.1020502E+01  0.0000000E+00
  0.9569754E+00  0.1014881E+01  0.0000000E+00
  0.9629324E+00  0.1009260E+01  0.0000000E+00
  0.9688246E+00  0.1003571E+01  0.0000000E+00
  0.9747169E+00  0.9978824E+00  0.0000000E+00
  0.9805438E+00  0.9921265E+00  0.0000000E+00
  0.9863706E+00  0.9863706E+00  0.0000000E+00
  0.9921265E+00  0.9805438E+00  0.0000000E+00
  0.9978824E+00  0.9747169E+00  0.0000000E+00
  0.1003571E+01  0.9688246E+00  0.0000000E+00
  0.1009260E+01  0.9629324E+00  0.0000000E+00
  0.1014881E+01  0.9569754E+00  0.0000000E+00
  0.1020502E+01  0.9510184E+00  0.0000000E+00
  0.1026055E+01  0.9449975E+00  0.0000000E+00
  0.1031607E+01  0.9389766E+00  0.0000000E+00
  0.1037087E+01  0.9328900E+00  0.0000000E+00
  0.1042568E+01  0.9268034E+00  0.0000000E+00
  0.1047976E+01  0.9206527E+00  0.0000000E+00
  0.1053384E+01  0.9145020E+00  0.0000000E+00
  0.1058722E+01  0.9082899E+00  0.0000000E+00
  0.1064059E+01  0.9020778E+00  0.0000000E+00
  0.1069325E+01  0.8958051E+00  0.0000000E+00
  0.1074591E+01  0.8895324E+00  0.0000000E+00
  0.1079783E+01  0.8831982E+00  0.0000000E+00
  0.1084975E+01  0.8768640E+00  0.0000000E+00
  0.1090092E+01  0.8704693E+00  0.0000000E+00
  0.1095208E+01  0.8640746E+00  0.0000000E+00
  0.1100251E+01  0.8576209E+00  0.0000000E+00
  0.1105293E+01  0.8511673E+00  0.0000000E+00
  0.1110261E+01  0.8446564E+00  0.0000000E+00
  0.1115229E+01  0.8381456E+00  0.0000000E+00
  0.1120121E+01  0.8315773E+00  0.0000000E+00
  0.1125012E+01  0.8250091E+00  0.0000000E+00
  0.1129826E+01  0.8183840E+00  0.0000000E+00
  0.1134641E+01  0.8117589E+00  0.0000000E+00
  0.1139377E+01  0.8050784E+00  0.0000000E+00
  0.1144114E+01  0.7983978E+00  0.0000000E+00
  0.1148773E+01  0.7916631E+00  0.0000000E+00
  0.1153432E+01  0.7849284E+00  0.0000000E+00
  0.1158013E+01  0.7781404E+00  0.0000000E+00
  0.1162594E+01  0.7713524E+00  0.0000000E+00
  0.1167094E+01  0.7645107E+00  0.0000000E+00
  0.1171594E+01  0.7576692E+00  0.0000000E+00
  0.1176016E+01  0.7507766E+00  0.0000000E+00
  0.1180437E+01  0.7438841E+00  0.0000000E+00
  0.1184778E+01  0.7369405E+00  0.0000000E+00
  0.1189118E+01  0.7299969E+00  0.0000000E+00
  0.1193379E+01  0.7230038E+00  0.0000000E+00
  0.1197639E+01  0.7160108E+00  0.0000000E+00
  0.1201815E+01  0.7089677E+00  0.0000000E+00
  0.1205991E+01  0.7019246E+00  0.0000000E+00
  0.1210087E+01  0.6948342E+00  0.0000000E+00
  0.1214182E+01  0.6877440E+00  0.0000000E+00
  0.1218196E+01  0.6806073E+00  0.0000000E+00
  0.1222209E+01  0.6734707E+00  0.0000000E+00
  0.1226139E+01  0.6662877E+00  0.0000000E+00
  0.1230069E+01  0.6591048E+00  0.0000000E+00
  0.1233912E+01  0.6518757E+00  0.0000000E+00
  0.1237756E+01  0.6446468E+00  0.0000000E+00
  0.1241517E+01  0.6373741E+00  0.0000000E+00
  0.1245277E+01  0.6301017E+00  0.0000000E+00
  0.1248953E+01  0.6227867E+00  0.0000000E+00
  0.1252630E+01  0.6154719E+00  0.0000000E+00
  0.1256222E+01  0.6081152E+00  0.0000000E+00
  0.1259814E+01  0.6007587E+00  0.0000000E+00
  0.1263317E+01  0.5933596E+00  0.0000000E+00
  0.1266820E+01  0.5859607E+00  0.0000000E+00
  0.1270237E+01  0.5785218E+00  0.0000000E+00
  0.1273654E+01  0.5710830E+00  0.0000000E+00
  0.1276986E+01  0.5636056E+00  0.0000000E+00
  0.1280317E+01  0.5561285E+00  0.0000000E+00
  0.1283563E+01  0.5486138E+00  0.0000000E+00
  0.1286809E+01  0.5410992E+00  0.0000000E+00
  0.1289965E+01  0.5335468E+00  0.0000000E+00
  0.1293121E+01  0.5259945E+00  0.0000000E+00
  0.1296187E+01  0.5184056E+00  0.0000000E+00
  0.1299254E+01  0.5108167E+00  0.0000000E+00
  0.1302233E+01  0.5031934E+00  0.0000000E+00
  0.1305212E+01  0.4955703E+00  0.0000000E+00
  0.1308103E+01  0.4879137E+00  0.0000000E+00
  0.1310995E+01  0.4802572E+00  0.0000000E+00
  0.1313797E+01  0.4725678E+00  0.0000000E+00
  0.1316599E+01  0.4648786E+00  0.0000000E+00
  0.1319309E+01  0.4571565E+00  0.0000000E+00
  0.1322019E+01  0.4494345E+00  0.0000000E+00
  0.1324639E+01  0.4416819E+00  0.0000000E+00
  0.1327259E+01  0.4339295E+00  0.0000000E+00
  0.1329790E+01  0.4261477E+00  0.0000000E+00
  0.1332321E+01  0.4183662E+00  0.0000000E+00
  0.1334763E+01  0.4105561E+00  0.0000000E+00
  0.1337204E+01  0.4027463E+00  0.0000000E+00
  0.1339552E+01  0.3949081E+00  0.0000000E+00
  0.1341900E+01  0.3870701E+00  0.0000000E+00
  0.1344156E+01  0.3792053E+00  0.0000000E+00
  0.1346412E+01  0.3713406E+00  0.0000000E+00
  0.1348577E+01  0.3634508E+00  0.0000000E+00
  0.1350743E+01  0.3555612E+00  0.0000000E+00
  0.1352817E+01  0.3476475E+00  0.0000000E+00
  0.1354892E+01  0.3397339E+00  0.0000000E+00
  0.1356872E+01  0.3317964E+00  0.0000000E+00
  0.1358852E+01  0.3238591E+00  0.0000000E+00
  0.1360741E+01  0.3158997E+00  0.0000000E+00
  0.1362629E+01  0.3079404E+00  0.0000000E+00
  0.1364424E+01  0.2999598E+00  0.0000000E+00
  0.1366219E+01  0.2919794E+00  0.0000000E+00
  0.1367922E+01  0.2839792E+00  0.0000000E+00
  0.1369625E+01  0.2759792E+00  0.0000000E+00
  0.1371234E+01  0.2679598E+00  0.0000000E+00
  0.1372842E+01  0.2599406E+00  0.0000000E+00
  0.1374357E+01  0.2519035E+00  0.0000000E+00
  0.1375872E+01  0.2438667E+00  0.0000000E+00
  0.1377295E+01  0.2358131E+00  0.0000000E+00
  0.1378717E+01  0.2277597E+00  0.0000000E+00
  0.1380045E+01  0.2196905E+00  0.0000000E+00
  0.1381373E+01  0.2116215E+00  0.0000000E+00
  0.1382606E+01  0.2035377E+00  0.0000000E+00
  0.1383839E+01  0.1954542E+00  0.0000000E+00
  0.1384978E+01  0.1873570E+00  0.0000000E+00
  0.1386116E+01  0.1792601E+00  0.0000000E+00
  0.1387162E+01  0.1711509E+00  0.0000000E+00
  0.1388207E+01  0.1630419E+00  0.0000000E+00
  0.1389159E+01  0.1549215E+00  0.0000000E+00
  0.1390110E+01  0.1468014E+00  0.0000000E+00
  0.1390965E+01  0.1386709E+00  0.0000000E+00
  0.1391821E+01  0.1305407E+00  0.0000000E+00
  0.1392580E+01  0.1224011E+00  0.0000000E+00
  0.1393340E+01  0.1142619E+00  0.0000000E+00
  0.1394006E+01  0.1061147E+00  0.0000000E+00
  0.1394672E+01  0.9796778E-01  0.0000000E+00
  0.1395244E+01  0.8981400E-01  0.0000000E+00
  0.1395817E+01  0.8166046E-01  0.0000000E+00
  0.1396293E+01  0.7350101E-01  0.0000000E+00
  0.1396770E+01  0.6534180E-01  0.0000000E+00
  0.1397148E+01  0.5717779E-01  0.0000000E+00
  0.1397527E+01  0.4901403E-01  0.0000000E+00
  0.1397812E+01  0.4084672E-01  0.0000000E+00
  0.1398098E+01  0.3267972E-01  0.0000000E+00
  0.1398289E+01  0.2451021E-01  0.0000000E+00
  0.1398481E+01  0.1634100E-01  0.0000000E+00
  0.1398578E+01  0.8170377E-02  0.0000000E+00
  0.1390468E+01  0.8143034E-02  0.0000000E+00
  0.1390367E+01  0.1667910E-01  0.0000000E+00
  0.1390151E+01  0.2482329E-01  0.0000000E+00
  0.1389945E+01  0.3335586E-01  0.0000000E+00
  0.1389638E+01  0.4149957E-01  0.0000000E+00
  0.1389326E+01  0.5002800E-01  0.0000000E+00
  0.1388927E+01  0.5816847E-01  0.0000000E+00
  0.1388508E+01  0.6669306E-01  0.0000000E+00
  0.1388014E+01  0.7483098E-01  0.0000000E+00
  0.1387490E+01  0.8334873E-01  0.0000000E+00
  0.1386903E+01  0.9148216E-01  0.0000000E+00
  0.1386272E+01  0.9999218E-01  0.0000000E+00
  0.1385593E+01  0.1081198E+00  0.0000000E+00
  0.1384855E+01  0.1166209E+00  0.0000000E+00
  0.1384084E+01  0.1247425E+00  0.0000000E+00
  0.1383241E+01  0.1332337E+00  0.0000000E+00
  0.1382377E+01  0.1413469E+00  0.0000000E+00
  0.1381425E+01  0.1498271E+00  0.0000000E+00
  0.1380468E+01  0.1579308E+00  0.0000000E+00
  0.1379412E+01  0.1663986E+00  0.0000000E+00
  0.1378364E+01  0.1744924E+00  0.0000000E+00
  0.1377204E+01  0.1829463E+00  0.0000000E+00
  0.1376065E+01  0.1910289E+00  0.0000000E+00
  0.1374797E+01  0.1994671E+00  0.0000000E+00
  0.1373565E+01  0.2075377E+00  0.0000000E+00
  0.1372190E+01  0.2159601E+00  0.0000000E+00
  0.1370867E+01  0.2240161E+00  0.0000000E+00
  0.1369387E+01  0.2324217E+00  0.0000000E+00
  0.1367973E+01  0.2404623E+00  0.0000000E+00
  0.1366387E+01  0.2488484E+00  0.0000000E+00
  0.1364881E+01  0.2568737E+00  0.0000000E+00
  0.1363193E+01  0.2652401E+00  0.0000000E+00
  0.1361597E+01  0.2732485E+00  0.0000000E+00
  0.1359803E+01  0.2815945E+00  0.0000000E+00
  0.1358115E+01  0.2895833E+00  0.0000000E+00
  0.1356215E+01  0.2979072E+00  0.0000000E+00
  0.1354439E+01  0.3058764E+00  0.0000000E+00
  0.1352533E+01  0.3138064E+00  0.0000000E+00
  0.1350565E+01  0.3221244E+00  0.0000000E+00
  0.1348568E+01  0.3300341E+00  0.0000000E+00
  0.1346495E+01  0.3383258E+00  0.0000000E+00
  0.1344406E+01  0.3462148E+00  0.0000000E+00
  0.1342229E+01  0.3544781E+00  0.0000000E+00
  0.1340051E+01  0.3623444E+00  0.0000000E+00
  0.1337775E+01  0.3705804E+00  0.0000000E+00
  0.1335508E+01  0.3784217E+00  0.0000000E+00
  0.1333127E+01  0.3866291E+00  0.0000000E+00
  0.1330770E+01  0.3944460E+00  0.0000000E+00
  0.1328289E+01  0.4026227E+00  0.0000000E+00
  0.1325841E+01  0.4104137E+00  0.0000000E+00
  0.1323258E+01  0.4185574E+00  0.0000000E+00
  0.1320721E+01  0.4263209E+00  0.0000000E+00
  0.1318034E+01  0.4344313E+00  0.0000000E+00
  0.1315411E+01  0.4421667E+00  0.0000000E+00
  0.1312625E+01  0.4502439E+00  0.0000000E+00
  0.1309914E+01  0.4579498E+00  0.0000000E+00
  0.1307027E+01  0.4659921E+00  0.0000000E+00
  0.1304227E+01  0.4736671E+00  0.0000000E+00
  0.1301240E+01  0.4816717E+00  0.0000000E+00
  0.1298352E+01  0.4893156E+00  0.0000000E+00
  0.1295267E+01  0.4972829E+00  0.0000000E+00
  0.1292293E+01  0.5048941E+00  0.0000000E+00
  0.1289107E+01  0.5128217E+00  0.0000000E+00
  0.1286047E+01  0.5203994E+00  0.0000000E+00
  0.1282762E+01  0.5282871E+00  0.0000000E+00
  0.1279616E+01  0.5358297E+00  0.0000000E+00
  0.1276232E+01  0.5436771E+00  0.0000000E+00
  0.1273000E+01  0.5511825E+00  0.0000000E+00
  0.1269518E+01  0.5589861E+00  0.0000000E+00
  0.1266201E+01  0.5664556E+00  0.0000000E+00
  0.1262622E+01  0.5742163E+00  0.0000000E+00
  0.1259223E+01  0.5816481E+00  0.0000000E+00
  0.1255548E+01  0.5893655E+00  0.0000000E+00
  0.1252065E+01  0.5967577E+00  0.0000000E+00
  0.1248289E+01  0.6044278E+00  0.0000000E+00
  0.1244718E+01  0.6117766E+00  0.0000000E+00
  0.1241032E+01  0.6190648E+00  0.0000000E+00
  0.1237194E+01  0.6267081E+00  0.0000000E+00
  0.1233426E+01  0.6339562E+00  0.0000000E+00
  0.1229493E+01  0.6415504E+00  0.0000000E+00
  0.1225642E+01  0.6487556E+00  0.0000000E+00
  0.1221614E+01  0.6563001E+00  0.0000000E+00
  0.1217680E+01  0.6634617E+00  0.0000000E+00
  0.1213560E+01  0.6709556E+00  0.0000000E+00
  0.1209544E+01  0.6780725E+00  0.0000000E+00
  0.1205332E+01  0.6855141E+00  0.0000000E+00
  0.1201235E+01  0.6925860E+00  0.0000000E+00
  0.1196929E+01  0.6999737E+00  0.0000000E+00
  0.1192753E+01  0.7070004E+00  0.0000000E+00
  0.1188356E+01  0.7143338E+00  0.0000000E+00
  0.1184098E+01  0.7213116E+00  0.0000000E+00
  0.1179608E+01  0.7285889E+00  0.0000000E+00
  0.1175272E+01  0.7355184E+00  0.0000000E+00
  0.1170693E+01  0.7427403E+00  0.0000000E+00
  0.1166278E+01  0.7496208E+00  0.0000000E+00
  0.1161611E+01  0.7567857E+00  0.0000000E+00
  0.1157119E+01  0.7636164E+00  0.0000000E+00
  0.1152362E+01  0.7707214E+00  0.0000000E+00
  0.1147791E+01  0.7775005E+00  0.0000000E+00
  0.1142944E+01  0.7845456E+00  0.0000000E+00
  0.1138297E+01  0.7912722E+00  0.0000000E+00
  0.1133363E+01  0.7982568E+00  0.0000000E+00
  0.1128641E+01  0.8049303E+00  0.0000000E+00
  0.1123619E+01  0.8118526E+00  0.0000000E+00
  0.1118821E+01  0.8184722E+00  0.0000000E+00
  0.1113716E+01  0.8253329E+00  0.0000000E+00
  0.1108842E+01  0.8318971E+00  0.0000000E+00
  0.1103650E+01  0.8386934E+00  0.0000000E+00
  0.1098702E+01  0.8452012E+00  0.0000000E+00
  0.1093425E+01  0.8519329E+00  0.0000000E+00
  0.1088406E+01  0.8583844E+00  0.0000000E+00
  0.1083044E+01  0.8650513E+00  0.0000000E+00
  0.1077951E+01  0.8714433E+00  0.0000000E+00
  0.1072756E+01  0.8777520E+00  0.0000000E+00
  0.1067338E+01  0.8843729E+00  0.0000000E+00
  0.1062070E+01  0.8906233E+00  0.0000000E+00
  0.1056570E+01  0.8971753E+00  0.0000000E+00
  0.1051232E+01  0.9033671E+00  0.0000000E+00
  0.1045653E+01  0.9098512E+00  0.0000000E+00
  0.1040246E+01  0.9159814E+00  0.0000000E+00
  0.1034585E+01  0.9223953E+00  0.0000000E+00
  0.1029107E+01  0.9284644E+00  0.0000000E+00
  0.1023368E+01  0.9348073E+00  0.0000000E+00
  0.1017820E+01  0.9408137E+00  0.0000000E+00
  0.1012003E+01  0.9470835E+00  0.0000000E+00
  0.1006387E+01  0.9530268E+00  0.0000000E+00
  0.1000491E+01  0.9592221E+00  0.0000000E+00
  0.9948085E+00  0.9651020E+00  0.0000000E+00
  0.9888367E+00  0.9712251E+00  0.0000000E+00
  0.9830891E+00  0.9770406E+00  0.0000000E+00
  0.9770406E+00  0.9830891E+00  0.0000000E+00
  0.9712251E+00  0.9888367E+00  0.0000000E+00
  0.9651020E+00  0.9948085E+00  0.0000000E+00
  0.9592221E+00  0.1000491E+01  0.0000000E+00
  0.9530268E+00  0.1006387E+01  0.0000000E+00
  0.9470835E+00  0.1012003E+01  0.0000000E+00
  0.9408137E+00  0.1017820E+01  0.0000000E+00
  0.9348073E+00  0.1023368E+01  0.0000000E+00
  0.9284644E+00  0.1029107E+01  0.0000000E+00
  0.9223953E+00  0.1034585E+01  0.0000000E+00
  0.9159814E+00  0.1040246E+01  0.0000000E+00
  0.9098512E+00  0.1045653E+01  0.0000000E+00
  0.9033671E+00  0.1051232E+01  0.0000000E+00
  0.8971753E+00  0.1056570E+01  0.0000000E+00
  0.8906233E+00  0.1062070E+01  0.0000000E+00
  0.8843729E+00  0.1067338E+01  0.0000000E+00
  0.8777520E+00  0.1072756E+01  0.0000000E+00
  0.8714433E+00  0.1077951E+01  0.0000000E+00
  0.8650513E+00  0.1083044E+01  0.0000000E+00
  0.8583844E+00  0.1088406E+01  0.0000000E+00
  0.8519329E+00  0.1093425E+01  0.0000000E+00
  0.8452012E+00  0.1098702E+01  0.0000000E+00
  0.8386934E+00  0.1103650E+01  0.0000000E+00
  0.8318971E+00  0.1108842E+01  0.0000000E+00
  0.8253329E+00  0.1113716E+01  0.0000000E+00
  0.8184722E+00  0.1118821E+01  0.0000000E+00
  0.8118526E+00  0.1123619E+01  0.0000000E+00
  0.8049303E+00  0.1128641E+01  0.0000000E+00
  0.7982568E+00  0.1133363E+01  0.0000000E+00
  0.7912722E+00  0.1138297E+01  0.0000000E+00
  0.7845456E+00  0.1142944E+01  0.0000000E+00
  0.7775005E+00  0.1147791E+01  0.0000000E+00
  0.7707214E+00  0.1152362E+01  0.0000000E+00
  0.7636164E+00  0.1157119E+01  0.0000000E+00
  0.7567857E+00  0.1161611E+01  0.0000000E+00
  0.7496208E+00  0.1166278E+01  0.0000000E+00
  0.7427403E+00  0.1170693E+01  0.0000000E+00
  0.7355184E+00  0.1175272E+01  0.0000000E+00
  0.7285889E+00  0.1179608E+01  0.0000000E+00
  0.7213116E+00  0.1184098E+01  0.0000000E+00
  0.7143338E+00  0.1188356E+01  0.0000000E+00
  0.7070004E+00  0.1192753E+01  0.0000000E+00
  0.6999737E+00  0.1196929E+01  0.0000000E+00
  0.6925860E+00  0.1201235E+01  0.0000000E+00
  0.6855141E+00  0.1205332E+01  0.0000000E+00
  0.6780725E+00  0.1209544E+01  0.0000000E+00
  0.6709556E+00  0.1213560E+01  0.0000000E+00
  0.6634617E+00  0.1217680E+01  0.0000000E+00
  0.6563001E+00  0.1221614E+01  0.0000000E+00
  0.6487556E+00  0.1225642E+01  0.0000000E+00
  0.6415504E+00  0.1229493E+01  0.0000000E+00
  0.6339562E+00  0.1233426E+01  0.0000000E+00
  0.6267081E+00  0.1237194E+01  0.0000000E+00
  0.6190648E+00  0.1241032E+01  0.0000000E+00
  0.6117766E+00  0.1244718E+01  0.0000000E+00
  0.6044278E+00  0.1248289E+01  0.0000000E+00
  0.5967577E+00  0.1252065E+01  0.0000000E+00
  0.5893655E+00  0.1255548E+01  0.0000000E+00
  0.5816481E+00  0.1259223E+01  0.0000000E+00
  0.5742163E+00  0.1262622E+01  0.0000000E+00
  0.5664556E+00  0.1266201E+01  0.0000000E+00
  0.5589861E+00  0.1269518E+01  0.0000000E+00
  0.5511825E+00  0.1273000E+01  0.0000000E+00
  0.5436771E+00  0.1276232E+01  0.0000000E+00
  0.5358297E+00  0.1279616E+01  0.0000000E+00
  0.5282871E+00  0.1282762E+01  0.0000000E+00
  0.5203994E+00  0.1286047E+01  0.0000000E+00
  0.5128217E+00  0.1289107E+01  0.0000000E+00
  0.5048941E+00  0.1292293E+01  0.0000000E+00
  0.4972829E+00  0.1295267E+01  0.0000000E+00
  0.4893156E+00  0.1298352E+01  0.0000000E+00
  0.4816717E+00  0.1301240E+01  0.0000000E+00
  0.4736671E+00  0.1304227E+01  0.0000000E+00
  0.4659921E+00  0.1307027E+01  0.0000000E+00
  0.4579498E+00  0.1309914E+01  0.0000000E+00
  0.4502439E+00  0.1312625E+01  0.0000000E+00
  0.4421667E+00  0.1315411E+01  0.0000000E+00
  0.4344313E+00  0.1318034E+01  0.0000000E+00
  0.4263209E+00  0.1320721E+01  0.0000000E+00
  0.4185574E+00  0.1323258E+01  0.0000000E+00
  0.4104137E+00  0.1325841E+01  0.0000000E+00
  0.4026227E+00  0.1328289E+01  0.0000000E+00
  0.3944460E+00  0.1330770E+01  0.0000000E+00
  0.3866291E+00  0.1333127E+01  0.0000000E+00
  0.3784217E+00  0.1335508E+01  0.0000000E+00
  0.3705804E+00  0.1337775E+01  0.0000000E+00
  0.3623444E+00  0.1340051E+01  0.0000000E+00
  0.3544781E+00  0.1342229E+01  0.0000000E+00
  0.3462148E+00  0.1344406E+01  0.0000000E+00
  0.3383258E+00  0.1346495E+01  0.0000000E+00
  0.3300341E+00  0.1348568E+01  0.0000000E+00
  0.3221244E+00  0.1350565E+01  0.0000000E+00
  0.3138064E+00  0.1352533E+01  0.0000000E+00
  0.3058764E+00  0.1354439E+01  0.0000000E+00
  0.2979072E+00  0.1356215E+01  0.0000000E+00
  0.2895833E+00  0.1358115E+01  0.0000000E+00
  0.2815945E+00  0.1359803E+01  0.0000000E+00
  0.2732485E+00  0.1361597E+01  0.0000000E+00
  0.2652401E+00  0.1363193E+01  0.0000000E+00
  0.2568737E+00  0.1364881E+01  0.0000000E+00
  0.2488484E+00  0.1366387E+01  0.0000000E+00
  0.2404623E+00  0.1367973E+01  0.0000000E+00
  0.2324217E+00  0.1369387E+01  0.0000000E+00
  0.2240161E+00  0.1370867E+01  0.0000000E+00
  0.2159601E+00  0.1372190E+01  0.0000000E+00
  0.2075377E+00  0.1373565E+01  0.0000000E+00
  0.1994671E+00  0.1374797E+01  0.0000000E+00
  0.1910289E+00  0.1376065E+01  0.0000000E+00
  0.1829463E+00  0.1377204E+01  0.0000000E+00
  0.1744924E+00  0.1378364E+01  0.0000000E+00
  0.1663986E+00  0.1379412E+01  0.0000000E+00
  0.1579308E+00  0.1380468E+01  0.0000000E+00
  0.1498271E+00  0.1381425E+01  0.0000000E+00
  0.1413469E+00  0.1382377E+01  0.0000000E+00
  0.1332337E+00  0.1383241E+01  0.0000000E+00
  0.1247425E+00  0.1384084E+01  0.0000000E+00
  0.1166209E+00  0.1384855E+01  0.0000000E+00
  0.1081198E+00  0.1385593E+01  0.0000000E+00
  0.9999218E-01  0.1386272E+01  0.0000000E+00
  0.9148216E-01  0.1386903E+01  0.0000000E+00
  0.8334873E-01  0.1387490E+01  0.0000000E+00
  0.7483098E-01  0.1388014E+01  0.0000000E+00
  0.6669306E-01  0.1388508E+01  0.0000000E+00
  0.5816847E-01  0.1388927E+01  0.0000000E+00
  0.5002800E-01  0.1389326E+01  0.0000000E+00
  0.4149957E-01  0.1389638E+01  0.0000000E+00
  0.3335586E-01  0.1389945E+01  0.0000000E+00
  0.2482329E-01  0.1390151E+01  0.0000000E+00
  0.1667910E-01  0.1390367E+01  0.0000000E+00
  0.8143034E-02  0.1390468E+01  0.0000000E+00
  0.7808429E-02  0.1414164E+01  0.0000000E+00
  0.1561698E-01  0.1414096E+01  0.0000000E+00
  0.2342443E-01  0.1413942E+01  0.0000000E+00
  0.3123201E-01  0.1413789E+01  0.0000000E+00
  0.3903756E-01  0.1413550E+01  0.0000000E+00
  0.4684324E-01  0.1413311E+01  0.0000000E+00
  0.5464595E-01  0.1412986E+01  0.0000000E+00
  0.6244879E-01  0.1412662E+01  0.0000000E+00
  0.7024766E-01  0.1412250E+01  0.0000000E+00
  0.7804665E-01  0.1411839E+01  0.0000000E+00
  0.8584077E-01  0.1411342E+01  0.0000000E+00
  0.9363504E-01  0.1410845E+01  0.0000000E+00
  0.1014235E+00  0.1410263E+01  0.0000000E+00
  0.1092121E+00  0.1409681E+01  0.0000000E+00
  0.1169940E+00  0.1409014E+01  0.0000000E+00
  0.1247760E+00  0.1408346E+01  0.0000000E+00
  0.1325501E+00  0.1407592E+01  0.0000000E+00
  0.1403244E+00  0.1406838E+01  0.0000000E+00
  0.1480899E+00  0.1405996E+01  0.0000000E+00
  0.1558555E+00  0.1405155E+01  0.0000000E+00
  0.1636116E+00  0.1404229E+01  0.0000000E+00
  0.1713677E+00  0.1403303E+01  0.0000000E+00
  0.1791134E+00  0.1402292E+01  0.0000000E+00
  0.1868591E+00  0.1401281E+01  0.0000000E+00
  0.1945933E+00  0.1400183E+01  0.0000000E+00
  0.2023275E+00  0.1399086E+01  0.0000000E+00
  0.2100494E+00  0.1397904E+01  0.0000000E+00
  0.2177714E+00  0.1396722E+01  0.0000000E+00
  0.2254801E+00  0.1395456E+01  0.0000000E+00
  0.2331889E+00  0.1394190E+01  0.0000000E+00
  0.2408834E+00  0.1392839E+01  0.0000000E+00
  0.2485781E+00  0.1391488E+01  0.0000000E+00
  0.2562573E+00  0.1390051E+01  0.0000000E+00
  0.2639367E+00  0.1388615E+01  0.0000000E+00
  0.2715999E+00  0.1387094E+01  0.0000000E+00
  0.2792633E+00  0.1385573E+01  0.0000000E+00
  0.2869093E+00  0.1383967E+01  0.0000000E+00
  0.2945553E+00  0.1382361E+01  0.0000000E+00
  0.3021834E+00  0.1380671E+01  0.0000000E+00
  0.3098116E+00  0.1378981E+01  0.0000000E+00
  0.3174206E+00  0.1377206E+01  0.0000000E+00
  0.3250297E+00  0.1375431E+01  0.0000000E+00
  0.3326191E+00  0.1373574E+01  0.0000000E+00
  0.3402085E+00  0.1371716E+01  0.0000000E+00
  0.3477773E+00  0.1369775E+01  0.0000000E+00
  0.3553461E+00  0.1367834E+01  0.0000000E+00
  0.3628932E+00  0.1365810E+01  0.0000000E+00
  0.3704404E+00  0.1363786E+01  0.0000000E+00
  0.3779649E+00  0.1361678E+01  0.0000000E+00
  0.3854894E+00  0.1359571E+01  0.0000000E+00
  0.3929904E+00  0.1357381E+01  0.0000000E+00
  0.4004916E+00  0.1355191E+01  0.0000000E+00
  0.4079683E+00  0.1352919E+01  0.0000000E+00
  0.4154450E+00  0.1350646E+01  0.0000000E+00
  0.4228959E+00  0.1348290E+01  0.0000000E+00
  0.4303469E+00  0.1345934E+01  0.0000000E+00
  0.4377714E+00  0.1343495E+01  0.0000000E+00
  0.4451960E+00  0.1341057E+01  0.0000000E+00
  0.4525936E+00  0.1338538E+01  0.0000000E+00
  0.4599913E+00  0.1336018E+01  0.0000000E+00
  0.4673610E+00  0.1333418E+01  0.0000000E+00
  0.4747308E+00  0.1330817E+01  0.0000000E+00
  0.4820716E+00  0.1328136E+01  0.0000000E+00
  0.4894124E+00  0.1325454E+01  0.0000000E+00
  0.4967232E+00  0.1322692E+01  0.0000000E+00
  0.5040341E+00  0.1319929E+01  0.0000000E+00
  0.5113144E+00  0.1317087E+01  0.0000000E+00
  0.5185948E+00  0.1314245E+01  0.0000000E+00
  0.5258437E+00  0.1311323E+01  0.0000000E+00
  0.5330927E+00  0.1308401E+01  0.0000000E+00
  0.5403087E+00  0.1305398E+01  0.0000000E+00
  0.5475247E+00  0.1302395E+01  0.0000000E+00
  0.5547068E+00  0.1299312E+01  0.0000000E+00
  0.5618890E+00  0.1296229E+01  0.0000000E+00
  0.5690371E+00  0.1293067E+01  0.0000000E+00
  0.5761852E+00  0.1289906E+01  0.0000000E+00
  0.5832984E+00  0.1286666E+01  0.0000000E+00
  0.5904116E+00  0.1283426E+01  0.0000000E+00
  0.5974887E+00  0.1280108E+01  0.0000000E+00
  0.6045658E+00  0.1276790E+01  0.0000000E+00
  0.6116060E+00  0.1273394E+01  0.0000000E+00
  0.6186462E+00  0.1269998E+01  0.0000000E+00
  0.6256489E+00  0.1266525E+01  0.0000000E+00
  0.6326517E+00  0.1263052E+01  0.0000000E+00
  0.6396161E+00  0.1259503E+01  0.0000000E+00
  0.6465806E+00  0.1255954E+01  0.0000000E+00
  0.6535055E+00  0.1252328E+01  0.0000000E+00
  0.6604304E+00  0.1248702E+01  0.0000000E+00
  0.6673143E+00  0.1244998E+01  0.0000000E+00
  0.6741984E+00  0.1241295E+01  0.0000000E+00
  0.6810412E+00  0.1237516E+01  0.0000000E+00
  0.6878840E+00  0.1233737E+01  0.0000000E+00
  0.6946851E+00  0.1229883E+01  0.0000000E+00
  0.7014863E+00  0.1226029E+01  0.0000000E+00
  0.7082444E+00  0.1222100E+01  0.0000000E+00
  0.7150026E+00  0.1218171E+01  0.0000000E+00
  0.7217171E+00  0.1214168E+01  0.0000000E+00
  0.7284318E+00  0.1210165E+01  0.0000000E+00
  0.7351022E+00  0.1206089E+01  0.0000000E+00
  0.7417727E+00  0.1202012E+01  0.0000000E+00
  0.7483983E+00  0.1197863E+01  0.0000000E+00
  0.7550239E+00  0.1193714E+01  0.0000000E+00
  0.7616032E+00  0.1189492E+01  0.0000000E+00
  0.7681825E+00  0.1185270E+01  0.0000000E+00
  0.7747150E+00  0.1180975E+01  0.0000000E+00
  0.7812476E+00  0.1176681E+01  0.0000000E+00
  0.7877320E+00  0.1172314E+01  0.0000000E+00
  0.7942164E+00  0.1167947E+01  0.0000000E+00
  0.8006524E+00  0.1163509E+01  0.0000000E+00
  0.8070884E+00  0.1159071E+01  0.0000000E+00
  0.8134749E+00  0.1154562E+01  0.0000000E+00
  0.8198613E+00  0.1150053E+01  0.0000000E+00
  0.8261979E+00  0.1145474E+01  0.0000000E+00
  0.8325345E+00  0.1140895E+01  0.0000000E+00
  0.8388207E+00  0.1136247E+01  0.0000000E+00
  0.8451069E+00  0.1131599E+01  0.0000000E+00
  0.8513419E+00  0.1126883E+01  0.0000000E+00
  0.8575770E+00  0.1122166E+01  0.0000000E+00
  0.8637593E+00  0.1117381E+01  0.0000000E+00
  0.8699417E+00  0.1112595E+01  0.0000000E+00
  0.8760712E+00  0.1107742E+01  0.0000000E+00
  0.8822007E+00  0.1102889E+01  0.0000000E+00
  0.8882769E+00  0.1097969E+01  0.0000000E+00
  0.8943530E+00  0.1093050E+01  0.0000000E+00
  0.9003738E+00  0.1088062E+01  0.0000000E+00
  0.9063946E+00  0.1083075E+01  0.0000000E+00
  0.9123595E+00  0.1078021E+01  0.0000000E+00
  0.9183245E+00  0.1072966E+01  0.0000000E+00
  0.9242336E+00  0.1067847E+01  0.0000000E+00
  0.9301428E+00  0.1062728E+01  0.0000000E+00
  0.9359957E+00  0.1057544E+01  0.0000000E+00
  0.9418485E+00  0.1052361E+01  0.0000000E+00
  0.9476444E+00  0.1047114E+01  0.0000000E+00
  0.9534402E+00  0.1041866E+01  0.0000000E+00
  0.9591774E+00  0.1036555E+01  0.0000000E+00
  0.9649146E+00  0.1031243E+01  0.0000000E+00
  0.9705932E+00  0.1025870E+01  0.0000000E+00
  0.9762719E+00  0.1020496E+01  0.0000000E+00
  0.9818915E+00  0.1015060E+01  0.0000000E+00
  0.9875111E+00  0.1009624E+01  0.0000000E+00
  0.9930709E+00  0.1004128E+01  0.0000000E+00
  0.9986307E+00  0.9986307E+00  0.0000000E+00
  0.1004128E+01  0.9930709E+00  0.0000000E+00
  0.1009624E+01  0.9875111E+00  0.0000000E+00
  0.1015060E+01  0.9818915E+00  0.0000000E+00
  0.1020496E+01  0.9762719E+00  0.0000000E+00
  0.1025870E+01  0.9705932E+00  0.0000000E+00
  0.1031243E+01  0.9649146E+00  0.0000000E+00
  0.1036555E+01  0.9591774E+00  0.0000000E+00
  0.1041866E+01  0.9534402E+00  0.0000000E+00
  0.1047114E+01  0.9476444E+00  0.0000000E+00
  0.1052361E+01  0.9418485E+00  0.0000000E+00
  0.1057544E+01  0.9359957E+00  0.0000000E+00
  0.1062728E+01  0.9301428E+00  0.0000000E+00
  0.1067847E+01  0.9242336E+00  0.0000000E+00
  0.1072966E+01  0.9183245E+00  0.0000000E+00
  0.1078021E+01  0.9123595E+00  0.0000000E+00
  0.1083075E+01  0.9063946E+00  0.0000000E+00
  0.1088062E+01  0.9003738E+00  0.0000000E+00
  0.1093050E+01  0.8943530E+00  0.0000000E+00
  0.1097969E+01  0.8882769E+00  0.0000000E+00
  0.1102889E+01  0.8822007E+00  0.0000000E+00
  0.1107742E+01  0.8760712E+00  0.0000000E+00
  0.1112595E+01  0.8699417E+00  0.0000000E+00
  0.1117381E+01  0.8637593E+00  0.0000000E+00
  0.1122166E+01  0.8575770E+00  0.0000000E+00
  0.1126883E+01  0.8513419E+00  0.0000000E+00
  0.1131599E+01  0.8451069E+00  0.0000000E+00
  0.1136247E+01  0.8388207E+00  0.0000000E+00
  0.1140895E+01  0.8325345E+00  0.0000000E+00
  0.1145474E+01  0.8261979E+00  0.0000000E+00
  0.1150053E+01  0.8198613E+00  0.0000000E+00
  0.1154562E+01  0.8134749E+00  0.0000000E+00
  0.1159071E+01  0.8070884E+00  0.0000000E+00
  0.1163509E+01  0.8006524E+00  0.0000000E+00
  0.1167947E+01  0.7942164E+00  0.0000000E+00
  0.1172314E+01  0.7877320E+00  0.0000000E+00
  0.1176681E+01  0.7812476E+00  0.0000000E+00
  0.1180975E+01  0.7747150E+00  0.0000000E+00
  0.1185270E+01  0.7681825E+00  0.0000000E+00
  0.1189492E+01  0.7616032E+00  0.0000000E+00
  0.1193714E+01  0.7550239E+00  0.0000000E+00
  0.1197863E+01  0.7483983E+00  0.0000000E+00
  0.1202012E+01  0.7417727E+00  0.0000000E+00
  0.1206089E+01  0.7351022E+00  0.0000000E+00
  0.1210165E+01  0.7284318E+00  0.0000000E+00
  0.1214168E+01  0.7217171E+00  0.0000000E+00
  0.1218171E+01  0.7150026E+00  0.0000000E+00
  0.1222100E+01  0.7082444E+00  0.0000000E+00
  0.1226029E+01  0.7014863E+00  0.0000000E+00
  0.1229883E+01  0.6946851E+00  0.0000000E+00
  0.1233737E+01  0.6878840E+00  0.0000000E+00
  0.1237516E+01  0.6810412E+00  0.0000000E+00
  0.1241295E+01  0.6741984E+00  0.0000000E+00
  0.1244998E+01  0.6673143E+00  0.0000000E+00
  0.1248702E+01  0.6604304E+00  0.0000000E+00
  0.1252328E+01  0.6535055E+00  0.0000000E+00
  0.1255954E+01  0.6465806E+00  0.0000000E+00
  0.1259503E+01  0.6396161E+00  0.0000000E+00
  0.1263052E+01  0.6326517E+00  0.0000000E+00
  0.1266525E+01  0.6256489E+00  0.0000000E+00
  0.1269998E+01  0.6186462E+00  0.0000000E+00
  0.1273394E+01  0.6116060E+00  0.0000000E+00
  0.1276790E+01  0.6045658E+00  0.0000000E+00
  0.1280108E+01  0.5974887E+00  0.0000000E+00
  0.1283426E+01  0.5904116E+00  0.0000000E+00
  0.1286666E+01  0.5832984E+00  0.0000000E+00
  0.1289906E+01  0.5761852E+00  0.0000000E+00
  0.1293067E+01  0.5690371E+00  0.0000000E+00
  0.1296229E+01  0.5618890E+00  0.0000000E+00
  0.1299312E+01  0.5547068E+00  0.0000000E+00
  0.1302395E+01  0.5475247E+00  0.0000000E+00
  0.1305398E+01  0.5403087E+00  0.0000000E+00
  0.1308401E+01  0.5330927E+00  0.0000000E+00
  0.1311323E+01  0.5258437E+00  0.0000000E+00
  0.1314245E+01  0.5185948E+00  0.0000000E+00
  0.1317087E+01  0.5113144E+00  0.0000000E+00
  0.1319929E+01  0.5040341E+00  0.0000000E+00
  0.1322692E+01  0.4967232E+00  0.0000000E+00
  0.1325454E+01  0.4894124E+00  0.0000000E+00
  0.1328136E+01  0.4820716E+00  0.0000000E+00
  0.1330817E+01  0.4747308E+00  0.0000000E+00
  0.1333418E+01  0.4673610E+00  0.0000000E+00
  0.1336018E+01  0.4599913E+00  0.0000000E+00
  0.1338538E+01  0.4525936E+00  0.0000000E+00
  0.1341057E+01  0.4451960E+00  0.0000000E+00
  0.1343495E+01  0.4377714E+00  0.0000000E+00
  0.1345934E+01  0.4303469E+00  0.0000000E+00
  0.1348290E+01  0.4228959E+00  0.0000000E+00
  0.1350646E+01  0.4154450E+00  0.0000000E+00
  0.1352919E+01  0.4079683E+00  0.0000000E+00
  0.1355191E+01  0.4004916E+00  0.0000000E+00
  0.1357381E+01  0.3929904E+00  0.0000000E+00
  0.1359571E+01  0.3854894E+00  0.0000000E+00
  0.1361678E+01  0.3779649E+00  0.0000000E+00
  0.1363786E+01  0.3704404E+00  0.0000000E+00
  0.1365810E+01  0.3628932E+00  0.0000000E+00
  0.1367834E+01  0.3553461E+00  0.0000000E+00
  0.1369775E+01  0.3477773E+00  0.0000000E+00
  0.1371716E+01  0.3402085E+00  0.0000000E+00
  0.1373574E+01  0.3326191E+00  0.0000000E+00
  0.1375431E+01  0.3250297E+00  0.0000000E+00
  0.1377206E+01  0.3174206E+00  0.0000000E+00
  0.1378981E+01  0.3098116E+00  0.0000000E+00
  0.1380671E+01  0.3021834E+00  0.0000000E+00
  0.1382361E+01  0.2945553E+00  0.0000000E+00
  0.1383967E+01  0.2869093E+00  0.0000000E+00
  0.1385573E+01  0.2792633E+00  0.0000000E+00
  0.1387094E+01  0.2715999E+00  0.0000000E+00
  0.1388615E+01  0.2639367E+00  0.0000000E+00
  0.1390051E+01  0.2562573E+00  0.0000000E+00
  0.1391488E+01  0.2485781E+00  0.0000000E+00
  0.1392839E+01  0.2408834E+00  0.0000000E+00
  0.1394190E+01  0.2331889E+00  0.0000000E+00
  0.1395456E+01  0.2254801E+00  0.0000000E+00
  0.1396722E+01  0.2177714E+00  0.0000000E+00
  0.1397904E+01  0.2100494E+00  0.0000000E+00
  0.1399086E+01  0.2023275E+00  0.0000000E+00
  0.1400183E+01  0.1945933E+00  0.0000000E+00
  0.1401281E+01  0.1868591E+00  0.0000000E+00
  0.1402292E+01  0.1791134E+00  0.0000000E+00
  0.1403303E+01  0.1713677E+00  0.0000000E+00
  0.1404229E+01  0.1636116E+00  0.0000000E+00
  0.1405155E+01  0.1558555E+00  0.0000000E+00
  0.1405996E+01  0.1480899E+00  0.0000000E+00
  0.1406838E+01  0.1403244E+00  0.0000000E+00
  0.1407592E+01  0.1325501E+00  0.0000000E+00
  0.1408346E+01  0.1247760E+00  0.0000000E+00
  0.1409014E+01  0.1169940E+00  0.0000000E+00
  0.1409681E+01  0.1092121E+00  0.0000000E+00
  0.1410263E+01  0.1014235E+00  0.0000000E+00
  0.1410845E+01  0.9363504E-01  0.0000000E+00
  0.1411342E+01  0.8584077E-01  0.0000000E+00
  0.1411839E+01  0.7804665E-01  0.0000000E+00
  0.1412250E+01  0.7024766E-01  0.0000000E+00
  0.1412662E+01  0.6244879E-01  0.0000000E+00
  0.1412986E+01  0.5464595E-01  0.0000000E+00
  0.1413311E+01  0.4684324E-01  0.0000000E+00
  0.1413550E+01  0.3903756E-01  0.0000000E+00
  0.1413789E+01  0.3123201E-01  0.0000000E+00
  0.1413942E+01  0.2342443E-01  0.0000000E+00
  0.1414096E+01  0.1561698E-01  0.0000000E+00
  0.1414164E+01  0.7808429E-02  0.0000000E+00
  0.1406361E+01  0.7782707E-02  0.0000000E+00
  0.1406287E+01  0.1597905E-01  0.0000000E+00
  0.1406110E+01  0.2376289E-01  0.0000000E+00
  0.1405940E+01  0.3195611E-01  0.0000000E+00
  0.1405681E+01  0.3973966E-01  0.0000000E+00
  0.1405415E+01  0.4792921E-01  0.0000000E+00
  0.1405072E+01  0.5571115E-01  0.0000000E+00
  0.1404710E+01  0.6389636E-01  0.0000000E+00
  0.1404282E+01  0.7167540E-01  0.0000000E+00
  0.1403821E+01  0.7985505E-01  0.0000000E+00
  0.1403310E+01  0.8763065E-01  0.0000000E+00
  0.1402751E+01  0.9580344E-01  0.0000000E+00
  0.1402156E+01  0.1035747E+00  0.0000000E+00
  0.1401501E+01  0.1117398E+00  0.0000000E+00
  0.1400824E+01  0.1195055E+00  0.0000000E+00
  0.1400073E+01  0.1276620E+00  0.0000000E+00
  0.1399311E+01  0.1354209E+00  0.0000000E+00
  0.1398462E+01  0.1435673E+00  0.0000000E+00
  0.1397616E+01  0.1513188E+00  0.0000000E+00
  0.1396669E+01  0.1594538E+00  0.0000000E+00
  0.1395741E+01  0.1671967E+00  0.0000000E+00
  0.1394697E+01  0.1753199E+00  0.0000000E+00
  0.1393685E+01  0.1830531E+00  0.0000000E+00
  0.1392546E+01  0.1911637E+00  0.0000000E+00
  0.1391452E+01  0.1988859E+00  0.0000000E+00
  0.1390215E+01  0.2069820E+00  0.0000000E+00
  0.1389039E+01  0.2146929E+00  0.0000000E+00
  0.1387705E+01  0.2227736E+00  0.0000000E+00
  0.1386446E+01  0.2304719E+00  0.0000000E+00
  0.1385016E+01  0.2385367E+00  0.0000000E+00
  0.1383676E+01  0.2462211E+00  0.0000000E+00
  0.1382149E+01  0.2542691E+00  0.0000000E+00
  0.1380727E+01  0.2619382E+00  0.0000000E+00
  0.1379104E+01  0.2699682E+00  0.0000000E+00
  0.1377599E+01  0.2776211E+00  0.0000000E+00
  0.1375975E+01  0.2852410E+00  0.0000000E+00
  0.1374288E+01  0.2932671E+00  0.0000000E+00
  0.1372582E+01  0.3008707E+00  0.0000000E+00
  0.1370801E+01  0.3088756E+00  0.0000000E+00
  0.1369013E+01  0.3164619E+00  0.0000000E+00
  0.1367137E+01  0.3244441E+00  0.0000000E+00
  0.1365267E+01  0.3320126E+00  0.0000000E+00
  0.1363298E+01  0.3399711E+00  0.0000000E+00
  0.1361346E+01  0.3475196E+00  0.0000000E+00
  0.1359281E+01  0.3554538E+00  0.0000000E+00
  0.1357248E+01  0.3629822E+00  0.0000000E+00
  0.1355090E+01  0.3708910E+00  0.0000000E+00
  0.1352976E+01  0.3783985E+00  0.0000000E+00
  0.1350725E+01  0.3862806E+00  0.0000000E+00
  0.1348531E+01  0.3937662E+00  0.0000000E+00
  0.1346186E+01  0.4016204E+00  0.0000000E+00
  0.1343911E+01  0.4090824E+00  0.0000000E+00
  0.1341471E+01  0.4169076E+00  0.0000000E+00
  0.1339115E+01  0.4243452E+00  0.0000000E+00
  0.1336583E+01  0.4321408E+00  0.0000000E+00
  0.1334147E+01  0.4395535E+00  0.0000000E+00
  0.1331523E+01  0.4473185E+00  0.0000000E+00
  0.1329008E+01  0.4547055E+00  0.0000000E+00
  0.1326293E+01  0.4624389E+00  0.0000000E+00
  0.1323699E+01  0.4697986E+00  0.0000000E+00
  0.1320890E+01  0.4774984E+00  0.0000000E+00
  0.1318217E+01  0.4848302E+00  0.0000000E+00
  0.1315317E+01  0.4924963E+00  0.0000000E+00
  0.1312565E+01  0.4997992E+00  0.0000000E+00
  0.1309575E+01  0.5074309E+00  0.0000000E+00
  0.1306746E+01  0.5147042E+00  0.0000000E+00
  0.1303665E+01  0.5223010E+00  0.0000000E+00
  0.1300760E+01  0.5295431E+00  0.0000000E+00
  0.1297586E+01  0.5371029E+00  0.0000000E+00
  0.1294601E+01  0.5443116E+00  0.0000000E+00
  0.1291507E+01  0.5514682E+00  0.0000000E+00
  0.1288271E+01  0.5590080E+00  0.0000000E+00
  0.1285100E+01  0.5661330E+00  0.0000000E+00
  0.1281776E+01  0.5736329E+00  0.0000000E+00
  0.1278529E+01  0.5807245E+00  0.0000000E+00
  0.1275118E+01  0.5881847E+00  0.0000000E+00
  0.1271794E+01  0.5952419E+00  0.0000000E+00
  0.1268295E+01  0.6026606E+00  0.0000000E+00
  0.1264894E+01  0.6096820E+00  0.0000000E+00
  0.1261306E+01  0.6170576E+00  0.0000000E+00
  0.1257830E+01  0.6240432E+00  0.0000000E+00
  0.1254155E+01  0.6313753E+00  0.0000000E+00
  0.1250604E+01  0.6383241E+00  0.0000000E+00
  0.1246844E+01  0.6456125E+00  0.0000000E+00
  0.1243218E+01  0.6525233E+00  0.0000000E+00
  0.1239372E+01  0.6597666E+00  0.0000000E+00
  0.1235672E+01  0.6666382E+00  0.0000000E+00
  0.1231738E+01  0.6738340E+00  0.0000000E+00
  0.1227964E+01  0.6806657E+00  0.0000000E+00
  0.1223944E+01  0.6878139E+00  0.0000000E+00
  0.1220097E+01  0.6946051E+00  0.0000000E+00
  0.1215994E+01  0.7017058E+00  0.0000000E+00
  0.1212074E+01  0.7084555E+00  0.0000000E+00
  0.1207887E+01  0.7155076E+00  0.0000000E+00
  0.1203895E+01  0.7222148E+00  0.0000000E+00
  0.1199624E+01  0.7292156E+00  0.0000000E+00
  0.1195560E+01  0.7358801E+00  0.0000000E+00
  0.1191206E+01  0.7428303E+00  0.0000000E+00
  0.1187072E+01  0.7494508E+00  0.0000000E+00
  0.1182635E+01  0.7563489E+00  0.0000000E+00
  0.1178430E+01  0.7629242E+00  0.0000000E+00
  0.1173912E+01  0.7697703E+00  0.0000000E+00
  0.1169637E+01  0.7762997E+00  0.0000000E+00
  0.1165265E+01  0.7827595E+00  0.0000000E+00
  0.1160689E+01  0.7895717E+00  0.0000000E+00
  0.1156246E+01  0.7959842E+00  0.0000000E+00
  0.1151590E+01  0.8027415E+00  0.0000000E+00
  0.1147077E+01  0.8091068E+00  0.0000000E+00
  0.1142343E+01  0.8158078E+00  0.0000000E+00
  0.1137762E+01  0.8221253E+00  0.0000000E+00
  0.1132948E+01  0.8287690E+00  0.0000000E+00
  0.1128299E+01  0.8350376E+00  0.0000000E+00
  0.1123407E+01  0.8416231E+00  0.0000000E+00
  0.1118690E+01  0.8478415E+00  0.0000000E+00
  0.1113720E+01  0.8543686E+00  0.0000000E+00
  0.1108937E+01  0.8605366E+00  0.0000000E+00
  0.1103891E+01  0.8670045E+00  0.0000000E+00
  0.1099042E+01  0.8731215E+00  0.0000000E+00
  0.1093920E+01  0.8795288E+00  0.0000000E+00
  0.1089005E+01  0.8855936E+00  0.0000000E+00
  0.1083806E+01  0.8919391E+00  0.0000000E+00
  0.1078826E+01  0.8979500E+00  0.0000000E+00
  0.1073551E+01  0.9042327E+00  0.0000000E+00
  0.1068506E+01  0.9101897E+00  0.0000000E+00
  0.1063159E+01  0.9164100E+00  0.0000000E+00
  0.1058050E+01  0.9223130E+00  0.0000000E+00
  0.1052630E+01  0.9284701E+00  0.0000000E+00
  0.1047459E+01  0.9343180E+00  0.0000000E+00
  0.1041965E+01  0.9404099E+00  0.0000000E+00
  0.1036732E+01  0.9462018E+00  0.0000000E+00
  0.1031164E+01  0.9522271E+00  0.0000000E+00
  0.1025869E+01  0.9579617E+00  0.0000000E+00
  0.1020231E+01  0.9639216E+00  0.0000000E+00
  0.1014875E+01  0.9695992E+00  0.0000000E+00
  0.1009167E+01  0.9754929E+00  0.0000000E+00
  0.1003752E+01  0.9811126E+00  0.0000000E+00
  0.9979741E+00  0.9869397E+00  0.0000000E+00
  0.9925007E+00  0.9925007E+00  0.0000000E+00
  0.9869397E+00  0.9979741E+00  0.0000000E+00
  0.9811126E+00  0.1003752E+01  0.0000000E+00
  0.9754929E+00  0.1009167E+01  0.0000000E+00
  0.9695992E+00  0.1014875E+01  0.0000000E+00
  0.9639216E+00  0.1020231E+01  0.0000000E+00
  0.9579617E+00  0.1025869E+01  0.0000000E+00
  0.9522271E+00  0.1031164E+01  0.0000000E+00
  0.9462018E+00  0.1036732E+01  0.0000000E+00
  0.9404099E+00  0.1041965E+01  0.0000000E+00
  0.9343180E+00  0.1047459E+01  0.0000000E+00
  0.9284701E+00  0.1052630E+01  0.0000000E+00
  0.9223130E+00  0.1058050E+01  0.0000000E+00
  0.9164100E+00  0.1063159E+01  0.0000000E+00
  0.9101897E+00  0.1068506E+01  0.0000000E+00
  0.9042327E+00  0.1073551E+01  0.0000000E+00
  0.8979500E+00  0.1078826E+01  0.0000000E+00
  0.8919391E+00  0.1083806E+01  0.0000000E+00
  0.8855936E+00  0.1089005E+01  0.0000000E+00
  0.8795288E+00  0.1093920E+01  0.0000000E+00
  0.8731215E+00  0.1099042E+01  0.0000000E+00
  0.8670045E+00  0.1103891E+01  0.0000000E+00
  0.8605366E+00  0.1108937E+01  0.0000000E+00
  0.8543686E+00  0.1113720E+01  0.0000000E+00
  0.8478415E+00  0.1118690E+01  0.0000000E+00
  0.8416231E+00  0.1123407E+01  0.0000000E+00
  0.8350376E+00  0.1128299E+01  0.0000000E+00
  0.8287690E+00  0.1132948E+01  0.0000000E+00
  0.8221253E+00  0.1137762E+01  0.0000000E+00
  0.8158078E+00  0.1142343E+01  0.0000000E+00
  0.8091068E+00  0.1147077E+01  0.0000000E+00
  0.8027415E+00  0.1151590E+01  0.0000000E+00
  0.7959842E+00  0.1156246E+01  0.0000000E+00
  0.7895717E+00  0.1160689E+01  0.0000000E+00
  0.7827595E+00  0.1165265E+01  0.0000000E+00
  0.7762997E+00  0.1169637E+01  0.0000000E+00
  0.7697703E+00  0.1173912E+01  0.0000000E+00
  0.7629242E+00  0.1178430E+01  0.0000000E+00
  0.7563489E+00  0.1182635E+01  0.0000000E+00
  0.7494508E+00  0.1187072E+01  0.0000000E+00
  0.7428303E+00  0.1191206E+01  0.0000000E+00
  0.7358801E+00  0.1195560E+01  0.0000000E+00
  0.7292156E+00  0.1199624E+01  0.0000000E+00
  0.7222148E+00  0.1203895E+01  0.0000000E+00
  0.7155076E+00  0.1207887E+01  0.0000000E+00
  0.7084555E+00  0.1212074E+01  0.0000000E+00
  0.7017058E+00  0.1215994E+01  0.0000000E+00
  0.6946051E+00  0.1220097E+01  0.0000000E+00
  0.6878139E+00  0.1223944E+01  0.0000000E+00
  0.6806657E+00  0.1227964E+01  0.0000000E+00
  0.6738340E+00  0.1231738E+01  0.0000000E+00
  0.6666382E+00  0.1235672E+01  0.0000000E+00
  0.6597666E+00  0.1239372E+01  0.0000000E+00
  0.6525233E+00  0.1243218E+01  0.0000000E+00
  0.6456125E+00  0.1246844E+01  0.0000000E+00
  0.6383241E+00  0.1250604E+01  0.0000000E+00
  0.6313753E+00  0.1254155E+01  0.0000000E+00
  0.6240432E+00  0.1257830E+01  0.0000000E+00
  0.6170576E+00  0.1261306E+01  0.0000000E+00
  0.6096820E+00  0.1264894E+01  0.0000000E+00
  0.6026606E+00  0.1268295E+01  0.0000000E+00
  0.5952419E+00  0.1271794E+01  0.0000000E+00
  0.5881847E+00  0.1275118E+01  0.0000000E+00
  0.5807245E+00  0.1278529E+01  0.0000000E+00
  0.5736329E+00  0.1281776E+01  0.0000000E+00
  0.5661330E+00  0.1285100E+01  0.0000000E+00
  0.5590080E+00  0.1288271E+01  0.0000000E+00
  0.5514682E+00  0.1291507E+01  0.0000000E+00
  0.5443116E+00  0.1294601E+01  0.0000000E+00
  0.5371029E+00  0.1297586E+01  0.0000000E+00
  0.5295431E+00  0.1300760E+01  0.0000000E+00
  0.5223010E+00  0.1303665E+01  0.0000000E+00
  0.5147042E+00  0.1306746E+01  0.0000000E+00
  0.5074309E+00  0.1309575E+01  0.0000000E+00
  0.4997992E+00  0.1312565E+01  0.0000000E+00
  0.4924963E+00  0.1315317E+01  0.0000000E+00
  0.4848302E+00  0.1318217E+01  0.0000000E+00
  0.4774984E+00  0.1320890E+01  0.0000000E+00
  0.4697986E+00  0.1323699E+01  0.0000000E+00
  0.4624389E+00  0.1326293E+01  0.0000000E+00
  0.4547055E+00  0.1329008E+01  0.0000000E+00
  0.4473185E+00  0.1331523E+01  0.0000000E+00
  0.4395535E+00  0.1334147E+01  0.0000000E+00
  0.4321408E+00  0.1336583E+01  0.0000000E+00
  0.4243452E+00  0.1339115E+01  0.0000000E+00
  0.4169076E+00  0.1341471E+01  0.0000000E+00
  0.4090824E+00  0.1343911E+01  0.0000000E+00
  0.4016204E+00  0.1346186E+01  0.0000000E+00
  0.3937662E+00  0.1348531E+01  0.0000000E+00
  0.3862806E+00  0.1350725E+01  0.0000000E+00
  0.3783985E+00  0.1352976E+01  0.0000000E+00
  0.3708910E+00  0.1355090E+01  0.0000000E+00
  0.3629822E+00  0.1357248E+01  0.0000000E+00
  0.3554538E+00  0.1359281E+01  0.0000000E+00
  0.3475196E+00  0.1361346E+01  0.0000000E+00
  0.3399711E+00  0.1363298E+01  0.0000000E+00
  0.3320126E+00  0.1365267E+01  0.0000000E+00
  0.3244441E+00  0.1367137E+01  0.0000000E+00
  0.3164619E+00  0.1369013E+01  0.0000000E+00
  0.3088756E+00  0.1370801E+01  0.0000000E+00
  0.3008707E+00  0.1372582E+01  0.0000000E+00
  0.2932671E+00  0.1374288E+01  0.0000000E+00
  0.2852410E+00  0.1375975E+01  0.0000000E+00
  0.2776211E+00  0.1377599E+01  0.0000000E+00
  0.2699682E+00  0.1379104E+01  0.0000000E+00
  0.2619382E+00  0.1380727E+01  0.0000000E+00
  0.2542691E+00  0.1382149E+01  0.0000000E+00
  0.2462211E+00  0.1383676E+01  0.0000000E+00
  0.2385367E+00  0.1385016E+01  0.0000000E+00
  0.2304719E+00  0.1386446E+01  0.0000000E+00
  0.2227736E+00  0.1387705E+01  0.0000000E+00
  0.2146929E+00  0.1389039E+01  0.0000000E+00
  0.2069820E+00  0.1390215E+01  0.0000000E+00
  0.1988859E+00  0.1391452E+01  0.0000000E+00
  0.1911637E+00  0.1392546E+01  0.0000000E+00
  0.1830531E+00  0.1393685E+01  0.0000000E+00
  0.1753199E+00  0.1394697E+01  0.0000000E+00
  0.1671967E+00  0.1395741E+01  0.0000000E+00
  0.1594538E+00  0.1396669E+01  0.0000000E+00
  0.1513188E+00  0.1397616E+01  0.0000000E+00
  0.1435673E+00  0.1398462E+01  0.0000000E+00
  0.1354209E+00  0.1399311E+01  0.0000000E+00
  0.1276620E+00  0.1400073E+01  0.0000000E+00
  0.1195055E+00  0.1400824E+01  0.0000000E+00
  0.1117398E+00  0.1401501E+01  0.0000000E+00
  0.1035747E+00  0.1402156E+01  0.0000000E+00
  0.9580344E-01  0.1402751E+01  0.0000000E+00
  0.8763065E-01  0.1403310E+01  0.0000000E+00
  0.7985505E-01  0.1403821E+01  0.0000000E+00
  0.7167540E-01  0.1404282E+01  0.0000000E+00
  0.6389636E-01  0.1404710E+01  0.0000000E+00
  0.5571115E-01  0.1405072E+01  0.0000000E+00
  0.4792921E-01  0.1405415E+01  0.0000000E+00
  0.3973966E-01  0.1405681E+01  0.0000000E+00
  0.3195611E-01  0.1405940E+01  0.0000000E+00
  0.2376289E-01  0.1406110E+01  0.0000000E+00
  0.1597905E-01  0.1406287E+01  0.0000000E+00
  0.7782707E-02  0.1406361E+01  0.0000000E+00
  0.1421653E+01  0.7458846E-02  0.0000000E+00
  0.1421608E+01  0.1529167E-01  0.0000000E+00
  0.1421468E+01  0.2275125E-01  0.0000000E+00
  0.1421335E+01  0.3058165E-01  0.0000000E+00
  0.1421119E+01  0.3804106E-01  0.0000000E+00
  0.1420899E+01  0.4586817E-01  0.0000000E+00
  0.1420607E+01  0.5332651E-01  0.0000000E+00
  0.1420299E+01  0.6114950E-01  0.0000000E+00
  0.1419930E+01  0.6860561E-01  0.0000000E+00
  0.1419535E+01  0.7642375E-01  0.0000000E+00
  0.1419089E+01  0.8387706E-01  0.0000000E+00
  0.1418606E+01  0.9168927E-01  0.0000000E+00
  0.1418084E+01  0.9913885E-01  0.0000000E+00
  0.1417514E+01  0.1069443E+00  0.0000000E+00
  0.1416916E+01  0.1143892E+00  0.0000000E+00
  0.1416258E+01  0.1221870E+00  0.0000000E+00
  0.1415584E+01  0.1296262E+00  0.0000000E+00
  0.1414838E+01  0.1374154E+00  0.0000000E+00
  0.1414088E+01  0.1448481E+00  0.0000000E+00
  0.1413253E+01  0.1526278E+00  0.0000000E+00
  0.1412427E+01  0.1600533E+00  0.0000000E+00
  0.1411505E+01  0.1678226E+00  0.0000000E+00
  0.1410603E+01  0.1752400E+00  0.0000000E+00
  0.1409594E+01  0.1829980E+00  0.0000000E+00
  0.1408617E+01  0.1904063E+00  0.0000000E+00
  0.1407519E+01  0.1981520E+00  0.0000000E+00
  0.1406467E+01  0.2055504E+00  0.0000000E+00
  0.1405283E+01  0.2132833E+00  0.0000000E+00
  0.1404155E+01  0.2206707E+00  0.0000000E+00
  0.1402884E+01  0.2283899E+00  0.0000000E+00
  0.1401682E+01  0.2357654E+00  0.0000000E+00
  0.1400323E+01  0.2434700E+00  0.0000000E+00
  0.1399046E+01  0.2508327E+00  0.0000000E+00
  0.1397600E+01  0.2585216E+00  0.0000000E+00
  0.1396248E+01  0.2658706E+00  0.0000000E+00
  0.1394715E+01  0.2735434E+00  0.0000000E+00
  0.1393288E+01  0.2808775E+00  0.0000000E+00
  0.1391754E+01  0.2881806E+00  0.0000000E+00
  0.1390163E+01  0.2958511E+00  0.0000000E+00
  0.1388554E+01  0.3031394E+00  0.0000000E+00
  0.1386878E+01  0.3107906E+00  0.0000000E+00
  0.1385193E+01  0.3180632E+00  0.0000000E+00
  0.1383431E+01  0.3256941E+00  0.0000000E+00
  0.1381672E+01  0.3329503E+00  0.0000000E+00
  0.1379825E+01  0.3405601E+00  0.0000000E+00
  0.1377992E+01  0.3477991E+00  0.0000000E+00
  0.1376060E+01  0.3553868E+00  0.0000000E+00
  0.1374152E+01  0.3626077E+00  0.0000000E+00
  0.1372136E+01  0.3701725E+00  0.0000000E+00
  0.1370154E+01  0.3773743E+00  0.0000000E+00
  0.1368053E+01  0.3849154E+00  0.0000000E+00
  0.1365997E+01  0.3920974E+00  0.0000000E+00
  0.1363812E+01  0.3996138E+00  0.0000000E+00
  0.1361683E+01  0.4067751E+00  0.0000000E+00
  0.1359413E+01  0.4142660E+00  0.0000000E+00
  0.1357211E+01  0.4214056E+00  0.0000000E+00
  0.1354856E+01  0.4288698E+00  0.0000000E+00
  0.1352580E+01  0.4359871E+00  0.0000000E+00
  0.1350142E+01  0.4434239E+00  0.0000000E+00
  0.1347793E+01  0.4505181E+00  0.0000000E+00
  0.1345272E+01  0.4579268E+00  0.0000000E+00
  0.1342851E+01  0.4649971E+00  0.0000000E+00
  0.1340246E+01  0.4723769E+00  0.0000000E+00
  0.1337754E+01  0.4794223E+00  0.0000000E+00
  0.1335066E+01  0.4867722E+00  0.0000000E+00
  0.1332503E+01  0.4937919E+00  0.0000000E+00
  0.1329732E+01  0.5011110E+00  0.0000000E+00
  0.1327097E+01  0.5081042E+00  0.0000000E+00
  0.1324243E+01  0.5153921E+00  0.0000000E+00
  0.1321538E+01  0.5223578E+00  0.0000000E+00
  0.1318603E+01  0.5296136E+00  0.0000000E+00
  0.1315827E+01  0.5365509E+00  0.0000000E+00
  0.1312808E+01  0.5437733E+00  0.0000000E+00
  0.1309960E+01  0.5506807E+00  0.0000000E+00
  0.1307014E+01  0.5575401E+00  0.0000000E+00
  0.1303940E+01  0.5647457E+00  0.0000000E+00
  0.1300923E+01  0.5715757E+00  0.0000000E+00
  0.1297769E+01  0.5787456E+00  0.0000000E+00
  0.1294682E+01  0.5855454E+00  0.0000000E+00
  0.1291449E+01  0.5926788E+00  0.0000000E+00
  0.1288292E+01  0.5994475E+00  0.0000000E+00
  0.1284979E+01  0.6065434E+00  0.0000000E+00
  0.1281752E+01  0.6132801E+00  0.0000000E+00
  0.1278360E+01  0.6203378E+00  0.0000000E+00
  0.1275064E+01  0.6270420E+00  0.0000000E+00
  0.1271594E+01  0.6340608E+00  0.0000000E+00
  0.1268229E+01  0.6407316E+00  0.0000000E+00
  0.1264681E+01  0.6477107E+00  0.0000000E+00
  0.1261248E+01  0.6543471E+00  0.0000000E+00
  0.1257621E+01  0.6612855E+00  0.0000000E+00
  0.1254121E+01  0.6678867E+00  0.0000000E+00
  0.1250415E+01  0.6747832E+00  0.0000000E+00
  0.1246847E+01  0.6813486E+00  0.0000000E+00
  0.1243065E+01  0.6882027E+00  0.0000000E+00
  0.1239429E+01  0.6947317E+00  0.0000000E+00
  0.1235570E+01  0.7015429E+00  0.0000000E+00
  0.1231869E+01  0.7080345E+00  0.0000000E+00
  0.1227933E+01  0.7148016E+00  0.0000000E+00
  0.1224165E+01  0.7212552E+00  0.0000000E+00
  0.1220154E+01  0.7279776E+00  0.0000000E+00
  0.1216320E+01  0.7343925E+00  0.0000000E+00
  0.1212233E+01  0.7410696E+00  0.0000000E+00
  0.1208335E+01  0.7474449E+00  0.0000000E+00
  0.1204173E+01  0.7540761E+00  0.0000000E+00
  0.1200211E+01  0.7604111E+00  0.0000000E+00
  0.1195974E+01  0.7669950E+00  0.0000000E+00
  0.1191947E+01  0.7732889E+00  0.0000000E+00
  0.1187636E+01  0.7798252E+00  0.0000000E+00
  0.1183546E+01  0.7860771E+00  0.0000000E+00
  0.1179160E+01  0.7925646E+00  0.0000000E+00
  0.1175005E+01  0.7987724E+00  0.0000000E+00
  0.1170761E+01  0.8049181E+00  0.0000000E+00
  0.1166327E+01  0.8113748E+00  0.0000000E+00
  0.1162020E+01  0.8174772E+00  0.0000000E+00
  0.1157513E+01  0.8238831E+00  0.0000000E+00
  0.1153144E+01  0.8299418E+00  0.0000000E+00
  0.1148566E+01  0.8362962E+00  0.0000000E+00
  0.1144135E+01  0.8423106E+00  0.0000000E+00
  0.1139487E+01  0.8486129E+00  0.0000000E+00
  0.1134994E+01  0.8545824E+00  0.0000000E+00
  0.1130275E+01  0.8608319E+00  0.0000000E+00
  0.1125721E+01  0.8667553E+00  0.0000000E+00
  0.1120933E+01  0.8729509E+00  0.0000000E+00
  0.1116319E+01  0.8788278E+00  0.0000000E+00
  0.1111461E+01  0.8849692E+00  0.0000000E+00
  0.1106787E+01  0.8907989E+00  0.0000000E+00
  0.1101861E+01  0.8968854E+00  0.0000000E+00
  0.1097127E+01  0.9026670E+00  0.0000000E+00
  0.1092133E+01  0.9086972E+00  0.0000000E+00
  0.1087340E+01  0.9144299E+00  0.0000000E+00
  0.1082278E+01  0.9204032E+00  0.0000000E+00
  0.1077426E+01  0.9260866E+00  0.0000000E+00
  0.1072298E+01  0.9320029E+00  0.0000000E+00
  0.1067388E+01  0.9376365E+00  0.0000000E+00
  0.1062194E+01  0.9434950E+00  0.0000000E+00
  0.1057227E+01  0.9490782E+00  0.0000000E+00
  0.1051967E+01  0.9548784E+00  0.0000000E+00
  0.1046944E+01  0.9604102E+00  0.0000000E+00
  0.1041619E+01  0.9661507E+00  0.0000000E+00
  0.1036540E+01  0.9716307E+00  0.0000000E+00
  0.1031150E+01  0.9773115E+00  0.0000000E+00
  0.1026016E+01  0.9827389E+00  0.0000000E+00
  0.1020562E+01  0.9883595E+00  0.0000000E+00
  0.1015373E+01  0.9937337E+00  0.0000000E+00
  0.1009857E+01  0.9992936E+00  0.0000000E+00
  0.1004614E+01  0.1004614E+01  0.0000000E+00
  0.9992936E+00  0.1009857E+01  0.0000000E+00
  0.9937337E+00  0.1015373E+01  0.0000000E+00
  0.9883595E+00  0.1020562E+01  0.0000000E+00
  0.9827389E+00  0.1026016E+01  0.0000000E+00
  0.9773115E+00  0.1031150E+01  0.0000000E+00
  0.9716307E+00  0.1036540E+01  0.0000000E+00
  0.9661507E+00  0.1041619E+01  0.0000000E+00
  0.9604102E+00  0.1046944E+01  0.0000000E+00
  0.9548784E+00  0.1051967E+01  0.0000000E+00
  0.9490782E+00  0.1057227E+01  0.0000000E+00
  0.9434950E+00  0.1062194E+01  0.0000000E+00
  0.9376365E+00  0.1067388E+01  0.0000000E+00
  0.9320029E+00  0.1072298E+01  0.0000000E+00
  0.9260866E+00  0.1077426E+01  0.0000000E+00
  0.9204032E+00  0.1082278E+01  0.0000000E+00
  0.9144299E+00  0.1087340E+01  0.0000000E+00
  0.9086972E+00  0.1092133E+01  0.0000000E+00
  0.9026670E+00  0.1097127E+01  0.0000000E+00
  0.8968854E+00  0.1101861E+01  0.0000000E+00
  0.8907989E+00  0.1106787E+01  0.0000000E+00
  0.8849692E+00  0.1111461E+01  0.0000000E+00
  0.8788278E+00  0.1116319E+01  0.0000000E+00
  0.8729509E+00  0.1120933E+01  0.0000000E+00
  0.8667553E+00  0.1125721E+01  0.0000000E+00
  0.8608319E+00  0.1130275E+01  0.0000000E+00
  0.8545824E+00  0.1134994E+01  0.0000000E+00
  0.8486129E+00  0.1139487E+01  0.0000000E+00
  0.8423106E+00  0.1144135E+01  0.0000000E+00
  0.8362962E+00  0.1148566E+01  0.0000000E+00
  0.8299418E+00  0.1153144E+01  0.0000000E+00
  0.8238831E+00  0.1157513E+01  0.0000000E+00
  0.8174772E+00  0.1162020E+01  0.0000000E+00
  0.8113748E+00  0.1166327E+01  0.0000000E+00
  0.8049181E+00  0.1170761E+01  0.0000000E+00
  0.7987724E+00  0.1175005E+01  0.0000000E+00
  0.7925646E+00  0.1179160E+01  0.0000000E+00
  0.7860771E+00  0.1183546E+01  0.0000000E+00
  0.7798252E+00  0.1187636E+01  0.0000000E+00
  0.7732889E+00  0.1191947E+01  0.0000000E+00
  0.7669950E+00  0.1195974E+01  0.0000000E+00
  0.7604111E+00  0.1200211E+01  0.0000000E+00
  0.7540761E+00  0.1204173E+01  0.0000000E+00
  0.7474449E+00  0.1208335E+01  0.0000000E+00
  0.7410696E+00  0.1212233E+01  0.0000000E+00
  0.7343925E+00  0.1216320E+01  0.0000000E+00
  0.7279776E+00  0.1220154E+01  0.0000000E+00
  0.7212552E+00  0.1224165E+01  0.0000000E+00
  0.7148016E+00  0.1227933E+01  0.0000000E+00
  0.7080345E+00  0.1231869E+01  0.0000000E+00
  0.7015429E+00  0.1235570E+01  0.0000000E+00
  0.6947317E+00  0.1239429E+01  0.0000000E+00
  0.6882027E+00  0.1243065E+01  0.0000000E+00
  0.6813486E+00  0.1246847E+01  0.0000000E+00
  0.6747832E+00  0.1250415E+01  0.0000000E+00
  0.6678867E+00  0.1254121E+01  0.0000000E+00
  0.6612855E+00  0.1257621E+01  0.0000000E+00
  0.6543471E+00  0.1261248E+01  0.0000000E+00
  0.6477107E+00  0.1264681E+01  0.0000000E+00
  0.6407316E+00  0.1268229E+01  0.0000000E+00
  0.6340608E+00  0.1271594E+01  0.0000000E+00
  0.6270420E+00  0.1275064E+01  0.0000000E+00
  0.6203378E+00  0.1278360E+01  0.0000000E+00
  0.6132801E+00  0.1281752E+01  0.0000000E+00
  0.6065434E+00  0.1284979E+01  0.0000000E+00
  0.5994475E+00  0.1288292E+01  0.0000000E+00
  0.5926788E+00  0.1291449E+01  0.0000000E+00
  0.5855454E+00  0.1294682E+01  0.0000000E+00
  0.5787456E+00  0.1297769E+01  0.0000000E+00
  0.5715757E+00  0.1300923E+01  0.0000000E+00
  0.5647457E+00  0.1303940E+01  0.0000000E+00
  0.5575401E+00  0.1307014E+01  0.0000000E+00
  0.5506807E+00  0.1309960E+01  0.0000000E+00
  0.5437733E+00  0.1312808E+01  0.0000000E+00
  0.5365509E+00  0.1315827E+01  0.0000000E+00
  0.5296136E+00  0.1318603E+01  0.0000000E+00
  0.5223578E+00  0.1321538E+01  0.0000000E+00
  0.5153921E+00  0.1324243E+01  0.0000000E+00
  0.5081042E+00  0.1327097E+01  0.0000000E+00
  0.5011110E+00  0.1329732E+01  0.0000000E+00
  0.4937919E+00  0.1332503E+01  0.0000000E+00
  0.4867722E+00  0.1335066E+01  0.0000000E+00
  0.4794223E+00  0.1337754E+01  0.0000000E+00
  0.4723769E+00  0.1340246E+01  0.0000000E+00
  0.4649971E+00  0.1342851E+01  0.0000000E+00
  0.4579268E+00  0.1345272E+01  0.0000000E+00
  0.4505181E+00  0.1347793E+01  0.0000000E+00
  0.4434239E+00  0.1350142E+01  0.0000000E+00
  0.4359871E+00  0.1352580E+01  0.0000000E+00
  0.4288698E+00  0.1354856E+01  0.0000000E+00
  0.4214056E+00  0.1357211E+01  0.0000000E+00
  0.4142660E+00  0.1359413E+01  0.0000000E+00
  0.4067751E+00  0.1361683E+01  0.0000000E+00
  0.3996138E+00  0.1363812E+01  0.0000000E+00
  0.3920974E+00  0.1365997E+01  0.0000000E+00
  0.3849154E+00  0.1368053E+01  0.0000000E+00
  0.3773743E+00  0.1370154E+01  0.0000000E+00
  0.3701725E+00  0.1372136E+01  0.0000000E+00
  0.3626077E+00  0.1374152E+01  0.0000000E+00
  0.3553868E+00  0.1376060E+01  0.0000000E+00
  0.3477991E+00  0.1377992E+01  0.0000000E+00
  0.3405601E+00  0.1379825E+01  0.0000000E+00
  0.3329503E+00  0.1381672E+01  0.0000000E+00
  0.3256941E+00  0.1383431E+01  0.0000000E+00
  0.3180632E+00  0.1385193E+01  0.0000000E+00
  0.3107906E+00  0.1386878E+01  0.0000000E+00
  0.3031394E+00  0.1388554E+01  0.0000000E+00
  0.2958511E+00  0.1390163E+01  0.0000000E+00
  0.2881806E+00  0.1391754E+01  0.0000000E+00
  0.2808775E+00  0.1393288E+01  0.0000000E+00
  0.2735434E+00  0.1394715E+01  0.0000000E+00
  0.2658706E+00  0.1396248E+01  0.0000000E+00
  0.2585216E+00  0.1397600E+01  0.0000000E+00
  0.2508327E+00  0.1399046E+01  0.0000000E+00
  0.2434700E+00  0.1400323E+01  0.0000000E+00
  0.2357654E+00  0.1401682E+01  0.0000000E+00
  0.2283899E+00  0.1402884E+01  0.0000000E+00
  0.2206707E+00  0.1404155E+01  0.0000000E+00
  0.2132833E+00  0.1405283E+01  0.0000000E+00
  0.2055504E+00  0.1406467E+01  0.0000000E+00
  0.1981520E+00  0.1407519E+01  0.0000000E+00
  0.1904063E+00  0.1408617E+01  0.0000000E+00
  0.1829980E+00  0.1409594E+01  0.0000000E+00
  0.1752400E+00  0.1410603E+01  0.0000000E+00
  0.1678226E+00  0.1411505E+01  0.0000000E+00
  0.1600533E+00  0.1412427E+01  0.0000000E+00
  0.1526278E+00  0.1413253E+01  0.0000000E+00
  0.1448481E+00  0.1414088E+01  0.0000000E+00
  0.1374154E+00  0.1414838E+01  0.0000000E+00
  0.1296262E+00  0.1415584E+01  0.0000000E+00
  0.1221870E+00  0.1416258E+01  0.0000000E+00
  0.1143892E+00  0.1416916E+01  0.0000000E+00
  0.1069443E+00  0.1417514E+01  0.0000000E+00
  0.9913885E-01  0.1418084E+01  0.0000000E+00
  0.9168927E-01  0.1418606E+01  0.0000000E+00
  0.8387706E-01  0.1419089E+01  0.0000000E+00
  0.7642375E-01  0.1419535E+01  0.0000000E+00
  0.6860561E-01  0.1419930E+01  0.0000000E+00
  0.6114950E-01  0.1420299E+01  0.0000000E+00
  0.5332651E-01  0.1420607E+01  0.0000000E+00
  0.4586817E-01  0.1420899E+01  0.0000000E+00
  0.3804106E-01  0.1421119E+01  0.0000000E+00
  0.3058165E-01  0.1421335E+01  0.0000000E+00
  0.2275125E-01  0.1421468E+01  0.0000000E+00
  0.1529167E-01  0.1421608E+01  0.0000000E+00
           </DataArray>
         </Points>
         <Cells>
           <DataArray type="UInt32" Name="connectivity" format="ascii">
      46     100      48     101     102      47
     100      50      48     103      49     102
     100      98      50      99     104     103
      98      52      50     105      51     104
      98      96      52      97     106     105
      96      94      52      95     107     106
      94      54      52     108      53     107
      94      92      54      93     109     108
      92      56      54     110      55     109
      92      90      56      91     111     110
      90      88      56      89     112     111
      88      58      56     113      57     112
      88      86      58      87     114     113
      86      60      58     115      59     114
      86      84      60      85     116     115
      84      82      60      83     117     116
      82      62      60     118      61     117
      82      80      62      81     119     118
      80      64      62     120      63     119
      80      78      64      79     121     120
      78      76      64      77     122     121
      76      66      64     123      65     122
      76      74      66      75     124     123
      74      68      66     125      67     124
      74      70      68      73      69     125
      44      42      46      43     126      45
      42     100      46     127     101     126
      42      40     100      41     128     127
      40      98     100     129      99     128
      40      38      98      39     130     129
      38      36      98      37     131     130
      36      96      98     132      97     131
      36      34      96      35     133     132
      34      94      96     134      95     133
      34      32      94      33     135     134
      32      30      94      31     136     135
      30      92      94     137      93     136
      30      28      92      29     138     137
      28      90      92     139      91     138
      28      26      90      27     140     139
      26      24      90      25     141     140
      24      88      90     142      89     141
      24      22      88      23     143     142
      22      86      88     144      87     143
      22      20      86      21     145     144
      20      84      86     146      85     145
      20      18      84      19     147     146
      18      16      84      17     148     147
      16      82      84     149      83     148
      16      14      82      15     150     149
      14      80      82     151      81     150
      14      12      80      13     152     151
      12      10      80      11     153     152
      10      78      80     154      79     153
      10       8      78       9     155     154
       8      76      78     156      77     155
       8       6      76       7     157     156
       6       4      76       5     158     157
       4      74      76     159      75     158
       4       2      74       3     160     159
       2      70      74      72      73     160
       2       0      70       1      71      72
     200     222      68     223     224     201
     222      66      68     225      67     224
     222     220      66     221     226     225
     220      64      66     227      65     226
     220     218      64     219     228     227
     218      62      64     229      63     228
     218     216      62     217     230     229
     216      60      62     231      61     230
     216     214      60     215     232     231
     214      58      60     233      59     232
     214     212      58     213     234     233
     212      56      58     235      57     234
     212     210      56     211     236     235
     210      54      56     237      55     236
     210     208      54     209     238     237
     208      52      54     239      53     238
     208     206      52     207     240     239
     206      50      52     241      51     240
     206     204      50     205     242     241
     204      48      50     243      49     242
     204     162      48     203     161     243
     198     267     200     268     269     199
     267     222     200     270     223     269
     267     265     222     266     271     270
     265     220     222     272     221     271
     265     263     220     264     273     272
     263     218     220     274     219     273
     263     261     218     262     275     274
     261     216     218     276     217     275
     261     259     216     260     277     276
     259     214     216     278     215     277
     259     257     214     258     279     278
     257     255     214     256     280     279
     255     212     214     281     213     280
     255     253     212     254     282     281
     253     210     212     283     211     282
     253     251     210     252     284     283
     251     208     210     285     209     284
     251     249     208     250     286     285
     249     206     208     287     207     286
     249     247     206     248     288     287
     247     204     206     289     205     288
     247     245     204     246     290     289
     245     162     204     291     203     290
     245     164     162     244     163     291
     196     194     198     195     292     197
     194     267     198     293     268     292
     194     192     267     193     294     293
     192     265     267     295     266     294
     192     190     265     191     296     295
     190     263     265     297     264     296
     190     188     263     189     298     297
     188     261     263     299     262     298
     188     186     261     187     300     299
     186     259     261     301     260     300
     186     184     259     185     302     301
     184     257     259     303     258     302
     184     182     257     183     304     303
     182     255     257     305     256     304
     182     180     255     181     306     305
     180     178     255     179     307     306
     178     253     255     308     254     307
     178     176     253     177     309     308
     176     251     253     310     252     309
     176     174     251     175     311     310
     174     249     251     312     250     311
     174     172     249     173     313     312
     172     247     249     314     248     313
     172     170     247     171     315     314
     170     245     247     316     246     315
     170     168     245     169     317     316
     168     164     245     202     244     317
     168     166     164     167     165     202
     441     479     196     480     481     442
     479     194     196     482     195     481
     479     477     194     478     483     482
     477     192     194     484     193     483
     477     475     192     476     485     484
     475     190     192     486     191     485
     475     473     190     474     487     486
     473     188     190     488     189     487
     473     471     188     472     489     488
     471     469     188     470     490     489
     469     186     188     491     187     490
     469     467     186     468     492     491
     467     184     186     493     185     492
     467     465     184     466     494     493
     465     182     184     495     183     494
     465     463     182     464     496     495
     463     461     182     462     497     496
     461     180     182     498     181     497
     461     459     180     460     499     498
     459     178     180     500     179     499
     459     457     178     458     501     500
     457     176     178     502     177     501
     457     455     176     456     503     502
     455     174     176     504     175     503
     455     453     174     454     505     504
     453     451     174     452     506     505
     451     172     174     507     173     506
     451     449     172     450     508     507
     449     170     172     509     171     508
     449     447     170     448     510     509
     447     168     170     511     169     510
     447     445     168     446     512     511
     445     166     168     513     167     512
     445     319     166     444     318     513
     439     561     441     562     563     440
     561     479     441     564     480     563
     561     559     479     560     565     564
     559     477     479     566     478     565
     559     557     477     558     567     566
     557     475     477     568     476     567
     557     555     475     556     569     568
     555     553     475     554     570     569
     553     473     475     571     474     570
     553     551     473     552     572     571
     551     471     473     573     472     572
     551     549     471     550     574     573
     549     469     471     575     470     574
     549     547     469     548     576     575
     547     545     469     546     577     576
     545     467     469     578     468     577
     545     543     467     544     579     578
     543     465     467     580     466     579
     543     541     465     542     581     580
     541     463     465     582     464     581
     541     539     463     540     583     582
     539     537     463     538     584     583
     537     461     463     585     462     584
     537     535     461     536     586     585
     535     459     461     587     460     586
     535     533     459     534     588     587
     533     457     459     589     458     588
     533     531     457     532     590     589
     531     455     457     591     456     590
     531     529     455     530     592     591
     529     527     455     528     593     592
     527     453     455     594     454     593
     527     525     453     526     595     594
     525     451     453     596     452     595
     525     523     451     524     597     596
     523     449     451     598     450     597
     523     521     449     522     599     598
     521     519     449     520     600     599
     519     447     449     601     448     600
     519     517     447     518     602     601
     517     445     447     603     446     602
     517     515     445     516     604     603
     515     319     445     605     444     604
     515     321     319     514     320     605
     437     667     439     668     669     438
     667     561     439     670     562     669
     667     665     561     666     671     670
     665     559     561     672     560     671
     665     663     559     664     673     672
     663     557     559     674     558     673
     663     661     557     662     675     674
     661     555     557     676     556     675
     661     659     555     660     677     676
     659     657     555     658     678     677
     657     553     555     679     554     678
     657     655     553     656     680     679
     655     551     553     681     552     680
     655     653     551     654     682     681
     653     549     551     683     550     682
     653     651     549     652     684     683
     651     649     549     650     685     684
     649     547     549     686     548     685
     649     647     547     648     687     686
     647     545     547     688     546     687
     647     645     545     646     689     688
     645     543     545     690     544     689
     645     643     543     644     691     690
     643     541     543     692     542     691
     643     641     541     642     693     692
     641     639     541     640     694     693
     639     539     541     695     540     694
     639     637     539     638     696     695
     637     537     539     697     538     696
     637     635     537     636     698     697
     635     535     537     699     536     698
     635     633     535     634     700     699
     633     631     535     632     701     700
     631     533     535     702     534     701
     631     629     533     630     703     702
     629     531     533     704     532     703
     629     627     531     628     705     704
     627     529     531     706     530     705
     627     625     529     626     707     706
     625     527     529     708     528     707
     625     623     527     624     709     708
     623     621     527     622     710     709
     621     525     527     711     526     710
     621     619     525     620     712     711
     619     523     525     713     524     712
     619     617     523     618     714     713
     617     521     523     715     522     714
     617     615     521     616     716     715
     615     613     521     614     717     716
     613     519     521     718     520     717
     613     611     519     612     719     718
     611     517     519     720     518     719
     611     609     517     610     721     720
     609     515     517     722     516     721
     609     607     515     608     723     722
     607     321     515     724     514     723
     607     323     321     606     322     724
     435     804     437     805     806     436
     804     667     437     807     668     806
     804     802     667     803     808     807
     802     665     667     809     666     808
     802     800     665     801     810     809
     800     663     665     811     664     810
     800     798     663     799     812     811
     798     661     663     813     662     812
     798     796     661     797     814     813
     796     794     661     795     815     814
     794     659     661     816     660     815
     794     792     659     793     817     816
     792     657     659     818     658     817
     792     790     657     791     819     818
     790     655     657     820     656     819
     790     788     655     789     821     820
     788     786     655     787     822     821
     786     653     655     823     654     822
     786     784     653     785     824     823
     784     651     653     825     652     824
     784     782     651     783     826     825
     782     649     651     827     650     826
     782     780     649     781     828     827
     780     647     649     829     648     828
     780     778     647     779     830     829
     778     776     647     777     831     830
     776     645     647     832     646     831
     776     774     645     775     833     832
     774     643     645     834     644     833
     774     772     643     773     835     834
     772     641     643     836     642     835
     772     770     641     771     837     836
     770     768     641     769     838     837
     768     639     641     839     640     838
     768     766     639     767     840     839
     766     637     639     841     638     840
     766     764     637     765     842     841
     764     635     637     843     636     842
     764     762     635     763     844     843
     762     633     635     845     634     844
     762     760     633     761     846     845
     760     758     633     759     847     846
     758     631     633     848     632     847
     758     756     631     757     849     848
     756     629     631     850     630     849
     756     754     629     755     851     850
     754     627     629     852     628     851
     754     752     627     753     853     852
     752     750     627     751     854     853
     750     625     627     855     626     854
     750     748     625     749     856     855
     748     623     625     857     624     856
     748     746     623     747     858     857
     746     621     623     859     622     858
     746     744     621     745     860     859
     744     619     621     861     620     860
     744     742     619     743     862     861
     742     740     619     741     863     862
     740     617     619     864     618     863
     740     738     617     739     865     864
     738     615     617     866     616     865
     738     736     615     737     867     866
     736     613     615     868     614     867
     736     734     613     735     869     868
     734     732     613     733     870     869
     732     611     613     871     612     870
     732     730     611     731     872     871
     730     609     611     873     610     872
     730     728     609     729     874     873
     728     607     609     875     608     874
     728     726     607     727     876     875
     726     323     607     877     606     876
     726     325     323     725     324     877
     433     431     435     432     878     434
     431     804     435     879     805     878
     431     429     804     430     880     879
     429     802     804     881     803     880
     429     427     802     428     882     881
     427     800     802     883     801     882
     427     425     800     426     884     883
     425     423     800     424     885     884
     423     798     800     886     799     885
     423     421     798     422     887     886
     421     796     798     888     797     887
     421     419     796     420     889     888
     419     794     796     890     795     889
     419     417     794     418     891     890
     417     792     794     892     793     891
     417     415     792     416     893     892
     415     413     792     414     894     893
     413     790     792     895     791     894
     413     411     790     412     896     895
     411     788     790     897     789     896
     411     409     788     410     898     897
     409     786     788     899     787     898
     409     407     786     408     900     899
     407     405     786     406     901     900
     405     784     786     902     785     901
     405     403     784     404     903     902
     403     782     784     904     783     903
     403     401     782     402     905     904
     401     780     782     906     781     905
     401     399     780     400     907     906
     399     778     780     908     779     907
     399     397     778     398     909     908
     397     395     778     396     910     909
     395     776     778     911     777     910
     395     393     776     394     912     911
     393     774     776     913     775     912
     393     391     774     392     914     913
     391     772     774     915     773     914
     391     389     772     390     916     915
     389     387     772     388     917     916
     387     770     772     918     771     917
     387     385     770     386     919     918
     385     768     770     920     769     919
     385     383     768     384     921     920
     383     766     768     922     767     921
     383     381     766     382     923     922
     381     764     766     924     765     923
     381     379     764     380     925     924
     379     377     764     378     926     925
     377     762     764     927     763     926
     377     375     762     376     928     927
     375     760     762     929     761     928
     375     373     760     374     930     929
     373     758     760     931     759     930
     373     371     758     372     932     931
     371     369     758     370     933     932
     369     756     758     934     757     933
     369     367     756     368     935     934
     367     754     756     936     755     935
     367     365     754     366     937     936
     365     752     754     938     753     937
     365     363     752     364     939     938
     363     361     752     362     940     939
     361     750     752     941     751     940
     361     359     750     360     942     941
     359     748     750     943     749     942
     359     357     748     358     944     943
     357     746     748     945     747     944
     357     355     746     356     946     945
     355     744     746     947     745     946
     355     353     744     354     948     947
     353     351     744     352     949     948
     351     742     744     950     743     949
     351     349     742     350     951     950
     349     740     742     952     741     951
     349     347     740     348     953     952
     347     738     740     954     739     953
     347     345     738     346     955     954
     345     343     738     344     956     955
     343     736     738     957     737     956
     343     341     736     342     958     957
     341     734     736     959     735     958
     341     339     734     340     960     959
     339     732     734     961     733     960
     339     337     732     338     962     961
     337     730     732     963     731     962
     337     335     730     336     964     963
     335     333     730     334     965     964
     333     728     730     966     729     965
     333     331     728     332     967     966
     331     726     728     968     727     967
     331     329     726     330     969     968
     329     325     726     443     725     969
     329     327     325     328     326     443
    1343    1455     433    1456    1457    1344
    1455     431     433    1458     432    1457
    1455    1453     431    1454    1459    1458
    1453     429     431    1460     430    1459
    1453    1451     429    1452    1461    1460
    1451     427     429    1462     428    1461
    1451    1449     427    1450    1463    1462
    1449     425     427    1464     426    1463
    1449    1447     425    1448    1465    1464
    1447     423     425    1466     424    1465
    1447    1445     423    1446    1467    1466
    1445     421     423    1468     422    1467
    1445    1443     421    1444    1469    1468
    1443     419     421    1470     420    1469
    1443    1441     419    1442    1471    1470
    1441     417     419    1472     418    1471
    1441    1439     417    1440    1473    1472
    1439     415     417    1474     416    1473
    1439    1437     415    1438    1475    1474
    1437     413     415    1476     414    1475
    1437    1435     413    1436    1477    1476
    1435     411     413    1478     412    1477
    1435    1433     411    1434    1479    1478
    1433     409     411    1480     410    1479
    1433    1431     409    1432    1481    1480
    1431     407     409    1482     408    1481
    1431    1429     407    1430    1483    1482
    1429     405     407    1484     406    1483
    1429    1427     405    1428    1485    1484
    1427     403     405    1486     404    1485
    1427    1425     403    1426    1487    1486
    1425     401     403    1488     402    1487
    1425    1423     401    1424    1489    1488
    1423     399     401    1490     400    1489
    1423    1421     399    1422    1491    1490
    1421    1419     399    1420    1492    1491
    1419     397     399    1493     398    1492
    1419    1417     397    1418    1494    1493
    1417     395     397    1495     396    1494
    1417    1415     395    1416    1496    1495
    1415     393     395    1497     394    1496
    1415    1413     393    1414    1498    1497
    1413     391     393    1499     392    1498
    1413    1411     391    1412    1500    1499
    1411     389     391    1501     390    1500
    1411    1409     389    1410    1502    1501
    1409     387     389    1503     388    1502
    1409    1407     387    1408    1504    1503
    1407     385     387    1505     386    1504
    1407    1405     385    1406    1506    1505
    1405     383     385    1507     384    1506
    1405    1403     383    1404    1508    1507
    1403     381     383    1509     382    1508
    1403    1401     381    1402    1510    1509
    1401     379     381    1511     380    1510
    1401    1399     379    1400    1512    1511
    1399     377     379    1513     378    1512
    1399    1397     377    1398    1514    1513
    1397     375     377    1515     376    1514
    1397    1395     375    1396    1516    1515
    1395     373     375    1517     374    1516
    1395    1393     373    1394    1518    1517
    1393     371     373    1519     372    1518
    1393    1391     371    1392    1520    1519
    1391     369     371    1521     370    1520
    1391    1389     369    1390    1522    1521
    1389     367     369    1523     368    1522
    1389    1387     367    1388    1524    1523
    1387     365     367    1525     366    1524
    1387    1385     365    1386    1526    1525
    1385     363     365    1527     364    1526
    1385    1383     363    1384    1528    1527
    1383     361     363    1529     362    1528
    1383    1381     361    1382    1530    1529
    1381    1379     361    1380    1531    1530
    1379     359     361    1532     360    1531
    1379    1377     359    1378    1533    1532
    1377     357     359    1534     358    1533
    1377    1375     357    1376    1535    1534
    1375     355     357    1536     356    1535
    1375    1373     355    1374    1537    1536
    1373     353     355    1538     354    1537
    1373    1371     353    1372    1539    1538
    1371     351     353    1540     352    1539
    1371    1369     351    1370    1541    1540
    1369     349     351    1542     350    1541
    1369    1367     349    1368    1543    1542
    1367     347     349    1544     348    1543
    1367    1365     347    1366    1545    1544
    1365     345     347    1546     346    1545
    1365    1363     345    1364    1547    1546
    1363     343     345    1548     344    1547
    1363    1361     343    1362    1549    1548
    1361     341     343    1550     342    1549
    1361    1359     341    1360    1551    1550
    1359     339     341    1552     340    1551
    1359    1357     339    1358    1553    1552
    1357     337     339    1554     338    1553
    1357    1355     337    1356    1555    1554
    1355     335     337    1556     336    1555
    1355    1353     335    1354    1557    1556
    1353     333     335    1558     334    1557
    1353    1351     333    1352    1559    1558
    1351     331     333    1560     332    1559
    1351    1349     331    1350    1561    1560
    1349     329     331    1562     330    1561
    1349    1347     329    1348    1563    1562
    1347     327     329    1564     328    1563
    1347     971     327    1346     970    1564
    1341    1680    1343    1681    1682    1342
    1680    1455    1343    1683    1456    1682
    1680    1678    1455    1679    1684    1683
    1678    1453    1455    1685    1454    1684
    1678    1676    1453    1677    1686    1685
    1676    1451    1453    1687    1452    1686
    1676    1674    1451    1675    1688    1687
    1674    1449    1451    1689    1450    1688
    1674    1672    1449    1673    1690    1689
    1672    1447    1449    1691    1448    1690
    1672    1670    1447    1671    1692    1691
    1670    1445    1447    1693    1446    1692
    1670    1668    1445    1669    1694    1693
    1668    1443    1445    1695    1444    1694
    1668    1666    1443    1667    1696    1695
    1666    1441    1443    1697    1442    1696
    1666    1664    1441    1665    1698    1697
    1664    1439    1441    1699    1440    1698
    1664    1662    1439    1663    1700    1699
    1662    1437    1439    1701    1438    1700
    1662    1660    1437    1661    1702    1701
    1660    1435    1437    1703    1436    1702
    1660    1658    1435    1659    1704    1703
    1658    1433    1435    1705    1434    1704
    1658    1656    1433    1657    1706    1705
    1656    1431    1433    1707    1432    1706
    1656    1654    1431    1655    1708    1707
    1654    1429    1431    1709    1430    1708
    1654    1652    1429    1653    1710    1709
    1652    1427    1429    1711    1428    1710
    1652    1650    1427    1651    1712    1711
    1650    1425    1427    1713    1426    1712
    1650    1648    1425    1649    1714    1713
    1648    1423    1425    1715    1424    1714
    1648    1646    1423    1647    1716    1715
    1646    1421    1423    1717    1422    1716
    1646    1644    1421    1645    1718    1717
    1644    1642    1421    1643    1719    1718
    1642    1419    1421    1720    1420    1719
    1642    1640    1419    1641    1721    1720
    1640    1417    1419    1722    1418    1721
    1640    1638    1417    1639    1723    1722
    1638    1415    1417    1724    1416    1723
    1638    1636    1415    1637    1725    1724
    1636    1413    1415    1726    1414    1725
    1636    1634    1413    1635    1727    1726
    1634    1411    1413    1728    1412    1727
    1634    1632    1411    1633    1729    1728
    1632    1409    1411    1730    1410    1729
    1632    1630    1409    1631    1731    1730
    1630    1407    1409    1732    1408    1731
    1630    1628    1407    1629    1733    1732
    1628    1405    1407    1734    1406    1733
    1628    1626    1405    1627    1735    1734
    1626    1403    1405    1736    1404    1735
    1626    1624    1403    1625    1737    1736
    1624    1401    1403    1738    1402    1737
    1624    1622    1401    1623    1739    1738
    1622    1399    1401    1740    1400    1739
    1622    1620    1399    1621    1741    1740
    1620    1397    1399    1742    1398    1741
    1620    1618    1397    1619    1743    1742
    1618    1395    1397    1744    1396    1743
    1618    1616    1395    1617    1745    1744
    1616    1393    1395    1746    1394    1745
    1616    1614    1393    1615    1747    1746
    1614    1391    1393    1748    1392    1747
    1614    1612    1391    1613    1749    1748
    1612    1389    1391    1750    1390    1749
    1612    1610    1389    1611    1751    1750
    1610    1387    1389    1752    1388    1751
    1610    1608    1387    1609    1753    1752
    1608    1385    1387    1754    1386    1753
    1608    1606    1385    1607    1755    1754
    1606    1383    1385    1756    1384    1755
    1606    1604    1383    1605    1757    1756
    1604    1381    1383    1758    1382    1757
    1604    1602    1381    1603    1759    1758
    1602    1600    1381    1601    1760    1759
    1600    1379    1381    1761    1380    1760
    1600    1598    1379    1599    1762    1761
    1598    1377    1379    1763    1378    1762
    1598    1596    1377    1597    1764    1763
    1596    1375    1377    1765    1376    1764
    1596    1594    1375    1595    1766    1765
    1594    1373    1375    1767    1374    1766
    1594    1592    1373    1593    1768    1767
    1592    1371    1373    1769    1372    1768
    1592    1590    1371    1591    1770    1769
    1590    1369    1371    1771    1370    1770
    1590    1588    1369    1589    1772    1771
    1588    1367    1369    1773    1368    1772
    1588    1586    1367    1587    1774    1773
    1586    1365    1367    1775    1366    1774
    1586    1584    1365    1585    1776    1775
    1584    1363    1365    1777    1364    1776
    1584    1582    1363    1583    1778    1777
    1582    1361    1363    1779    1362    1778
    1582    1580    1361    1581    1780    1779
    1580    1359    1361    1781    1360    1780
    1580    1578    1359    1579    1782    1781
    1578    1357    1359    1783    1358    1782
    1578    1576    1357    1577    1784    1783
    1576    1355    1357    1785    1356    1784
    1576    1574    1355    1575    1786    1785
    1574    1353    1355    1787    1354    1786
    1574    1572    1353    1573    1788    1787
    1572    1351    1353    1789    1352    1788
    1572    1570    1351    1571    1790    1789
    1570    1349    1351    1791    1350    1790
    1570    1568    1349    1569    1792    1791
    1568    1347    1349    1793    1348    1792
    1568    1566    1347    1567    1794    1793
    1566     971    1347    1795    1346    1794
    1566     973     971    1565     972    1795
    1339    1917    1341    1918    1919    1340
    1917    1680    1341    1920    1681    1919
    1917    1915    1680    1916    1921    1920
    1915    1678    1680    1922    1679    1921
    1915    1913    1678    1914    1923    1922
    1913    1676    1678    1924    1677    1923
    1913    1911    1676    1912    1925    1924
    1911    1674    1676    1926    1675    1925
    1911    1909    1674    1910    1927    1926
    1909    1672    1674    1928    1673    1927
    1909    1907    1672    1908    1929    1928
    1907    1670    1672    1930    1671    1929
    1907    1905    1670    1906    1931    1930
    1905    1668    1670    1932    1669    1931
    1905    1903    1668    1904    1933    1932
    1903    1666    1668    1934    1667    1933
    1903    1901    1666    1902    1935    1934
    1901    1664    1666    1936    1665    1935
    1901    1899    1664    1900    1937    1936
    1899    1662    1664    1938    1663    1937
    1899    1897    1662    1898    1939    1938
    1897    1660    1662    1940    1661    1939
    1897    1895    1660    1896    1941    1940
    1895    1658    1660    1942    1659    1941
    1895    1893    1658    1894    1943    1942
    1893    1656    1658    1944    1657    1943
    1893    1891    1656    1892    1945    1944
    1891    1654    1656    1946    1655    1945
    1891    1889    1654    1890    1947    1946
    1889    1652    1654    1948    1653    1947
    1889    1887    1652    1888    1949    1948
    1887    1650    1652    1950    1651    1949
    1887    1885    1650    1886    1951    1950
    1885    1648    1650    1952    1649    1951
    1885    1883    1648    1884    1953    1952
    1883    1646    1648    1954    1647    1953
    1883    1881    1646    1882    1955    1954
    1881    1644    1646    1956    1645    1955
    1881    1879    1644    1880    1957    1956
    1879    1877    1644    1878    1958    1957
    1877    1642    1644    1959    1643    1958
    1877    1875    1642    1876    1960    1959
    1875    1640    1642    1961    1641    1960
    1875    1873    1640    1874    1962    1961
    1873    1638    1640    1963    1639    1962
    1873    1871    1638    1872    1964    1963
    1871    1636    1638    1965    1637    1964
    1871    1869    1636    1870    1966    1965
    1869    1634    1636    1967    1635    1966
    1869    1867    1634    1868    1968    1967
    1867    1632    1634    1969    1633    1968
    1867    1865    1632    1866    1970    1969
    1865    1630    1632    1971    1631    1970
    1865    1863    1630    1864    1972    1971
    1863    1628    1630    1973    1629    1972
    1863    1861    1628    1862    1974    1973
    1861    1626    1628    1975    1627    1974
    1861    1859    1626    1860    1976    1975
    1859    1624    1626    1977    1625    1976
    1859    1857    1624    1858    1978    1977
    1857    1622    1624    1979    1623    1978
    1857    1855    1622    1856    1980    1979
    1855    1620    1622    1981    1621    1980
    1855    1853    1620    1854    1982    1981
    1853    1618    1620    1983    1619    1982
    1853    1851    1618    1852    1984    1983
    1851    1616    1618    1985    1617    1984
    1851    1849    1616    1850    1986    1985
    1849    1614    1616    1987    1615    1986
    1849    1847    1614    1848    1988    1987
    1847    1612    1614    1989    1613    1988
    1847    1845    1612    1846    1990    1989
    1845    1610    1612    1991    1611    1990
    1845    1843    1610    1844    1992    1991
    1843    1608    1610    1993    1609    1992
    1843    1841    1608    1842    1994    1993
    1841    1606    1608    1995    1607    1994
    1841    1839    1606    1840    1996    1995
    1839    1604    1606    1997    1605    1996
    1839    1837    1604    1838    1998    1997
    1837    1602    1604    1999    1603    1998
    1837    1835    1602    1836    2000    1999
    1835    1833    1602    1834    2001    2000
    1833    1600    1602    2002    1601    2001
    1833    1831    1600    1832    2003    2002
    1831    1598    1600    2004    1599    2003
    1831    1829    1598    1830    2005    2004
    1829    1596    1598    2006    1597    2005
    1829    1827    1596    1828    2007    2006
    1827    1594    1596    2008    1595    2007
    1827    1825    1594    1826    2009    2008
    1825    1592    1594    2010    1593    2009
    1825    1823    1592    1824    2011    2010
    1823    1590    1592    2012    1591    2011
    1823    1821    1590    1822    2013    2012
    1821    1588    1590    2014    1589    2013
    1821    1819    1588    1820    2015    2014
    1819    1586    1588    2016    1587    2015
    1819    1817    1586    1818    2017    2016
    1817    1584    1586    2018    1585    2017
    1817    1815    1584    1816    2019    2018
    1815    1582    1584    2020    1583    2019
    1815    1813    1582    1814    2021    2020
    1813    1580    1582    2022    1581    2021
    1813    1811    1580    1812    2023    2022
    1811    1578    1580    2024    1579    2023
    1811    1809    1578    1810    2025    2024
    1809    1576    1578    2026    1577    2025
    1809    1807    1576    1808    2027    2026
    1807    1574    1576    2028    1575    2027
    1807    1805    1574    1806    2029    2028
    1805    1572    1574    2030    1573    2029
    1805    1803    1572    1804    2031    2030
    1803    1570    1572    2032    1571    2031
    1803    1801    1570    1802    2033    2032
    1801    1568    1570    2034    1569    2033
    1801    1799    1568    1800    2035    2034
    1799    1566    1568    2036    1567    2035
    1799    1797    1566    1798    2037    2036
    1797     973    1566    2038    1565    2037
    1797     975     973    1796     974    2038
    1337    2168    1339    2169    2170    1338
    2168    1917    1339    2171    1918    2170
    2168    2166    1917    2167    2172    2171
    2166    1915    1917    2173    1916    2172
    2166    2164    1915    2165    2174    2173
    2164    1913    1915    2175    1914    2174
    2164    2162    1913    2163    2176    2175
    2162    1911    1913    2177    1912    2176
    2162    2160    1911    2161    2178    2177
    2160    1909    1911    2179    1910    2178
    2160    2158    1909    2159    2180    2179
    2158    1907    1909    2181    1908    2180
    2158    2156    1907    2157    2182    2181
    2156    1905    1907    2183    1906    2182
    2156    2154    1905    2155    2184    2183
    2154    1903    1905    2185    1904    2184
    2154    2152    1903    2153    2186    2185
    2152    1901    1903    2187    1902    2186
    2152    2150    1901    2151    2188    2187
    2150    1899    1901    2189    1900    2188
    2150    2148    1899    2149    2190    2189
    2148    1897    1899    2191    1898    2190
    2148    2146    1897    2147    2192    2191
    2146    1895    1897    2193    1896    2192
    2146    2144    1895    2145    2194    2193
    2144    1893    1895    2195    1894    2194
    2144    2142    1893    2143    2196    2195
    2142    1891    1893    2197    1892    2196
    2142    2140    1891    2141    2198    2197
    2140    1889    1891    2199    1890    2198
    2140    2138    1889    2139    2200    2199
    2138    2136    1889    2137    2201    2200
    2136    1887    1889    2202    1888    2201
    2136    2134    1887    2135    2203    2202
    2134    1885    1887    2204    1886    2203
    2134    2132    1885    2133    2205    2204
    2132    1883    1885    2206    1884    2205
    2132    2130    1883    2131    2207    2206
    2130    1881    1883    2208    1882    2207
    2130    2128    1881    2129    2209    2208
    2128    1879    1881    2210    1880    2209
    2128    2126    1879    2127    2211    2210
    2126    1877    1879    2212    1878    2211
    2126    2124    1877    2125    2213    2212
    2124    1875    1877    2214    1876    2213
    2124    2122    1875    2123    2215    2214
    2122    1873    1875    2216    1874    2215
    2122    2120    1873    2121    2217    2216
    2120    1871    1873    2218    1872    2217
    2120    2118    1871    2119    2219    2218
    2118    1869    1871    2220    1870    2219
    2118    2116    1869    2117    2221    2220
    2116    1867    1869    2222    1868    2221
    2116    2114    1867    2115    2223    2222
    2114    1865    1867    2224    1866    2223
    2114    2112    1865    2113    2225    2224
    2112    1863    1865    2226    1864    2225
    2112    2110    1863    2111    2227    2226
    2110    1861    1863    2228    1862    2227
    2110    2108    1861    2109    2229    2228
    2108    1859    1861    2230    1860    2229
    2108    2106    1859    2107    2231    2230
    2106    1857    1859    2232    1858    2231
    2106    2104    1857    2105    2233    2232
    2104    2102    1857    2103    2234    2233
    2102    1855    1857    2235    1856    2234
    2102    2100    1855    2101    2236    2235
    2100    1853    1855    2237    1854    2236
    2100    2098    1853    2099    2238    2237
    2098    1851    1853    2239    1852    2238
    2098    2096    1851    2097    2240    2239
    2096    1849    1851    2241    1850    2240
    2096    2094    1849    2095    2242    2241
    2094    1847    1849    2243    1848    2242
    2094    2092    1847    2093    2244    2243
    2092    1845    1847    2245    1846    2244
    2092    2090    1845    2091    2246    2245
    2090    1843    1845    2247    1844    2246
    2090    2088    1843    2089    2248    2247
    2088    1841    1843    2249    1842    2248
    2088    2086    1841    2087    2250    2249
    2086    1839    1841    2251    1840    2250
    2086    2084    1839    2085    2252    2251
    2084    1837    1839    2253    1838    2252
    2084    2082    1837    2083    2254    2253
    2082    1835    1837    2255    1836    2254
    2082    2080    1835    2081    2256    2255
    2080    1833    1835    2257    1834    2256
    2080    2078    1833    2079    2258    2257
    2078    1831    1833    2259    1832    2258
    2078    2076    1831    2077    2260    2259
    2076    1829    1831    2261    1830    2260
    2076    2074    1829    2075    2262    2261
    2074    1827    1829    2263    1828    2262
    2074    2072    1827    2073    2264    2263
    2072    1825    1827    2265    1826    2264
    2072    2070    1825    2071    2266    2265
    2070    2068    1825    2069    2267    2266
    2068    1823    1825    2268    1824    2267
    2068    2066    1823    2067    2269    2268
    2066    1821    1823    2270    1822    2269
    2066    2064    1821    2065    2271    2270
    2064    1819    1821    2272    1820    2271
    2064    2062    1819    2063    2273    2272
    2062    1817    1819    2274    1818    2273
    2062    2060    1817    2061    2275    2274
    2060    1815    1817    2276    1816    2275
    2060    2058    1815    2059    2277    2276
    2058    1813    1815    2278    1814    2277
    2058    2056    1813    2057    2279    2278
    2056    1811    1813    2280    1812    2279
    2056    2054    1811    2055    2281    2280
    2054    1809    1811    2282    1810    2281
    2054    2052    1809    2053    2283    2282
    2052    1807    1809    2284    1808    2283
    2052    2050    1807    2051    2285    2284
    2050    1805    1807    2286    1806    2285
    2050    2048    1805    2049    2287    2286
    2048    1803    1805    2288    1804    2287
    2048    2046    1803    2047    2289    2288
    2046    1801    1803    2290    1802    2289
    2046    2044    1801    2045    2291    2290
    2044    1799    1801    2292    1800    2291
    2044    2042    1799    2043    2293    2292
    2042    1797    1799    2294    1798    2293
    2042    2040    1797    2041    2295    2294
    2040     975    1797    2296    1796    2295
    2040     977     975    2039     976    2296
    1335    2434    1337    2435    2436    1336
    2434    2168    1337    2437    2169    2436
    2434    2432    2168    2433    2438    2437
    2432    2166    2168    2439    2167    2438
    2432    2430    2166    2431    2440    2439
    2430    2164    2166    2441    2165    2440
    2430    2428    2164    2429    2442    2441
    2428    2162    2164    2443    2163    2442
    2428    2426    2162    2427    2444    2443
    2426    2160    2162    2445    2161    2444
    2426    2424    2160    2425    2446    2445
    2424    2158    2160    2447    2159    2446
    2424    2422    2158    2423    2448    2447
    2422    2156    2158    2449    2157    2448
    2422    2420    2156    2421    2450    2449
    2420    2154    2156    2451    2155    2450
    2420    2418    2154    2419    2452    2451
    2418    2152    2154    2453    2153    2452
    2418    2416    2152    2417    2454    2453
    2416    2150    2152    2455    2151    2454
    2416    2414    2150    2415    2456    2455
    2414    2148    2150    2457    2149    2456
    2414    2412    2148    2413    2458    2457
    2412    2146    2148    2459    2147    2458
    2412    2410    2146    2411    2460    2459
    2410    2144    2146    2461    2145    2460
    2410    2408    2144    2409    2462    2461
    2408    2142    2144    2463    2143    2462
    2408    2406    2142    2407    2464    2463
    2406    2140    2142    2465    2141    2464
    2406    2404    2140    2405    2466    2465
    2404    2138    2140    2467    2139    2466
    2404    2402    2138    2403    2468    2467
    2402    2400    2138    2401    2469    2468
    2400    2136    2138    2470    2137    2469
    2400    2398    2136    2399    2471    2470
    2398    2134    2136    2472    2135    2471
    2398    2396    2134    2397    2473    2472
    2396    2132    2134    2474    2133    2473
    2396    2394    2132    2395    2475    2474
    2394    2130    2132    2476    2131    2475
    2394    2392    2130    2393    2477    2476
    2392    2128    2130    2478    2129    2477
    2392    2390    2128    2391    2479    2478
    2390    2126    2128    2480    2127    2479
    2390    2388    2126    2389    2481    2480
    2388    2124    2126    2482    2125    2481
    2388    2386    2124    2387    2483    2482
    2386    2122    2124    2484    2123    2483
    2386    2384    2122    2385    2485    2484
    2384    2120    2122    2486    2121    2485
    2384    2382    2120    2383    2487    2486
    2382    2118    2120    2488    2119    2487
    2382    2380    2118    2381    2489    2488
    2380    2116    2118    2490    2117    2489
    2380    2378    2116    2379    2491    2490
    2378    2114    2116    2492    2115    2491
    2378    2376    2114    2377    2493    2492
    2376    2112    2114    2494    2113    2493
    2376    2374    2112    2375    2495    2494
    2374    2110    2112    2496    2111    2495
    2374    2372    2110    2373    2497    2496
    2372    2108    2110    2498    2109    2497
    2372    2370    2108    2371    2499    2498
    2370    2106    2108    2500    2107    2499
    2370    2368    2106    2369    2501    2500
    2368    2104    2106    2502    2105    2501
    2368    2366    2104    2367    2503    2502
    2366    2364    2104    2365    2504    2503
    2364    2102    2104    2505    2103    2504
    2364    2362    2102    2363    2506    2505
    2362    2100    2102    2507    2101    2506
    2362    2360    2100    2361    2508    2507
    2360    2098    2100    2509    2099    2508
    2360    2358    2098    2359    2510    2509
    2358    2096    2098    2511    2097    2510
    2358    2356    2096    2357    2512    2511
    2356    2094    2096    2513    2095    2512
    2356    2354    2094    2355    2514    2513
    2354    2092    2094    2515    2093    2514
    2354    2352    2092    2353    2516    2515
    2352    2090    2092    2517    2091    2516
    2352    2350    2090    2351    2518    2517
    2350    2088    2090    2519    2089    2518
    2350    2348    2088    2349    2520    2519
    2348    2086    2088    2521    2087    2520
    2348    2346    2086    2347    2522    2521
    2346    2084    2086    2523    2085    2522
    2346    2344    2084    2345    2524    2523
    2344    2082    2084    2525    2083    2524
    2344    2342    2082    2343    2526    2525
    2342    2080    2082    2527    2081    2526
    2342    2340    2080    2341    2528    2527
    2340    2078    2080    2529    2079    2528
    2340    2338    2078    2339    2530    2529
    2338    2076    2078    2531    2077    2530
    2338    2336    2076    2337    2532    2531
    2336    2074    2076    2533    2075    2532
    2336    2334    2074    2335    2534    2533
    2334    2072    2074    2535    2073    2534
    2334    2332    2072    2333    2536    2535
    2332    2070    2072    2537    2071    2536
    2332    2330    2070    2331    2538    2537
    2330    2328    2070    2329    2539    2538
    2328    2068    2070    2540    2069    2539
    2328    2326    2068    2327    2541    2540
    2326    2066    2068    2542    2067    2541
    2326    2324    2066    2325    2543    2542
    2324    2064    2066    2544    2065    2543
    2324    2322    2064    2323    2545    2544
    2322    2062    2064    2546    2063    2545
    2322    2320    2062    2321    2547    2546
    2320    2060    2062    2548    2061    2547
    2320    2318    2060    2319    2549    2548
    2318    2058    2060    2550    2059    2549
    2318    2316    2058    2317    2551    2550
    2316    2056    2058    2552    2057    2551
    2316    2314    2056    2315    2553    2552
    2314    2054    2056    2554    2055    2553
    2314    2312    2054    2313    2555    2554
    2312    2052    2054    2556    2053    2555
    2312    2310    2052    2311    2557    2556
    2310    2050    2052    2558    2051    2557
    2310    2308    2050    2309    2559    2558
    2308    2048    2050    2560    2049    2559
    2308    2306    2048    2307    2561    2560
    2306    2046    2048    2562    2047    2561
    2306    2304    2046    2305    2563    2562
    2304    2044    2046    2564    2045    2563
    2304    2302    2044    2303    2565    2564
    2302    2042    2044    2566    2043    2565
    2302    2300    2042    2301    2567    2566
    2300    2040    2042    2568    2041    2567
    2300    2298    2040    2299    2569    2568
    2298     977    2040    2570    2039    2569
    2298     979     977    2297     978    2570
    1333    2716    1335    2717    2718    1334
    2716    2434    1335    2719    2435    2718
    2716    2714    2434    2715    2720    2719
    2714    2432    2434    2721    2433    2720
    2714    2712    2432    2713    2722    2721
    2712    2430    2432    2723    2431    2722
    2712    2710    2430    2711    2724    2723
    2710    2428    2430    2725    2429    2724
    2710    2708    2428    2709    2726    2725
    2708    2426    2428    2727    2427    2726
    2708    2706    2426    2707    2728    2727
    2706    2424    2426    2729    2425    2728
    2706    2704    2424    2705    2730    2729
    2704    2422    2424    2731    2423    2730
    2704    2702    2422    2703    2732    2731
    2702    2420    2422    2733    2421    2732
    2702    2700    2420    2701    2734    2733
    2700    2418    2420    2735    2419    2734
    2700    2698    2418    2699    2736    2735
    2698    2416    2418    2737    2417    2736
    2698    2696    2416    2697    2738    2737
    2696    2414    2416    2739    2415    2738
    2696    2694    2414    2695    2740    2739
    2694    2412    2414    2741    2413    2740
    2694    2692    2412    2693    2742    2741
    2692    2410    2412    2743    2411    2742
    2692    2690    2410    2691    2744    2743
    2690    2408    2410    2745    2409    2744
    2690    2688    2408    2689    2746    2745
    2688    2406    2408    2747    2407    2746
    2688    2686    2406    2687    2748    2747
    2686    2404    2406    2749    2405    2748
    2686    2684    2404    2685    2750    2749
    2684    2402    2404    2751    2403    2750
    2684    2682    2402    2683    2752    2751
    2682    2680    2402    2681    2753    2752
    2680    2400    2402    2754    2401    2753
    2680    2678    2400    2679    2755    2754
    2678    2398    2400    2756    2399    2755
    2678    2676    2398    2677    2757    2756
    2676    2396    2398    2758    2397    2757
    2676    2674    2396    2675    2759    2758
    2674    2394    2396    2760    2395    2759
    2674    2672    2394    2673    2761    2760
    2672    2392    2394    2762    2393    2761
    2672    2670    2392    2671    2763    2762
    2670    2390    2392    2764    2391    2763
    2670    2668    2390    2669    2765    2764
    2668    2388    2390    2766    2389    2765
    2668    2666    2388    2667    2767    2766
    2666    2386    2388    2768    2387    2767
    2666    2664    2386    2665    2769    2768
    2664    2384    2386    2770    2385    2769
    2664    2662    2384    2663    2771    2770
    2662    2382    2384    2772    2383    2771
    2662    2660    2382    2661    2773    2772
    2660    2380    2382    2774    2381    2773
    2660    2658    2380    2659    2775    2774
    2658    2378    2380    2776    2379    2775
    2658    2656    2378    2657    2777    2776
    2656    2376    2378    2778    2377    2777
    2656    2654    2376    2655    2779    2778
    2654    2374    2376    2780    2375    2779
    2654    2652    2374    2653    2781    2780
    2652    2372    2374    2782    2373    2781
    2652    2650    2372    2651    2783    2782
    2650    2370    2372    2784    2371    2783
    2650    2648    2370    2649    2785    2784
    2648    2368    2370    2786    2369    2785
    2648    2646    2368    2647    2787    2786
    2646    2366    2368    2788    2367    2787
    2646    2644    2366    2645    2789    2788
    2644    2642    2366    2643    2790    2789
    2642    2364    2366    2791    2365    2790
    2642    2640    2364    2641    2792    2791
    2640    2362    2364    2793    2363    2792
    2640    2638    2362    2639    2794    2793
    2638    2360    2362    2795    2361    2794
    2638    2636    2360    2637    2796    2795
    2636    2358    2360    2797    2359    2796
    2636    2634    2358    2635    2798    2797
    2634    2356    2358    2799    2357    2798
    2634    2632    2356    2633    2800    2799
    2632    2354    2356    2801    2355    2800
    2632    2630    2354    2631    2802    2801
    2630    2352    2354    2803    2353    2802
    2630    2628    2352    2629    2804    2803
    2628    2350    2352    2805    2351    2804
    2628    2626    2350    2627    2806    2805
    2626    2348    2350    2807    2349    2806
    2626    2624    2348    2625    2808    2807
    2624    2346    2348    2809    2347    2808
    2624    2622    2346    2623    2810    2809
    2622    2344    2346    2811    2345    2810
    2622    2620    2344    2621    2812    2811
    2620    2342    2344    2813    2343    2812
    2620    2618    2342    2619    2814    2813
    2618    2340    2342    2815    2341    2814
    2618    2616    2340    2617    2816    2815
    2616    2338    2340    2817    2339    2816
    2616    2614    2338    2615    2818    2817
    2614    2336    2338    2819    2337    2818
    2614    2612    2336    2613    2820    2819
    2612    2334    2336    2821    2335    2820
    2612    2610    2334    2611    2822    2821
    2610    2332    2334    2823    2333    2822
    2610    2608    2332    2609    2824    2823
    2608    2330    2332    2825    2331    2824
    2608    2606    2330    2607    2826    2825
    2606    2604    2330    2605    2827    2826
    2604    2328    2330    2828    2329    2827
    2604    2602    2328    2603    2829    2828
    2602    2326    2328    2830    2327    2829
    2602    2600    2326    2601    2831    2830
    2600    2324    2326    2832    2325    2831
    2600    2598    2324    2599    2833    2832
    2598    2322    2324    2834    2323    2833
    2598    2596    2322    2597    2835    2834
    2596    2320    2322    2836    2321    2835
    2596    2594    2320    2595    2837    2836
    2594    2318    2320    2838    2319    2837
    2594    2592    2318    2593    2839    2838
    2592    2316    2318    2840    2317    2839
    2592    2590    2316    2591    2841    2840
    2590    2314    2316    2842    2315    2841
    2590    2588    2314    2589    2843    2842
    2588    2312    2314    2844    2313    2843
    2588    2586    2312    2587    2845    2844
    2586    2310    2312    2846    2311    2845
    2586    2584    2310    2585    2847    2846
    2584    2308    2310    2848    2309    2847
    2584    2582    2308    2583    2849    2848
    2582    2306    2308    2850    2307    2849
    2582    2580    2306    2581    2851    2850
    2580    2304    2306    2852    2305    2851
    2580    2578    2304    2579    2853    2852
    2578    2302    2304    2854    2303    2853
    2578    2576    2302    2577    2855    2854
    2576    2300    2302    2856    2301    2855
    2576    2574    2300    2575    2857    2856
    2574    2298    2300    2858    2299    2857
    2574    2572    2298    2573    2859    2858
    2572     979    2298    2860    2297    2859
    2572     981     979    2571     980    2860
    1331    3014    1333    3015    3016    1332
    3014    2716    1333    3017    2717    3016
    3014    3012    2716    3013    3018    3017
    3012    2714    2716    3019    2715    3018
    3012    3010    2714    3011    3020    3019
    3010    2712    2714    3021    2713    3020
    3010    3008    2712    3009    3022    3021
    3008    2710    2712    3023    2711    3022
    3008    3006    2710    3007    3024    3023
    3006    2708    2710    3025    2709    3024
    3006    3004    2708    3005    3026    3025
    3004    2706    2708    3027    2707    3026
    3004    3002    2706    3003    3028    3027
    3002    2704    2706    3029    2705    3028
    3002    3000    2704    3001    3030    3029
    3000    2702    2704    3031    2703    3030
    3000    2998    2702    2999    3032    3031
    2998    2700    2702    3033    2701    3032
    2998    2996    2700    2997    3034    3033
    2996    2698    2700    3035    2699    3034
    2996    2994    2698    2995    3036    3035
    2994    2696    2698    3037    2697    3036
    2994    2992    2696    2993    3038    3037
    2992    2694    2696    3039    2695    3038
    2992    2990    2694    2991    3040    3039
    2990    2692    2694    3041    2693    3040
    2990    2988    2692    2989    3042    3041
    2988    2690    2692    3043    2691    3042
    2988    2986    2690    2987    3044    3043
    2986    2688    2690    3045    2689    3044
    2986    2984    2688    2985    3046    3045
    2984    2686    2688    3047    2687    3046
    2984    2982    2686    2983    3048    3047
    2982    2684    2686    3049    2685    3048
    2982    2980    2684    2981    3050    3049
    2980    2682    2684    3051    2683    3050
    2980    2978    2682    2979    3052    3051
    2978    2976    2682    2977    3053    3052
    2976    2680    2682    3054    2681    3053
    2976    2974    2680    2975    3055    3054
    2974    2678    2680    3056    2679    3055
    2974    2972    2678    2973    3057    3056
    2972    2676    2678    3058    2677    3057
    2972    2970    2676    2971    3059    3058
    2970    2674    2676    3060    2675    3059
    2970    2968    2674    2969    3061    3060
    2968    2672    2674    3062    2673    3061
    2968    2966    2672    2967    3063    3062
    2966    2670    2672    3064    2671    3063
    2966    2964    2670    2965    3065    3064
    2964    2668    2670    3066    2669    3065
    2964    2962    2668    2963    3067    3066
    2962    2666    2668    3068    2667    3067
    2962    2960    2666    2961    3069    3068
    2960    2664    2666    3070    2665    3069
    2960    2958    2664    2959    3071    3070
    2958    2662    2664    3072    2663    3071
    2958    2956    2662    2957    3073    3072
    2956    2660    2662    3074    2661    3073
    2956    2954    2660    2955    3075    3074
    2954    2658    2660    3076    2659    3075
    2954    2952    2658    2953    3077    3076
    2952    2656    2658    3078    2657    3077
    2952    2950    2656    2951    3079    3078
    2950    2654    2656    3080    2655    3079
    2950    2948    2654    2949    3081    3080
    2948    2652    2654    3082    2653    3081
    2948    2946    2652    2947    3083    3082
    2946    2650    2652    3084    2651    3083
    2946    2944    2650    2945    3085    3084
    2944    2648    2650    3086    2649    3085
    2944    2942    2648    2943    3087    3086
    2942    2646    2648    3088    2647    3087
    2942    2940    2646    2941    3089    3088
    2940    2644    2646    3090    2645    3089
    2940    2938    2644    2939    3091    3090
    2938    2936    2644    2937    3092    3091
    2936    2642    2644    3093    2643    3092
    2936    2934    2642    2935    3094    3093
    2934    2640    2642    3095    2641    3094
    2934    2932    2640    2933    3096    3095
    2932    2638    2640    3097    2639    3096
    2932    2930    2638    2931    3098    3097
    2930    2636    2638    3099    2637    3098
    2930    2928    2636    2929    3100    3099
    2928    2634    2636    3101    2635    3100
    2928    2926    2634    2927    3102    3101
    2926    2632    2634    3103    2633    3102
    2926    2924    2632    2925    3104    3103
    2924    2630    2632    3105    2631    3104
    2924    2922    2630    2923    3106    3105
    2922    2628    2630    3107    2629    3106
    2922    2920    2628    2921    3108    3107
    2920    2626    2628    3109    2627    3108
    2920    2918    2626    2919    3110    3109
    2918    2624    2626    3111    2625    3110
    2918    2916    2624    2917    3112    3111
    2916    2622    2624    3113    2623    3112
    2916    2914    2622    2915    3114    3113
    2914    2620    2622    3115    2621    3114
    2914    2912    2620    2913    3116    3115
    2912    2618    2620    3117    2619    3116
    2912    2910    2618    2911    3118    3117
    2910    2616    2618    3119    2617    3118
    2910    2908    2616    2909    3120    3119
    2908    2614    2616    3121    2615    3120
    2908    2906    2614    2907    3122    3121
    2906    2612    2614    3123    2613    3122
    2906    2904    2612    2905    3124    3123
    2904    2610    2612    3125    2611    3124
    2904    2902    2610    2903    3126    3125
    2902    2608    2610    3127    2609    3126
    2902    2900    2608    2901    3128    3127
    2900    2606    2608    3129    2607    3128
    2900    2898    2606    2899    3130    3129
    2898    2896    2606    2897    3131    3130
    2896    2604    2606    3132    2605    3131
    2896    2894    2604    2895    3133    3132
    2894    2602    2604    3134    2603    3133
    2894    2892    2602    2893    3135    3134
    2892    2600    2602    3136    2601    3135
    2892    2890    2600    2891    3137    3136
    2890    2598    2600    3138    2599    3137
    2890    2888    2598    2889    3139    3138
    2888    2596    2598    3140    2597    3139
    2888    2886    2596    2887    3141    3140
    2886    2594    2596    3142    2595    3141
    2886    2884    2594    2885    3143    3142
    2884    2592    2594    3144    2593    3143
    2884    2882    2592    2883    3145    3144
    2882    2590    2592    3146    2591    3145
    2882    2880    2590    2881    3147    3146
    2880    2588    2590    3148    2589    3147
    2880    2878    2588    2879    3149    3148
    2878    2586    2588    3150    2587    3149
    2878    2876    2586    2877    3151    3150
    2876    2584    2586    3152    2585    3151
    2876    2874    2584    2875    3153    3152
    2874    2582    2584    3154    2583    3153
    2874    2872    2582    2873    3155    3154
    2872    2580    2582    3156    2581    3155
    2872    2870    2580    2871    3157    3156
    2870    2578    2580    3158    2579    3157
    2870    2868    2578    2869    3159    3158
    2868    2576    2578    3160    2577    3159
    2868    2866    2576    2867    3161    3160
    2866    2574    2576    3162    2575    3161
    2866    2864    2574    2865    3163    3162
    2864    2572    2574    3164    2573    3163
    2864    2862    2572    2863    3165    3164
    2862     981    2572    3166    2571    3165
    2862     983     981    2861     982    3166
    1329    3328    1331    3329    3330    1330
    3328    3014    1331    3331    3015    3330
    3328    3326    3014    3327    3332    3331
    3326    3012    3014    3333    3013    3332
    3326    3324    3012    3325    3334    3333
    3324    3010    3012    3335    3011    3334
    3324    3322    3010    3323    3336    3335
    3322    3008    3010    3337    3009    3336
    3322    3320    3008    3321    3338    3337
    3320    3006    3008    3339    3007    3338
    3320    3318    3006    3319    3340    3339
    3318    3004    3006    3341    3005    3340
    3318    3316    3004    3317    3342    3341
    3316    3002    3004    3343    3003    3342
    3316    3314    3002    3315    3344    3343
    3314    3000    3002    3345    3001    3344
    3314    3312    3000    3313    3346    3345
    3312    2998    3000    3347    2999    3346
    3312    3310    2998    3311    3348    3347
    3310    2996    2998    3349    2997    3348
    3310    3308    2996    3309    3350    3349
    3308    2994    2996    3351    2995    3350
    3308    3306    2994    3307    3352    3351
    3306    2992    2994    3353    2993    3352
    3306    3304    2992    3305    3354    3353
    3304    2990    2992    3355    2991    3354
    3304    3302    2990    3303    3356    3355
    3302    2988    2990    3357    2989    3356
    3302    3300    2988    3301    3358    3357
    3300    2986    2988    3359    2987    3358
    3300    3298    2986    3299    3360    3359
    3298    2984    2986    3361    2985    3360
    3298    3296    2984    3297    3362    3361
    3296    2982    2984    3363    2983    3362
    3296    3294    2982    3295    3364    3363
    3294    2980    2982    3365    2981    3364
    3294    3292    2980    3293    3366    3365
    3292    2978    2980    3367    2979    3366
    3292    3290    2978    3291    3368    3367
    3290    3288    2978    3289    3369    3368
    3288    2976    2978    3370    2977    3369
    3288    3286    2976    3287    3371    3370
    3286    2974    2976    3372    2975    3371
    3286    3284    2974    3285    3373    3372
    3284    2972    2974    3374    2973    3373
    3284    3282    2972    3283    3375    3374
    3282    2970    2972    3376    2971    3375
    3282    3280    2970    3281    3377    3376
    3280    2968    2970    3378    2969    3377
    3280    3278    2968    3279    3379    3378
    3278    2966    2968    3380    2967    3379
    3278    3276    2966    3277    3381    3380
    3276    2964    2966    3382    2965    3381
    3276    3274    2964    3275    3383    3382
    3274    2962    2964    3384    2963    3383
    3274    3272    2962    3273    3385    3384
    3272    2960    2962    3386    2961    3385
    3272    3270    2960    3271    3387    3386
    3270    2958    2960    3388    2959    3387
    3270    3268    2958    3269    3389    3388
    3268    2956    2958    3390    2957    3389
    3268    3266    2956    3267    3391    3390
    3266    2954    2956    3392    2955    3391
    3266    3264    2954    3265    3393    3392
    3264    2952    2954    3394    2953    3393
    3264    3262    2952    3263    3395    3394
    3262    2950    2952    3396    2951    3395
    3262    3260    2950    3261    3397    3396
    3260    2948    2950    3398    2949    3397
    3260    3258    2948    3259    3399    3398
    3258    2946    2948    3400    2947    3399
    3258    3256    2946    3257    3401    3400
    3256    2944    2946    3402    2945    3401
    3256    3254    2944    3255    3403    3402
    3254    2942    2944    3404    2943    3403
    3254    3252    2942    3253    3405    3404
    3252    2940    2942    3406    2941    3405
    3252    3250    2940    3251    3407    3406
    3250    2938    2940    3408    2939    3407
    3250    3248    2938    3249    3409    3408
    3248    3246    2938    3247    3410    3409
    3246    2936    2938    3411    2937    3410
    3246    3244    2936    3245    3412    3411
    3244    2934    2936    3413    2935    3412
    3244    3242    2934    3243    3414    3413
    3242    2932    2934    3415    2933    3414
    3242    3240    2932    3241    3416    3415
    3240    2930    2932    3417    2931    3416
    3240    3238    2930    3239    3418    3417
    3238    2928    2930    3419    2929    3418
    3238    3236    2928    3237    3420    3419
    3236    2926    2928    3421    2927    3420
    3236    3234    2926    3235    3422    3421
    3234    2924    2926    3423    2925    3422
    3234    3232    2924    3233    3424    3423
    3232    2922    2924    3425    2923    3424
    3232    3230    2922    3231    3426    3425
    3230    2920    2922    3427    2921    3426
    3230    3228    2920    3229    3428    3427
    3228    2918    2920    3429    2919    3428
    3228    3226    2918    3227    3430    3429
    3226    2916    2918    3431    2917    3430
    3226    3224    2916    3225    3432    3431
    3224    2914    2916    3433    2915    3432
    3224    3222    2914    3223    3434    3433
    3222    2912    2914    3435    2913    3434
    3222    3220    2912    3221    3436    3435
    3220    2910    2912    3437    2911    3436
    3220    3218    2910    3219    3438    3437
    3218    2908    2910    3439    2909    3438
    3218    3216    2908    3217    3440    3439
    3216    2906    2908    3441    2907    3440
    3216    3214    2906    3215    3442    3441
    3214    2904    2906    3443    2905    3442
    3214    3212    2904    3213    3444    3443
    3212    2902    2904    3445    2903    3444
    3212    3210    2902    3211    3446    3445
    3210    2900    2902    3447    2901    3446
    3210    3208    2900    3209    3448    3447
    3208    2898    2900    3449    2899    3448
    3208    3206    2898    3207    3450    3449
    3206    3204    2898    3205    3451    3450
    3204    2896    2898    3452    2897    3451
    3204    3202    2896    3203    3453    3452
    3202    2894    2896    3454    2895    3453
    3202    3200    2894    3201    3455    3454
    3200    2892    2894    3456    2893    3455
    3200    3198    2892    3199    3457    3456
    3198    2890    2892    3458    2891    3457
    3198    3196    2890    3197    3459    3458
    3196    2888    2890    3460    2889    3459
    3196    3194    2888    3195    3461    3460
    3194    2886    2888    3462    2887    3461
    3194    3192    2886    3193    3463    3462
    3192    2884    2886    3464    2885    3463
    3192    3190    2884    3191    3465    3464
    3190    2882    2884    3466    2883    3465
    3190    3188    2882    3189    3467    3466
    3188    2880    2882    3468    2881    3467
    3188    3186    2880    3187    3469    3468
    3186    2878    2880    3470    2879    3469
    3186    3184    2878    3185    3471    3470
    3184    2876    2878    3472    2877    3471
    3184    3182    2876    3183    3473    3472
    3182    2874    2876    3474    2875    3473
    3182    3180    2874    3181    3475    3474
    3180    2872    2874    3476    2873    3475
    3180    3178    2872    3179    3477    3476
    3178    2870    2872    3478    2871    3477
    3178    3176    2870    3177    3479    3478
    3176    2868    2870    3480    2869    3479
    3176    3174    2868    3175    3481    3480
    3174    2866    2868    3482    2867    3481
    3174    3172    2866    3173    3483    3482
    3172    2864    2866    3484    2865    3483
    3172    3170    2864    3171    3485    3484
    3170    2862    2864    3486    2863    3485
    3170    3168    2862    3169    3487    3486
    3168     983    2862    3488    2861    3487
    3168     985     983    3167     984    3488
    1327    3660    1329    3661    3662    1328
    3660    3328    1329    3663    3329    3662
    3660    3658    3328    3659    3664    3663
    3658    3326    3328    3665    3327    3664
    3658    3656    3326    3657    3666    3665
    3656    3324    3326    3667    3325    3666
    3656    3654    3324    3655    3668    3667
    3654    3322    3324    3669    3323    3668
    3654    3652    3322    3653    3670    3669
    3652    3320    3322    3671    3321    3670
    3652    3650    3320    3651    3672    3671
    3650    3318    3320    3673    3319    3672
    3650    3648    3318    3649    3674    3673
    3648    3316    3318    3675    3317    3674
    3648    3646    3316    3647    3676    3675
    3646    3314    3316    3677    3315    3676
    3646    3644    3314    3645    3678    3677
    3644    3312    3314    3679    3313    3678
    3644    3642    3312    3643    3680    3679
    3642    3310    3312    3681    3311    3680
    3642    3640    3310    3641    3682    3681
    3640    3308    3310    3683    3309    3682
    3640    3638    3308    3639    3684    3683
    3638    3306    3308    3685    3307    3684
    3638    3636    3306    3637    3686    3685
    3636    3304    3306    3687    3305    3686
    3636    3634    3304    3635    3688    3687
    3634    3302    3304    3689    3303    3688
    3634    3632    3302    3633    3690    3689
    3632    3300    3302    3691    3301    3690
    3632    3630    3300    3631    3692    3691
    3630    3298    3300    3693    3299    3692
    3630    3628    3298    3629    3694    3693
    3628    3626    3298    3627    3695    3694
    3626    3296    3298    3696    3297    3695
    3626    3624    3296    3625    3697    3696
    3624    3294    3296    3698    3295    3697
    3624    3622    3294    3623    3699    3698
    3622    3292    3294    3700    3293    3699
    3622    3620    3292    3621    3701    3700
    3620    3290    3292    3702    3291    3701
    3620    3618    3290    3619    3703    3702
    3618    3288    3290    3704    3289    3703
    3618    3616    3288    3617    3705    3704
    3616    3286    3288    3706    3287    3705
    3616    3614    3286    3615    3707    3706
    3614    3284    3286    3708    3285    3707
    3614    3612    3284    3613    3709    3708
    3612    3282    3284    3710    3283    3709
    3612    3610    3282    3611    3711    3710
    3610    3280    3282    3712    3281    3711
    3610    3608    3280    3609    3713    3712
    3608    3278    3280    3714    3279    3713
    3608    3606    3278    3607    3715    3714
    3606    3276    3278    3716    3277    3715
    3606    3604    3276    3605    3717    3716
    3604    3274    3276    3718    3275    3717
    3604    3602    3274    3603    3719    3718
    3602    3272    3274    3720    3273    3719
    3602    3600    3272    3601    3721    3720
    3600    3270    3272    3722    3271    3721
    3600    3598    3270    3599    3723    3722
    3598    3268    3270    3724    3269    3723
    3598    3596    3268    3597    3725    3724
    3596    3266    3268    3726    3267    3725
    3596    3594    3266    3595    3727    3726
    3594    3264    3266    3728    3265    3727
    3594    3592    3264    3593    3729    3728
    3592    3590    3264    3591    3730    3729
    3590    3262    3264    3731    3263    3730
    3590    3588    3262    3589    3732    3731
    3588    3260    3262    3733    3261    3732
    3588    3586    3260    3587    3734    3733
    3586    3258    3260    3735    3259    3734
    3586    3584    3258    3585    3736    3735
    3584    3256    3258    3737    3257    3736
    3584    3582    3256    3583    3738    3737
    3582    3254    3256    3739    3255    3738
    3582    3580    3254    3581    3740    3739
    3580    3252    3254    3741    3253    3740
    3580    3578    3252    3579    3742    3741
    3578    3250    3252    3743    3251    3742
    3578    3576    3250    3577    3744    3743
    3576    3248    3250    3745    3249    3744
    3576    3574    3248    3575    3746    3745
    3574    3246    3248    3747    3247    3746
    3574    3572    3246    3573    3748    3747
    3572    3244    3246    3749    3245    3748
    3572    3570    3244    3571    3750    3749
    3570    3242    3244    3751    3243    3750
    3570    3568    3242    3569    3752    3751
    3568    3240    3242    3753    3241    3752
    3568    3566    3240    3567    3754    3753
    3566    3238    3240    3755    3239    3754
    3566    3564    3238    3565    3756    3755
    3564    3236    3238    3757    3237    3756
    3564    3562    3236    3563    3758    3757
    3562    3234    3236    3759    3235    3758
    3562    3560    3234    3561    3760    3759
    3560    3232    3234    3761    3233    3760
    3560    3558    3232    3559    3762    3761
    3558    3556    3232    3557    3763    3762
    3556    3230    3232    3764    3231    3763
    3556    3554    3230    3555    3765    3764
    3554    3228    3230    3766    3229    3765
    3554    3552    3228    3553    3767    3766
    3552    3226    3228    3768    3227    3767
    3552    3550    3226    3551    3769    3768
    3550    3224    3226    3770    3225    3769
    3550    3548    3224    3549    3771    3770
    3548    3222    3224    3772    3223    3771
    3548    3546    3222    3547    3773    3772
    3546    3220    3222    3774    3221    3773
    3546    3544    3220    3545    3775    3774
    3544    3218    3220    3776    3219    3775
    3544    3542    3218    3543    3777    3776
    3542    3216    3218    3778    3217    3777
    3542    3540    3216    3541    3779    3778
    3540    3214    3216    3780    3215    3779
    3540    3538    3214    3539    3781    3780
    3538    3212    3214    3782    3213    3781
    3538    3536    3212    3537    3783    3782
    3536    3210    3212    3784    3211    3783
    3536    3534    3210    3535    3785    3784
    3534    3208    3210    3786    3209    3785
    3534    3532    3208    3533    3787    3786
    3532    3206    3208    3788    3207    3787
    3532    3530    3206    3531    3789    3788
    3530    3204    3206    3790    3205    3789
    3530    3528    3204    3529    3791    3790
    3528    3202    3204    3792    3203    3791
    3528    3526    3202    3527    3793    3792
    3526    3200    3202    3794    3201    3793
    3526    3524    3200    3525    3795    3794
    3524    3198    3200    3796    3199    3795
    3524    3522    3198    3523    3797    3796
    3522    3520    3198    3521    3798    3797
    3520    3196    3198    3799    3197    3798
    3520    3518    3196    3519    3800    3799
    3518    3194    3196    3801    3195    3800
    3518    3516    3194    3517    3802    3801
    3516    3192    3194    3803    3193    3802
    3516    3514    3192    3515    3804    3803
    3514    3190    3192    3805    3191    3804
    3514    3512    3190    3513    3806    3805
    3512    3188    3190    3807    3189    3806
    3512    3510    3188    3511    3808    3807
    3510    3186    3188    3809    3187    3808
    3510    3508    3186    3509    3810    3809
    3508    3184    3186    3811    3185    3810
    3508    3506    3184    3507    3812    3811
    3506    3182    3184    3813    3183    3812
    3506    3504    3182    3505    3814    3813
    3504    3180    3182    3815    3181    3814
    3504    3502    3180    3503    3816    3815
    3502    3178    3180    3817    3179    3816
    3502    3500    3178    3501    3818    3817
    3500    3176    3178    3819    3177    3818
    3500    3498    3176    3499    3820    3819
    3498    3174    3176    3821    3175    3820
    3498    3496    3174    3497    3822    3821
    3496    3172    3174    3823    3173    3822
    3496    3494    3172    3495    3824    3823
    3494    3170    3172    3825    3171    3824
    3494    3492    3170    3493    3826    3825
    3492    3168    3170    3827    3169    3826
    3492    3490    3168    3491    3828    3827
    3490     985    3168    3829    3167    3828
    3490     987     985    3489     986    3829
    1325    4011    1327    4012    4013    1326
    4011    3660    1327    4014    3661    4013
    4011    4009    3660    4010    4015    4014
    4009    3658    3660    4016    3659    4015
    4009    4007    3658    4008    4017    4016
    4007    3656    3658    4018    3657    4017
    4007    4005    3656    4006    4019    4018
    4005    3654    3656    4020    3655    4019
    4005    4003    3654    4004    4021    4020
    4003    3652    3654    4022    3653    4021
    4003    4001    3652    4002    4023    4022
    4001    3650    3652    4024    3651    4023
    4001    3999    3650    4000    4025    4024
    3999    3648    3650    4026    3649    4025
    3999    3997    3648    3998    4027    4026
    3997    3646    3648    4028    3647    4027
    3997    3995    3646    3996    4029    4028
    3995    3644    3646    4030    3645    4029
    3995    3993    3644    3994    4031    4030
    3993    3642    3644    4032    3643    4031
    3993    3991    3642    3992    4033    4032
    3991    3640    3642    4034    3641    4033
    3991    3989    3640    3990    4035    4034
    3989    3638    3640    4036    3639    4035
    3989    3987    3638    3988    4037    4036
    3987    3636    3638    4038    3637    4037
    3987    3985    3636    3986    4039    4038
    3985    3634    3636    4040    3635    4039
    3985    3983    3634    3984    4041    4040
    3983    3632    3634    4042    3633    4041
    3983    3981    3632    3982    4043    4042
    3981    3630    3632    4044    3631    4043
    3981    3979    3630    3980    4045    4044
    3979    3628    3630    4046    3629    4045
    3979    3977    3628    3978    4047    4046
    3977    3975    3628    3976    4048    4047
    3975    3626    3628    4049    3627    4048
    3975    3973    3626    3974    4050    4049
    3973    3624    3626    4051    3625    4050
    3973    3971    3624    3972    4052    4051
    3971    3622    3624    4053    3623    4052
    3971    3969    3622    3970    4054    4053
    3969    3620    3622    4055    3621    4054
    3969    3967    3620    3968    4056    4055
    3967    3618    3620    4057    3619    4056
    3967    3965    3618    3966    4058    4057
    3965    3616    3618    4059    3617    4058
    3965    3963    3616    3964    4060    4059
    3963    3614    3616    4061    3615    4060
    3963    3961    3614    3962    4062    4061
    3961    3612    3614    4063    3613    4062
    3961    3959    3612    3960    4064    4063
    3959    3610    3612    4065    3611    4064
    3959    3957    3610    3958    4066    4065
    3957    3608    3610    4067    3609    4066
    3957    3955    3608    3956    4068    4067
    3955    3606    3608    4069    3607    4068
    3955    3953    3606    3954    4070    4069
    3953    3604    3606    4071    3605    4070
    3953    3951    3604    3952    4072    4071
    3951    3602    3604    4073    3603    4072
    3951    3949    3602    3950    4074    4073
    3949    3600    3602    4075    3601    4074
    3949    3947    3600    3948    4076    4075
    3947    3598    3600    4077    3599    4076
    3947    3945    3598    3946    4078    4077
    3945    3596    3598    4079    3597    4078
    3945    3943    3596    3944    4080    4079
    3943    3594    3596    4081    3595    4080
    3943    3941    3594    3942    4082    4081
    3941    3592    3594    4083    3593    4082
    3941    3939    3592    3940    4084    4083
    3939    3937    3592    3938    4085    4084
    3937    3590    3592    4086    3591    4085
    3937    3935    3590    3936    4087    4086
    3935    3588    3590    4088    3589    4087
    3935    3933    3588    3934    4089    4088
    3933    3586    3588    4090    3587    4089
    3933    3931    3586    3932    4091    4090
    3931    3584    3586    4092    3585    4091
    3931    3929    3584    3930    4093    4092
    3929    3582    3584    4094    3583    4093
    3929    3927    3582    3928    4095    4094
    3927    3580    3582    4096    3581    4095
    3927    3925    3580    3926    4097    4096
    3925    3578    3580    4098    3579    4097
    3925    3923    3578    3924    4099    4098
    3923    3576    3578    4100    3577    4099
    3923    3921    3576    3922    4101    4100
    3921    3574    3576    4102    3575    4101
    3921    3919    3574    3920    4103    4102
    3919    3572    3574    4104    3573    4103
    3919    3917    3572    3918    4105    4104
    3917    3570    3572    4106    3571    4105
    3917    3915    3570    3916    4107    4106
    3915    3568    3570    4108    3569    4107
    3915    3913    3568    3914    4109    4108
    3913    3566    3568    4110    3567    4109
    3913    3911    3566    3912    4111    4110
    3911    3564    3566    4112    3565    4111
    3911    3909    3564    3910    4113    4112
    3909    3562    3564    4114    3563    4113
    3909    3907    3562    3908    4115    4114
    3907    3560    3562    4116    3561    4115
    3907    3905    3560    3906    4117    4116
    3905    3558    3560    4118    3559    4117
    3905    3903    3558    3904    4119    4118
    3903    3901    3558    3902    4120    4119
    3901    3556    3558    4121    3557    4120
    3901    3899    3556    3900    4122    4121
    3899    3554    3556    4123    3555    4122
    3899    3897    3554    3898    4124    4123
    3897    3552    3554    4125    3553    4124
    3897    3895    3552    3896    4126    4125
    3895    3550    3552    4127    3551    4126
    3895    3893    3550    3894    4128    4127
    3893    3548    3550    4129    3549    4128
    3893    3891    3548    3892    4130    4129
    3891    3546    3548    4131    3547    4130
    3891    3889    3546    3890    4132    4131
    3889    3544    3546    4133    3545    4132
    3889    3887    3544    3888    4134    4133
    3887    3542    3544    4135    3543    4134
    3887    3885    3542    3886    4136    4135
    3885    3540    3542    4137    3541    4136
    3885    3883    3540    3884    4138    4137
    3883    3538    3540    4139    3539    4138
    3883    3881    3538    3882    4140    4139
    3881    3536    3538    4141    3537    4140
    3881    3879    3536    3880    4142    4141
    3879    3534    3536    4143    3535    4142
    3879    3877    3534    3878    4144    4143
    3877    3532    3534    4145    3533    4144
    3877    3875    3532    3876    4146    4145
    3875    3530    3532    4147    3531    4146
    3875    3873    3530    3874    4148    4147
    3873    3528    3530    4149    3529    4148
    3873    3871    3528    3872    4150    4149
    3871    3526    3528    4151    3527    4150
    3871    3869    3526    3870    4152    4151
    3869    3524    3526    4153    3525    4152
    3869    3867    3524    3868    4154    4153
    3867    3522    3524    4155    3523    4154
    3867    3865    3522    3866    4156    4155
    3865    3863    3522    3864    4157    4156
    3863    3520    3522    4158    3521    4157
    3863    3861    3520    3862    4159    4158
    3861    3518    3520    4160    3519    4159
    3861    3859    3518    3860    4161    4160
    3859    3516    3518    4162    3517    4161
    3859    3857    3516    3858    4163    4162
    3857    3514    3516    4164    3515    4163
    3857    3855    3514    3856    4165    4164
    3855    3512    3514    4166    3513    4165
    3855    3853    3512    3854    4167    4166
    3853    3510    3512    4168    3511    4167
    3853    3851    3510    3852    4169    4168
    3851    3508    3510    4170    3509    4169
    3851    3849    3508    3850    4171    4170
    3849    3506    3508    4172    3507    4171
    3849    3847    3506    3848    4173    4172
    3847    3504    3506    4174    3505    4173
    3847    3845    3504    3846    4175    4174
    3845    3502    3504    4176    3503    4175
    3845    3843    3502    3844    4177    4176
    3843    3500    3502    4178    3501    4177
    3843    3841    3500    3842    4179    4178
    3841    3498    3500    4180    3499    4179
    3841    3839    3498    3840    4181    4180
    3839    3496    3498    4182    3497    4181
    3839    3837    3496    3838    4183    4182
    3837    3494    3496    4184    3495    4183
    3837    3835    3494    3836    4185    4184
    3835    3492    3494    4186    3493    4185
    3835    3833    3492    3834    4187    4186
    3833    3490    3492    4188    3491    4187
    3833    3831    3490    3832    4189    4188
    3831     987    3490    4190    3489    4189
    3831     989     987    3830     988    4190
    1323    4382    1325    4383    4384    1324
    4382    4011    1325    4385    4012    4384
    4382    4380    4011    4381    4386    4385
    4380    4009    4011    4387    4010    4386
    4380    4378    4009    4379    4388    4387
    4378    4007    4009    4389    4008    4388
    4378    4376    4007    4377    4390    4389
    4376    4005    4007    4391    4006    4390
    4376    4374    4005    4375    4392    4391
    4374    4003    4005    4393    4004    4392
    4374    4372    4003    4373    4394    4393
    4372    4001    4003    4395    4002    4394
    4372    4370    4001    4371    4396    4395
    4370    3999    4001    4397    4000    4396
    4370    4368    3999    4369    4398    4397
    4368    3997    3999    4399    3998    4398
    4368    4366    3997    4367    4400    4399
    4366    3995    3997    4401    3996    4400
    4366    4364    3995    4365    4402    4401
    4364    3993    3995    4403    3994    4402
    4364    4362    3993    4363    4404    4403
    4362    3991    3993    4405    3992    4404
    4362    4360    3991    4361    4406    4405
    4360    3989    3991    4407    3990    4406
    4360    4358    3989    4359    4408    4407
    4358    3987    3989    4409    3988    4408
    4358    4356    3987    4357    4410    4409
    4356    3985    3987    4411    3986    4410
    4356    4354    3985    4355    4412    4411
    4354    3983    3985    4413    3984    4412
    4354    4352    3983    4353    4414    4413
    4352    3981    3983    4415    3982    4414
    4352    4350    3981    4351    4416    4415
    4350    3979    3981    4417    3980    4416
    4350    4348    3979    4349    4418    4417
    4348    3977    3979    4419    3978    4418
    4348    4346    3977    4347    4420    4419
    4346    4344    3977    4345    4421    4420
    4344    3975    3977    4422    3976    4421
    4344    4342    3975    4343    4423    4422
    4342    3973    3975    4424    3974    4423
    4342    4340    3973    4341    4425    4424
    4340    3971    3973    4426    3972    4425
    4340    4338    3971    4339    4427    4426
    4338    3969    3971    4428    3970    4427
    4338    4336    3969    4337    4429    4428
    4336    3967    3969    4430    3968    4429
    4336    4334    3967    4335    4431    4430
    4334    3965    3967    4432    3966    4431
    4334    4332    3965    4333    4433    4432
    4332    3963    3965    4434    3964    4433
    4332    4330    3963    4331    4435    4434
    4330    3961    3963    4436    3962    4435
    4330    4328    3961    4329    4437    4436
    4328    3959    3961    4438    3960    4437
    4328    4326    3959    4327    4439    4438
    4326    3957    3959    4440    3958    4439
    4326    4324    3957    4325    4441    4440
    4324    3955    3957    4442    3956    4441
    4324    4322    3955    4323    4443    4442
    4322    3953    3955    4444    3954    4443
    4322    4320    3953    4321    4445    4444
    4320    3951    3953    4446    3952    4445
    4320    4318    3951    4319    4447    4446
    4318    3949    3951    4448    3950    4447
    4318    4316    3949    4317    4449    4448
    4316    3947    3949    4450    3948    4449
    4316    4314    3947    4315    4451    4450
    4314    3945    3947    4452    3946    4451
    4314    4312    3945    4313    4453    4452
    4312    3943    3945    4454    3944    4453
    4312    4310    3943    4311    4455    4454
    4310    3941    3943    4456    3942    4455
    4310    4308    3941    4309    4457    4456
    4308    3939    3941    4458    3940    4457
    4308    4306    3939    4307    4459    4458
    4306    4304    3939    4305    4460    4459
    4304    3937    3939    4461    3938    4460
    4304    4302    3937    4303    4462    4461
    4302    3935    3937    4463    3936    4462
    4302    4300    3935    4301    4464    4463
    4300    3933    3935    4465    3934    4464
    4300    4298    3933    4299    4466    4465
    4298    3931    3933    4467    3932    4466
    4298    4296    3931    4297    4468    4467
    4296    3929    3931    4469    3930    4468
    4296    4294    3929    4295    4470    4469
    4294    3927    3929    4471    3928    4470
    4294    4292    3927    4293    4472    4471
    4292    3925    3927    4473    3926    4472
    4292    4290    3925    4291    4474    4473
    4290    3923    3925    4475    3924    4474
    4290    4288    3923    4289    4476    4475
    4288    3921    3923    4477    3922    4476
    4288    4286    3921    4287    4478    4477
    4286    3919    3921    4479    3920    4478
    4286    4284    3919    4285    4480    4479
    4284    3917    3919    4481    3918    4480
    4284    4282    3917    4283    4482    4481
    4282    3915    3917    4483    3916    4482
    4282    4280    3915    4281    4484    4483
    4280    3913    3915    4485    3914    4484
    4280    4278    3913    4279    4486    4485
    4278    3911    3913    4487    3912    4486
    4278    4276    3911    4277    4488    4487
    4276    3909    3911    4489    3910    4488
    4276    4274    3909    4275    4490    4489
    4274    3907    3909    4491    3908    4490
    4274    4272    3907    4273    4492    4491
    4272    3905    3907    4493    3906    4492
    4272    4270    3905    4271    4494    4493
    4270    3903    3905    4495    3904    4494
    4270    4268    3903    4269    4496    4495
    4268    4266    3903    4267    4497    4496
    4266    3901    3903    4498    3902    4497
    4266    4264    3901    4265    4499    4498
    4264    3899    3901    4500    3900    4499
    4264    4262    3899    4263    4501    4500
    4262    3897    3899    4502    3898    4501
    4262    4260    3897    4261    4503    4502
    4260    3895    3897    4504    3896    4503
    4260    4258    3895    4259    4505    4504
    4258    3893    3895    4506    3894    4505
    4258    4256    3893    4257    4507    4506
    4256    3891    3893    4508    3892    4507
    4256    4254    3891    4255    4509    4508
    4254    3889    3891    4510    3890    4509
    4254    4252    3889    4253    4511    4510
    4252    3887    3889    4512    3888    4511
    4252    4250    3887    4251    4513    4512
    4250    3885    3887    4514    3886    4513
    4250    4248    3885    4249    4515    4514
    4248    3883    3885    4516    3884    4515
    4248    4246    3883    4247    4517    4516
    4246    3881    3883    4518    3882    4517
    4246    4244    3881    4245    4519    4518
    4244    3879    3881    4520    3880    4519
    4244    4242    3879    4243    4521    4520
    4242    3877    3879    4522    3878    4521
    4242    4240    3877    4241    4523    4522
    4240    3875    3877    4524    3876    4523
    4240    4238    3875    4239    4525    4524
    4238    3873    3875    4526    3874    4525
    4238    4236    3873    4237    4527    4526
    4236    3871    3873    4528    3872    4527
    4236    4234    3871    4235    4529    4528
    4234    3869    3871    4530    3870    4529
    4234    4232    3869    4233    4531    4530
    4232    3867    3869    4532    3868    4531
    4232    4230    3867    4231    4533    4532
    4230    3865    3867    4534    3866    4533
    4230    4228    3865    4229    4535    4534
    4228    4226    3865    4227    4536    4535
    4226    3863    3865    4537    3864    4536
    4226    4224    3863    4225    4538    4537
    4224    3861    3863    4539    3862    4538
    4224    4222    3861    4223    4540    4539
    4222    3859    3861    4541    3860    4540
    4222    4220    3859    4221    4542    4541
    4220    3857    3859    4543    3858    4542
    4220    4218    3857    4219    4544    4543
    4218    3855    3857    4545    3856    4544
    4218    4216    3855    4217    4546    4545
    4216    3853    3855    4547    3854    4546
    4216    4214    3853    4215    4548    4547
    4214    3851    3853    4549    3852    4548
    4214    4212    3851    4213    4550    4549
    4212    3849    3851    4551    3850    4550
    4212    4210    3849    4211    4552    4551
    4210    3847    3849    4553    3848    4552
    4210    4208    3847    4209    4554    4553
    4208    3845    3847    4555    3846    4554
    4208    4206    3845    4207    4556    4555
    4206    3843    3845    4557    3844    4556
    4206    4204    3843    4205    4558    4557
    4204    3841    3843    4559    3842    4558
    4204    4202    3841    4203    4560    4559
    4202    3839    3841    4561    3840    4560
    4202    4200    3839    4201    4562    4561
    4200    3837    3839    4563    3838    4562
    4200    4198    3837    4199    4564    4563
    4198    3835    3837    4565    3836    4564
    4198    4196    3835    4197    4566    4565
    4196    3833    3835    4567    3834    4566
    4196    4194    3833    4195    4568    4567
    4194    3831    3833    4569    3832    4568
    4194    4192    3831    4193    4570    4569
    4192     989    3831    4571    3830    4570
    4192     991     989    4191     990    4571
    1321    4773    1323    4774    4775    1322
    4773    4382    1323    4776    4383    4775
    4773    4771    4382    4772    4777    4776
    4771    4380    4382    4778    4381    4777
    4771    4769    4380    4770    4779    4778
    4769    4378    4380    4780    4379    4779
    4769    4767    4378    4768    4781    4780
    4767    4376    4378    4782    4377    4781
    4767    4765    4376    4766    4783    4782
    4765    4374    4376    4784    4375    4783
    4765    4763    4374    4764    4785    4784
    4763    4372    4374    4786    4373    4785
    4763    4761    4372    4762    4787    4786
    4761    4370    4372    4788    4371    4787
    4761    4759    4370    4760    4789    4788
    4759    4368    4370    4790    4369    4789
    4759    4757    4368    4758    4791    4790
    4757    4366    4368    4792    4367    4791
    4757    4755    4366    4756    4793    4792
    4755    4364    4366    4794    4365    4793
    4755    4753    4364    4754    4795    4794
    4753    4362    4364    4796    4363    4795
    4753    4751    4362    4752    4797    4796
    4751    4360    4362    4798    4361    4797
    4751    4749    4360    4750    4799    4798
    4749    4358    4360    4800    4359    4799
    4749    4747    4358    4748    4801    4800
    4747    4356    4358    4802    4357    4801
    4747    4745    4356    4746    4803    4802
    4745    4354    4356    4804    4355    4803
    4745    4743    4354    4744    4805    4804
    4743    4352    4354    4806    4353    4805
    4743    4741    4352    4742    4807    4806
    4741    4350    4352    4808    4351    4807
    4741    4739    4350    4740    4809    4808
    4739    4348    4350    4810    4349    4809
    4739    4737    4348    4738    4811    4810
    4737    4346    4348    4812    4347    4811
    4737    4735    4346    4736    4813    4812
    4735    4733    4346    4734    4814    4813
    4733    4344    4346    4815    4345    4814
    4733    4731    4344    4732    4816    4815
    4731    4342    4344    4817    4343    4816
    4731    4729    4342    4730    4818    4817
    4729    4340    4342    4819    4341    4818
    4729    4727    4340    4728    4820    4819
    4727    4338    4340    4821    4339    4820
    4727    4725    4338    4726    4822    4821
    4725    4336    4338    4823    4337    4822
    4725    4723    4336    4724    4824    4823
    4723    4334    4336    4825    4335    4824
    4723    4721    4334    4722    4826    4825
    4721    4332    4334    4827    4333    4826
    4721    4719    4332    4720    4828    4827
    4719    4330    4332    4829    4331    4828
    4719    4717    4330    4718    4830    4829
    4717    4328    4330    4831    4329    4830
    4717    4715    4328    4716    4832    4831
    4715    4326    4328    4833    4327    4832
    4715    4713    4326    4714    4834    4833
    4713    4324    4326    4835    4325    4834
    4713    4711    4324    4712    4836    4835
    4711    4322    4324    4837    4323    4836
    4711    4709    4322    4710    4838    4837
    4709    4320    4322    4839    4321    4838
    4709    4707    4320    4708    4840    4839
    4707    4318    4320    4841    4319    4840
    4707    4705    4318    4706    4842    4841
    4705    4316    4318    4843    4317    4842
    4705    4703    4316    4704    4844    4843
    4703    4314    4316    4845    4315    4844
    4703    4701    4314    4702    4846    4845
    4701    4312    4314    4847    4313    4846
    4701    4699    4312    4700    4848    4847
    4699    4310    4312    4849    4311    4848
    4699    4697    4310    4698    4850    4849
    4697    4308    4310    4851    4309    4850
    4697    4695    4308    4696    4852    4851
    4695    4306    4308    4853    4307    4852
    4695    4693    4306    4694    4854    4853
    4693    4691    4306    4692    4855    4854
    4691    4304    4306    4856    4305    4855
    4691    4689    4304    4690    4857    4856
    4689    4302    4304    4858    4303    4857
    4689    4687    4302    4688    4859    4858
    4687    4300    4302    4860    4301    4859
    4687    4685    4300    4686    4861    4860
    4685    4298    4300    4862    4299    4861
    4685    4683    4298    4684    4863    4862
    4683    4296    4298    4864    4297    4863
    4683    4681    4296    4682    4865    4864
    4681    4294    4296    4866    4295    4865
    4681    4679    4294    4680    4867    4866
    4679    4292    4294    4868    4293    4867
    4679    4677    4292    4678    4869    4868
    4677    4290    4292    4870    4291    4869
    4677    4675    4290    4676    4871    4870
    4675    4288    4290    4872    4289    4871
    4675    4673    4288    4674    4873    4872
    4673    4286    4288    4874    4287    4873
    4673    4671    4286    4672    4875    4874
    4671    4284    4286    4876    4285    4875
    4671    4669    4284    4670    4877    4876
    4669    4282    4284    4878    4283    4877
    4669    4667    4282    4668    4879    4878
    4667    4280    4282    4880    4281    4879
    4667    4665    4280    4666    4881    4880
    4665    4278    4280    4882    4279    4881
    4665    4663    4278    4664    4883    4882
    4663    4276    4278    4884    4277    4883
    4663    4661    4276    4662    4885    4884
    4661    4274    4276    4886    4275    4885
    4661    4659    4274    4660    4887    4886
    4659    4272    4274    4888    4273    4887
    4659    4657    4272    4658    4889    4888
    4657    4270    4272    4890    4271    4889
    4657    4655    4270    4656    4891    4890
    4655    4268    4270    4892    4269    4891
    4655    4653    4268    4654    4893    4892
    4653    4651    4268    4652    4894    4893
    4651    4266    4268    4895    4267    4894
    4651    4649    4266    4650    4896    4895
    4649    4264    4266    4897    4265    4896
    4649    4647    4264    4648    4898    4897
    4647    4262    4264    4899    4263    4898
    4647    4645    4262    4646    4900    4899
    4645    4260    4262    4901    4261    4900
    4645    4643    4260    4644    4902    4901
    4643    4258    4260    4903    4259    4902
    4643    4641    4258    4642    4904    4903
    4641    4256    4258    4905    4257    4904
    4641    4639    4256    4640    4906    4905
    4639    4254    4256    4907    4255    4906
    4639    4637    4254    4638    4908    4907
    4637    4252    4254    4909    4253    4908
    4637    4635    4252    4636    4910    4909
    4635    4250    4252    4911    4251    4910
    4635    4633    4250    4634    4912    4911
    4633    4248    4250    4913    4249    4912
    4633    4631    4248    4632    4914    4913
    4631    4246    4248    4915    4247    4914
    4631    4629    4246    4630    4916    4915
    4629    4244    4246    4917    4245    4916
    4629    4627    4244    4628    4918    4917
    4627    4242    4244    4919    4243    4918
    4627    4625    4242    4626    4920    4919
    4625    4240    4242    4921    4241    4920
    4625    4623    4240    4624    4922    4921
    4623    4238    4240    4923    4239    4922
    4623    4621    4238    4622    4924    4923
    4621    4236    4238    4925    4237    4924
    4621    4619    4236    4620    4926    4925
    4619    4234    4236    4927    4235    4926
    4619    4617    4234    4618    4928    4927
    4617    4232    4234    4929    4233    4928
    4617    4615    4232    4616    4930    4929
    4615    4230    4232    4931    4231    4930
    4615    4613    4230    4614    4932    4931
    4613    4228    4230    4933    4229    4932
    4613    4611    4228    4612    4934    4933
    4611    4609    4228    4610    4935    4934
    4609    4226    4228    4936    4227    4935
    4609    4607    4226    4608    4937    4936
    4607    4224    4226    4938    4225    4937
    4607    4605    4224    4606    4939    4938
    4605    4222    4224    4940    4223    4939
    4605    4603    4222    4604    4941    4940
    4603    4220    4222    4942    4221    4941
    4603    4601    4220    4602    4943    4942
    4601    4218    4220    4944    4219    4943
    4601    4599    4218    4600    4945    4944
    4599    4216    4218    4946    4217    4945
    4599    4597    4216    4598    4947    4946
    4597    4214    4216    4948    4215    4947
    4597    4595    4214    4596    4949    4948
    4595    4212    4214    4950    4213    4949
    4595    4593    4212    4594    4951    4950
    4593    4210    4212    4952    4211    4951
    4593    4591    4210    4592    4953    4952
    4591    4208    4210    4954    4209    4953
    4591    4589    4208    4590    4955    4954
    4589    4206    4208    4956    4207    4955
    4589    4587    4206    4588    4957    4956
    4587    4204    4206    4958    4205    4957
    4587    4585    4204    4586    4959    4958
    4585    4202    4204    4960    4203    4959
    4585    4583    4202    4584    4961    4960
    4583    4200    4202    4962    4201    4961
    4583    4581    4200    4582    4963    4962
    4581    4198    4200    4964    4199    4963
    4581    4579    4198    4580    4965    4964
    4579    4196    4198    4966    4197    4965
    4579    4577    4196    4578    4967    4966
    4577    4194    4196    4968    4195    4967
    4577    4575    4194    4576    4969    4968
    4575    4192    4194    4970    4193    4969
    4575    4573    4192    4574    4971    4970
    4573     991    4192    4972    4191    4971
    4573     993     991    4572     992    4972
    1319    5186    1321    5187    5188    1320
    5186    4773    1321    5189    4774    5188
    5186    5184    4773    5185    5190    5189
    5184    4771    4773    5191    4772    5190
    5184    5182    4771    5183    5192    5191
    5182    4769    4771    5193    4770    5192
    5182    5180    4769    5181    5194    5193
    5180    4767    4769    5195    4768    5194
    5180    5178    4767    5179    5196    5195
    5178    4765    4767    5197    4766    5196
    5178    5176    4765    5177    5198    5197
    5176    4763    4765    5199    4764    5198
    5176    5174    4763    5175    5200    5199
    5174    4761    4763    5201    4762    5200
    5174    5172    4761    5173    5202    5201
    5172    4759    4761    5203    4760    5202
    5172    5170    4759    5171    5204    5203
    5170    4757    4759    5205    4758    5204
    5170    5168    4757    5169    5206    5205
    5168    4755    4757    5207    4756    5206
    5168    5166    4755    5167    5208    5207
    5166    4753    4755    5209    4754    5208
    5166    5164    4753    5165    5210    5209
    5164    4751    4753    5211    4752    5210
    5164    5162    4751    5163    5212    5211
    5162    4749    4751    5213    4750    5212
    5162    5160    4749    5161    5214    5213
    5160    4747    4749    5215    4748    5214
    5160    5158    4747    5159    5216    5215
    5158    4745    4747    5217    4746    5216
    5158    5156    4745    5157    5218    5217
    5156    4743    4745    5219    4744    5218
    5156    5154    4743    5155    5220    5219
    5154    4741    4743    5221    4742    5220
    5154    5152    4741    5153    5222    5221
    5152    5150    4741    5151    5223    5222
    5150    4739    4741    5224    4740    5223
    5150    5148    4739    5149    5225    5224
    5148    4737    4739    5226    4738    5225
    5148    5146    4737    5147    5227    5226
    5146    4735    4737    5228    4736    5227
    5146    5144    4735    5145    5229    5228
    5144    4733    4735    5230    4734    5229
    5144    5142    4733    5143    5231    5230
    5142    4731    4733    5232    4732    5231
    5142    5140    4731    5141    5233    5232
    5140    4729    4731    5234    4730    5233
    5140    5138    4729    5139    5235    5234
    5138    4727    4729    5236    4728    5235
    5138    5136    4727    5137    5237    5236
    5136    4725    4727    5238    4726    5237
    5136    5134    4725    5135    5239    5238
    5134    4723    4725    5240    4724    5239
    5134    5132    4723    5133    5241    5240
    5132    4721    4723    5242    4722    5241
    5132    5130    4721    5131    5243    5242
    5130    4719    4721    5244    4720    5243
    5130    5128    4719    5129    5245    5244
    5128    4717    4719    5246    4718    5245
    5128    5126    4717    5127    5247    5246
    5126    4715    4717    5248    4716    5247
    5126    5124    4715    5125    5249    5248
    5124    4713    4715    5250    4714    5249
    5124    5122    4713    5123    5251    5250
    5122    4711    4713    5252    4712    5251
    5122    5120    4711    5121    5253    5252
    5120    4709    4711    5254    4710    5253
    5120    5118    4709    5119    5255    5254
    5118    4707    4709    5256    4708    5255
    5118    5116    4707    5117    5257    5256
    5116    5114    4707    5115    5258    5257
    5114    4705    4707    5259    4706    5258
    5114    5112    4705    5113    5260    5259
    5112    4703    4705    5261    4704    5260
    5112    5110    4703    5111    5262    5261
    5110    4701    4703    5263    4702    5262
    5110    5108    4701    5109    5264    5263
    5108    4699    4701    5265    4700    5264
    5108    5106    4699    5107    5266    5265
    5106    4697    4699    5267    4698    5266
    5106    5104    4697    5105    5268    5267
    5104    4695    4697    5269    4696    5268
    5104    5102    4695    5103    5270    5269
    5102    4693    4695    5271    4694    5270
    5102    5100    4693    5101    5272    5271
    5100    4691    4693    5273    4692    5272
    5100    5098    4691    5099    5274    5273
    5098    4689    4691    5275    4690    5274
    5098    5096    4689    5097    5276    5275
    5096    4687    4689    5277    4688    5276
    5096    5094    4687    5095    5278    5277
    5094    4685    4687    5279    4686    5278
    5094    5092    4685    5093    5280    5279
    5092    4683    4685    5281    4684    5280
    5092    5090    4683    5091    5282    5281
    5090    4681    4683    5283    4682    5282
    5090    5088    4681    5089    5284    5283
    5088    4679    4681    5285    4680    5284
    5088    5086    4679    5087    5286    5285
    5086    4677    4679    5287    4678    5286
    5086    5084    4677    5085    5288    5287
    5084    4675    4677    5289    4676    5288
    5084    5082    4675    5083    5290    5289
    5082    4673    4675    5291    4674    5290
    5082    5080    4673    5081    5292    5291
    5080    5078    4673    5079    5293    5292
    5078    4671    4673    5294    4672    5293
    5078    5076    4671    5077    5295    5294
    5076    4669    4671    5296    4670    5295
    5076    5074    4669    5075    5297    5296
    5074    4667    4669    5298    4668    5297
    5074    5072    4667    5073    5299    5298
    5072    4665    4667    5300    4666    5299
    5072    5070    4665    5071    5301    5300
    5070    4663    4665    5302    4664    5301
    5070    5068    4663    5069    5303    5302
    5068    4661    4663    5304    4662    5303
    5068    5066    4661    5067    5305    5304
    5066    4659    4661    5306    4660    5305
    5066    5064    4659    5065    5307    5306
    5064    4657    4659    5308    4658    5307
    5064    5062    4657    5063    5309    5308
    5062    4655    4657    5310    4656    5309
    5062    5060    4655    5061    5311    5310
    5060    4653    4655    5312    4654    5311
    5060    5058    4653    5059    5313    5312
    5058    4651    4653    5314    4652    5313
    5058    5056    4651    5057    5315    5314
    5056    4649    4651    5316    4650    5315
    5056    5054    4649    5055    5317    5316
    5054    4647    4649    5318    4648    5317
    5054    5052    4647    5053    5319    5318
    5052    4645    4647    5320    4646    5319
    5052    5050    4645    5051    5321    5320
    5050    4643    4645    5322    4644    5321
    5050    5048    4643    5049    5323    5322
    5048    4641    4643    5324    4642    5323
    5048    5046    4641    5047    5325    5324
    5046    4639    4641    5326    4640    5325
    5046    5044    4639    5045    5327    5326
    5044    5042    4639    5043    5328    5327
    5042    4637    4639    5329    4638    5328
    5042    5040    4637    5041    5330    5329
    5040    4635    4637    5331    4636    5330
    5040    5038    4635    5039    5332    5331
    5038    4633    4635    5333    4634    5332
    5038    5036    4633    5037    5334    5333
    5036    4631    4633    5335    4632    5334
    5036    5034    4631    5035    5336    5335
    5034    4629    4631    5337    4630    5336
    5034    5032    4629    5033    5338    5337
    5032    4627    4629    5339    4628    5338
    5032    5030    4627    5031    5340    5339
    5030    4625    4627    5341    4626    5340
    5030    5028    4625    5029    5342    5341
    5028    4623    4625    5343    4624    5342
    5028    5026    4623    5027    5344    5343
    5026    4621    4623    5345    4622    5344
    5026    5024    4621    5025    5346    5345
    5024    4619    4621    5347    4620    5346
    5024    5022    4619    5023    5348    5347
    5022    4617    4619    5349    4618    5348
    5022    5020    4617    5021    5350    5349
    5020    4615    4617    5351    4616    5350
    5020    5018    4615    5019    5352    5351
    5018    4613    4615    5353    4614    5352
    5018    5016    4613    5017    5354    5353
    5016    4611    4613    5355    4612    5354
    5016    5014    4611    5015    5356    5355
    5014    4609    4611    5357    4610    5356
    5014    5012    4609    5013    5358    5357
    5012    4607    4609    5359    4608    5358
    5012    5010    4607    5011    5360    5359
    5010    4605    4607    5361    4606    5360
    5010    5008    4605    5009    5362    5361
    5008    5006    4605    5007    5363    5362
    5006    4603    4605    5364    4604    5363
    5006    5004    4603    5005    5365    5364
    5004    4601    4603    5366    4602    5365
    5004    5002    4601    5003    5367    5366
    5002    4599    4601    5368    4600    5367
    5002    5000    4599    5001    5369    5368
    5000    4597    4599    5370    4598    5369
    5000    4998    4597    4999    5371    5370
    4998    4595    4597    5372    4596    5371
    4998    4996    4595    4997    5373    5372
    4996    4593    4595    5374    4594    5373
    4996    4994    4593    4995    5375    5374
    4994    4591    4593    5376    4592    5375
    4994    4992    4591    4993    5377    5376
    4992    4589    4591    5378    4590    5377
    4992    4990    4589    4991    5379    5378
    4990    4587    4589    5380    4588    5379
    4990    4988    4587    4989    5381    5380
    4988    4585    4587    5382    4586    5381
    4988    4986    4585    4987    5383    5382
    4986    4583    4585    5384    4584    5383
    4986    4984    4583    4985    5385    5384
    4984    4581    4583    5386    4582    5385
    4984    4982    4581    4983    5387    5386
    4982    4579    4581    5388    4580    5387
    4982    4980    4579    4981    5389    5388
    4980    4577    4579    5390    4578    5389
    4980    4978    4577    4979    5391    5390
    4978    4575    4577    5392    4576    5391
    4978    4976    4575    4977    5393    5392
    4976    4573    4575    5394    4574    5393
    4976    4974    4573    4975    5395    5394
    4974     993    4573    5396    4572    5395
    4974     995     993    4973     994    5396
    1317    5622    1319    5623    5624    1318
    5622    5186    1319    5625    5187    5624
    5622    5620    5186    5621    5626    5625
    5620    5184    5186    5627    5185    5626
    5620    5618    5184    5619    5628    5627
    5618    5182    5184    5629    5183    5628
    5618    5616    5182    5617    5630    5629
    5616    5180    5182    5631    5181    5630
    5616    5614    5180    5615    5632    5631
    5614    5178    5180    5633    5179    5632
    5614    5612    5178    5613    5634    5633
    5612    5176    5178    5635    5177    5634
    5612    5610    5176    5611    5636    5635
    5610    5174    5176    5637    5175    5636
    5610    5608    5174    5609    5638    5637
    5608    5172    5174    5639    5173    5638
    5608    5606    5172    5607    5640    5639
    5606    5170    5172    5641    5171    5640
    5606    5604    5170    5605    5642    5641
    5604    5168    5170    5643    5169    5642
    5604    5602    5168    5603    5644    5643
    5602    5166    5168    5645    5167    5644
    5602    5600    5166    5601    5646    5645
    5600    5164    5166    5647    5165    5646
    5600    5598    5164    5599    5648    5647
    5598    5162    5164    5649    5163    5648
    5598    5596    5162    5597    5650    5649
    5596    5160    5162    5651    5161    5650
    5596    5594    5160    5595    5652    5651
    5594    5158    5160    5653    5159    5652
    5594    5592    5158    5593    5654    5653
    5592    5156    5158    5655    5157    5654
    5592    5590    5156    5591    5656    5655
    5590    5154    5156    5657    5155    5656
    5590    5588    5154    5589    5658    5657
    5588    5152    5154    5659    5153    5658
    5588    5586    5152    5587    5660    5659
    5586    5584    5152    5585    5661    5660
    5584    5150    5152    5662    5151    5661
    5584    5582    5150    5583    5663    5662
    5582    5148    5150    5664    5149    5663
    5582    5580    5148    5581    5665    5664
    5580    5146    5148    5666    5147    5665
    5580    5578    5146    5579    5667    5666
    5578    5144    5146    5668    5145    5667
    5578    5576    5144    5577    5669    5668
    5576    5142    5144    5670    5143    5669
    5576    5574    5142    5575    5671    5670
    5574    5140    5142    5672    5141    5671
    5574    5572    5140    5573    5673    5672
    5572    5138    5140    5674    5139    5673
    5572    5570    5138    5571    5675    5674
    5570    5136    5138    5676    5137    5675
    5570    5568    5136    5569    5677    5676
    5568    5134    5136    5678    5135    5677
    5568    5566    5134    5567    5679    5678
    5566    5132    5134    5680    5133    5679
    5566    5564    5132    5565    5681    5680
    5564    5130    5132    5682    5131    5681
    5564    5562    5130    5563    5683    5682
    5562    5128    5130    5684    5129    5683
    5562    5560    5128    5561    5685    5684
    5560    5126    5128    5686    5127    5685
    5560    5558    5126    5559    5687    5686
    5558    5124    5126    5688    5125    5687
    5558    5556    5124    5557    5689    5688
    5556    5122    5124    5690    5123    5689
    5556    5554    5122    5555    5691    5690
    5554    5120    5122    5692    5121    5691
    5554    5552    5120    5553    5693    5692
    5552    5118    5120    5694    5119    5693
    5552    5550    5118    5551    5695    5694
    5550    5116    5118    5696    5117    5695
    5550    5548    5116    5549    5697    5696
    5548    5546    5116    5547    5698    5697
    5546    5114    5116    5699    5115    5698
    5546    5544    5114    5545    5700    5699
    5544    5112    5114    5701    5113    5700
    5544    5542    5112    5543    5702    5701
    5542    5110    5112    5703    5111    5702
    5542    5540    5110    5541    5704    5703
    5540    5108    5110    5705    5109    5704
    5540    5538    5108    5539    5706    5705
    5538    5106    5108    5707    5107    5706
    5538    5536    5106    5537    5708    5707
    5536    5104    5106    5709    5105    5708
    5536    5534    5104    5535    5710    5709
    5534    5102    5104    5711    5103    5710
    5534    5532    5102    5533    5712    5711
    5532    5100    5102    5713    5101    5712
    5532    5530    5100    5531    5714    5713
    5530    5098    5100    5715    5099    5714
    5530    5528    5098    5529    5716    5715
    5528    5096    5098    5717    5097    5716
    5528    5526    5096    5527    5718    5717
    5526    5094    5096    5719    5095    5718
    5526    5524    5094    5525    5720    5719
    5524    5092    5094    5721    5093    5720
    5524    5522    5092    5523    5722    5721
    5522    5090    5092    5723    5091    5722
    5522    5520    5090    5521    5724    5723
    5520    5088    5090    5725    5089    5724
    5520    5518    5088    5519    5726    5725
    5518    5086    5088    5727    5087    5726
    5518    5516    5086    5517    5728    5727
    5516    5084    5086    5729    5085    5728
    5516    5514    5084    5515    5730    5729
    5514    5082    5084    5731    5083    5730
    5514    5512    5082    5513    5732    5731
    5512    5080    5082    5733    5081    5732
    5512    5510    5080    5511    5734    5733
    5510    5508    5080    5509    5735    5734
    5508    5078    5080    5736    5079    5735
    5508    5506    5078    5507    5737    5736
    5506    5076    5078    5738    5077    5737
    5506    5504    5076    5505    5739    5738
    5504    5074    5076    5740    5075    5739
    5504    5502    5074    5503    5741    5740
    5502    5072    5074    5742    5073    5741
    5502    5500    5072    5501    5743    5742
    5500    5070    5072    5744    5071    5743
    5500    5498    5070    5499    5745    5744
    5498    5068    5070    5746    5069    5745
    5498    5496    5068    5497    5747    5746
    5496    5066    5068    5748    5067    5747
    5496    5494    5066    5495    5749    5748
    5494    5064    5066    5750    5065    5749
    5494    5492    5064    5493    5751    5750
    5492    5062    5064    5752    5063    5751
    5492    5490    5062    5491    5753    5752
    5490    5060    5062    5754    5061    5753
    5490    5488    5060    5489    5755    5754
    5488    5058    5060    5756    5059    5755
    5488    5486    5058    5487    5757    5756
    5486    5056    5058    5758    5057    5757
    5486    5484    5056    5485    5759    5758
    5484    5054    5056    5760    5055    5759
    5484    5482    5054    5483    5761    5760
    5482    5052    5054    5762    5053    5761
    5482    5480    5052    5481    5763    5762
    5480    5050    5052    5764    5051    5763
    5480    5478    5050    5479    5765    5764
    5478    5048    5050    5766    5049    5765
    5478    5476    5048    5477    5767    5766
    5476    5046    5048    5768    5047    5767
    5476    5474    5046    5475    5769    5768
    5474    5044    5046    5770    5045    5769
    5474    5472    5044    5473    5771    5770
    5472    5470    5044    5471    5772    5771
    5470    5042    5044    5773    5043    5772
    5470    5468    5042    5469    5774    5773
    5468    5040    5042    5775    5041    5774
    5468    5466    5040    5467    5776    5775
    5466    5038    5040    5777    5039    5776
    5466    5464    5038    5465    5778    5777
    5464    5036    5038    5779    5037    5778
    5464    5462    5036    5463    5780    5779
    5462    5034    5036    5781    5035    5780
    5462    5460    5034    5461    5782    5781
    5460    5032    5034    5783    5033    5782
    5460    5458    5032    5459    5784    5783
    5458    5030    5032    5785    5031    5784
    5458    5456    5030    5457    5786    5785
    5456    5028    5030    5787    5029    5786
    5456    5454    5028    5455    5788    5787
    5454    5026    5028    5789    5027    5788
    5454    5452    5026    5453    5790    5789
    5452    5024    5026    5791    5025    5790
    5452    5450    5024    5451    5792    5791
    5450    5022    5024    5793    5023    5792
    5450    5448    5022    5449    5794    5793
    5448    5020    5022    5795    5021    5794
    5448    5446    5020    5447    5796    5795
    5446    5018    5020    5797    5019    5796
    5446    5444    5018    5445    5798    5797
    5444    5016    5018    5799    5017    5798
    5444    5442    5016    5443    5800    5799
    5442    5014    5016    5801    5015    5800
    5442    5440    5014    5441    5802    5801
    5440    5012    5014    5803    5013    5802
    5440    5438    5012    5439    5804    5803
    5438    5010    5012    5805    5011    5804
    5438    5436    5010    5437    5806    5805
    5436    5008    5010    5807    5009    5806
    5436    5434    5008    5435    5808    5807
    5434    5432    5008    5433    5809    5808
    5432    5006    5008    5810    5007    5809
    5432    5430    5006    5431    5811    5810
    5430    5004    5006    5812    5005    5811
    5430    5428    5004    5429    5813    5812
    5428    5002    5004    5814    5003    5813
    5428    5426    5002    5427    5815    5814
    5426    5000    5002    5816    5001    5815
    5426    5424    5000    5425    5817    5816
    5424    4998    5000    5818    4999    5817
    5424    5422    4998    5423    5819    5818
    5422    4996    4998    5820    4997    5819
    5422    5420    4996    5421    5821    5820
    5420    4994    4996    5822    4995    5821
    5420    5418    4994    5419    5823    5822
    5418    4992    4994    5824    4993    5823
    5418    5416    4992    5417    5825    5824
    5416    4990    4992    5826    4991    5825
    5416    5414    4990    5415    5827    5826
    5414    4988    4990    5828    4989    5827
    5414    5412    4988    5413    5829    5828
    5412    4986    4988    5830    4987    5829
    5412    5410    4986    5411    5831    5830
    5410    4984    4986    5832    4985    5831
    5410    5408    4984    5409    5833    5832
    5408    4982    4984    5834    4983    5833
    5408    5406    4982    5407    5835    5834
    5406    4980    4982    5836    4981    5835
    5406    5404    4980    5405    5837    5836
    5404    4978    4980    5838    4979    5837
    5404    5402    4978    5403    5839    5838
    5402    4976    4978    5840    4977    5839
    5402    5400    4976    5401    5841    5840
    5400    4974    4976    5842    4975    5841
    5400    5398    4974    5399    5843    5842
    5398     995    4974    5844    4973    5843
    5398     997     995    5397     996    5844
    1315    6082    1317    6083    6084    1316
    6082    5622    1317    6085    5623    6084
    6082    6080    5622    6081    6086    6085
    6080    5620    5622    6087    5621    6086
    6080    6078    5620    6079    6088    6087
    6078    5618    5620    6089    5619    6088
    6078    6076    5618    6077    6090    6089
    6076    5616    5618    6091    5617    6090
    6076    6074    5616    6075    6092    6091
    6074    5614    5616    6093    5615    6092
    6074    6072    5614    6073    6094    6093
    6072    5612    5614    6095    5613    6094
    6072    6070    5612    6071    6096    6095
    6070    5610    5612    6097    5611    6096
    6070    6068    5610    6069    6098    6097
    6068    5608    5610    6099    5609    6098
    6068    6066    5608    6067    6100    6099
    6066    5606    5608    6101    5607    6100
    6066    6064    5606    6065    6102    6101
    6064    5604    5606    6103    5605    6102
    6064    6062    5604    6063    6104    6103
    6062    5602    5604    6105    5603    6104
    6062    6060    5602    6061    6106    6105
    6060    5600    5602    6107    5601    6106
    6060    6058    5600    6059    6108    6107
    6058    5598    5600    6109    5599    6108
    6058    6056    5598    6057    6110    6109
    6056    5596    5598    6111    5597    6110
    6056    6054    5596    6055    6112    6111
    6054    5594    5596    6113    5595    6112
    6054    6052    5594    6053    6114    6113
    6052    5592    5594    6115    5593    6114
    6052    6050    5592    6051    6116    6115
    6050    5590    5592    6117    5591    6116
    6050    6048    5590    6049    6118    6117
    6048    5588    5590    6119    5589    6118
    6048    6046    5588    6047    6120    6119
    6046    5586    5588    6121    5587    6120
    6046    6044    5586    6045    6122    6121
    6044    6042    5586    6043    6123    6122
    6042    5584    5586    6124    5585    6123
    6042    6040    5584    6041    6125    6124
    6040    5582    5584    6126    5583    6125
    6040    6038    5582    6039    6127    6126
    6038    5580    5582    6128    5581    6127
    6038    6036    5580    6037    6129    6128
    6036    5578    5580    6130    5579    6129
    6036    6034    5578    6035    6131    6130
    6034    5576    5578    6132    5577    6131
    6034    6032    5576    6033    6133    6132
    6032    5574    5576    6134    5575    6133
    6032    6030    5574    6031    6135    6134
    6030    5572    5574    6136    5573    6135
    6030    6028    5572    6029    6137    6136
    6028    5570    5572    6138    5571    6137
    6028    6026    5570    6027    6139    6138
    6026    5568    5570    6140    5569    6139
    6026    6024    5568    6025    6141    6140
    6024    5566    5568    6142    5567    6141
    6024    6022    5566    6023    6143    6142
    6022    5564    5566    6144    5565    6143
    6022    6020    5564    6021    6145    6144
    6020    5562    5564    6146    5563    6145
    6020    6018    5562    6019    6147    6146
    6018    5560    5562    6148    5561    6147
    6018    6016    5560    6017    6149    6148
    6016    5558    5560    6150    5559    6149
    6016    6014    5558    6015    6151    6150
    6014    5556    5558    6152    5557    6151
    6014    6012    5556    6013    6153    6152
    6012    5554    5556    6154    5555    6153
    6012    6010    5554    6011    6155    6154
    6010    5552    5554    6156    5553    6155
    6010    6008    5552    6009    6157    6156
    6008    5550    5552    6158    5551    6157
    6008    6006    5550    6007    6159    6158
    6006    5548    5550    6160    5549    6159
    6006    6004    5548    6005    6161    6160
    6004    6002    5548    6003    6162    6161
    6002    5546    5548    6163    5547    6162
    6002    6000    5546    6001    6164    6163
    6000    5544    5546    6165    5545    6164
    6000    5998    5544    5999    6166    6165
    5998    5542    5544    6167    5543    6166
    5998    5996    5542    5997    6168    6167
    5996    5540    5542    6169    5541    6168
    5996    5994    5540    5995    6170    6169
    5994    5538    5540    6171    5539    6170
    5994    5992    5538    5993    6172    6171
    5992    5536    5538    6173    5537    6172
    5992    5990    5536    5991    6174    6173
    5990    5534    5536    6175    5535    6174
    5990    5988    5534    5989    6176    6175
    5988    5532    5534    6177    5533    6176
    5988    5986    5532    5987    6178    6177
    5986    5530    5532    6179    5531    6178
    5986    5984    5530    5985    6180    6179
    5984    5528    5530    6181    5529    6180
    5984    5982    5528    5983    6182    6181
    5982    5526    5528    6183    5527    6182
    5982    5980    5526    5981    6184    6183
    5980    5524    5526    6185    5525    6184
    5980    5978    5524    5979    6186    6185
    5978    5522    5524    6187    5523    6186
    5978    5976    5522    5977    6188    6187
    5976    5520    5522    6189    5521    6188
    5976    5974    5520    5975    6190    6189
    5974    5518    5520    6191    5519    6190
    5974    5972    5518    5973    6192    6191
    5972    5516    5518    6193    5517    6192
    5972    5970    5516    5971    6194    6193
    5970    5514    5516    6195    5515    6194
    5970    5968    5514    5969    6196    6195
    5968    5512    5514    6197    5513    6196
    5968    5966    5512    5967    6198    6197
    5966    5510    5512    6199    5511    6198
    5966    5964    5510    5965    6200    6199
    5964    5962    5510    5963    6201    6200
    5962    5508    5510    6202    5509    6201
    5962    5960    5508    5961    6203    6202
    5960    5506    5508    6204    5507    6203
    5960    5958    5506    5959    6205    6204
    5958    5504    5506    6206    5505    6205
    5958    5956    5504    5957    6207    6206
    5956    5502    5504    6208    5503    6207
    5956    5954    5502    5955    6209    6208
    5954    5500    5502    6210    5501    6209
    5954    5952    5500    5953    6211    6210
    5952    5498    5500    6212    5499    6211
    5952    5950    5498    5951    6213    6212
    5950    5496    5498    6214    5497    6213
    5950    5948    5496    5949    6215    6214
    5948    5494    5496    6216    5495    6215
    5948    5946    5494    5947    6217    6216
    5946    5492    5494    6218    5493    6217
    5946    5944    5492    5945    6219    6218
    5944    5490    5492    6220    5491    6219
    5944    5942    5490    5943    6221    6220
    5942    5488    5490    6222    5489    6221
    5942    5940    5488    5941    6223    6222
    5940    5486    5488    6224    5487    6223
    5940    5938    5486    5939    6225    6224
    5938    5484    5486    6226    5485    6225
    5938    5936    5484    5937    6227    6226
    5936    5482    5484    6228    5483    6227
    5936    5934    5482    5935    6229    6228
    5934    5480    5482    6230    5481    6229
    5934    5932    5480    5933    6231    6230
    5932    5478    5480    6232    5479    6231
    5932    5930    5478    5931    6233    6232
    5930    5476    5478    6234    5477    6233
    5930    5928    5476    5929    6235    6234
    5928    5474    5476    6236    5475    6235
    5928    5926    5474    5927    6237    6236
    5926    5472    5474    6238    5473    6237
    5926    5924    5472    5925    6239    6238
    5924    5922    5472    5923    6240    6239
    5922    5470    5472    6241    5471    6240
    5922    5920    5470    5921    6242    6241
    5920    5468    5470    6243    5469    6242
    5920    5918    5468    5919    6244    6243
    5918    5466    5468    6245    5467    6244
    5918    5916    5466    5917    6246    6245
    5916    5464    5466    6247    5465    6246
    5916    5914    5464    5915    6248    6247
    5914    5462    5464    6249    5463    6248
    5914    5912    5462    5913    6250    6249
    5912    5460    5462    6251    5461    6250
    5912    5910    5460    5911    6252    6251
    5910    5458    5460    6253    5459    6252
    5910    5908    5458    5909    6254    6253
    5908    5456    5458    6255    5457    6254
    5908    5906    5456    5907    6256    6255
    5906    5454    5456    6257    5455    6256
    5906    5904    5454    5905    6258    6257
    5904    5452    5454    6259    5453    6258
    5904    5902    5452    5903    6260    6259
    5902    5450    5452    6261    5451    6260
    5902    5900    5450    5901    6262    6261
    5900    5448    5450    6263    5449    6262
    5900    5898    5448    5899    6264    6263
    5898    5446    5448    6265    5447    6264
    5898    5896    5446    5897    6266    6265
    5896    5444    5446    6267    5445    6266
    5896    5894    5444    5895    6268    6267
    5894    5442    5444    6269    5443    6268
    5894    5892    5442    5893    6270    6269
    5892    5440    5442    6271    5441    6270
    5892    5890    5440    5891    6272    6271
    5890    5438    5440    6273    5439    6272
    5890    5888    5438    5889    6274    6273
    5888    5436    5438    6275    5437    6274
    5888    5886    5436    5887    6276    6275
    5886    5434    5436    6277    5435    6276
    5886    5884    5434    5885    6278    6277
    5884    5882    5434    5883    6279    6278
    5882    5432    5434    6280    5433    6279
    5882    5880    5432    5881    6281    6280
    5880    5430    5432    6282    5431    6281
    5880    5878    5430    5879    6283    6282
    5878    5428    5430    6284    5429    6283
    5878    5876    5428    5877    6285    6284
    5876    5426    5428    6286    5427    6285
    5876    5874    5426    5875    6287    6286
    5874    5424    5426    6288    5425    6287
    5874    5872    5424    5873    6289    6288
    5872    5422    5424    6290    5423    6289
    5872    5870    5422    5871    6291    6290
    5870    5420    5422    6292    5421    6291
    5870    5868    5420    5869    6293    6292
    5868    5418    5420    6294    5419    6293
    5868    5866    5418    5867    6295    6294
    5866    5416    5418    6296    5417    6295
    5866    5864    5416    5865    6297    6296
    5864    5414    5416    6298    5415    6297
    5864    5862    5414    5863    6299    6298
    5862    5412    5414    6300    5413    6299
    5862    5860    5412    5861    6301    6300
    5860    5410    5412    6302    5411    6301
    5860    5858    5410    5859    6303    6302
    5858    5408    5410    6304    5409    6303
    5858    5856    5408    5857    6305    6304
    5856    5406    5408    6306    5407    6305
    5856    5854    5406    5855    6307    6306
    5854    5404    5406    6308    5405    6307
    5854    5852    5404    5853    6309    6308
    5852    5402    5404    6310    5403    6309
    5852    5850    5402    5851    6311    6310
    5850    5400    5402    6312    5401    6311
    5850    5848    5400    5849    6313    6312
    5848    5398    5400    6314    5399    6313
    5848    5846    5398    5847    6315    6314
    5846     997    5398    6316    5397    6315
    5846     999     997    5845     998    6316
    1313    6568    1315    6569    6570    1314
    6568    6082    1315    6571    6083    6570
    6568    6566    6082    6567    6572    6571
    6566    6080    6082    6573    6081    6572
    6566    6564    6080    6565    6574    6573
    6564    6078    6080    6575    6079    6574
    6564    6562    6078    6563    6576    6575
    6562    6076    6078    6577    6077    6576
    6562    6560    6076    6561    6578    6577
    6560    6074    6076    6579    6075    6578
    6560    6558    6074    6559    6580    6579
    6558    6072    6074    6581    6073    6580
    6558    6556    6072    6557    6582    6581
    6556    6070    6072    6583    6071    6582
    6556    6554    6070    6555    6584    6583
    6554    6068    6070    6585    6069    6584
    6554    6552    6068    6553    6586    6585
    6552    6066    6068    6587    6067    6586
    6552    6550    6066    6551    6588    6587
    6550    6064    6066    6589    6065    6588
    6550    6548    6064    6549    6590    6589
    6548    6062    6064    6591    6063    6590
    6548    6546    6062    6547    6592    6591
    6546    6060    6062    6593    6061    6592
    6546    6544    6060    6545    6594    6593
    6544    6058    6060    6595    6059    6594
    6544    6542    6058    6543    6596    6595
    6542    6056    6058    6597    6057    6596
    6542    6540    6056    6541    6598    6597
    6540    6054    6056    6599    6055    6598
    6540    6538    6054    6539    6600    6599
    6538    6052    6054    6601    6053    6600
    6538    6536    6052    6537    6602    6601
    6536    6050    6052    6603    6051    6602
    6536    6534    6050    6535    6604    6603
    6534    6532    6050    6533    6605    6604
    6532    6048    6050    6606    6049    6605
    6532    6530    6048    6531    6607    6606
    6530    6046    6048    6608    6047    6607
    6530    6528    6046    6529    6609    6608
    6528    6044    6046    6610    6045    6609
    6528    6526    6044    6527    6611    6610
    6526    6042    6044    6612    6043    6611
    6526    6524    6042    6525    6613    6612
    6524    6040    6042    6614    6041    6613
    6524    6522    6040    6523    6615    6614
    6522    6038    6040    6616    6039    6615
    6522    6520    6038    6521    6617    6616
    6520    6036    6038    6618    6037    6617
    6520    6518    6036    6519    6619    6618
    6518    6034    6036    6620    6035    6619
    6518    6516    6034    6517    6621    6620
    6516    6032    6034    6622    6033    6621
    6516    6514    6032    6515    6623    6622
    6514    6030    6032    6624    6031    6623
    6514    6512    6030    6513    6625    6624
    6512    6028    6030    6626    6029    6625
    6512    6510    6028    6511    6627    6626
    6510    6026    6028    6628    6027    6627
    6510    6508    6026    6509    6629    6628
    6508    6024    6026    6630    6025    6629
    6508    6506    6024    6507    6631    6630
    6506    6022    6024    6632    6023    6631
    6506    6504    6022    6505    6633    6632
    6504    6020    6022    6634    6021    6633
    6504    6502    6020    6503    6635    6634
    6502    6018    6020    6636    6019    6635
    6502    6500    6018    6501    6637    6636
    6500    6016    6018    6638    6017    6637
    6500    6498    6016    6499    6639    6638
    6498    6496    6016    6497    6640    6639
    6496    6014    6016    6641    6015    6640
    6496    6494    6014    6495    6642    6641
    6494    6012    6014    6643    6013    6642
    6494    6492    6012    6493    6644    6643
    6492    6010    6012    6645    6011    6644
    6492    6490    6010    6491    6646    6645
    6490    6008    6010    6647    6009    6646
    6490    6488    6008    6489    6648    6647
    6488    6006    6008    6649    6007    6648
    6488    6486    6006    6487    6650    6649
    6486    6004    6006    6651    6005    6650
    6486    6484    6004    6485    6652    6651
    6484    6002    6004    6653    6003    6652
    6484    6482    6002    6483    6654    6653
    6482    6000    6002    6655    6001    6654
    6482    6480    6000    6481    6656    6655
    6480    5998    6000    6657    5999    6656
    6480    6478    5998    6479    6658    6657
    6478    5996    5998    6659    5997    6658
    6478    6476    5996    6477    6660    6659
    6476    5994    5996    6661    5995    6660
    6476    6474    5994    6475    6662    6661
    6474    5992    5994    6663    5993    6662
    6474    6472    5992    6473    6664    6663
    6472    5990    5992    6665    5991    6664
    6472    6470    5990    6471    6666    6665
    6470    5988    5990    6667    5989    6666
    6470    6468    5988    6469    6668    6667
    6468    5986    5988    6669    5987    6668
    6468    6466    5986    6467    6670    6669
    6466    5984    5986    6671    5985    6670
    6466    6464    5984    6465    6672    6671
    6464    5982    5984    6673    5983    6672
    6464    6462    5982    6463    6674    6673
    6462    5980    5982    6675    5981    6674
    6462    6460    5980    6461    6676    6675
    6460    6458    5980    6459    6677    6676
    6458    5978    5980    6678    5979    6677
    6458    6456    5978    6457    6679    6678
    6456    5976    5978    6680    5977    6679
    6456    6454    5976    6455    6681    6680
    6454    5974    5976    6682    5975    6681
    6454    6452    5974    6453    6683    6682
    6452    5972    5974    6684    5973    6683
    6452    6450    5972    6451    6685    6684
    6450    5970    5972    6686    5971    6685
    6450    6448    5970    6449    6687    6686
    6448    5968    5970    6688    5969    6687
    6448    6446    5968    6447    6689    6688
    6446    5966    5968    6690    5967    6689
    6446    6444    5966    6445    6691    6690
    6444    5964    5966    6692    5965    6691
    6444    6442    5964    6443    6693    6692
    6442    5962    5964    6694    5963    6693
    6442    6440    5962    6441    6695    6694
    6440    5960    5962    6696    5961    6695
    6440    6438    5960    6439    6697    6696
    6438    5958    5960    6698    5959    6697
    6438    6436    5958    6437    6699    6698
    6436    5956    5958    6700    5957    6699
    6436    6434    5956    6435    6701    6700
    6434    5954    5956    6702    5955    6701
    6434    6432    5954    6433    6703    6702
    6432    5952    5954    6704    5953    6703
    6432    6430    5952    6431    6705    6704
    6430    5950    5952    6706    5951    6705
    6430    6428    5950    6429    6707    6706
    6428    5948    5950    6708    5949    6707
    6428    6426    5948    6427    6709    6708
    6426    6424    5948    6425    6710    6709
    6424    5946    5948    6711    5947    6710
    6424    6422    5946    6423    6712    6711
    6422    5944    5946    6713    5945    6712
    6422    6420    5944    6421    6714    6713
    6420    5942    5944    6715    5943    6714
    6420    6418    5942    6419    6716    6715
    6418    5940    5942    6717    5941    6716
    6418    6416    5940    6417    6718    6717
    6416    5938    5940    6719    5939    6718
    6416    6414    5938    6415    6720    6719
    6414    5936    5938    6721    5937    6720
    6414    6412    5936    6413    6722    6721
    6412    5934    5936    6723    5935    6722
    6412    6410    5934    6411    6724    6723
    6410    5932    5934    6725    5933    6724
    6410    6408    5932    6409    6726    6725
    6408    5930    5932    6727    5931    6726
    6408    6406    5930    6407    6728    6727
    6406    5928    5930    6729    5929    6728
    6406    6404    5928    6405    6730    6729
    6404    5926    5928    6731    5927    6730
    6404    6402    5926    6403    6732    6731
    6402    5924    5926    6733    5925    6732
    6402    6400    5924    6401    6734    6733
    6400    5922    5924    6735    5923    6734
    6400    6398    5922    6399    6736    6735
    6398    5920    5922    6737    5921    6736
    6398    6396    5920    6397    6738    6737
    6396    5918    5920    6739    5919    6738
    6396    6394    5918    6395    6740    6739
    6394    5916    5918    6741    5917    6740
    6394    6392    5916    6393    6742    6741
    6392    5914    5916    6743    5915    6742
    6392    6390    5914    6391    6744    6743
    6390    5912    5914    6745    5913    6744
    6390    6388    5912    6389    6746    6745
    6388    6386    5912    6387    6747    6746
    6386    5910    5912    6748    5911    6747
    6386    6384    5910    6385    6749    6748
    6384    5908    5910    6750    5909    6749
    6384    6382    5908    6383    6751    6750
    6382    5906    5908    6752    5907    6751
    6382    6380    5906    6381    6753    6752
    6380    5904    5906    6754    5905    6753
    6380    6378    5904    6379    6755    6754
    6378    5902    5904    6756    5903    6755
    6378    6376    5902    6377    6757    6756
    6376    5900    5902    6758    5901    6757
    6376    6374    5900    6375    6759    6758
    6374    5898    5900    6760    5899    6759
    6374    6372    5898    6373    6761    6760
    6372    5896    5898    6762    5897    6761
    6372    6370    5896    6371    6763    6762
    6370    5894    5896    6764    5895    6763
    6370    6368    5894    6369    6765    6764
    6368    5892    5894    6766    5893    6765
    6368    6366    5892    6367    6767    6766
    6366    5890    5892    6768    5891    6767
    6366    6364    5890    6365    6769    6768
    6364    5888    5890    6770    5889    6769
    6364    6362    5888    6363    6771    6770
    6362    5886    5888    6772    5887    6771
    6362    6360    5886    6361    6773    6772
    6360    5884    5886    6774    5885    6773
    6360    6358    5884    6359    6775    6774
    6358    5882    5884    6776    5883    6775
    6358    6356    5882    6357    6777    6776
    6356    5880    5882    6778    5881    6777
    6356    6354    5880    6355    6779    6778
    6354    5878    5880    6780    5879    6779
    6354    6352    5878    6353    6781    6780
    6352    6350    5878    6351    6782    6781
    6350    5876    5878    6783    5877    6782
    6350    6348    5876    6349    6784    6783
    6348    5874    5876    6785    5875    6784
    6348    6346    5874    6347    6786    6785
    6346    5872    5874    6787    5873    6786
    6346    6344    5872    6345    6788    6787
    6344    5870    5872    6789    5871    6788
    6344    6342    5870    6343    6790    6789
    6342    5868    5870    6791    5869    6790
    6342    6340    5868    6341    6792    6791
    6340    5866    5868    6793    5867    6792
    6340    6338    5866    6339    6794    6793
    6338    5864    5866    6795    5865    6794
    6338    6336    5864    6337    6796    6795
    6336    5862    5864    6797    5863    6796
    6336    6334    5862    6335    6798    6797
    6334    5860    5862    6799    5861    6798
    6334    6332    5860    6333    6800    6799
    6332    5858    5860    6801    5859    6800
    6332    6330    5858    6331    6802    6801
    6330    5856    5858    6803    5857    6802
    6330    6328    5856    6329    6804    6803
    6328    5854    5856    6805    5855    6804
    6328    6326    5854    6327    6806    6805
    6326    5852    5854    6807    5853    6806
    6326    6324    5852    6325    6808    6807
    6324    5850    5852    6809    5851    6808
    6324    6322    5850    6323    6810    6809
    6322    5848    5850    6811    5849    6810
    6322    6320    5848    6321    6812    6811
    6320    5846    5848    6813    5847    6812
    6320    6318    5846    6319    6814    6813
    6318     999    5846    6815    5845    6814
    6318    1001     999    6317    1000    6815
    1311    7081    1313    7082    7083    1312
    7081    6568    1313    7084    6569    7083
    7081    7079    6568    7080    7085    7084
    7079    6566    6568    7086    6567    7085
    7079    7077    6566    7078    7087    7086
    7077    6564    6566    7088    6565    7087
    7077    7075    6564    7076    7089    7088
    7075    6562    6564    7090    6563    7089
    7075    7073    6562    7074    7091    7090
    7073    6560    6562    7092    6561    7091
    7073    7071    6560    7072    7093    7092
    7071    6558    6560    7094    6559    7093
    7071    7069    6558    7070    7095    7094
    7069    6556    6558    7096    6557    7095
    7069    7067    6556    7068    7097    7096
    7067    6554    6556    7098    6555    7097
    7067    7065    6554    7066    7099    7098
    7065    6552    6554    7100    6553    7099
    7065    7063    6552    7064    7101    7100
    7063    6550    6552    7102    6551    7101
    7063    7061    6550    7062    7103    7102
    7061    6548    6550    7104    6549    7103
    7061    7059    6548    7060    7105    7104
    7059    6546    6548    7106    6547    7105
    7059    7057    6546    7058    7107    7106
    7057    6544    6546    7108    6545    7107
    7057    7055    6544    7056    7109    7108
    7055    6542    6544    7110    6543    7109
    7055    7053    6542    7054    7111    7110
    7053    6540    6542    7112    6541    7111
    7053    7051    6540    7052    7113    7112
    7051    6538    6540    7114    6539    7113
    7051    7049    6538    7050    7115    7114
    7049    6536    6538    7116    6537    7115
    7049    7047    6536    7048    7117    7116
    7047    6534    6536    7118    6535    7117
    7047    7045    6534    7046    7119    7118
    7045    7043    6534    7044    7120    7119
    7043    6532    6534    7121    6533    7120
    7043    7041    6532    7042    7122    7121
    7041    6530    6532    7123    6531    7122
    7041    7039    6530    7040    7124    7123
    7039    6528    6530    7125    6529    7124
    7039    7037    6528    7038    7126    7125
    7037    6526    6528    7127    6527    7126
    7037    7035    6526    7036    7128    7127
    7035    6524    6526    7129    6525    7128
    7035    7033    6524    7034    7130    7129
    7033    6522    6524    7131    6523    7130
    7033    7031    6522    7032    7132    7131
    7031    6520    6522    7133    6521    7132
    7031    7029    6520    7030    7134    7133
    7029    6518    6520    7135    6519    7134
    7029    7027    6518    7028    7136    7135
    7027    6516    6518    7137    6517    7136
    7027    7025    6516    7026    7138    7137
    7025    6514    6516    7139    6515    7138
    7025    7023    6514    7024    7140    7139
    7023    6512    6514    7141    6513    7140
    7023    7021    6512    7022    7142    7141
    7021    6510    6512    7143    6511    7142
    7021    7019    6510    7020    7144    7143
    7019    6508    6510    7145    6509    7144
    7019    7017    6508    7018    7146    7145
    7017    6506    6508    7147    6507    7146
    7017    7015    6506    7016    7148    7147
    7015    6504    6506    7149    6505    7148
    7015    7013    6504    7014    7150    7149
    7013    6502    6504    7151    6503    7150
    7013    7011    6502    7012    7152    7151
    7011    6500    6502    7153    6501    7152
    7011    7009    6500    7010    7154    7153
    7009    6498    6500    7155    6499    7154
    7009    7007    6498    7008    7156    7155
    7007    6496    6498    7157    6497    7156
    7007    7005    6496    7006    7158    7157
    7005    7003    6496    7004    7159    7158
    7003    6494    6496    7160    6495    7159
    7003    7001    6494    7002    7161    7160
    7001    6492    6494    7162    6493    7161
    7001    6999    6492    7000    7163    7162
    6999    6490    6492    7164    6491    7163
    6999    6997    6490    6998    7165    7164
    6997    6488    6490    7166    6489    7165
    6997    6995    6488    6996    7167    7166
    6995    6486    6488    7168    6487    7167
    6995    6993    6486    6994    7169    7168
    6993    6484    6486    7170    6485    7169
    6993    6991    6484    6992    7171    7170
    6991    6482    6484    7172    6483    7171
    6991    6989    6482    6990    7173    7172
    6989    6480    6482    7174    6481    7173
    6989    6987    6480    6988    7175    7174
    6987    6478    6480    7176    6479    7175
    6987    6985    6478    6986    7177    7176
    6985    6476    6478    7178    6477    7177
    6985    6983    6476    6984    7179    7178
    6983    6474    6476    7180    6475    7179
    6983    6981    6474    6982    7181    7180
    6981    6472    6474    7182    6473    7181
    6981    6979    6472    6980    7183    7182
    6979    6470    6472    7184    6471    7183
    6979    6977    6470    6978    7185    7184
    6977    6468    6470    7186    6469    7185
    6977    6975    6468    6976    7187    7186
    6975    6466    6468    7188    6467    7187
    6975    6973    6466    6974    7189    7188
    6973    6464    6466    7190    6465    7189
    6973    6971    6464    6972    7191    7190
    6971    6462    6464    7192    6463    7191
    6971    6969    6462    6970    7193    7192
    6969    6460    6462    7194    6461    7193
    6969    6967    6460    6968    7195    7194
    6967    6965    6460    6966    7196    7195
    6965    6458    6460    7197    6459    7196
    6965    6963    6458    6964    7198    7197
    6963    6456    6458    7199    6457    7198
    6963    6961    6456    6962    7200    7199
    6961    6454    6456    7201    6455    7200
    6961    6959    6454    6960    7202    7201
    6959    6452    6454    7203    6453    7202
    6959    6957    6452    6958    7204    7203
    6957    6450    6452    7205    6451    7204
    6957    6955    6450    6956    7206    7205
    6955    6448    6450    7207    6449    7206
    6955    6953    6448    6954    7208    7207
    6953    6446    6448    7209    6447    7208
    6953    6951    6446    6952    7210    7209
    6951    6444    6446    7211    6445    7210
    6951    6949    6444    6950    7212    7211
    6949    6442    6444    7213    6443    7212
    6949    6947    6442    6948    7214    7213
    6947    6440    6442    7215    6441    7214
    6947    6945    6440    6946    7216    7215
    6945    6438    6440    7217    6439    7216
    6945    6943    6438    6944    7218    7217
    6943    6436    6438    7219    6437    7218
    6943    6941    6436    6942    7220    7219
    6941    6434    6436    7221    6435    7220
    6941    6939    6434    6940    7222    7221
    6939    6432    6434    7223    6433    7222
    6939    6937    6432    6938    7224    7223
    6937    6430    6432    7225    6431    7224
    6937    6935    6430    6936    7226    7225
    6935    6428    6430    7227    6429    7226
    6935    6933    6428    6934    7228    7227
    6933    6426    6428    7229    6427    7228
    6933    6931    6426    6932    7230    7229
    6931    6929    6426    6930    7231    7230
    6929    6424    6426    7232    6425    7231
    6929    6927    6424    6928    7233    7232
    6927    6422    6424    7234    6423    7233
    6927    6925    6422    6926    7235    7234
    6925    6420    6422    7236    6421    7235
    6925    6923    6420    6924    7237    7236
    6923    6418    6420    7238    6419    7237
    6923    6921    6418    6922    7239    7238
    6921    6416    6418    7240    6417    7239
    6921    6919    6416    6920    7241    7240
    6919    6414    6416    7242    6415    7241
    6919    6917    6414    6918    7243    7242
    6917    6412    6414    7244    6413    7243
    6917    6915    6412    6916    7245    7244
    6915    6410    6412    7246    6411    7245
    6915    6913    6410    6914    7247    7246
    6913    6408    6410    7248    6409    7247
    6913    6911    6408    6912    7249    7248
    6911    6406    6408    7250    6407    7249
    6911    6909    6406    6910    7251    7250
    6909    6404    6406    7252    6405    7251
    6909    6907    6404    6908    7253    7252
    6907    6402    6404    7254    6403    7253
    6907    6905    6402    6906    7255    7254
    6905    6400    6402    7256    6401    7255
    6905    6903    6400    6904    7257    7256
    6903    6398    6400    7258    6399    7257
    6903    6901    6398    6902    7259    7258
    6901    6396    6398    7260    6397    7259
    6901    6899    6396    6900    7261    7260
    6899    6394    6396    7262    6395    7261
    6899    6897    6394    6898    7263    7262
    6897    6392    6394    7264    6393    7263
    6897    6895    6392    6896    7265    7264
    6895    6390    6392    7266    6391    7265
    6895    6893    6390    6894    7267    7266
    6893    6891    6390    6892    7268    7267
    6891    6388    6390    7269    6389    7268
    6891    6889    6388    6890    7270    7269
    6889    6386    6388    7271    6387    7270
    6889    6887    6386    6888    7272    7271
    6887    6384    6386    7273    6385    7272
    6887    6885    6384    6886    7274    7273
    6885    6382    6384    7275    6383    7274
    6885    6883    6382    6884    7276    7275
    6883    6380    6382    7277    6381    7276
    6883    6881    6380    6882    7278    7277
    6881    6378    6380    7279    6379    7278
    6881    6879    6378    6880    7280    7279
    6879    6376    6378    7281    6377    7280
    6879    6877    6376    6878    7282    7281
    6877    6374    6376    7283    6375    7282
    6877    6875    6374    6876    7284    7283
    6875    6372    6374    7285    6373    7284
    6875    6873    6372    6874    7286    7285
    6873    6370    6372    7287    6371    7286
    6873    6871    6370    6872    7288    7287
    6871    6368    6370    7289    6369    7288
    6871    6869    6368    6870    7290    7289
    6869    6366    6368    7291    6367    7290
    6869    6867    6366    6868    7292    7291
    6867    6364    6366    7293    6365    7292
    6867    6865    6364    6866    7294    7293
    6865    6362    6364    7295    6363    7294
    6865    6863    6362    6864    7296    7295
    6863    6360    6362    7297    6361    7296
    6863    6861    6360    6862    7298    7297
    6861    6358    6360    7299    6359    7298
    6861    6859    6358    6860    7300    7299
    6859    6356    6358    7301    6357    7300
    6859    6857    6356    6858    7302    7301
    6857    6354    6356    7303    6355    7302
    6857    6855    6354    6856    7304    7303
    6855    6352    6354    7305    6353    7304
    6855    6853    6352    6854    7306    7305
    6853    6851    6352    6852    7307    7306
    6851    6350    6352    7308    6351    7307
    6851    6849    6350    6850    7309    7308
    6849    6348    6350    7310    6349    7309
    6849    6847    6348    6848    7311    7310
    6847    6346    6348    7312    6347    7311
    6847    6845    6346    6846    7313    7312
    6845    6344    6346    7314    6345    7313
    6845    6843    6344    6844    7315    7314
    6843    6342    6344    7316    6343    7315
    6843    6841    6342    6842    7317    7316
    6841    6340    6342    7318    6341    7317
    6841    6839    6340    6840    7319    7318
    6839    6338    6340    7320    6339    7319
    6839    6837    6338    6838    7321    7320
    6837    6336    6338    7322    6337    7321
    6837    6835    6336    6836    7323    7322
    6835    6334    6336    7324    6335    7323
    6835    6833    6334    6834    7325    7324
    6833    6332    6334    7326    6333    7325
    6833    6831    6332    6832    7327    7326
    6831    6330    6332    7328    6331    7327
    6831    6829    6330    6830    7329    7328
    6829    6328    6330    7330    6329    7329
    6829    6827    6328    6828    7331    7330
    6827    6326    6328    7332    6327    7331
    6827    6825    6326    6826    7333    7332
    6825    6324    6326    7334    6325    7333
    6825    6823    6324    6824    7335    7334
    6823    6322    6324    7336    6323    7335
    6823    6821    6322    6822    7337    7336
    6821    6320    6322    7338    6321    7337
    6821    6819    6320    6820    7339    7338
    6819    6318    6320    7340    6319    7339
    6819    6817    6318    6818    7341    7340
    6817    1001    6318    7342    6317    7341
    6817    1003    1001    6816    1002    7342
    1309    7624    1311    7625    7626    1310
    7624    7081    1311    7627    7082    7626
    7624    7622    7081    7623    7628    7627
    7622    7079    7081    7629    7080    7628
    7622    7620    7079    7621    7630    7629
    7620    7077    7079    7631    7078    7630
    7620    7618    7077    7619    7632    7631
    7618    7075    7077    7633    7076    7632
    7618    7616    7075    7617    7634    7633
    7616    7073    7075    7635    7074    7634
    7616    7614    7073    7615    7636    7635
    7614    7071    7073    7637    7072    7636
    7614    7612    7071    7613    7638    7637
    7612    7069    7071    7639    7070    7638
    7612    7610    7069    7611    7640    7639
    7610    7067    7069    7641    7068    7640
    7610    7608    7067    7609    7642    7641
    7608    7065    7067    7643    7066    7642
    7608    7606    7065    7607    7644    7643
    7606    7063    7065    7645    7064    7644
    7606    7604    7063    7605    7646    7645
    7604    7061    7063    7647    7062    7646
    7604    7602    7061    7603    7648    7647
    7602    7059    7061    7649    7060    7648
    7602    7600    7059    7601    7650    7649
    7600    7057    7059    7651    7058    7650
    7600    7598    7057    7599    7652    7651
    7598    7055    7057    7653    7056    7652
    7598    7596    7055    7597    7654    7653
    7596    7053    7055    7655    7054    7654
    7596    7594    7053    7595    7656    7655
    7594    7051    7053    7657    7052    7656
    7594    7592    7051    7593    7658    7657
    7592    7049    7051    7659    7050    7658
    7592    7590    7049    7591    7660    7659
    7590    7588    7049    7589    7661    7660
    7588    7047    7049    7662    7048    7661
    7588    7586    7047    7587    7663    7662
    7586    7045    7047    7664    7046    7663
    7586    7584    7045    7585    7665    7664
    7584    7043    7045    7666    7044    7665
    7584    7582    7043    7583    7667    7666
    7582    7041    7043    7668    7042    7667
    7582    7580    7041    7581    7669    7668
    7580    7039    7041    7670    7040    7669
    7580    7578    7039    7579    7671    7670
    7578    7037    7039    7672    7038    7671
    7578    7576    7037    7577    7673    7672
    7576    7035    7037    7674    7036    7673
    7576    7574    7035    7575    7675    7674
    7574    7033    7035    7676    7034    7675
    7574    7572    7033    7573    7677    7676
    7572    7031    7033    7678    7032    7677
    7572    7570    7031    7571    7679    7678
    7570    7029    7031    7680    7030    7679
    7570    7568    7029    7569    7681    7680
    7568    7027    7029    7682    7028    7681
    7568    7566    7027    7567    7683    7682
    7566    7025    7027    7684    7026    7683
    7566    7564    7025    7565    7685    7684
    7564    7023    7025    7686    7024    7685
    7564    7562    7023    7563    7687    7686
    7562    7021    7023    7688    7022    7687
    7562    7560    7021    7561    7689    7688
    7560    7019    7021    7690    7020    7689
    7560    7558    7019    7559    7691    7690
    7558    7017    7019    7692    7018    7691
    7558    7556    7017    7557    7693    7692
    7556    7015    7017    7694    7016    7693
    7556    7554    7015    7555    7695    7694
    7554    7552    7015    7553    7696    7695
    7552    7013    7015    7697    7014    7696
    7552    7550    7013    7551    7698    7697
    7550    7011    7013    7699    7012    7698
    7550    7548    7011    7549    7700    7699
    7548    7009    7011    7701    7010    7700
    7548    7546    7009    7547    7702    7701
    7546    7007    7009    7703    7008    7702
    7546    7544    7007    7545    7704    7703
    7544    7005    7007    7705    7006    7704
    7544    7542    7005    7543    7706    7705
    7542    7003    7005    7707    7004    7706
    7542    7540    7003    7541    7708    7707
    7540    7001    7003    7709    7002    7708
    7540    7538    7001    7539    7710    7709
    7538    6999    7001    7711    7000    7710
    7538    7536    6999    7537    7712    7711
    7536    6997    6999    7713    6998    7712
    7536    7534    6997    7535    7714    7713
    7534    6995    6997    7715    6996    7714
    7534    7532    6995    7533    7716    7715
    7532    6993    6995    7717    6994    7716
    7532    7530    6993    7531    7718    7717
    7530    6991    6993    7719    6992    7718
    7530    7528    6991    7529    7720    7719
    7528    6989    6991    7721    6990    7720
    7528    7526    6989    7527    7722    7721
    7526    6987    6989    7723    6988    7722
    7526    7524    6987    7525    7724    7723
    7524    6985    6987    7725    6986    7724
    7524    7522    6985    7523    7726    7725
    7522    6983    6985    7727    6984    7726
    7522    7520    6983    7521    7728    7727
    7520    7518    6983    7519    7729    7728
    7518    6981    6983    7730    6982    7729
    7518    7516    6981    7517    7731    7730
    7516    6979    6981    7732    6980    7731
    7516    7514    6979    7515    7733    7732
    7514    6977    6979    7734    6978    7733
    7514    7512    6977    7513    7735    7734
    7512    6975    6977    7736    6976    7735
    7512    7510    6975    7511    7737    7736
    7510    6973    6975    7738    6974    7737
    7510    7508    6973    7509    7739    7738
    7508    6971    6973    7740    6972    7739
    7508    7506    6971    7507    7741    7740
    7506    6969    6971    7742    6970    7741
    7506    7504    6969    7505    7743    7742
    7504    6967    6969    7744    6968    7743
    7504    7502    6967    7503    7745    7744
    7502    6965    6967    7746    6966    7745
    7502    7500    6965    7501    7747    7746
    7500    6963    6965    7748    6964    7747
    7500    7498    6963    7499    7749    7748
    7498    6961    6963    7750    6962    7749
    7498    7496    6961    7497    7751    7750
    7496    6959    6961    7752    6960    7751
    7496    7494    6959    7495    7753    7752
    7494    6957    6959    7754    6958    7753
    7494    7492    6957    7493    7755    7754
    7492    6955    6957    7756    6956    7755
    7492    7490    6955    7491    7757    7756
    7490    6953    6955    7758    6954    7757
    7490    7488    6953    7489    7759    7758
    7488    6951    6953    7760    6952    7759
    7488    7486    6951    7487    7761    7760
    7486    6949    6951    7762    6950    7761
    7486    7484    6949    7485    7763    7762
    7484    7482    6949    7483    7764    7763
    7482    6947    6949    7765    6948    7764
    7482    7480    6947    7481    7766    7765
    7480    6945    6947    7767    6946    7766
    7480    7478    6945    7479    7768    7767
    7478    6943    6945    7769    6944    7768
    7478    7476    6943    7477    7770    7769
    7476    6941    6943    7771    6942    7770
    7476    7474    6941    7475    7772    7771
    7474    6939    6941    7773    6940    7772
    7474    7472    6939    7473    7774    7773
    7472    6937    6939    7775    6938    7774
    7472    7470    6937    7471    7776    7775
    7470    6935    6937    7777    6936    7776
    7470    7468    6935    7469    7778    7777
    7468    6933    6935    7779    6934    7778
    7468    7466    6933    7467    7780    7779
    7466    6931    6933    7781    6932    7780
    7466    7464    6931    7465    7782    7781
    7464    6929    6931    7783    6930    7782
    7464    7462    6929    7463    7784    7783
    7462    6927    6929    7785    6928    7784
    7462    7460    6927    7461    7786    7785
    7460    6925    6927    7787    6926    7786
    7460    7458    6925    7459    7788    7787
    7458    6923    6925    7789    6924    7788
    7458    7456    6923    7457    7790    7789
    7456    6921    6923    7791    6922    7790
    7456    7454    6921    7455    7792    7791
    7454    6919    6921    7793    6920    7792
    7454    7452    6919    7453    7794    7793
    7452    6917    6919    7795    6918    7794
    7452    7450    6917    7451    7796    7795
    7450    6915    6917    7797    6916    7796
    7450    7448    6915    7449    7798    7797
    7448    7446    6915    7447    7799    7798
    7446    6913    6915    7800    6914    7799
    7446    7444    6913    7445    7801    7800
    7444    6911    6913    7802    6912    7801
    7444    7442    6911    7443    7803    7802
    7442    6909    6911    7804    6910    7803
    7442    7440    6909    7441    7805    7804
    7440    6907    6909    7806    6908    7805
    7440    7438    6907    7439    7807    7806
    7438    6905    6907    7808    6906    7807
    7438    7436    6905    7437    7809    7808
    7436    6903    6905    7810    6904    7809
    7436    7434    6903    7435    7811    7810
    7434    6901    6903    7812    6902    7811
    7434    7432    6901    7433    7813    7812
    7432    6899    6901    7814    6900    7813
    7432    7430    6899    7431    7815    7814
    7430    6897    6899    7816    6898    7815
    7430    7428    6897    7429    7817    7816
    7428    6895    6897    7818    6896    7817
    7428    7426    6895    7427    7819    7818
    7426    6893    6895    7820    6894    7819
    7426    7424    6893    7425    7821    7820
    7424    6891    6893    7822    6892    7821
    7424    7422    6891    7423    7823    7822
    7422    6889    6891    7824    6890    7823
    7422    7420    6889    7421    7825    7824
    7420    6887    6889    7826    6888    7825
    7420    7418    6887    7419    7827    7826
    7418    6885    6887    7828    6886    7827
    7418    7416    6885    7417    7829    7828
    7416    6883    6885    7830    6884    7829
    7416    7414    6883    7415    7831    7830
    7414    7412    6883    7413    7832    7831
    7412    6881    6883    7833    6882    7832
    7412    7410    6881    7411    7834    7833
    7410    6879    6881    7835    6880    7834
    7410    7408    6879    7409    7836    7835
    7408    6877    6879    7837    6878    7836
    7408    7406    6877    7407    7838    7837
    7406    6875    6877    7839    6876    7838
    7406    7404    6875    7405    7840    7839
    7404    6873    6875    7841    6874    7840
    7404    7402    6873    7403    7842    7841
    7402    6871    6873    7843    6872    7842
    7402    7400    6871    7401    7844    7843
    7400    6869    6871    7845    6870    7844
    7400    7398    6869    7399    7846    7845
    7398    6867    6869    7847    6868    7846
    7398    7396    6867    7397    7848    7847
    7396    6865    6867    7849    6866    7848
    7396    7394    6865    7395    7850    7849
    7394    6863    6865    7851    6864    7850
    7394    7392    6863    7393    7852    7851
    7392    6861    6863    7853    6862    7852
    7392    7390    6861    7391    7854    7853
    7390    6859    6861    7855    6860    7854
    7390    7388    6859    7389    7856    7855
    7388    6857    6859    7857    6858    7856
    7388    7386    6857    7387    7858    7857
    7386    6855    6857    7859    6856    7858
    7386    7384    6855    7385    7860    7859
    7384    6853    6855    7861    6854    7860
    7384    7382    6853    7383    7862    7861
    7382    6851    6853    7863    6852    7862
    7382    7380    6851    7381    7864    7863
    7380    6849    6851    7865    6850    7864
    7380    7378    6849    7379    7866    7865
    7378    7376    6849    7377    7867    7866
    7376    6847    6849    7868    6848    7867
    7376    7374    6847    7375    7869    7868
    7374    6845    6847    7870    6846    7869
    7374    7372    6845    7373    7871    7870
    7372    6843    6845    7872    6844    7871
    7372    7370    6843    7371    7873    7872
    7370    6841    6843    7874    6842    7873
    7370    7368    6841    7369    7875    7874
    7368    6839    6841    7876    6840    7875
    7368    7366    6839    7367    7877    7876
    7366    6837    6839    7878    6838    7877
    7366    7364    6837    7365    7879    7878
    7364    6835    6837    7880    6836    7879
    7364    7362    6835    7363    7881    7880
    7362    6833    6835    7882    6834    7881
    7362    7360    6833    7361    7883    7882
    7360    6831    6833    7884    6832    7883
    7360    7358    6831    7359    7885    7884
    7358    6829    6831    7886    6830    7885
    7358    7356    6829    7357    7887    7886
    7356    6827    6829    7888    6828    7887
    7356    7354    6827    7355    7889    7888
    7354    6825    6827    7890    6826    7889
    7354    7352    6825    7353    7891    7890
    7352    6823    6825    7892    6824    7891
    7352    7350    6823    7351    7893    7892
    7350    6821    6823    7894    6822    7893
    7350    7348    6821    7349    7895    7894
    7348    6819    6821    7896    6820    7895
    7348    7346    6819    7347    7897    7896
    7346    6817    6819    7898    6818    7897
    7346    7344    6817    7345    7899    7898
    7344    1003    6817    7900    6816    7899
    7344    1005    1003    7343    1004    7900
    1307    1305    1309    1306    7901    1308
    1305    7624    1309    7902    7625    7901
    1305    1303    7624    1304    7903    7902
    1303    7622    7624    7904    7623    7903
    1303    1301    7622    1302    7905    7904
    1301    7620    7622    7906    7621    7905
    1301    1299    7620    1300    7907    7906
    1299    7618    7620    7908    7619    7907
    1299    1297    7618    1298    7909    7908
    1297    7616    7618    7910    7617    7909
    1297    1295    7616    1296    7911    7910
    1295    7614    7616    7912    7615    7911
    1295    1293    7614    1294    7913    7912
    1293    7612    7614    7914    7613    7913
    1293    1291    7612    1292    7915    7914
    1291    7610    7612    7916    7611    7915
    1291    1289    7610    1290    7917    7916
    1289    7608    7610    7918    7609    7917
    1289    1287    7608    1288    7919    7918
    1287    7606    7608    7920    7607    7919
    1287    1285    7606    1286    7921    7920
    1285    7604    7606    7922    7605    7921
    1285    1283    7604    1284    7923    7922
    1283    7602    7604    7924    7603    7923
    1283    1281    7602    1282    7925    7924
    1281    7600    7602    7926    7601    7925
    1281    1279    7600    1280    7927    7926
    1279    7598    7600    7928    7599    7927
    1279    1277    7598    1278    7929    7928
    1277    7596    7598    7930    7597    7929
    1277    1275    7596    1276    7931    7930
    1275    7594    7596    7932    7595    7931
    1275    1273    7594    1274    7933    7932
    1273    7592    7594    7934    7593    7933
    1273    1271    7592    1272    7935    7934
    1271    7590    7592    7936    7591    7935
    1271    1269    7590    1270    7937    7936
    1269    1267    7590    1268    7938    7937
    1267    7588    7590    7939    7589    7938
    1267    1265    7588    1266    7940    7939
    1265    7586    7588    7941    7587    7940
    1265    1263    7586    1264    7942    7941
    1263    7584    7586    7943    7585    7942
    1263    1261    7584    1262    7944    7943
    1261    7582    7584    7945    7583    7944
    1261    1259    7582    1260    7946    7945
    1259    7580    7582    7947    7581    7946
    1259    1257    7580    1258    7948    7947
    1257    7578    7580    7949    7579    7948
    1257    1255    7578    1256    7950    7949
    1255    7576    7578    7951    7577    7950
    1255    1253    7576    1254    7952    7951
    1253    7574    7576    7953    7575    7952
    1253    1251    7574    1252    7954    7953
    1251    7572    7574    7955    7573    7954
    1251    1249    7572    1250    7956    7955
    1249    7570    7572    7957    7571    7956
    1249    1247    7570    1248    7958    7957
    1247    7568    7570    7959    7569    7958
    1247    1245    7568    1246    7960    7959
    1245    7566    7568    7961    7567    7960
    1245    1243    7566    1244    7962    7961
    1243    7564    7566    7963    7565    7962
    1243    1241    7564    1242    7964    7963
    1241    7562    7564    7965    7563    7964
    1241    1239    7562    1240    7966    7965
    1239    7560    7562    7967    7561    7966
    1239    1237    7560    1238    7968    7967
    1237    7558    7560    7969    7559    7968
    1237    1235    7558    1236    7970    7969
    1235    7556    7558    7971    7557    7970
    1235    1233    7556    1234    7972    7971
    1233    7554    7556    7973    7555    7972
    1233    1231    7554    1232    7974    7973
    1231    1229    7554    1230    7975    7974
    1229    7552    7554    7976    7553    7975
    1229    1227    7552    1228    7977    7976
    1227    7550    7552    7978    7551    7977
    1227    1225    7550    1226    7979    7978
    1225    7548    7550    7980    7549    7979
    1225    1223    7548    1224    7981    7980
    1223    7546    7548    7982    7547    7981
    1223    1221    7546    1222    7983    7982
    1221    7544    7546    7984    7545    7983
    1221    1219    7544    1220    7985    7984
    1219    7542    7544    7986    7543    7985
    1219    1217    7542    1218    7987    7986
    1217    7540    7542    7988    7541    7987
    1217    1215    7540    1216    7989    7988
    1215    7538    7540    7990    7539    7989
    1215    1213    7538    1214    7991    7990
    1213    7536    7538    7992    7537    7991
    1213    1211    7536    1212    7993    7992
    1211    7534    7536    7994    7535    7993
    1211    1209    7534    1210    7995    7994
    1209    7532    7534    7996    7533    7995
    1209    1207    7532    1208    7997    7996
    1207    7530    7532    7998    7531    7997
    1207    1205    7530    1206    7999    7998
    1205    7528    7530    8000    7529    7999
    1205    1203    7528    1204    8001    8000
    1203    7526    7528    8002    7527    8001
    1203    1201    7526    1202    8003    8002
    1201    7524    7526    8004    7525    8003
    1201    1199    7524    1200    8005    8004
    1199    7522    7524    8006    7523    8005
    1199    1197    7522    1198    8007    8006
    1197    7520    7522    8008    7521    8007
    1197    1195    7520    1196    8009    8008
    1195    7518    7520    8010    7519    8009
    1195    1193    7518    1194    8011    8010
    1193    1191    7518    1192    8012    8011
    1191    7516    7518    8013    7517    8012
    1191    1189    7516    1190    8014    8013
    1189    7514    7516    8015    7515    8014
    1189    1187    7514    1188    8016    8015
    1187    7512    7514    8017    7513    8016
    1187    1185    7512    1186    8018    8017
    1185    7510    7512    8019    7511    8018
    1185    1183    7510    1184    8020    8019
    1183    7508    7510    8021    7509    8020
    1183    1181    7508    1182    8022    8021
    1181    7506    7508    8023    7507    8022
    1181    1179    7506    1180    8024    8023
    1179    7504    7506    8025    7505    8024
    1179    1177    7504    1178    8026    8025
    1177    7502    7504    8027    7503    8026
    1177    1175    7502    1176    8028    8027
    1175    7500    7502    8029    7501    8028
    1175    1173    7500    1174    8030    8029
    1173    7498    7500    8031    7499    8030
    1173    1171    7498    1172    8032    8031
    1171    7496    7498    8033    7497    8032
    1171    1169    7496    1170    8034    8033
    1169    7494    7496    8035    7495    8034
    1169    1167    7494    1168    8036    8035
    1167    7492    7494    8037    7493    8036
    1167    1165    7492    1166    8038    8037
    1165    7490    7492    8039    7491    8038
    1165    1163    7490    1164    8040    8039
    1163    7488    7490    8041    7489    8040
    1163    1161    7488    1162    8042    8041
    1161    7486    7488    8043    7487    8042
    1161    1159    7486    1160    8044    8043
    1159    7484    7486    8045    7485    8044
    1159    1157    7484    1158    8046    8045
    1157    1155    7484    1156    8047    8046
    1155    7482    7484    8048    7483    8047
    1155    1153    7482    1154    8049    8048
    1153    7480    7482    8050    7481    8049
    1153    1151    7480    1152    8051    8050
    1151    7478    7480    8052    7479    8051
    1151    1149    7478    1150    8053    8052
    1149    7476    7478    8054    7477    8053
    1149    1147    7476    1148    8055    8054
    1147    7474    7476    8056    7475    8055
    1147    1145    7474    1146    8057    8056
    1145    7472    7474    8058    7473    8057
    1145    1143    7472    1144    8059    8058
    1143    7470    7472    8060    7471    8059
    1143    1141    7470    1142    8061    8060
    1141    7468    7470    8062    7469    8061
    1141    1139    7468    1140    8063    8062
    1139    7466    7468    8064    7467    8063
    1139    1137    7466    1138    8065    8064
    1137    7464    7466    8066    7465    8065
    1137    1135    7464    1136    8067    8066
    1135    7462    7464    8068    7463    8067
    1135    1133    7462    1134    8069    8068
    1133    7460    7462    8070    7461    8069
    1133    1131    7460    1132    8071    8070
    1131    7458    7460    8072    7459    8071
    1131    1129    7458    1130    8073    8072
    1129    7456    7458    8074    7457    8073
    1129    1127    7456    1128    8075    8074
    1127    7454    7456    8076    7455    8075
    1127    1125    7454    1126    8077    8076
    1125    7452    7454    8078    7453    8077
    1125    1123    7452    1124    8079    8078
    1123    7450    7452    8080    7451    8079
    1123    1121    7450    1122    8081    8080
    1121    1119    7450    1120    8082    8081
    1119    7448    7450    8083    7449    8082
    1119    1117    7448    1118    8084    8083
    1117    7446    7448    8085    7447    8084
    1117    1115    7446    1116    8086    8085
    1115    7444    7446    8087    7445    8086
    1115    1113    7444    1114    8088    8087
    1113    7442    7444    8089    7443    8088
    1113    1111    7442    1112    8090    8089
    1111    7440    7442    8091    7441    8090
    1111    1109    7440    1110    8092    8091
    1109    7438    7440    8093    7439    8092
    1109    1107    7438    1108    8094    8093
    1107    7436    7438    8095    7437    8094
    1107    1105    7436    1106    8096    8095
    1105    7434    7436    8097    7435    8096
    1105    1103    7434    1104    8098    8097
    1103    7432    7434    8099    7433    8098
    1103    1101    7432    1102    8100    8099
    1101    7430    7432    8101    7431    8100
    1101    1099    7430    1100    8102    8101
    1099    7428    7430    8103    7429    8102
    1099    1097    7428    1098    8104    8103
    1097    7426    7428    8105    7427    8104
    1097    1095    7426    1096    8106    8105
    1095    7424    7426    8107    7425    8106
    1095    1093    7424    1094    8108    8107
    1093    7422    7424    8109    7423    8108
    1093    1091    7422    1092    8110    8109
    1091    7420    7422    8111    7421    8110
    1091    1089    7420    1090    8112    8111
    1089    7418    7420    8113    7419    8112
    1089    1087    7418    1088    8114    8113
    1087    7416    7418    8115    7417    8114
    1087    1085    7416    1086    8116    8115
    1085    7414    7416    8117    7415    8116
    1085    1083    7414    1084    8118    8117
    1083    1081    7414    1082    8119    8118
    1081    7412    7414    8120    7413    8119
    1081    1079    7412    1080    8121    8120
    1079    7410    7412    8122    7411    8121
    1079    1077    7410    1078    8123    8122
    1077    7408    7410    8124    7409    8123
    1077    1075    7408    1076    8125    8124
    1075    7406    7408    8126    7407    8125
    1075    1073    7406    1074    8127    8126
    1073    7404    7406    8128    7405    8127
    1073    1071    7404    1072    8129    8128
    1071    7402    7404    8130    7403    8129
    1071    1069    7402    1070    8131    8130
    1069    7400    7402    8132    7401    8131
    1069    1067    7400    1068    8133    8132
    1067    7398    7400    8134    7399    8133
    1067    1065    7398    1066    8135    8134
    1065    7396    7398    8136    7397    8135
    1065    1063    7396    1064    8137    8136
    1063    7394    7396    8138    7395    8137
    1063    1061    7394    1062    8139    8138
    1061    7392    7394    8140    7393    8139
    1061    1059    7392    1060    8141    8140
    1059    7390    7392    8142    7391    8141
    1059    1057    7390    1058    8143    8142
    1057    7388    7390    8144    7389    8143
    1057    1055    7388    1056    8145    8144
    1055    7386    7388    8146    7387    8145
    1055    1053    7386    1054    8147    8146
    1053    7384    7386    8148    7385    8147
    1053    1051    7384    1052    8149    8148
    1051    7382    7384    8150    7383    8149
    1051    1049    7382    1050    8151    8150
    1049    7380    7382    8152    7381    8151
    1049    1047    7380    1048    8153    8152
    1047    7378    7380    8154    7379    8153
    1047    1045    7378    1046    8155    8154
    1045    1043    7378    1044    8156    8155
    1043    7376    7378    8157    7377    8156
    1043    1041    7376    1042    8158    8157
    1041    7374    7376    8159    7375    8158
    1041    1039    7374    1040    8160    8159
    1039    7372    7374    8161    7373    8160
    1039    1037    7372    1038    8162    8161
    1037    7370    7372    8163    7371    8162
    1037    1035    7370    1036    8164    8163
    1035    7368    7370    8165    7369    8164
    1035    1033    7368    1034    8166    8165
    1033    7366    7368    8167    7367    8166
    1033    1031    7366    1032    8168    8167
    1031    7364    7366    8169    7365    8168
    1031    1029    7364    1030    8170    8169
    1029    7362    7364    8171    7363    8170
    1029    1027    7362    1028    8172    8171
    1027    7360    7362    8173    7361    8172
    1027    1025    7360    1026    8174    8173
    1025    7358    7360    8175    7359    8174
    1025    1023    7358    1024    8176    8175
    1023    7356    7358    8177    7357    8176
    1023    1021    7356    1022    8178    8177
    1021    7354    7356    8179    7355    8178
    1021    1019    7354    1020    8180    8179
    1019    7352    7354    8181    7353    8180
    1019    1017    7352    1018    8182    8181
    1017    7350    7352    8183    7351    8182
    1017    1015    7350    1016    8184    8183
    1015    7348    7350    8185    7349    8184
    1015    1013    7348    1014    8186    8185
    1013    7346    7348    8187    7347    8186
    1013    1011    7346    1012    8188    8187
    1011    7344    7346    8189    7345    8188
    1011    1009    7344    1010    8190    8189
    1009    1005    7344    1345    7343    8190
    1009    1007    1005    1008    1006    1345
           </DataArray>
           <DataArray type="UInt32" Name="offsets" format="ascii">
         6        12        18        24        30        36        42        48        54        60        66        72        78        84        90        96       102       108       114       120       126       132       138       144       150       156       162       168       174       180       186       192       198       204       210       216       222       228       234       240       246       252       258       264       270       276       282       288       294       300       306       312       318       324       330       336       342       348       354       360       366       372       378       384       390       396       402       408       414       420       426       432       438       444       450       456       462       468       474       480       486       492       498       504       510       516       522       528       534       540       546       552       558       564       570       576       582       588       594       600
       606       612       618       624       630       636       642       648       654       660       666       672       678       684       690       696       702       708       714       720       726       732       738       744       750       756       762       768       774       780       786       792       798       804       810       816       822       828       834       840       846       852       858       864       870       876       882       888       894       900       906       912       918       924       930       936       942       948       954       960       966       972       978       984       990       996      1002      1008      1014      1020      1026      1032      1038      1044      1050      1056      1062      1068      1074      1080      1086      1092      1098      1104      1110      1116      1122      1128      1134      1140      1146      1152      1158      1164      1170      1176      1182      1188      1194      1200
      1206      1212      1218      1224      1230      1236      1242      1248      1254      1260      1266      1272      1278      1284      1290      1296      1302      1308      1314      1320      1326      1332      1338      1344      1350      1356      1362      1368      1374      1380      1386      1392      1398      1404      1410      1416      1422      1428      1434      1440      1446      1452      1458      1464      1470      1476      1482      1488      1494      1500      1506      1512      1518      1524      1530      1536      1542      1548      1554      1560      1566      1572      1578      1584      1590      1596      1602      1608      1614      1620      1626      1632      1638      1644      1650      1656      1662      1668      1674      1680      1686      1692      1698      1704      1710      1716      1722      1728      1734      1740      1746      1752      1758      1764      1770      1776      1782      1788      1794      1800
      1806      1812      1818      1824      1830      1836      1842      1848      1854      1860      1866      1872      1878      1884      1890      1896      1902      1908      1914      1920      1926      1932      1938      1944      1950      1956      1962      1968      1974      1980      1986      1992      1998      2004      2010      2016      2022      2028      2034      2040      2046      2052      2058      2064      2070      2076      2082      2088      2094      2100      2106      2112      2118      2124      2130      2136      2142      2148      2154      2160      2166      2172      2178      2184      2190      2196      2202      2208      2214      2220      2226      2232      2238      2244      2250      2256      2262      2268      2274      2280      2286      2292      2298      2304      2310      2316      2322      2328      2334      2340      2346      2352      2358      2364      2370      2376      2382      2388      2394      2400
      2406      2412      2418      2424      2430      2436      2442      2448      2454      2460      2466      2472      2478      2484      2490      2496      2502      2508      2514      2520      2526      2532      2538      2544      2550      2556      2562      2568      2574      2580      2586      2592      2598      2604      2610      2616      2622      2628      2634      2640      2646      2652      2658      2664      2670      2676      2682      2688      2694      2700      2706      2712      2718      2724      2730      2736      2742      2748      2754      2760      2766      2772      2778      2784      2790      2796      2802      2808      2814      2820      2826      2832      2838      2844      2850      2856      2862      2868      2874      2880      2886      2892      2898      2904      2910      2916      2922      2928      2934      2940      2946      2952      2958      2964      2970      2976      2982      2988      2994      3000
      3006      3012      3018      3024      3030      3036      3042      3048      3054      3060      3066      3072      3078      3084      3090      3096      3102      3108      3114      3120      3126      3132      3138      3144      3150      3156      3162      3168      3174      3180      3186      3192      3198      3204      3210      3216      3222      3228      3234      3240      3246      3252      3258      3264      3270      3276      3282      3288      3294      3300      3306      3312      3318      3324      3330      3336      3342      3348      3354      3360      3366      3372      3378      3384      3390      3396      3402      3408      3414      3420      3426      3432      3438      3444      3450      3456      3462      3468      3474      3480      3486      3492      3498      3504      3510      3516      3522      3528      3534      3540      3546      3552      3558      3564      3570      3576      3582      3588      3594      3600
      3606      3612      3618      3624      3630      3636      3642      3648      3654      3660      3666      3672      3678      3684      3690      3696      3702      3708      3714      3720      3726      3732      3738      3744      3750      3756      3762      3768      3774      3780      3786      3792      3798      3804      3810      3816      3822      3828      3834      3840      3846      3852      3858      3864      3870      3876      3882      3888      3894      3900      3906      3912      3918      3924      3930      3936      3942      3948      3954      3960      3966      3972      3978      3984      3990      3996      4002      4008      4014      4020      4026      4032      4038      4044      4050      4056      4062      4068      4074      4080      4086      4092      4098      4104      4110      4116      4122      4128      4134      4140      4146      4152      4158      4164      4170      4176      4182      4188      4194      4200
      4206      4212      4218      4224      4230      4236      4242      4248      4254      4260      4266      4272      4278      4284      4290      4296      4302      4308      4314      4320      4326      4332      4338      4344      4350      4356      4362      4368      4374      4380      4386      4392      4398      4404      4410      4416      4422      4428      4434      4440      4446      4452      4458      4464      4470      4476      4482      4488      4494      4500      4506      4512      4518      4524      4530      4536      4542      4548      4554      4560      4566      4572      4578      4584      4590      4596      4602      4608      4614      4620      4626      4632      4638      4644      4650      4656      4662      4668      4674      4680      4686      4692      4698      4704      4710      4716      4722      4728      4734      4740      4746      4752      4758      4764      4770      4776      4782      4788      4794      4800
      4806      4812      4818      4824      4830      4836      4842      4848      4854      4860      4866      4872      4878      4884      4890      4896      4902      4908      4914      4920      4926      4932      4938      4944      4950      4956      4962      4968      4974      4980      4986      4992      4998      5004      5010      5016      5022      5028      5034      5040      5046      5052      5058      5064      5070      5076      5082      5088      5094      5100      5106      5112      5118      5124      5130      5136      5142      5148      5154      5160      5166      5172      5178      5184      5190      5196      5202      5208      5214      5220      5226      5232      5238      5244      5250      5256      5262      5268      5274      5280      5286      5292      5298      5304      5310      5316      5322      5328      5334      5340      5346      5352      5358      5364      5370      5376      5382      5388      5394      5400
      5406      5412      5418      5424      5430      5436      5442      5448      5454      5460      5466      5472      5478      5484      5490      5496      5502      5508      5514      5520      5526      5532      5538      5544      5550      5556      5562      5568      5574      5580      5586      5592      5598      5604      5610      5616      5622      5628      5634      5640      5646      5652      5658      5664      5670      5676      5682      5688      5694      5700      5706      5712      5718      5724      5730      5736      5742      5748      5754      5760      5766      5772      5778      5784      5790      5796      5802      5808      5814      5820      5826      5832      5838      5844      5850      5856      5862      5868      5874      5880      5886      5892      5898      5904      5910      5916      5922      5928      5934      5940      5946      5952      5958      5964      5970      5976      5982      5988      5994      6000
      6006      6012      6018      6024      6030      6036      6042      6048      6054      6060      6066      6072      6078      6084      6090      6096      6102      6108      6114      6120      6126      6132      6138      6144      6150      6156      6162      6168      6174      6180      6186      6192      6198      6204      6210      6216      6222      6228      6234      6240      6246      6252      6258      6264      6270      6276      6282      6288      6294      6300      6306      6312      6318      6324      6330      6336      6342      6348      6354      6360      6366      6372      6378      6384      6390      6396      6402      6408      6414      6420      6426      6432      6438      6444      6450      6456      6462      6468      6474      6480      6486      6492      6498      6504      6510      6516      6522      6528      6534      6540      6546      6552      6558      6564      6570      6576      6582      6588      6594      6600
      6606      6612      6618      6624      6630      6636      6642      6648      6654      6660      6666      6672      6678      6684      6690      6696      6702      6708      6714      6720      6726      6732      6738      6744      6750      6756      6762      6768      6774      6780      6786      6792      6798      6804      6810      6816      6822      6828      6834      6840      6846      6852      6858      6864      6870      6876      6882      6888      6894      6900      6906      6912      6918      6924      6930      6936      6942      6948      6954      6960      6966      6972      6978      6984      6990      6996      7002      7008      7014      7020      7026      7032      7038      7044      7050      7056      7062      7068      7074      7080      7086      7092      7098      7104      7110      7116      7122      7128      7134      7140      7146      7152      7158      7164      7170      7176      7182      7188      7194      7200
      7206      7212      7218      7224      7230      7236      7242      7248      7254      7260      7266      7272      7278      7284      7290      7296      7302      7308      7314      7320      7326      7332      7338      7344      7350      7356      7362      7368      7374      7380      7386      7392      7398      7404      7410      7416      7422      7428      7434      7440      7446      7452      7458      7464      7470      7476      7482      7488      7494      7500      7506      7512      7518      7524      7530      7536      7542      7548      7554      7560      7566      7572      7578      7584      7590      7596      7602      7608      7614      7620      7626      7632      7638      7644      7650      7656      7662      7668      7674      7680      7686      7692      7698      7704      7710      7716      7722      7728      7734      7740      7746      7752      7758      7764      7770      7776      7782      7788      7794      7800
      7806      7812      7818      7824      7830      7836      7842      7848      7854      7860      7866      7872      7878      7884      7890      7896      7902      7908      7914      7920      7926      7932      7938      7944      7950      7956      7962      7968      7974      7980      7986      7992      7998      8004      8010      8016      8022      8028      8034      8040      8046      8052      8058      8064      8070      8076      8082      8088      8094      8100      8106      8112      8118      8124      8130      8136      8142      8148      8154      8160      8166      8172      8178      8184      8190      8196      8202      8208      8214      8220      8226      8232      8238      8244      8250      8256      8262      8268      8274      8280      8286      8292      8298      8304      8310      8316      8322      8328      8334      8340      8346      8352      8358      8364      8370      8376      8382      8388      8394      8400
      8406      8412      8418      8424      8430      8436      8442      8448      8454      8460      8466      8472      8478      8484      8490      8496      8502      8508      8514      8520      8526      8532      8538      8544      8550      8556      8562      8568      8574      8580      8586      8592      8598      8604      8610      8616      8622      8628      8634      8640      8646      8652      8658      8664      8670      8676      8682      8688      8694      8700      8706      8712      8718      8724      8730      8736      8742      8748      8754      8760      8766      8772      8778      8784      8790      8796      8802      8808      8814      8820      8826      8832      8838      8844      8850      8856      8862      8868      8874      8880      8886      8892      8898      8904      8910      8916      8922      8928      8934      8940      8946      8952      8958      8964      8970      8976      8982      8988      8994      9000
      9006      9012      9018      9024      9030      9036      9042      9048      9054      9060      9066      9072      9078      9084      9090      9096      9102      9108      9114      9120      9126      9132      9138      9144      9150      9156      9162      9168      9174      9180      9186      9192      9198      9204      9210      9216      9222      9228      9234      9240      9246      9252      9258      9264      9270      9276      9282      9288      9294      9300      9306      9312      9318      9324      9330      9336      9342      9348      9354      9360      9366      9372      9378      9384      9390      9396      9402      9408      9414      9420      9426      9432      9438      9444      9450      9456      9462      9468      9474      9480      9486      9492      9498      9504      9510      9516      9522      9528      9534      9540      9546      9552      9558      9564      9570      9576      9582      9588      9594      9600
      9606      9612      9618      9624      9630      9636      9642      9648      9654      9660      9666      9672      9678      9684      9690      9696      9702      9708      9714      9720      9726      9732      9738      9744      9750      9756      9762      9768      9774      9780      9786      9792      9798      9804      9810      9816      9822      9828      9834      9840      9846      9852      9858      9864      9870      9876      9882      9888      9894      9900      9906      9912      9918      9924      9930      9936      9942      9948      9954      9960      9966      9972      9978      9984      9990      9996     10002     10008     10014     10020     10026     10032     10038     10044     10050     10056     10062     10068     10074     10080     10086     10092     10098     10104     10110     10116     10122     10128     10134     10140     10146     10152     10158     10164     10170     10176     10182     10188     10194     10200
     10206     10212     10218     10224     10230     10236     10242     10248     10254     10260     10266     10272     10278     10284     10290     10296     10302     10308     10314     10320     10326     10332     10338     10344     10350     10356     10362     10368     10374     10380     10386     10392     10398     10404     10410     10416     10422     10428     10434     10440     10446     10452     10458     10464     10470     10476     10482     10488     10494     10500     10506     10512     10518     10524     10530     10536     10542     10548     10554     10560     10566     10572     10578     10584     10590     10596     10602     10608     10614     10620     10626     10632     10638     10644     10650     10656     10662     10668     10674     10680     10686     10692     10698     10704     10710     10716     10722     10728     10734     10740     10746     10752     10758     10764     10770     10776     10782     10788     10794     10800
     10806     10812     10818     10824     10830     10836     10842     10848     10854     10860     10866     10872     10878     10884     10890     10896     10902     10908     10914     10920     10926     10932     10938     10944     10950     10956     10962     10968     10974     10980     10986     10992     10998     11004     11010     11016     11022     11028     11034     11040     11046     11052     11058     11064     11070     11076     11082     11088     11094     11100     11106     11112     11118     11124     11130     11136     11142     11148     11154     11160     11166     11172     11178     11184     11190     11196     11202     11208     11214     11220     11226     11232     11238     11244     11250     11256     11262     11268     11274     11280     11286     11292     11298     11304     11310     11316     11322     11328     11334     11340     11346     11352     11358     11364     11370     11376     11382     11388     11394     11400
     11406     11412     11418     11424     11430     11436     11442     11448     11454     11460     11466     11472     11478     11484     11490     11496     11502     11508     11514     11520     11526     11532     11538     11544     11550     11556     11562     11568     11574     11580     11586     11592     11598     11604     11610     11616     11622     11628     11634     11640     11646     11652     11658     11664     11670     11676     11682     11688     11694     11700     11706     11712     11718     11724     11730     11736     11742     11748     11754     11760     11766     11772     11778     11784     11790     11796     11802     11808     11814     11820     11826     11832     11838     11844     11850     11856     11862     11868     11874     11880     11886     11892     11898     11904     11910     11916     11922     11928     11934     11940     11946     11952     11958     11964     11970     11976     11982     11988     11994     12000
     12006     12012     12018     12024     12030     12036     12042     12048     12054     12060     12066     12072     12078     12084     12090     12096     12102     12108     12114     12120     12126     12132     12138     12144     12150     12156     12162     12168     12174     12180     12186     12192     12198     12204     12210     12216     12222     12228     12234     12240     12246     12252     12258     12264     12270     12276     12282     12288     12294     12300     12306     12312     12318     12324     12330     12336     12342     12348     12354     12360     12366     12372     12378     12384     12390     12396     12402     12408     12414     12420     12426     12432     12438     12444     12450     12456     12462     12468     12474     12480     12486     12492     12498     12504     12510     12516     12522     12528     12534     12540     12546     12552     12558     12564     12570     12576     12582     12588     12594     12600
     12606     12612     12618     12624     12630     12636     12642     12648     12654     12660     12666     12672     12678     12684     12690     12696     12702     12708     12714     12720     12726     12732     12738     12744     12750     12756     12762     12768     12774     12780     12786     12792     12798     12804     12810     12816     12822     12828     12834     12840     12846     12852     12858     12864     12870     12876     12882     12888     12894     12900     12906     12912     12918     12924     12930     12936     12942     12948     12954     12960     12966     12972     12978     12984     12990     12996     13002     13008     13014     13020     13026     13032     13038     13044     13050     13056     13062     13068     13074     13080     13086     13092     13098     13104     13110     13116     13122     13128     13134     13140     13146     13152     13158     13164     13170     13176     13182     13188     13194     13200
     13206     13212     13218     13224     13230     13236     13242     13248     13254     13260     13266     13272     13278     13284     13290     13296     13302     13308     13314     13320     13326     13332     13338     13344     13350     13356     13362     13368     13374     13380     13386     13392     13398     13404     13410     13416     13422     13428     13434     13440     13446     13452     13458     13464     13470     13476     13482     13488     13494     13500     13506     13512     13518     13524     13530     13536     13542     13548     13554     13560     13566     13572     13578     13584     13590     13596     13602     13608     13614     13620     13626     13632     13638     13644     13650     13656     13662     13668     13674     13680     13686     13692     13698     13704     13710     13716     13722     13728     13734     13740     13746     13752     13758     13764     13770     13776     13782     13788     13794     13800
     13806     13812     13818     13824     13830     13836     13842     13848     13854     13860     13866     13872     13878     13884     13890     13896     13902     13908     13914     13920     13926     13932     13938     13944     13950     13956     13962     13968     13974     13980     13986     13992     13998     14004     14010     14016     14022     14028     14034     14040     14046     14052     14058     14064     14070     14076     14082     14088     14094     14100     14106     14112     14118     14124     14130     14136     14142     14148     14154     14160     14166     14172     14178     14184     14190     14196     14202     14208     14214     14220     14226     14232     14238     14244     14250     14256     14262     14268     14274     14280     14286     14292     14298     14304     14310     14316     14322     14328     14334     14340     14346     14352     14358     14364     14370     14376     14382     14388     14394     14400
     14406     14412     14418     14424     14430     14436     14442     14448     14454     14460     14466     14472     14478     14484     14490     14496     14502     14508     14514     14520     14526     14532     14538     14544     14550     14556     14562     14568     14574     14580     14586     14592     14598     14604     14610     14616     14622     14628     14634     14640     14646     14652     14658     14664     14670     14676     14682     14688     14694     14700     14706     14712     14718     14724     14730     14736     14742     14748     14754     14760     14766     14772     14778     14784     14790     14796     14802     14808     14814     14820     14826     14832     14838     14844     14850     14856     14862     14868     14874     14880     14886     14892     14898     14904     14910     14916     14922     14928     14934     14940     14946     14952     14958     14964     14970     14976     14982     14988     14994     15000
     15006     15012     15018     15024     15030     15036     15042     15048     15054     15060     15066     15072     15078     15084     15090     15096     15102     15108     15114     15120     15126     15132     15138     15144     15150     15156     15162     15168     15174     15180     15186     15192     15198     15204     15210     15216     15222     15228     15234     15240     15246     15252     15258     15264     15270     15276     15282     15288     15294     15300     15306     15312     15318     15324     15330     15336     15342     15348     15354     15360     15366     15372     15378     15384     15390     15396     15402     15408     15414     15420     15426     15432     15438     15444     15450     15456     15462     15468     15474     15480     15486     15492     15498     15504     15510     15516     15522     15528     15534     15540     15546     15552     15558     15564     15570     15576     15582     15588     15594     15600
     15606     15612     15618     15624     15630     15636     15642     15648     15654     15660     15666     15672     15678     15684     15690     15696     15702     15708     15714     15720     15726     15732     15738     15744     15750     15756     15762     15768     15774     15780     15786     15792     15798     15804     15810     15816     15822     15828     15834     15840     15846     15852     15858     15864     15870     15876     15882     15888     15894     15900     15906     15912     15918     15924     15930     15936     15942     15948     15954     15960     15966     15972     15978     15984     15990     15996     16002     16008     16014     16020     16026     16032     16038     16044     16050     16056     16062     16068     16074     16080     16086     16092     16098     16104     16110     16116     16122     16128     16134     16140     16146     16152     16158     16164     16170     16176     16182     16188     16194     16200
     16206     16212     16218     16224     16230     16236     16242     16248     16254     16260     16266     16272     16278     16284     16290     16296     16302     16308     16314     16320     16326     16332     16338     16344     16350     16356     16362     16368     16374     16380     16386     16392     16398     16404     16410     16416     16422     16428     16434     16440     16446     16452     16458     16464     16470     16476     16482     16488     16494     16500     16506     16512     16518     16524     16530     16536     16542     16548     16554     16560     16566     16572     16578     16584     16590     16596     16602     16608     16614     16620     16626     16632     16638     16644     16650     16656     16662     16668     16674     16680     16686     16692     16698     16704     16710     16716     16722     16728     16734     16740     16746     16752     16758     16764     16770     16776     16782     16788     16794     16800
     16806     16812     16818     16824     16830     16836     16842     16848     16854     16860     16866     16872     16878     16884     16890     16896     16902     16908     16914     16920     16926     16932     16938     16944     16950     16956     16962     16968     16974     16980     16986     16992     16998     17004     17010     17016     17022     17028     17034     17040     17046     17052     17058     17064     17070     17076     17082     17088     17094     17100     17106     17112     17118     17124     17130     17136     17142     17148     17154     17160     17166     17172     17178     17184     17190     17196     17202     17208     17214     17220     17226     17232     17238     17244     17250     17256     17262     17268     17274     17280     17286     17292     17298     17304     17310     17316     17322     17328     17334     17340     17346     17352     17358     17364     17370     17376     17382     17388     17394     17400
     17406     17412     17418     17424     17430     17436     17442     17448     17454     17460     17466     17472     17478     17484     17490     17496     17502     17508     17514     17520     17526     17532     17538     17544     17550     17556     17562     17568     17574     17580     17586     17592     17598     17604     17610     17616     17622     17628     17634     17640     17646     17652     17658     17664     17670     17676     17682     17688     17694     17700     17706     17712     17718     17724     17730     17736     17742     17748     17754     17760     17766     17772     17778     17784     17790     17796     17802     17808     17814     17820     17826     17832     17838     17844     17850     17856     17862     17868     17874     17880     17886     17892     17898     17904     17910     17916     17922     17928     17934     17940     17946     17952     17958     17964     17970     17976     17982     17988     17994     18000
     18006     18012     18018     18024     18030     18036     18042     18048     18054     18060     18066     18072     18078     18084     18090     18096     18102     18108     18114     18120     18126     18132     18138     18144     18150     18156     18162     18168     18174     18180     18186     18192     18198     18204     18210     18216     18222     18228     18234     18240     18246     18252     18258     18264     18270     18276     18282     18288     18294     18300     18306     18312     18318     18324     18330     18336     18342     18348     18354     18360     18366     18372     18378     18384     18390     18396     18402     18408     18414     18420     18426     18432     18438     18444     18450     18456     18462     18468     18474     18480     18486     18492     18498     18504     18510     18516     18522     18528     18534     18540     18546     18552     18558     18564     18570     18576     18582     18588     18594     18600
     18606     18612     18618     18624     18630     18636     18642     18648     18654     18660     18666     18672     18678     18684     18690     18696     18702     18708     18714     18720     18726     18732     18738     18744     18750     18756     18762     18768     18774     18780     18786     18792     18798     18804     18810     18816     18822     18828     18834     18840     18846     18852     18858     18864     18870     18876     18882     18888     18894     18900     18906     18912     18918     18924     18930     18936     18942     18948     18954     18960     18966     18972     18978     18984     18990     18996     19002     19008     19014     19020     19026     19032     19038     19044     19050     19056     19062     19068     19074     19080     19086     19092     19098     19104     19110     19116     19122     19128     19134     19140     19146     19152     19158     19164     19170     19176     19182     19188     19194     19200
     19206     19212     19218     19224     19230     19236     19242     19248     19254     19260     19266     19272     19278     19284     19290     19296     19302     19308     19314     19320     19326     19332     19338     19344     19350     19356     19362     19368     19374     19380     19386     19392     19398     19404     19410     19416     19422     19428     19434     19440     19446     19452     19458     19464     19470     19476     19482     19488     19494     19500     19506     19512     19518     19524     19530     19536     19542     19548     19554     19560     19566     19572     19578     19584     19590     19596     19602     19608     19614     19620     19626     19632     19638     19644     19650     19656     19662     19668     19674     19680     19686     19692     19698     19704     19710     19716     19722     19728     19734     19740     19746     19752     19758     19764     19770     19776     19782     19788     19794     19800
     19806     19812     19818     19824     19830     19836     19842     19848     19854     19860     19866     19872     19878     19884     19890     19896     19902     19908     19914     19920     19926     19932     19938     19944     19950     19956     19962     19968     19974     19980     19986     19992     19998     20004     20010     20016     20022     20028     20034     20040     20046     20052     20058     20064     20070     20076     20082     20088     20094     20100     20106     20112     20118     20124     20130     20136     20142     20148     20154     20160     20166     20172     20178     20184     20190     20196     20202     20208     20214     20220     20226     20232     20238     20244     20250     20256     20262     20268     20274     20280     20286     20292     20298     20304     20310     20316     20322     20328     20334     20340     20346     20352     20358     20364     20370     20376     20382     20388     20394     20400
     20406     20412     20418     20424     20430     20436     20442     20448     20454     20460     20466     20472     20478     20484     20490     20496     20502     20508     20514     20520     20526     20532     20538     20544     20550     20556     20562     20568     20574     20580     20586     20592     20598     20604     20610     20616     20622     20628     20634     20640     20646     20652     20658     20664     20670     20676     20682     20688     20694     20700     20706     20712     20718     20724     20730     20736     20742     20748     20754     20760     20766     20772     20778     20784     20790     20796     20802     20808     20814     20820     20826     20832     20838     20844     20850     20856     20862     20868     20874     20880     20886     20892     20898     20904     20910     20916     20922     20928     20934     20940     20946     20952     20958     20964     20970     20976     20982     20988     20994     21000
     21006     21012     21018     21024     21030     21036     21042     21048     21054     21060     21066     21072     21078     21084     21090     21096     21102     21108     21114     21120     21126     21132     21138     21144     21150     21156     21162     21168     21174     21180     21186     21192     21198     21204     21210     21216     21222     21228     21234     21240     21246     21252     21258     21264     21270     21276     21282     21288     21294     21300     21306     21312     21318     21324     21330     21336     21342     21348     21354     21360     21366     21372     21378     21384     21390     21396     21402     21408     21414     21420     21426     21432     21438     21444     21450     21456     21462     21468     21474     21480     21486     21492     21498     21504     21510     21516     21522     21528     21534     21540     21546     21552     21558     21564     21570     21576     21582     21588     21594     21600
     21606     21612     21618     21624     21630     21636     21642     21648     21654     21660     21666     21672     21678     21684     21690     21696     21702     21708     21714     21720     21726     21732     21738     21744     21750     21756     21762     21768     21774     21780     21786     21792     21798     21804     21810     21816     21822     21828     21834     21840     21846     21852     21858     21864     21870     21876     21882     21888     21894     21900     21906     21912     21918     21924     21930     21936     21942     21948     21954     21960     21966     21972     21978     21984     21990     21996     22002     22008     22014     22020     22026     22032     22038     22044     22050     22056     22062     22068     22074     22080     22086     22092     22098     22104     22110     22116     22122     22128     22134     22140     22146     22152     22158     22164     22170     22176     22182     22188     22194     22200
     22206     22212     22218     22224     22230     22236     22242     22248     22254     22260     22266     22272     22278     22284     22290     22296     22302     22308     22314     22320     22326     22332     22338     22344     22350     22356     22362     22368     22374     22380     22386     22392     22398     22404     22410     22416     22422     22428     22434     22440     22446     22452     22458     22464     22470     22476     22482     22488     22494     22500     22506     22512     22518     22524     22530     22536     22542     22548     22554     22560     22566     22572     22578     22584     22590     22596     22602     22608     22614     22620     22626     22632     22638     22644     22650     22656     22662     22668     22674     22680     22686     22692     22698     22704     22710     22716     22722     22728     22734     22740     22746     22752     22758     22764     22770     22776     22782     22788     22794     22800
     22806     22812     22818     22824     22830     22836     22842     22848     22854     22860     22866     22872     22878     22884     22890     22896     22902     22908     22914     22920     22926     22932     22938     22944     22950     22956     22962     22968     22974     22980     22986     22992     22998     23004     23010     23016     23022     23028     23034     23040     23046     23052     23058     23064     23070     23076     23082     23088     23094     23100     23106     23112     23118     23124     23130     23136     23142     23148     23154     23160     23166     23172     23178     23184     23190     23196     23202     23208     23214     23220     23226     23232     23238     23244     23250     23256     23262     23268     23274     23280     23286     23292     23298     23304     23310     23316     23322     23328     23334     23340     23346     23352     23358     23364     23370     23376     23382     23388     23394     23400
     23406     23412     23418     23424     23430     23436     23442     23448     23454     23460     23466     23472     23478     23484     23490     23496     23502     23508     23514     23520     23526     23532     23538     23544     23550     23556     23562     23568     23574     23580     23586     23592     23598     23604     23610     23616     23622     23628     23634     23640     23646     23652     23658     23664     23670     23676     23682     23688     23694     23700     23706     23712     23718     23724     23730     23736     23742     23748     23754     23760     23766     23772     23778     23784     23790     23796     23802     23808     23814     23820     23826     23832     23838     23844     23850     23856     23862     23868     23874     23880
           </DataArray>
           <DataArray type="UInt8" Name="types" format="ascii">
 22 22 22 22 22 22 22 22 22 22 22 22 22 22 22 22 22 22 22 22 22 22 22 22 22 22 22 22 22 22 22 22 22 22 22 22 22 22 22 22 22 22 22 22 22 22 22 22 22 22 22 22 22 22 22 22 22 22 22 22 22 22 22 22 22 22 22 22 22 22 22 22 22 22 22 22 22 22 22 22 22 22 22 22 22 22 22 22 22 22 22 22 22 22 22 22 22 22 22 22
 22 22 22 22 22 22 22 22 22 22 22 22 22 22 22 22 22 22 22 22 22 22 22 22 22 22 22 22 22 22 22 22 22 22 22 22 22 22 22 22 22 22 22 22 22 22 22 22 22 22 22 22 22 22 22 22 22 22 22 22 22 22 22 22 22 22 22 22 22 22 22 22 22 22 22 22 22 22 22 22 22 22 22 22 22 22 22 22 22 22 22 22 22 22 22 22 22 22 22 22
 22 22 22 22 22 22 22 22 22 22 22 22 22 22 22 22 22 22 22 22 22 22 22 22 22 22 22 22 22 22 22 22 22 22 22 22 22 22 22 22 22 22 22 22 22 22 22 22 22 22 22 22 22 22 22 22 22 22 22 22 22 22 22 22 22 22 22 22 22 22 22 22 22 22 22 22 22 22 22 22 22 22 22 22 22 22 22 22 22 22 22 22 22 22 22 22 22 22 22 22
 22 22 22 22 22 22 22 22 22 22 22 22 22 22 22 22 22 22 22 22 22 22 22 22 22 22 22 22 22 22 22 22 22 22 22 22 22 22 22 22 22 22 22 22 22 22 22 22 22 22 22 22 22 22 22 22 22 22 22 22 22 22 22 22 22 22 22 22 22 22 22 22 22 22 22 22 22 22 22 22 22 22 22 22 22 22 22 22 22 22 22 22 22 22 22 22 22 22 22 22
 22 22 22 22 22 22 22 22 22 22 22 22 22 22 22 22 22 22 22 22 22 22 22 22 22 22 22 22 22 22 22 22 22 22 22 22 22 22 22 22 22 22 22 22 22 22 22 22 22 22 22 22 22 22 22 22 22 22 22 22 22 22 22 22 22 22 22 22 22 22 22 22 22 22 22 22 22 22 22 22 22 22 22 22 22 22 22 22 22 22 22 22 22 22 22 22 22 22 22 22
 22 22 22 22 22 22 22 22 22 22 22 22 22 22 22 22 22 22 22 22 22 22 22 22 22 22 22 22 22 22 22 22 22 22 22 22 22 22 22 22 22 22 22 22 22 22 22 22 22 22 22 22 22 22 22 22 22 22 22 22 22 22 22 22 22 22 22 22 22 22 22 22 22 22 22 22 22 22 22 22 22 22 22 22 22 22 22 22 22 22 22 22 22 22 22 22 22 22 22 22
 22 22 22 22 22 22 22 22 22 22 22 22 22 22 22 22 22 22 22 22 22 22 22 22 22 22 22 22 22 22 22 22 22 22 22 22 22 22 22 22 22 22 22 22 22 22 22 22 22 22 22 22 22 22 22 22 22 22 22 22 22 22 22 22 22 22 22 22 22 22 22 22 22 22 22 22 22 22 22 22 22 22 22 22 22 22 22 22 22 22 22 22 22 22 22 22 22 22 22 22
 22 22 22 22 22 22 22 22 22 22 22 22 22 22 22 22 22 22 22 22 22 22 22 22 22 22 22 22 22 22 22 22 22 22 22 22 22 22 22 22 22 22 22 22 22 22 22 22 22 22 22 22 22 22 22 22 22 22 22 22 22 22 22 22 22 22 22 22 22 22 22 22 22 22 22 22 22 22 22 22 22 22 22 22 22 22 22 22 22 22 22 22 22 22 22 22 22 22 22 22
 22 22 22 22 22 22 22 22 22 22 22 22 22 22 22 22 22 22 22 22 22 22 22 22 22 22 22 22 22 22 22 22 22 22 22 22 22 22 22 22 22 22 22 22 22 22 22 22 22 22 22 22 22 22 22 22 22 22 22 22 22 22 22 22 22 22 22 22 22 22 22 22 22 22 22 22 22 22 22 22 22 22 22 22 22 22 22 22 22 22 22 22 22 22 22 22 22 22 22 22
 22 22 22 22 22 22 22 22 22 22 22 22 22 22 22 22 22 22 22 22 22 22 22 22 22 22 22 22 22 22 22 22 22 22 22 22 22 22 22 22 22 22 22 22 22 22 22 22 22 22 22 22 22 22 22 22 22 22 22 22 22 22 22 22 22 22 22 22 22 22 22 22 22 22 22 22 22 22 22 22 22 22 22 22 22 22 22 22 22 22 22 22 22 22 22 22 22 22 22 22
 22 22 22 22 22 22 22 22 22 22 22 22 22 22 22 22 22 22 22 22 22 22 22 22 22 22 22 22 22 22 22 22 22 22 22 22 22 22 22 22 22 22 22 22 22 22 22 22 22 22 22 22 22 22 22 22 22 22 22 22 22 22 22 22 22 22 22 22 22 22 22 22 22 22 22 22 22 22 22 22 22 22 22 22 22 22 22 22 22 22 22 22 22 22 22 22 22 22 22 22
 22 22 22 22 22 22 22 22 22 22 22 22 22 22 22 22 22 22 22 22 22 22 22 22 22 22 22 22 22 22 22 22 22 22 22 22 22 22 22 22 22 22 22 22 22 22 22 22 22 22 22 22 22 22 22 22 22 22 22 22 22 22 22 22 22 22 22 22 22 22 22 22 22 22 22 22 22 22 22 22 22 22 22 22 22 22 22 22 22 22 22 22 22 22 22 22 22 22 22 22
 22 22 22 22 22 22 22 22 22 22 22 22 22 22 22 22 22 22 22 22 22 22 22 22 22 22 22 22 22 22 22 22 22 22 22 22 22 22 22 22 22 22 22 22 22 22 22 22 22 22 22 22 22 22 22 22 22 22 22 22 22 22 22 22 22 22 22 22 22 22 22 22 22 22 22 22 22 22 22 22 22 22 22 22 22 22 22 22 22 22 22 22 22 22 22 22 22 22 22 22
 22 22 22 22 22 22 22 22 22 22 22 22 22 22 22 22 22 22 22 22 22 22 22 22 22 22 22 22 22 22 22 22 22 22 22 22 22 22 22 22 22 22 22 22 22 22 22 22 22 22 22 22 22 22 22 22 22 22 22 22 22 22 22 22 22 22 22 22 22 22 22 22 22 22 22 22 22 22 22 22 22 22 22 22 22 22 22 22 22 22 22 22 22 22 22 22 22 22 22 22
 22 22 22 22 22 22 22 22 22 22 22 22 22 22 22 22 22 22 22 22 22 22 22 22 22 22 22 22 22 22 22 22 22 22 22 22 22 22 22 22 22 22 22 22 22 22 22 22 22 22 22 22 22 22 22 22 22 22 22 22 22 22 22 22 22 22 22 22 22 22 22 22 22 22 22 22 22 22 22 22 22 22 22 22 22 22 22 22 22 22 22 22 22 22 22 22 22 22 22 22
 22 22 22 22 22 22 22 22 22 22 22 22 22 22 22 22 22 22 22 22 22 22 22 22 22 22 22 22 22 22 22 22 22 22 22 22 22 22 22 22 22 22 22 22 22 22 22 22 22 22 22 22 22 22 22 22 22 22 22 22 22 22 22 22 22 22 22 22 22 22 22 22 22 22 22 22 22 22 22 22 22 22 22 22 22 22 22 22 22 22 22 22 22 22 22 22 22 22 22 22
 22 22 22 22 22 22 22 22 22 22 22 22 22 22 22 22 22 22 22 22 22 22 22 22 22 22 22 22 22 22 22 22 22 22 22 22 22 22 22 22 22 22 22 22 22 22 22 22 22 22 22 22 22 22 22 22 22 22 22 22 22 22 22 22 22 22 22 22 22 22 22 22 22 22 22 22 22 22 22 22 22 22 22 22 22 22 22 22 22 22 22 22 22 22 22 22 22 22 22 22
 22 22 22 22 22 22 22 22 22 22 22 22 22 22 22 22 22 22 22 22 22 22 22 22 22 22 22 22 22 22 22 22 22 22 22 22 22 22 22 22 22 22 22 22 22 22 22 22 22 22 22 22 22 22 22 22 22 22 22 22 22 22 22 22 22 22 22 22 22 22 22 22 22 22 22 22 22 22 22 22 22 22 22 22 22 22 22 22 22 22 22 22 22 22 22 22 22 22 22 22
 22 22 22 22 22 22 22 22 22 22 22 22 22 22 22 22 22 22 22 22 22 22 22 22 22 22 22 22 22 22 22 22 22 22 22 22 22 22 22 22 22 22 22 22 22 22 22 22 22 22 22 22 22 22 22 22 22 22 22 22 22 22 22 22 22 22 22 22 22 22 22 22 22 22 22 22 22 22 22 22 22 22 22 22 22 22 22 22 22 22 22 22 22 22 22 22 22 22 22 22
 22 22 22 22 22 22 22 22 22 22 22 22 22 22 22 22 22 22 22 22 22 22 22 22 22 22 22 22 22 22 22 22 22 22 22 22 22 22 22 22 22 22 22 22 22 22 22 22 22 22 22 22 22 22 22 22 22 22 22 22 22 22 22 22 22 22 22 22 22 22 22 22 22 22 22 22 22 22 22 22 22 22 22 22 22 22 22 22 22 22 22 22 22 22 22 22 22 22 22 22
 22 22 22 22 22 22 22 22 22 22 22 22 22 22 22 22 22 22 22 22 22 22 22 22 22 22 22 22 22 22 22 22 22 22 22 22 22 22 22 22 22 22 22 22 22 22 22 22 22 22 22 22 22 22 22 22 22 22 22 22 22 22 22 22 22 22 22 22 22 22 22 22 22 22 22 22 22 22 22 22 22 22 22 22 22 22 22 22 22 22 22 22 22 22 22 22 22 22 22 22
 22 22 22 22 22 22 22 22 22 22 22 22 22 22 22 22 22 22 22 22 22 22 22 22 22 22 22 22 22 22 22 22 22 22 22 22 22 22 22 22 22 22 22 22 22 22 22 22 22 22 22 22 22 22 22 22 22 22 22 22 22 22 22 22 22 22 22 22 22 22 22 22 22 22 22 22 22 22 22 22 22 22 22 22 22 22 22 22 22 22 22 22 22 22 22 22 22 22 22 22
 22 22 22 22 22 22 22 22 22 22 22 22 22 22 22 22 22 22 22 22 22 22 22 22 22 22 22 22 22 22 22 22 22 22 22 22 22 22 22 22 22 22 22 22 22 22 22 22 22 22 22 22 22 22 22 22 22 22 22 22 22 22 22 22 22 22 22 22 22 22 22 22 22 22 22 22 22 22 22 22 22 22 22 22 22 22 22 22 22 22 22 22 22 22 22 22 22 22 22 22
 22 22 22 22 22 22 22 22 22 22 22 22 22 22 22 22 22 22 22 22 22 22 22 22 22 22 22 22 22 22 22 22 22 22 22 22 22 22 22 22 22 22 22 22 22 22 22 22 22 22 22 22 22 22 22 22 22 22 22 22 22 22 22 22 22 22 22 22 22 22 22 22 22 22 22 22 22 22 22 22 22 22 22 22 22 22 22 22 22 22 22 22 22 22 22 22 22 22 22 22
 22 22 22 22 22 22 22 22 22 22 22 22 22 22 22 22 22 22 22 22 22 22 22 22 22 22 22 22 22 22 22 22 22 22 22 22 22 22 22 22 22 22 22 22 22 22 22 22 22 22 22 22 22 22 22 22 22 22 22 22 22 22 22 22 22 22 22 22 22 22 22 22 22 22 22 22 22 22 22 22 22 22 22 22 22 22 22 22 22 22 22 22 22 22 22 22 22 22 22 22
 22 22 22 22 22 22 22 22 22 22 22 22 22 22 22 22 22 22 22 22 22 22 22 22 22 22 22 22 22 22 22 22 22 22 22 22 22 22 22 22 22 22 22 22 22 22 22 22 22 22 22 22 22 22 22 22 22 22 22 22 22 22 22 22 22 22 22 22 22 22 22 22 22 22 22 22 22 22 22 22 22 22 22 22 22 22 22 22 22 22 22 22 22 22 22 22 22 22 22 22
 22 22 22 22 22 22 22 22 22 22 22 22 22 22 22 22 22 22 22 22 22 22 22 22 22 22 22 22 22 22 22 22 22 22 22 22 22 22 22 22 22 22 22 22 22 22 22 22 22 22 22 22 22 22 22 22 22 22 22 22 22 22 22 22 22 22 22 22 22 22 22 22 22 22 22 22 22 22 22 22 22 22 22 22 22 22 22 22 22 22 22 22 22 22 22 22 22 22 22 22
 22 22 22 22 22 22 22 22 22 22 22 22 22 22 22 22 22 22 22 22 22 22 22 22 22 22 22 22 22 22 22 22 22 22 22 22 22 22 22 22 22 22 22 22 22 22 22 22 22 22 22 22 22 22 22 22 22 22 22 22 22 22 22 22 22 22 22 22 22 22 22 22 22 22 22 22 22 22 22 22 22 22 22 22 22 22 22 22 22 22 22 22 22 22 22 22 22 22 22 22
 22 22 22 22 22 22 22 22 22 22 22 22 22 22 22 22 22 22 22 22 22 22 22 22 22 22 22 22 22 22 22 22 22 22 22 22 22 22 22 22 22 22 22 22 22 22 22 22 22 22 22 22 22 22 22 22 22 22 22 22 22 22 22 22 22 22 22 22 22 22 22 22 22 22 22 22 22 22 22 22 22 22 22 22 22 22 22 22 22 22 22 22 22 22 22 22 22 22 22 22
 22 22 22 22 22 22 22 22 22 22 22 22 22 22 22 22 22 22 22 22 22 22 22 22 22 22 22 22 22 22 22 22 22 22 22 22 22 22 22 22 22 22 22 22 22 22 22 22 22 22 22 22 22 22 22 22 22 22 22 22 22 22 22 22 22 22 22 22 22 22 22 22 22 22 22 22 22 22 22 22 22 22 22 22 22 22 22 22 22 22 22 22 22 22 22 22 22 22 22 22
 22 22 22 22 22 22 22 22 22 22 22 22 22 22 22 22 22 22 22 22 22 22 22 22 22 22 22 22 22 22 22 22 22 22 22 22 22 22 22 22 22 22 22 22 22 22 22 22 22 22 22 22 22 22 22 22 22 22 22 22 22 22 22 22 22 22 22 22 22 22 22 22 22 22 22 22 22 22 22 22 22 22 22 22 22 22 22 22 22 22 22 22 22 22 22 22 22 22 22 22
 22 22 22 22 22 22 22 22 22 22 22 22 22 22 22 22 22 22 22 22 22 22 22 22 22 22 22 22 22 22 22 22 22 22 22 22 22 22 22 22 22 22 22 22 22 22 22 22 22 22 22 22 22 22 22 22 22 22 22 22 22 22 22 22 22 22 22 22 22 22 22 22 22 22 22 22 22 22 22 22 22 22 22 22 22 22 22 22 22 22 22 22 22 22 22 22 22 22 22 22
 22 22 22 22 22 22 22 22 22 22 22 22 22 22 22 22 22 22 22 22 22 22 22 22 22 22 22 22 22 22 22 22 22 22 22 22 22 22 22 22 22 22 22 22 22 22 22 22 22 22 22 22 22 22 22 22 22 22 22 22 22 22 22 22 22 22 22 22 22 22 22 22 22 22 22 22 22 22 22 22 22 22 22 22 22 22 22 22 22 22 22 22 22 22 22 22 22 22 22 22
 22 22 22 22 22 22 22 22 22 22 22 22 22 22 22 22 22 22 22 22 22 22 22 22 22 22 22 22 22 22 22 22 22 22 22 22 22 22 22 22 22 22 22 22 22 22 22 22 22 22 22 22 22 22 22 22 22 22 22 22 22 22 22 22 22 22 22 22 22 22 22 22 22 22 22 22 22 22 22 22 22 22 22 22 22 22 22 22 22 22 22 22 22 22 22 22 22 22 22 22
 22 22 22 22 22 22 22 22 22 22 22 22 22 22 22 22 22 22 22 22 22 22 22 22 22 22 22 22 22 22 22 22 22 22 22 22 22 22 22 22 22 22 22 22 22 22 22 22 22 22 22 22 22 22 22 22 22 22 22 22 22 22 22 22 22 22 22 22 22 22 22 22 22 22 22 22 22 22 22 22 22 22 22 22 22 22 22 22 22 22 22 22 22 22 22 22 22 22 22 22
 22 22 22 22 22 22 22 22 22 22 22 22 22 22 22 22 22 22 22 22 22 22 22 22 22 22 22 22 22 22 22 22 22 22 22 22 22 22 22 22 22 22 22 22 22 22 22 22 22 22 22 22 22 22 22 22 22 22 22 22 22 22 22 22 22 22 22 22 22 22 22 22 22 22 22 22 22 22 22 22 22 22 22 22 22 22 22 22 22 22 22 22 22 22 22 22 22 22 22 22
 22 22 22 22 22 22 22 22 22 22 22 22 22 22 22 22 22 22 22 22 22 22 22 22 22 22 22 22 22 22 22 22 22 22 22 22 22 22 22 22 22 22 22 22 22 22 22 22 22 22 22 22 22 22 22 22 22 22 22 22 22 22 22 22 22 22 22 22 22 22 22 22 22 22 22 22 22 22 22 22 22 22 22 22 22 22 22 22 22 22 22 22 22 22 22 22 22 22 22 22
 22 22 22 22 22 22 22 22 22 22 22 22 22 22 22 22 22 22 22 22 22 22 22 22 22 22 22 22 22 22 22 22 22 22 22 22 22 22 22 22 22 22 22 22 22 22 22 22 22 22 22 22 22 22 22 22 22 22 22 22 22 22 22 22 22 22 22 22 22 22 22 22 22 22 22 22 22 22 22 22 22 22 22 22 22 22 22 22 22 22 22 22 22 22 22 22 22 22 22 22
 22 22 22 22 22 22 22 22 22 22 22 22 22 22 22 22 22 22 22 22 22 22 22 22 22 22 22 22 22 22 22 22 22 22 22 22 22 22 22 22 22 22 22 22 22 22 22 22 22 22 22 22 22 22 22 22 22 22 22 22 22 22 22 22 22 22 22 22 22 22 22 22 22 22 22 22 22 22 22 22 22 22 22 22 22 22 22 22 22 22 22 22 22 22 22 22 22 22 22 22
 22 22 22 22 22 22 22 22 22 22 22 22 22 22 22 22 22 22 22 22 22 22 22 22 22 22 22 22 22 22 22 22 22 22 22 22 22 22 22 22 22 22 22 22 22 22 22 22 22 22 22 22 22 22 22 22 22 22 22 22 22 22 22 22 22 22 22 22 22 22 22 22 22 22 22 22 22 22 22 22
           </DataArray>
         </Cells>
         <PointData>
         <DataArray type="Float64" Name="phi" format="ascii">
  0.0000000E+00  0.0000000E+00  0.0000000E+00  0.0000000E+00  0.0000000E+00  0.0000000E+00  0.0000000E+00  0.0000000E+00  0.0000000E+00  0.0000000E+00  0.0000000E+00  0.0000000E+00  0.0000000E+00  0.0000000E+00  0.0000000E+00  0.0000000E+00  0.0000000E+00  0.0000000E+00  0.0000000E+00  0.0000000E+00
  0.0000000E+00  0.0000000E+00  0.0000000E+00  0.0000000E+00  0.0000000E+00  0.0000000E+00  0.0000000E+00  0.0000000E+00  0.0000000E+00  0.0000000E+00  0.0000000E+00  0.0000000E+00  0.0000000E+00  0.0000000E+00  0.0000000E+00  0.0000000E+00  0.0000000E+00  0.0000000E+00  0.0000000E+00  0.0000000E+00
  0.0000000E+00  0.0000000E+00  0.0000000E+00  0.0000000E+00  0.0000000E+00  0.0000000E+00  0.0000000E+00  0.0000000E+00  0.0000000E+00  0.0000000E+00  0.0000000E+00  0.0000000E+00  0.0000000E+00  0.0000000E+00  0.0000000E+00  0.0000000E+00  0.0000000E+00  0.0000000E+00  0.0000000E+00  0.0000000E+00
  0.0000000E+00  0.0000000E+00  0.0000000E+00  0.0000000E+00  0.0000000E+00  0.0000000E+00  0.0000000E+00  0.0000000E+00  0.0000000E+00  0.0000000E+00  0.0000000E+00  0.0000000E+00  0.0000000E+00  0.0000000E+00  0.0000000E+00  0.0000000E+00  0.0000000E+00  0.0000000E+00  0.0000000E+00  0.0000000E+00
  0.0000000E+00  0.0000000E+00  0.0000000E+00  0.0000000E+00  0.0000000E+00  0.0000000E+00  0.0000000E+00  0.0000000E+00  0.0000000E+00  0.0000000E+00  0.0000000E+00  0.0000000E+00  0.0000000E+00  0.0000000E+00  0.0000000E+00  0.0000000E+00  0.0000000E+00  0.0000000E+00  0.0000000E+00  0.0000000E+00
  0.0000000E+00  0.0000000E+00  0.0000000E+00  0.0000000E+00  0.0000000E+00  0.0000000E+00  0.0000000E+00  0.0000000E+00  0.0000000E+00  0.0000000E+00  0.0000000E+00  0.0000000E+00  0.0000000E+00  0.0000000E+00  0.0000000E+00  0.0000000E+00  0.0000000E+00  0.0000000E+00  0.0000000E+00  0.0000000E+00
  0.0000000E+00  0.0000000E+00  0.0000000E+00  0.0000000E+00  0.0000000E+00  0.0000000E+00  0.0000000E+00  0.0000000E+00  0.0000000E+00  0.0000000E+00  0.0000000E+00  0.0000000E+00  0.0000000E+00  0.0000000E+00  0.0000000E+00  0.0000000E+00  0.0000000E+00  0.0000000E+00  0.0000000E+00  0.0000000E+00
  0.0000000E+00  0.0000000E+00  0.0000000E+00  0.0000000E+00  0.0000000E+00  0.0000000E+00  0.0000000E+00  0.0000000E+00  0.0000000E+00  0.0000000E+00  0.0000000E+00  0.0000000E+00  0.0000000E+00  0.0000000E+00  0.0000000E+00  0.0000000E+00  0.0000000E+00  0.0000000E+00  0.0000000E+00  0.0000000E+00
  0.0000000E+00  0.0000000E+00  0.0000000E+00  0.0000000E+00  0.0000000E+00  0.0000000E+00  0.0000000E+00  0.0000000E+00  0.0000000E+00  0.0000000E+00  0.0000000E+00  0.0000000E+00  0.0000000E+00  0.0000000E+00  0.0000000E+00  0.0000000E+00  0.0000000E+00  0.0000000E+00  0.0000000E+00  0.0000000E+00
  0.0000000E+00  0.0000000E+00  0.0000000E+00  0.0000000E+00  0.0000000E+00  0.0000000E+00  0.0000000E+00  0.0000000E+00  0.0000000E+00  0.0000000E+00  0.0000000E+00  0.0000000E+00  0.0000000E+00  0.0000000E+00  0.0000000E+00  0.0000000E+00  0.0000000E+00  0.0000000E+00  0.0000000E+00  0.0000000E+00
  0.0000000E+00  0.0000000E+00  0.0000000E+00  0.0000000E+00  0.0000000E+00  0.0000000E+00  0.0000000E+00  0.0000000E+00  0.0000000E+00  0.0000000E+00  0.0000000E+00  0.0000000E+00  0.0000000E+00  0.0000000E+00  0.0000000E+00  0.0000000E+00  0.0000000E+00  0.0000000E+00  0.0000000E+00  0.0000000E+00
  0.0000000E+00  0.0000000E+00  0.0000000E+00  0.0000000E+00  0.0000000E+00  0.0000000E+00  0.0000000E+00  0.0000000E+00  0.0000000E+00  0.0000000E+00  0.0000000E+00  0.0000000E+00  0.0000000E+00  0.0000000E+00  0.0000000E+00  0.0000000E+00  0.0000000E+00  0.0000000E+00  0.0000000E+00  0.0000000E+00
  0.0000000E+00  0.0000000E+00  0.0000000E+00  0.0000000E+00  0.0000000E+00  0.0000000E+00  0.0000000E+00  0.0000000E+00  0.0000000E+00  0.0000000E+00  0.0000000E+00  0.0000000E+00  0.0000000E+00  0.0000000E+00  0.0000000E+00  0.0000000E+00  0.0000000E+00  0.0000000E+00  0.0000000E+00  0.0000000E+00
  0.0000000E+00  0.0000000E+00  0.0000000E+00  0.0000000E+00  0.0000000E+00  0.0000000E+00  0.0000000E+00  0.0000000E+00  0.0000000E+00  0.0000000E+00  0.0000000E+00  0.0000000E+00  0.0000000E+00  0.0000000E+00  0.0000000E+00  0.0000000E+00  0.0000000E+00  0.0000000E+00  0.0000000E+00  0.0000000E+00
  0.0000000E+00  0.0000000E+00  0.0000000E+00  0.0000000E+00  0.0000000E+00  0.0000000E+00  0.0000000E+00  0.0000000E+00  0.0000000E+00  0.0000000E+00  0.0000000E+00  0.0000000E+00  0.0000000E+00  0.0000000E+00  0.0000000E+00  0.0000000E+00  0.0000000E+00  0.0000000E+00  0.0000000E+00  0.0000000E+00
  0.0000000E+00  0.0000000E+00  0.0000000E+00  0.0000000E+00  0.0000000E+00  0.0000000E+00  0.0000000E+00  0.0000000E+00  0.0000000E+00  0.0000000E+00  0.0000000E+00  0.0000000E+00  0.0000000E+00  0.0000000E+00  0.0000000E+00  0.0000000E+00  0.0000000E+00  0.0000000E+00  0.0000000E+00  0.0000000E+00
  0.0000000E+00  0.0000000E+00  0.0000000E+00  0.0000000E+00  0.0000000E+00  0.0000000E+00  0.0000000E+00  0.0000000E+00  0.0000000E+00  0.0000000E+00  0.0000000E+00  0.0000000E+00  0.0000000E+00  0.0000000E+00  0.0000000E+00  0.0000000E+00  0.0000000E+00  0.0000000E+00  0.0000000E+00  0.0000000E+00
  0.0000000E+00  0.0000000E+00  0.0000000E+00  0.0000000E+00  0.0000000E+00  0.0000000E+00  0.0000000E+00  0.0000000E+00  0.0000000E+00  0.0000000E+00  0.0000000E+00  0.0000000E+00  0.0000000E+00  0.0000000E+00  0.0000000E+00  0.0000000E+00  0.0000000E+00  0.0000000E+00  0.0000000E+00  0.0000000E+00
  0.0000000E+00  0.0000000E+00  0.0000000E+00  0.0000000E+00  0.0000000E+00  0.0000000E+00  0.0000000E+00  0.0000000E+00  0.0000000E+00  0.0000000E+00  0.0000000E+00  0.0000000E+00  0.0000000E+00  0.0000000E+00  0.0000000E+00  0.0000000E+00  0.0000000E+00  0.0000000E+00  0.0000000E+00  0.0000000E+00
  0.0000000E+00  0.0000000E+00  0.0000000E+00  0.0000000E+00  0.0000000E+00  0.0000000E+00  0.0000000E+00  0.0000000E+00  0.0000000E+00  0.0000000E+00  0.0000000E+00  0.0000000E+00  0.0000000E+00  0.0000000E+00  0.0000000E+00  0.0000000E+00  0.0000000E+00  0.0000000E+00  0.0000000E+00  0.0000000E+00
  0.0000000E+00  0.0000000E+00  0.0000000E+00  0.0000000E+00  0.0000000E+00  0.0000000E+00  0.0000000E+00  0.0000000E+00  0.0000000E+00  0.0000000E+00  0.0000000E+00  0.0000000E+00  0.0000000E+00  0.0000000E+00  0.0000000E+00  0.0000000E+00  0.0000000E+00  0.0000000E+00  0.0000000E+00  0.0000000E+00
  0.0000000E+00  0.0000000E+00  0.0000000E+00  0.0000000E+00  0.0000000E+00  0.0000000E+00  0.0000000E+00  0.0000000E+00  0.0000000E+00  0.0000000E+00  0.0000000E+00  0.0000000E+00  0.0000000E+00  0.0000000E+00  0.0000000E+00  0.0000000E+00  0.0000000E+00  0.0000000E+00  0.0000000E+00  0.0000000E+00
  0.0000000E+00  0.0000000E+00  0.0000000E+00  0.0000000E+00  0.0000000E+00  0.0000000E+00  0.0000000E+00  0.0000000E+00  0.0000000E+00  0.0000000E+00  0.0000000E+00  0.0000000E+00  0.0000000E+00  0.0000000E+00  0.0000000E+00  0.0000000E+00  0.0000000E+00  0.0000000E+00  0.0000000E+00  0.0000000E+00
  0.0000000E+00  0.0000000E+00  0.0000000E+00  0.0000000E+00  0.0000000E+00  0.0000000E+00  0.0000000E+00  0.0000000E+00  0.0000000E+00  0.0000000E+00  0.0000000E+00  0.0000000E+00  0.0000000E+00  0.0000000E+00  0.0000000E+00  0.0000000E+00  0.0000000E+00  0.0000000E+00  0.0000000E+00  0.0000000E+00
  0.0000000E+00  0.0000000E+00  0.0000000E+00  0.0000000E+00  0.0000000E+00  0.0000000E+00  0.0000000E+00  0.0000000E+00  0.0000000E+00  0.0000000E+00  0.0000000E+00  0.0000000E+00  0.0000000E+00  0.0000000E+00  0.0000000E+00  0.0000000E+00  0.0000000E+00  0.0000000E+00  0.0000000E+00  0.0000000E+00
  0.0000000E+00  0.0000000E+00  0.0000000E+00  0.0000000E+00  0.0000000E+00  0.0000000E+00  0.0000000E+00  0.0000000E+00  0.0000000E+00  0.0000000E+00  0.0000000E+00  0.0000000E+00  0.0000000E+00  0.0000000E+00  0.0000000E+00  0.0000000E+00  0.0000000E+00  0.0000000E+00  0.0000000E+00  0.0000000E+00
  0.0000000E+00  0.0000000E+00  0.0000000E+00  0.0000000E+00  0.0000000E+00  0.0000000E+00  0.0000000E+00  0.0000000E+00  0.0000000E+00  0.0000000E+00  0.0000000E+00  0.0000000E+00  0.0000000E+00  0.0000000E+00  0.0000000E+00  0.0000000E+00  0.0000000E+00  0.0000000E+00  0.0000000E+00  0.0000000E+00
  0.0000000E+00  0.0000000E+00  0.0000000E+00  0.0000000E+00  0.0000000E+00  0.0000000E+00  0.0000000E+00  0.0000000E+00  0.0000000E+00  0.0000000E+00  0.0000000E+00  0.0000000E+00  0.0000000E+00  0.0000000E+00  0.0000000E+00  0.0000000E+00  0.0000000E+00  0.0000000E+00  0.0000000E+00  0.0000000E+00
  0.0000000E+00  0.0000000E+00  0.0000000E+00  0.0000000E+00  0.0000000E+00  0.0000000E+00  0.0000000E+00  0.0000000E+00  0.0000000E+00  0.0000000E+00  0.0000000E+00  0.0000000E+00  0.0000000E+00  0.0000000E+00  0.0000000E+00  0.0000000E+00  0.0000000E+00  0.0000000E+00  0.0000000E+00  0.0000000E+00
  0.0000000E+00  0.0000000E+00  0.0000000E+00  0.0000000E+00  0.0000000E+00  0.0000000E+00  0.0000000E+00  0.0000000E+00  0.0000000E+00  0.0000000E+00  0.0000000E+00  0.0000000E+00  0.0000000E+00  0.0000000E+00  0.0000000E+00  0.0000000E+00  0.0000000E+00  0.0000000E+00  0.0000000E+00  0.0000000E+00
  0.0000000E+00  0.0000000E+00  0.0000000E+00  0.0000000E+00  0.0000000E+00  0.0000000E+00  0.0000000E+00  0.0000000E+00  0.0000000E+00  0.0000000E+00  0.0000000E+00  0.0000000E+00  0.0000000E+00  0.0000000E+00  0.0000000E+00  0.0000000E+00  0.0000000E+00  0.0000000E+00  0.0000000E+00  0.0000000E+00
  0.0000000E+00  0.0000000E+00  0.0000000E+00  0.0000000E+00  0.0000000E+00  0.0000000E+00  0.0000000E+00  0.0000000E+00  0.0000000E+00  0.0000000E+00  0.0000000E+00  0.0000000E+00  0.0000000E+00  0.0000000E+00  0.0000000E+00  0.0000000E+00  0.0000000E+00  0.0000000E+00  0.0000000E+00  0.0000000E+00
  0.0000000E+00  0.0000000E+00  0.0000000E+00  0.0000000E+00  0.0000000E+00  0.0000000E+00  0.0000000E+00  0.0000000E+00  0.0000000E+00  0.0000000E+00  0.0000000E+00  0.0000000E+00  0.0000000E+00  0.0000000E+00  0.0000000E+00  0.0000000E+00  0.0000000E+00  0.0000000E+00  0.0000000E+00  0.0000000E+00
  0.0000000E+00  0.0000000E+00  0.0000000E+00  0.0000000E+00  0.0000000E+00  0.0000000E+00  0.0000000E+00  0.0000000E+00  0.0000000E+00  0.0000000E+00  0.0000000E+00  0.0000000E+00  0.0000000E+00  0.0000000E+00  0.0000000E+00  0.0000000E+00  0.0000000E+00  0.0000000E+00  0.0000000E+00  0.0000000E+00
  0.0000000E+00  0.0000000E+00  0.0000000E+00  0.0000000E+00  0.0000000E+00  0.0000000E+00  0.0000000E+00  0.0000000E+00  0.0000000E+00  0.0000000E+00  0.0000000E+00  0.0000000E+00  0.0000000E+00  0.0000000E+00  0.0000000E+00  0.0000000E+00  0.0000000E+00  0.0000000E+00  0.0000000E+00  0.0000000E+00
  0.0000000E+00  0.0000000E+00  0.0000000E+00  0.0000000E+00  0.0000000E+00  0.0000000E+00  0.0000000E+00  0.0000000E+00  0.0000000E+00  0.0000000E+00  0.0000000E+00  0.0000000E+00  0.0000000E+00  0.0000000E+00  0.0000000E+00  0.0000000E+00  0.0000000E+00  0.0000000E+00  0.0000000E+00  0.0000000E+00
  0.0000000E+00  0.0000000E+00  0.0000000E+00  0.0000000E+00  0.0000000E+00  0.0000000E+00  0.0000000E+00  0.0000000E+00  0.0000000E+00  0.0000000E+00  0.0000000E+00  0.0000000E+00  0.0000000E+00  0.0000000E+00  0.0000000E+00  0.0000000E+00  0.0000000E+00  0.0000000E+00  0.0000000E+00  0.0000000E+00
  0.0000000E+00  0.0000000E+00  0.0000000E+00  0.0000000E+00  0.0000000E+00  0.0000000E+00  0.0000000E+00  0.0000000E+00  0.0000000E+00  0.0000000E+00  0.0000000E+00  0.0000000E+00  0.0000000E+00  0.0000000E+00  0.0000000E+00  0.0000000E+00  0.0000000E+00  0.0000000E+00  0.0000000E+00  0.0000000E+00
  0.0000000E+00  0.0000000E+00  0.0000000E+00  0.0000000E+00  0.0000000E+00  0.0000000E+00  0.0000000E+00  0.0000000E+00  0.0000000E+00  0.0000000E+00  0.0000000E+00  0.0000000E+00  0.0000000E+00  0.0000000E+00  0.0000000E+00  0.0000000E+00  0.0000000E+00  0.0000000E+00  0.0000000E+00  0.0000000E+00
  0.0000000E+00  0.0000000E+00  0.0000000E+00  0.0000000E+00  0.0000000E+00  0.0000000E+00  0.0000000E+00  0.0000000E+00  0.0000000E+00  0.0000000E+00  0.0000000E+00  0.0000000E+00  0.0000000E+00  0.0000000E+00  0.0000000E+00  0.0000000E+00  0.0000000E+00  0.0000000E+00  0.0000000E+00  0.0000000E+00
  0.0000000E+00  0.0000000E+00  0.0000000E+00  0.0000000E+00  0.0000000E+00  0.0000000E+00  0.0000000E+00  0.0000000E+00  0.0000000E+00  0.0000000E+00  0.0000000E+00  0.0000000E+00  0.0000000E+00  0.0000000E+00  0.0000000E+00  0.0000000E+00  0.0000000E+00  0.0000000E+00  0.0000000E+00  0.0000000E+00
  0.0000000E+00  0.0000000E+00  0.0000000E+00  0.0000000E+00  0.0000000E+00  0.0000000E+00  0.0000000E+00  0.0000000E+00  0.0000000E+00  0.0000000E+00  0.0000000E+00  0.0000000E+00  0.0000000E+00  0.0000000E+00  0.0000000E+00  0.0000000E+00  0.0000000E+00  0.0000000E+00  0.0000000E+00  0.0000000E+00
  0.0000000E+00  0.0000000E+00  0.0000000E+00  0.0000000E+00  0.0000000E+00  0.0000000E+00  0.0000000E+00  0.0000000E+00  0.0000000E+00  0.0000000E+00  0.0000000E+00  0.0000000E+00  0.0000000E+00  0.0000000E+00  0.0000000E+00  0.0000000E+00  0.0000000E+00  0.0000000E+00  0.0000000E+00  0.0000000E+00
  0.0000000E+00  0.0000000E+00  0.0000000E+00  0.0000000E+00  0.0000000E+00  0.0000000E+00  0.0000000E+00  0.0000000E+00  0.0000000E+00  0.0000000E+00  0.0000000E+00  0.0000000E+00  0.0000000E+00  0.0000000E+00  0.0000000E+00  0.0000000E+00  0.0000000E+00  0.0000000E+00  0.0000000E+00  0.0000000E+00
  0.0000000E+00  0.0000000E+00  0.0000000E+00  0.0000000E+00  0.0000000E+00  0.0000000E+00  0.0000000E+00  0.0000000E+00  0.0000000E+00  0.0000000E+00  0.0000000E+00  0.0000000E+00  0.0000000E+00  0.0000000E+00  0.0000000E+00  0.0000000E+00  0.0000000E+00  0.0000000E+00  0.0000000E+00  0.0000000E+00
  0.0000000E+00  0.0000000E+00  0.0000000E+00  0.0000000E+00  0.0000000E+00  0.0000000E+00  0.0000000E+00  0.0000000E+00  0.0000000E+00  0.0000000E+00  0.0000000E+00  0.0000000E+00  0.0000000E+00  0.0000000E+00  0.0000000E+00  0.0000000E+00  0.0000000E+00  0.0000000E+00  0.0000000E+00  0.0000000E+00
  0.0000000E+00  0.0000000E+00  0.0000000E+00  0.0000000E+00  0.0000000E+00  0.0000000E+00  0.0000000E+00  0.0000000E+00  0.0000000E+00  0.0000000E+00  0.0000000E+00  0.0000000E+00  0.0000000E+00  0.0000000E+00  0.0000000E+00  0.0000000E+00  0.0000000E+00  0.0000000E+00  0.0000000E+00  0.0000000E+00
  0.0000000E+00  0.0000000E+00  0.0000000E+00  0.0000000E+00  0.0000000E+00  0.0000000E+00  0.0000000E+00  0.0000000E+00  0.0000000E+00  0.0000000E+00  0.0000000E+00  0.0000000E+00  0.0000000E+00  0.0000000E+00  0.0000000E+00  0.0000000E+00  0.0000000E+00  0.0000000E+00  0.0000000E+00  0.0000000E+00
  0.0000000E+00  0.0000000E+00  0.0000000E+00  0.0000000E+00  0.0000000E+00  0.0000000E+00  0.0000000E+00  0.0000000E+00  0.0000000E+00  0.0000000E+00  0.0000000E+00  0.0000000E+00  0.0000000E+00  0.0000000E+00  0.0000000E+00  0.0000000E+00  0.0000000E+00  0.0000000E+00  0.0000000E+00  0.0000000E+00
  0.0000000E+00  0.0000000E+00  0.0000000E+00  0.0000000E+00  0.0000000E+00  0.0000000E+00  0.0000000E+00  0.0000000E+00  0.0000000E+00  0.0000000E+00  0.0000000E+00  0.0000000E+00  0.0000000E+00  0.0000000E+00  0.0000000E+00  0.0000000E+00  0.0000000E+00  0.0000000E+00  0.0000000E+00  0.0000000E+00
  0.0000000E+00  0.0000000E+00  0.0000000E+00  0.0000000E+00  0.0000000E+00  0.0000000E+00  0.0000000E+00  0.0000000E+00  0.0000000E+00  0.0000000E+00  0.0000000E+00  0.0000000E+00  0.0000000E+00  0.0000000E+00  0.0000000E+00  0.0000000E+00  0.0000000E+00  0.0000000E+00  0.0000000E+00  0.0000000E+00
  0.0000000E+00  0.0000000E+00  0.0000000E+00  0.0000000E+00  0.0000000E+00  0.0000000E+00  0.0000000E+00  0.0000000E+00  0.0000000E+00  0.0000000E+00  0.0000000E+00  0.0000000E+00  0.0000000E+00  0.0000000E+00  0.0000000E+00  0.0000000E+00  0.0000000E+00  0.0000000E+00  0.0000000E+00  0.0000000E+00
  0.0000000E+00  0.0000000E+00  0.0000000E+00  0.0000000E+00  0.0000000E+00  0.0000000E+00  0.0000000E+00  0.0000000E+00  0.0000000E+00  0.0000000E+00  0.0000000E+00  0.0000000E+00  0.0000000E+00  0.0000000E+00  0.0000000E+00  0.0000000E+00  0.0000000E+00  0.0000000E+00  0.0000000E+00  0.0000000E+00
  0.0000000E+00  0.0000000E+00  0.0000000E+00  0.0000000E+00  0.0000000E+00  0.0000000E+00  0.0000000E+00  0.0000000E+00  0.0000000E+00  0.0000000E+00  0.0000000E+00  0.0000000E+00  0.0000000E+00  0.0000000E+00  0.0000000E+00  0.0000000E+00  0.0000000E+00  0.0000000E+00  0.0000000E+00  0.0000000E+00
  0.0000000E+00  0.0000000E+00  0.0000000E+00  0.0000000E+00  0.0000000E+00  0.0000000E+00  0.0000000E+00  0.0000000E+00  0.0000000E+00  0.0000000E+00  0.0000000E+00  0.0000000E+00  0.0000000E+00  0.0000000E+00  0.0000000E+00  0.0000000E+00  0.0000000E+00  0.0000000E+00  0.0000000E+00  0.0000000E+00
  0.0000000E+00  0.0000000E+00  0.0000000E+00  0.0000000E+00  0.0000000E+00  0.0000000E+00  0.0000000E+00  0.0000000E+00  0.0000000E+00  0.0000000E+00  0.0000000E+00  0.0000000E+00  0.0000000E+00  0.0000000E+00  0.0000000E+00  0.0000000E+00  0.0000000E+00  0.0000000E+00  0.0000000E+00  0.0000000E+00
  0.0000000E+00  0.0000000E+00  0.0000000E+00  0.0000000E+00  0.0000000E+00  0.0000000E+00  0.0000000E+00  0.0000000E+00  0.0000000E+00  0.0000000E+00  0.0000000E+00  0.0000000E+00  0.0000000E+00  0.0000000E+00  0.0000000E+00  0.0000000E+00  0.0000000E+00  0.0000000E+00  0.0000000E+00  0.0000000E+00
  0.0000000E+00  0.0000000E+00  0.0000000E+00  0.0000000E+00  0.0000000E+00  0.0000000E+00  0.0000000E+00  0.0000000E+00  0.0000000E+00  0.0000000E+00  0.0000000E+00  0.0000000E+00  0.0000000E+00  0.0000000E+00  0.0000000E+00  0.0000000E+00  0.0000000E+00  0.0000000E+00  0.0000000E+00  0.0000000E+00
  0.0000000E+00  0.0000000E+00  0.0000000E+00  0.0000000E+00  0.0000000E+00  0.0000000E+00  0.0000000E+00  0.0000000E+00  0.0000000E+00  0.0000000E+00  0.0000000E+00  0.0000000E+00  0.0000000E+00  0.0000000E+00  0.0000000E+00  0.0000000E+00  0.0000000E+00  0.0000000E+00  0.0000000E+00  0.0000000E+00
  0.0000000E+00  0.0000000E+00  0.0000000E+00  0.0000000E+00  0.0000000E+00  0.0000000E+00  0.0000000E+00  0.0000000E+00  0.0000000E+00  0.0000000E+00  0.0000000E+00  0.0000000E+00  0.0000000E+00  0.0000000E+00  0.0000000E+00  0.0000000E+00  0.0000000E+00  0.0000000E+00  0.0000000E+00  0.0000000E+00
  0.0000000E+00  0.0000000E+00  0.0000000E+00  0.0000000E+00  0.0000000E+00  0.0000000E+00  0.0000000E+00  0.0000000E+00  0.0000000E+00  0.0000000E+00  0.0000000E+00  0.0000000E+00  0.0000000E+00  0.0000000E+00  0.0000000E+00  0.0000000E+00  0.0000000E+00  0.0000000E+00  0.0000000E+00  0.0000000E+00
  0.0000000E+00  0.0000000E+00  0.0000000E+00  0.0000000E+00  0.0000000E+00  0.0000000E+00  0.0000000E+00  0.0000000E+00  0.0000000E+00  0.0000000E+00  0.0000000E+00  0.0000000E+00  0.0000000E+00  0.0000000E+00  0.0000000E+00  0.0000000E+00  0.0000000E+00  0.0000000E+00  0.0000000E+00  0.0000000E+00
  0.0000000E+00  0.0000000E+00  0.0000000E+00  0.0000000E+00  0.0000000E+00  0.0000000E+00  0.0000000E+00  0.0000000E+00  0.0000000E+00  0.0000000E+00  0.0000000E+00  0.0000000E+00  0.0000000E+00  0.0000000E+00  0.0000000E+00  0.0000000E+00  0.0000000E+00  0.0000000E+00  0.0000000E+00  0.0000000E+00
  0.0000000E+00  0.0000000E+00  0.0000000E+00  0.0000000E+00  0.0000000E+00  0.0000000E+00  0.0000000E+00  0.0000000E+00  0.0000000E+00  0.0000000E+00  0.0000000E+00  0.0000000E+00  0.0000000E+00  0.0000000E+00  0.0000000E+00  0.0000000E+00  0.0000000E+00  0.0000000E+00  0.0000000E+00  0.0000000E+00
  0.0000000E+00  0.0000000E+00  0.0000000E+00  0.0000000E+00  0.0000000E+00  0.0000000E+00  0.0000000E+00  0.0000000E+00  0.0000000E+00  0.0000000E+00  0.0000000E+00  0.0000000E+00  0.0000000E+00  0.0000000E+00  0.0000000E+00  0.0000000E+00  0.0000000E+00  0.0000000E+00  0.0000000E+00  0.0000000E+00
  0.0000000E+00  0.0000000E+00  0.0000000E+00  0.0000000E+00  0.0000000E+00  0.0000000E+00  0.0000000E+00  0.0000000E+00  0.0000000E+00  0.0000000E+00  0.0000000E+00  0.0000000E+00  0.0000000E+00  0.0000000E+00  0.0000000E+00  0.0000000E+00  0.0000000E+00  0.0000000E+00  0.0000000E+00  0.0000000E+00
  0.0000000E+00  0.0000000E+00  0.0000000E+00  0.0000000E+00  0.0000000E+00  0.0000000E+00  0.0000000E+00  0.0000000E+00  0.0000000E+00  0.0000000E+00  0.0000000E+00  0.0000000E+00  0.0000000E+00  0.0000000E+00  0.0000000E+00  0.0000000E+00  0.0000000E+00  0.0000000E+00  0.0000000E+00  0.0000000E+00
  0.0000000E+00  0.0000000E+00  0.0000000E+00  0.0000000E+00  0.0000000E+00  0.0000000E+00  0.0000000E+00  0.0000000E+00  0.0000000E+00  0.0000000E+00  0.0000000E+00  0.0000000E+00  0.0000000E+00  0.0000000E+00  0.0000000E+00  0.0000000E+00  0.0000000E+00  0.0000000E+00  0.0000000E+00  0.0000000E+00
  0.0000000E+00  0.0000000E+00  0.0000000E+00  0.0000000E+00  0.0000000E+00  0.0000000E+00  0.0000000E+00  0.0000000E+00  0.0000000E+00  0.0000000E+00  0.0000000E+00  0.0000000E+00  0.0000000E+00  0.0000000E+00  0.0000000E+00  0.0000000E+00  0.0000000E+00  0.0000000E+00  0.0000000E+00  0.0000000E+00
  0.0000000E+00  0.0000000E+00  0.0000000E+00  0.0000000E+00  0.0000000E+00  0.0000000E+00  0.0000000E+00  0.0000000E+00  0.0000000E+00  0.0000000E+00  0.0000000E+00  0.0000000E+00  0.0000000E+00  0.0000000E+00  0.0000000E+00  0.0000000E+00  0.0000000E+00  0.0000000E+00  0.0000000E+00  0.0000000E+00
  0.0000000E+00  0.0000000E+00  0.0000000E+00  0.0000000E+00  0.0000000E+00  0.0000000E+00  0.0000000E+00  0.0000000E+00  0.0000000E+00  0.0000000E+00  0.0000000E+00  0.0000000E+00  0.0000000E+00  0.0000000E+00  0.0000000E+00  0.0000000E+00  0.0000000E+00  0.0000000E+00  0.0000000E+00  0.0000000E+00
  0.0000000E+00  0.0000000E+00  0.0000000E+00  0.0000000E+00  0.0000000E+00  0.0000000E+00  0.0000000E+00  0.0000000E+00  0.0000000E+00  0.0000000E+00  0.0000000E+00  0.0000000E+00  0.0000000E+00  0.0000000E+00  0.0000000E+00  0.0000000E+00  0.0000000E+00  0.0000000E+00  0.0000000E+00  0.0000000E+00
  0.0000000E+00  0.0000000E+00  0.0000000E+00  0.0000000E+00  0.0000000E+00  0.0000000E+00  0.0000000E+00  0.0000000E+00  0.0000000E+00  0.0000000E+00  0.0000000E+00  0.0000000E+00  0.0000000E+00  0.0000000E+00  0.0000000E+00  0.0000000E+00  0.0000000E+00  0.0000000E+00  0.0000000E+00  0.0000000E+00
  0.0000000E+00  0.0000000E+00  0.0000000E+00  0.0000000E+00  0.0000000E+00  0.0000000E+00  0.0000000E+00  0.0000000E+00  0.0000000E+00  0.0000000E+00  0.0000000E+00  0.0000000E+00  0.0000000E+00  0.0000000E+00  0.0000000E+00  0.0000000E+00  0.0000000E+00  0.0000000E+00  0.0000000E+00  0.0000000E+00
  0.0000000E+00  0.0000000E+00  0.0000000E+00  0.0000000E+00  0.0000000E+00  0.0000000E+00  0.0000000E+00  0.0000000E+00  0.0000000E+00  0.0000000E+00  0.0000000E+00  0.0000000E+00  0.0000000E+00  0.0000000E+00  0.0000000E+00  0.0000000E+00  0.0000000E+00  0.0000000E+00  0.0000000E+00  0.0000000E+00
  0.0000000E+00  0.0000000E+00  0.0000000E+00  0.0000000E+00  0.0000000E+00  0.0000000E+00  0.0000000E+00  0.0000000E+00  0.0000000E+00  0.0000000E+00  0.0000000E+00  0.0000000E+00  0.0000000E+00  0.0000000E+00  0.0000000E+00  0.0000000E+00  0.0000000E+00  0.0000000E+00  0.0000000E+00  0.0000000E+00
  0.0000000E+00  0.0000000E+00  0.0000000E+00  0.0000000E+00  0.0000000E+00  0.0000000E+00  0.0000000E+00  0.0000000E+00  0.0000000E+00  0.0000000E+00  0.0000000E+00  0.0000000E+00  0.0000000E+00  0.0000000E+00  0.0000000E+00  0.0000000E+00  0.0000000E+00  0.0000000E+00  0.0000000E+00  0.0000000E+00
  0.0000000E+00  0.0000000E+00  0.0000000E+00  0.0000000E+00  0.0000000E+00  0.0000000E+00  0.0000000E+00  0.0000000E+00  0.0000000E+00  0.0000000E+00  0.0000000E+00  0.0000000E+00  0.0000000E+00  0.0000000E+00  0.0000000E+00  0.0000000E+00  0.0000000E+00  0.0000000E+00  0.0000000E+00  0.0000000E+00
  0.0000000E+00  0.0000000E+00  0.0000000E+00  0.0000000E+00  0.0000000E+00  0.0000000E+00  0.0000000E+00  0.0000000E+00  0.0000000E+00  0.0000000E+00  0.0000000E+00  0.0000000E+00  0.0000000E+00  0.0000000E+00  0.0000000E+00  0.0000000E+00  0.0000000E+00  0.0000000E+00  0.0000000E+00  0.0000000E+00
  0.0000000E+00  0.0000000E+00  0.0000000E+00  0.0000000E+00  0.0000000E+00  0.0000000E+00  0.0000000E+00  0.0000000E+00  0.0000000E+00  0.0000000E+00  0.0000000E+00  0.0000000E+00  0.0000000E+00  0.0000000E+00  0.0000000E+00  0.0000000E+00  0.0000000E+00  0.0000000E+00  0.0000000E+00  0.0000000E+00
  0.0000000E+00  0.0000000E+00  0.0000000E+00  0.0000000E+00  0.0000000E+00  0.0000000E+00  0.0000000E+00  0.0000000E+00  0.0000000E+00  0.0000000E+00  0.0000000E+00  0.0000000E+00  0.0000000E+00  0.0000000E+00  0.0000000E+00  0.0000000E+00  0.0000000E+00  0.0000000E+00  0.0000000E+00  0.0000000E+00
  0.0000000E+00  0.0000000E+00  0.0000000E+00  0.0000000E+00  0.0000000E+00  0.0000000E+00  0.0000000E+00  0.0000000E+00  0.0000000E+00  0.0000000E+00  0.0000000E+00  0.0000000E+00  0.0000000E+00  0.0000000E+00  0.0000000E+00  0.0000000E+00  0.0000000E+00  0.0000000E+00  0.0000000E+00  0.0000000E+00
  0.0000000E+00  0.0000000E+00  0.0000000E+00  0.0000000E+00  0.0000000E+00  0.0000000E+00  0.0000000E+00  0.0000000E+00  0.0000000E+00  0.0000000E+00  0.0000000E+00  0.0000000E+00  0.0000000E+00  0.0000000E+00  0.0000000E+00  0.0000000E+00  0.0000000E+00  0.0000000E+00  0.0000000E+00  0.0000000E+00
  0.0000000E+00  0.0000000E+00  0.0000000E+00  0.0000000E+00  0.0000000E+00  0.0000000E+00  0.0000000E+00  0.0000000E+00  0.0000000E+00  0.0000000E+00  0.0000000E+00  0.0000000E+00  0.0000000E+00  0.0000000E+00  0.0000000E+00  0.0000000E+00  0.0000000E+00  0.0000000E+00  0.0000000E+00  0.0000000E+00
  0.0000000E+00  0.0000000E+00  0.0000000E+00  0.0000000E+00  0.0000000E+00  0.0000000E+00  0.0000000E+00  0.0000000E+00  0.0000000E+00  0.0000000E+00  0.0000000E+00  0.0000000E+00  0.0000000E+00  0.0000000E+00  0.0000000E+00  0.0000000E+00  0.0000000E+00  0.0000000E+00  0.0000000E+00  0.0000000E+00
  0.0000000E+00  0.0000000E+00  0.0000000E+00  0.0000000E+00  0.0000000E+00  0.0000000E+00  0.0000000E+00  0.0000000E+00  0.0000000E+00  0.0000000E+00  0.0000000E+00  0.0000000E+00  0.0000000E+00  0.0000000E+00  0.0000000E+00  0.0000000E+00  0.0000000E+00  0.0000000E+00  0.0000000E+00  0.0000000E+00
  0.0000000E+00  0.0000000E+00  0.0000000E+00  0.0000000E+00  0.0000000E+00  0.0000000E+00  0.0000000E+00  0.0000000E+00  0.0000000E+00  0.0000000E+00  0.0000000E+00  0.0000000E+00  0.0000000E+00  0.0000000E+00  0.0000000E+00  0.0000000E+00  0.0000000E+00  0.0000000E+00  0.0000000E+00  0.0000000E+00
  0.0000000E+00  0.0000000E+00  0.0000000E+00  0.0000000E+00  0.0000000E+00  0.0000000E+00  0.0000000E+00  0.0000000E+00  0.0000000E+00  0.0000000E+00  0.0000000E+00  0.0000000E+00  0.0000000E+00  0.0000000E+00  0.0000000E+00  0.0000000E+00  0.0000000E+00  0.0000000E+00  0.0000000E+00  0.0000000E+00
  0.0000000E+00  0.0000000E+00  0.0000000E+00  0.0000000E+00  0.0000000E+00  0.0000000E+00  0.0000000E+00  0.0000000E+00  0.0000000E+00  0.0000000E+00  0.0000000E+00  0.0000000E+00  0.0000000E+00  0.0000000E+00  0.0000000E+00  0.0000000E+00  0.0000000E+00  0.0000000E+00  0.0000000E+00  0.0000000E+00
  0.0000000E+00  0.0000000E+00  0.0000000E+00  0.0000000E+00  0.0000000E+00  0.0000000E+00  0.0000000E+00  0.0000000E+00  0.0000000E+00  0.0000000E+00  0.0000000E+00  0.0000000E+00  0.0000000E+00  0.0000000E+00  0.0000000E+00  0.0000000E+00  0.0000000E+00  0.0000000E+00  0.0000000E+00  0.0000000E+00
  0.0000000E+00  0.0000000E+00  0.0000000E+00  0.0000000E+00  0.0000000E+00  0.0000000E+00  0.0000000E+00  0.0000000E+00  0.0000000E+00  0.0000000E+00  0.0000000E+00  0.0000000E+00  0.0000000E+00  0.0000000E+00  0.0000000E+00  0.0000000E+00  0.0000000E+00  0.0000000E+00  0.0000000E+00  0.0000000E+00
  0.0000000E+00  0.0000000E+00  0.0000000E+00  0.0000000E+00  0.0000000E+00  0.0000000E+00  0.0000000E+00  0.0000000E+00  0.0000000E+00  0.0000000E+00  0.0000000E+00  0.0000000E+00  0.0000000E+00  0.0000000E+00  0.0000000E+00  0.0000000E+00  0.0000000E+00  0.0000000E+00  0.0000000E+00  0.0000000E+00
  0.0000000E+00  0.0000000E+00  0.0000000E+00  0.0000000E+00  0.0000000E+00  0.0000000E+00  0.0000000E+00  0.0000000E+00  0.0000000E+00  0.0000000E+00  0.0000000E+00  0.0000000E+00  0.0000000E+00  0.0000000E+00  0.0000000E+00  0.0000000E+00  0.0000000E+00  0.0000000E+00  0.0000000E+00  0.0000000E+00
  0.0000000E+00  0.0000000E+00  0.0000000E+00  0.0000000E+00  0.0000000E+00  0.0000000E+00  0.0000000E+00  0.0000000E+00  0.0000000E+00  0.0000000E+00  0.0000000E+00  0.0000000E+00  0.0000000E+00  0.0000000E+00  0.0000000E+00  0.0000000E+00  0.0000000E+00  0.0000000E+00  0.0000000E+00  0.0000000E+00
  0.0000000E+00  0.0000000E+00  0.0000000E+00  0.0000000E+00  0.0000000E+00  0.0000000E+00  0.0000000E+00  0.0000000E+00  0.0000000E+00  0.0000000E+00  0.0000000E+00  0.0000000E+00  0.0000000E+00  0.0000000E+00  0.0000000E+00  0.0000000E+00  0.0000000E+00  0.0000000E+00  0.0000000E+00  0.0000000E+00
  0.0000000E+00  0.0000000E+00  0.0000000E+00  0.0000000E+00  0.0000000E+00  0.0000000E+00  0.0000000E+00  0.0000000E+00  0.0000000E+00  0.0000000E+00  0.0000000E+00  0.0000000E+00  0.0000000E+00  0.0000000E+00  0.0000000E+00  0.0000000E+00  0.0000000E+00  0.0000000E+00  0.0000000E+00  0.0000000E+00
  0.0000000E+00  0.0000000E+00  0.0000000E+00  0.0000000E+00  0.0000000E+00  0.0000000E+00  0.0000000E+00  0.0000000E+00  0.0000000E+00  0.0000000E+00  0.0000000E+00  0.0000000E+00  0.0000000E+00  0.0000000E+00  0.0000000E+00  0.0000000E+00  0.0000000E+00  0.0000000E+00  0.0000000E+00  0.0000000E+00
  0.0000000E+00  0.0000000E+00  0.0000000E+00  0.0000000E+00  0.0000000E+00  0.0000000E+00  0.0000000E+00  0.0000000E+00  0.0000000E+00  0.0000000E+00  0.0000000E+00  0.0000000E+00  0.0000000E+00  0.0000000E+00  0.0000000E+00  0.0000000E+00  0.0000000E+00  0.0000000E+00  0.0000000E+00  0.0000000E+00
  0.0000000E+00  0.0000000E+00  0.0000000E+00  0.0000000E+00  0.0000000E+00  0.0000000E+00  0.0000000E+00  0.0000000E+00  0.0000000E+00  0.0000000E+00  0.0000000E+00  0.0000000E+00  0.0000000E+00  0.0000000E+00  0.0000000E+00  0.0000000E+00  0.0000000E+00  0.0000000E+00  0.0000000E+00  0.0000000E+00
  0.0000000E+00  0.0000000E+00  0.0000000E+00  0.0000000E+00  0.0000000E+00  0.0000000E+00  0.0000000E+00  0.0000000E+00  0.0000000E+00  0.0000000E+00  0.0000000E+00  0.0000000E+00  0.0000000E+00  0.0000000E+00  0.0000000E+00  0.0000000E+00  0.0000000E+00  0.0000000E+00  0.0000000E+00  0.0000000E+00
  0.0000000E+00  0.0000000E+00  0.0000000E+00  0.0000000E+00  0.0000000E+00  0.0000000E+00  0.0000000E+00  0.0000000E+00  0.0000000E+00  0.0000000E+00  0.0000000E+00  0.0000000E+00  0.0000000E+00  0.0000000E+00  0.0000000E+00  0.0000000E+00  0.0000000E+00  0.0000000E+00  0.0000000E+00  0.0000000E+00
  0.0000000E+00  0.0000000E+00  0.0000000E+00  0.0000000E+00  0.0000000E+00  0.0000000E+00  0.0000000E+00  0.0000000E+00  0.0000000E+00  0.0000000E+00  0.0000000E+00  0.0000000E+00  0.0000000E+00  0.0000000E+00  0.0000000E+00  0.0000000E+00  0.0000000E+00  0.0000000E+00  0.0000000E+00  0.0000000E+00
  0.0000000E+00  0.0000000E+00  0.0000000E+00  0.0000000E+00  0.0000000E+00  0.0000000E+00  0.0000000E+00  0.0000000E+00  0.0000000E+00  0.0000000E+00  0.0000000E+00  0.0000000E+00  0.0000000E+00  0.0000000E+00  0.0000000E+00  0.0000000E+00  0.0000000E+00  0.0000000E+00  0.0000000E+00  0.0000000E+00
  0.0000000E+00  0.0000000E+00  0.0000000E+00  0.0000000E+00  0.0000000E+00  0.0000000E+00  0.0000000E+00  0.0000000E+00  0.0000000E+00  0.0000000E+00  0.0000000E+00  0.0000000E+00  0.0000000E+00  0.0000000E+00  0.0000000E+00  0.0000000E+00  0.0000000E+00  0.0000000E+00  0.0000000E+00  0.0000000E+00
  0.0000000E+00  0.0000000E+00  0.0000000E+00  0.0000000E+00  0.0000000E+00  0.0000000E+00  0.0000000E+00  0.0000000E+00  0.0000000E+00  0.0000000E+00  0.0000000E+00  0.0000000E+00  0.0000000E+00  0.0000000E+00  0.0000000E+00  0.0000000E+00  0.0000000E+00  0.0000000E+00  0.0000000E+00  0.0000000E+00
  0.0000000E+00  0.0000000E+00  0.0000000E+00  0.0000000E+00  0.0000000E+00  0.0000000E+00  0.0000000E+00  0.0000000E+00  0.0000000E+00  0.0000000E+00  0.0000000E+00  0.0000000E+00  0.0000000E+00  0.0000000E+00  0.0000000E+00  0.0000000E+00  0.0000000E+00  0.0000000E+00  0.0000000E+00  0.0000000E+00
  0.0000000E+00  0.0000000E+00  0.0000000E+00  0.0000000E+00  0.0000000E+00  0.0000000E+00  0.0000000E+00  0.0000000E+00  0.0000000E+00  0.0000000E+00  0.0000000E+00  0.0000000E+00  0.0000000E+00  0.0000000E+00  0.0000000E+00  0.0000000E+00  0.0000000E+00  0.0000000E+00  0.0000000E+00  0.0000000E+00
  0.0000000E+00  0.0000000E+00  0.0000000E+00  0.0000000E+00  0.0000000E+00  0.0000000E+00  0.0000000E+00  0.0000000E+00  0.0000000E+00  0.0000000E+00  0.0000000E+00  0.0000000E+00  0.0000000E+00  0.0000000E+00  0.0000000E+00  0.0000000E+00  0.0000000E+00  0.0000000E+00  0.0000000E+00  0.0000000E+00
  0.0000000E+00  0.0000000E+00  0.0000000E+00  0.0000000E+00  0.0000000E+00  0.0000000E+00  0.0000000E+00  0.0000000E+00  0.0000000E+00  0.0000000E+00  0.0000000E+00  0.0000000E+00  0.0000000E+00  0.0000000E+00  0.0000000E+00  0.0000000E+00  0.0000000E+00  0.0000000E+00  0.0000000E+00  0.0000000E+00
  0.0000000E+00  0.0000000E+00  0.0000000E+00  0.0000000E+00  0.0000000E+00  0.0000000E+00  0.0000000E+00  0.0000000E+00  0.0000000E+00  0.0000000E+00  0.0000000E+00  0.0000000E+00  0.0000000E+00  0.0000000E+00  0.0000000E+00  0.0000000E+00  0.0000000E+00  0.0000000E+00  0.0000000E+00  0.0000000E+00
  0.0000000E+00  0.0000000E+00  0.0000000E+00  0.0000000E+00  0.0000000E+00  0.0000000E+00  0.0000000E+00  0.0000000E+00  0.0000000E+00  0.0000000E+00  0.0000000E+00  0.0000000E+00  0.0000000E+00  0.0000000E+00  0.0000000E+00  0.0000000E+00  0.0000000E+00  0.0000000E+00  0.0000000E+00  0.0000000E+00
  0.0000000E+00  0.0000000E+00  0.0000000E+00  0.0000000E+00  0.0000000E+00  0.0000000E+00  0.0000000E+00  0.0000000E+00  0.0000000E+00  0.0000000E+00  0.0000000E+00  0.0000000E+00  0.0000000E+00  0.0000000E+00  0.0000000E+00  0.0000000E+00  0.0000000E+00  0.0000000E+00  0.0000000E+00  0.0000000E+00
  0.0000000E+00  0.0000000E+00  0.0000000E+00  0.0000000E+00  0.0000000E+00  0.0000000E+00  0.0000000E+00  0.0000000E+00  0.0000000E+00  0.0000000E+00  0.0000000E+00  0.0000000E+00  0.0000000E+00  0.0000000E+00  0.0000000E+00  0.0000000E+00  0.0000000E+00  0.0000000E+00  0.0000000E+00  0.0000000E+00
  0.0000000E+00  0.0000000E+00  0.0000000E+00  0.0000000E+00  0.0000000E+00  0.0000000E+00  0.0000000E+00  0.0000000E+00  0.0000000E+00  0.0000000E+00  0.0000000E+00  0.0000000E+00  0.0000000E+00  0.0000000E+00  0.0000000E+00  0.0000000E+00  0.0000000E+00  0.0000000E+00  0.0000000E+00  0.0000000E+00
  0.0000000E+00  0.0000000E+00  0.0000000E+00  0.0000000E+00  0.0000000E+00  0.0000000E+00  0.0000000E+00  0.0000000E+00  0.0000000E+00  0.0000000E+00  0.0000000E+00  0.0000000E+00  0.0000000E+00  0.0000000E+00  0.0000000E+00  0.0000000E+00  0.0000000E+00  0.0000000E+00  0.0000000E+00  0.0000000E+00
  0.0000000E+00  0.0000000E+00  0.0000000E+00  0.0000000E+00  0.0000000E+00  0.0000000E+00  0.0000000E+00  0.0000000E+00  0.0000000E+00  0.0000000E+00  0.0000000E+00  0.0000000E+00  0.0000000E+00  0.0000000E+00  0.0000000E+00  0.0000000E+00  0.0000000E+00  0.0000000E+00  0.0000000E+00  0.0000000E+00
  0.0000000E+00  0.0000000E+00  0.0000000E+00  0.0000000E+00  0.0000000E+00  0.0000000E+00  0.0000000E+00  0.0000000E+00  0.0000000E+00  0.0000000E+00  0.0000000E+00  0.0000000E+00  0.0000000E+00  0.0000000E+00  0.0000000E+00  0.0000000E+00  0.0000000E+00  0.0000000E+00  0.0000000E+00  0.0000000E+00
  0.0000000E+00  0.0000000E+00  0.0000000E+00  0.0000000E+00  0.0000000E+00  0.0000000E+00  0.0000000E+00  0.0000000E+00  0.0000000E+00  0.0000000E+00  0.0000000E+00  0.0000000E+00  0.0000000E+00  0.0000000E+00  0.0000000E+00  0.0000000E+00  0.0000000E+00  0.0000000E+00  0.0000000E+00  0.0000000E+00
  0.0000000E+00  0.0000000E+00  0.0000000E+00  0.0000000E+00  0.0000000E+00  0.0000000E+00  0.0000000E+00  0.0000000E+00  0.0000000E+00  0.0000000E+00  0.0000000E+00  0.0000000E+00  0.0000000E+00  0.0000000E+00  0.0000000E+00  0.0000000E+00  0.0000000E+00  0.0000000E+00  0.0000000E+00  0.0000000E+00
  0.0000000E+00  0.0000000E+00  0.0000000E+00  0.0000000E+00  0.0000000E+00  0.0000000E+00  0.0000000E+00  0.0000000E+00  0.0000000E+00  0.0000000E+00  0.0000000E+00  0.0000000E+00  0.0000000E+00  0.0000000E+00  0.0000000E+00  0.0000000E+00  0.0000000E+00  0.0000000E+00  0.0000000E+00  0.0000000E+00
  0.0000000E+00  0.0000000E+00  0.0000000E+00  0.0000000E+00  0.0000000E+00  0.0000000E+00  0.0000000E+00  0.0000000E+00  0.0000000E+00  0.0000000E+00  0.0000000E+00  0.0000000E+00  0.0000000E+00  0.0000000E+00  0.0000000E+00  0.0000000E+00  0.0000000E+00  0.0000000E+00  0.0000000E+00  0.0000000E+00
  0.0000000E+00  0.0000000E+00  0.0000000E+00  0.0000000E+00  0.0000000E+00  0.0000000E+00  0.0000000E+00  0.0000000E+00  0.0000000E+00  0.0000000E+00  0.0000000E+00  0.0000000E+00  0.0000000E+00  0.0000000E+00  0.0000000E+00  0.0000000E+00  0.0000000E+00  0.0000000E+00  0.0000000E+00  0.0000000E+00
  0.0000000E+00  0.0000000E+00  0.0000000E+00  0.0000000E+00  0.0000000E+00  0.0000000E+00  0.0000000E+00  0.0000000E+00  0.0000000E+00  0.0000000E+00  0.0000000E+00  0.0000000E+00  0.0000000E+00  0.0000000E+00  0.0000000E+00  0.0000000E+00  0.0000000E+00  0.0000000E+00  0.0000000E+00  0.0000000E+00
  0.0000000E+00  0.0000000E+00  0.0000000E+00  0.0000000E+00  0.0000000E+00  0.0000000E+00  0.0000000E+00  0.0000000E+00  0.0000000E+00  0.0000000E+00  0.0000000E+00  0.0000000E+00  0.0000000E+00  0.0000000E+00  0.0000000E+00  0.0000000E+00  0.0000000E+00  0.0000000E+00  0.0000000E+00  0.0000000E+00
  0.0000000E+00  0.0000000E+00  0.0000000E+00  0.0000000E+00  0.0000000E+00  0.0000000E+00  0.0000000E+00  0.0000000E+00  0.0000000E+00  0.0000000E+00  0.0000000E+00  0.0000000E+00  0.0000000E+00  0.0000000E+00  0.0000000E+00  0.0000000E+00  0.0000000E+00  0.0000000E+00  0.0000000E+00  0.0000000E+00
  0.0000000E+00  0.0000000E+00  0.0000000E+00  0.0000000E+00  0.0000000E+00  0.0000000E+00  0.0000000E+00  0.0000000E+00  0.0000000E+00  0.0000000E+00  0.0000000E+00  0.0000000E+00  0.0000000E+00  0.0000000E+00  0.0000000E+00  0.0000000E+00  0.0000000E+00  0.0000000E+00  0.0000000E+00  0.0000000E+00
  0.0000000E+00  0.0000000E+00  0.0000000E+00  0.0000000E+00  0.0000000E+00  0.0000000E+00  0.0000000E+00  0.0000000E+00  0.0000000E+00  0.0000000E+00  0.0000000E+00  0.0000000E+00  0.0000000E+00  0.0000000E+00  0.0000000E+00  0.0000000E+00  0.0000000E+00  0.0000000E+00  0.0000000E+00  0.0000000E+00
  0.0000000E+00  0.0000000E+00  0.0000000E+00  0.0000000E+00  0.0000000E+00  0.0000000E+00  0.0000000E+00  0.0000000E+00  0.0000000E+00  0.0000000E+00  0.0000000E+00  0.0000000E+00  0.0000000E+00  0.0000000E+00  0.0000000E+00  0.0000000E+00  0.0000000E+00  0.0000000E+00  0.0000000E+00  0.0000000E+00
  0.0000000E+00  0.0000000E+00  0.0000000E+00  0.0000000E+00  0.0000000E+00  0.0000000E+00  0.0000000E+00  0.0000000E+00  0.0000000E+00  0.0000000E+00  0.0000000E+00  0.0000000E+00  0.0000000E+00  0.0000000E+00  0.0000000E+00  0.0000000E+00  0.0000000E+00  0.0000000E+00  0.0000000E+00  0.0000000E+00
  0.0000000E+00  0.0000000E+00  0.0000000E+00  0.0000000E+00  0.0000000E+00  0.0000000E+00  0.0000000E+00  0.0000000E+00  0.0000000E+00  0.0000000E+00  0.0000000E+00  0.0000000E+00  0.0000000E+00  0.0000000E+00  0.0000000E+00  0.0000000E+00  0.0000000E+00  0.0000000E+00  0.0000000E+00  0.0000000E+00
  0.0000000E+00  0.0000000E+00  0.0000000E+00  0.0000000E+00  0.0000000E+00  0.0000000E+00  0.0000000E+00  0.0000000E+00  0.0000000E+00  0.0000000E+00  0.0000000E+00  0.0000000E+00  0.0000000E+00  0.0000000E+00  0.0000000E+00  0.0000000E+00  0.0000000E+00  0.0000000E+00  0.0000000E+00  0.0000000E+00
  0.0000000E+00  0.0000000E+00  0.0000000E+00  0.0000000E+00  0.0000000E+00  0.0000000E+00  0.0000000E+00  0.0000000E+00  0.0000000E+00  0.0000000E+00  0.0000000E+00  0.0000000E+00  0.0000000E+00  0.0000000E+00  0.0000000E+00  0.0000000E+00  0.0000000E+00  0.0000000E+00  0.0000000E+00  0.0000000E+00
  0.0000000E+00  0.0000000E+00  0.0000000E+00  0.0000000E+00  0.0000000E+00  0.0000000E+00  0.0000000E+00  0.0000000E+00  0.0000000E+00  0.0000000E+00  0.0000000E+00  0.0000000E+00  0.0000000E+00  0.0000000E+00  0.0000000E+00  0.0000000E+00  0.0000000E+00  0.0000000E+00  0.0000000E+00  0.0000000E+00
  0.0000000E+00  0.0000000E+00  0.0000000E+00  0.0000000E+00  0.0000000E+00  0.0000000E+00  0.0000000E+00  0.0000000E+00  0.0000000E+00  0.0000000E+00  0.0000000E+00  0.0000000E+00  0.0000000E+00  0.0000000E+00  0.0000000E+00  0.0000000E+00  0.0000000E+00  0.0000000E+00  0.0000000E+00  0.0000000E+00
  0.0000000E+00  0.0000000E+00  0.0000000E+00  0.0000000E+00  0.0000000E+00  0.0000000E+00  0.0000000E+00  0.0000000E+00  0.0000000E+00  0.0000000E+00  0.0000000E+00  0.0000000E+00  0.0000000E+00  0.0000000E+00  0.0000000E+00  0.0000000E+00  0.0000000E+00  0.0000000E+00  0.0000000E+00  0.0000000E+00
  0.0000000E+00  0.0000000E+00  0.0000000E+00  0.0000000E+00  0.0000000E+00  0.0000000E+00  0.0000000E+00  0.0000000E+00  0.0000000E+00  0.0000000E+00  0.0000000E+00  0.0000000E+00  0.0000000E+00  0.0000000E+00  0.0000000E+00  0.0000000E+00  0.0000000E+00  0.0000000E+00  0.0000000E+00  0.0000000E+00
  0.0000000E+00  0.0000000E+00  0.0000000E+00  0.0000000E+00  0.0000000E+00  0.0000000E+00  0.0000000E+00  0.0000000E+00  0.0000000E+00  0.0000000E+00  0.0000000E+00  0.0000000E+00  0.0000000E+00  0.0000000E+00  0.0000000E+00  0.0000000E+00  0.0000000E+00  0.0000000E+00  0.0000000E+00  0.0000000E+00
  0.0000000E+00  0.0000000E+00  0.0000000E+00  0.0000000E+00  0.0000000E+00  0.0000000E+00  0.0000000E+00  0.0000000E+00  0.0000000E+00  0.0000000E+00  0.0000000E+00  0.0000000E+00  0.0000000E+00  0.0000000E+00  0.0000000E+00  0.0000000E+00  0.0000000E+00  0.0000000E+00  0.0000000E+00  0.0000000E+00
  0.0000000E+00  0.0000000E+00  0.0000000E+00  0.0000000E+00  0.0000000E+00  0.0000000E+00  0.0000000E+00  0.0000000E+00  0.0000000E+00  0.0000000E+00  0.0000000E+00  0.0000000E+00  0.0000000E+00  0.0000000E+00  0.0000000E+00  0.0000000E+00  0.0000000E+00  0.0000000E+00  0.0000000E+00  0.0000000E+00
  0.0000000E+00  0.0000000E+00  0.0000000E+00  0.0000000E+00  0.0000000E+00  0.0000000E+00  0.0000000E+00  0.0000000E+00  0.0000000E+00  0.0000000E+00  0.0000000E+00  0.0000000E+00  0.0000000E+00  0.0000000E+00  0.0000000E+00  0.0000000E+00  0.0000000E+00  0.0000000E+00  0.0000000E+00  0.0000000E+00
  0.0000000E+00  0.0000000E+00  0.0000000E+00  0.0000000E+00  0.0000000E+00  0.0000000E+00  0.0000000E+00  0.0000000E+00  0.0000000E+00  0.0000000E+00  0.0000000E+00  0.0000000E+00  0.0000000E+00  0.0000000E+00  0.0000000E+00  0.0000000E+00  0.0000000E+00  0.0000000E+00  0.0000000E+00  0.0000000E+00
  0.0000000E+00  0.0000000E+00  0.0000000E+00  0.0000000E+00  0.0000000E+00  0.0000000E+00  0.0000000E+00  0.0000000E+00  0.0000000E+00  0.0000000E+00  0.0000000E+00  0.0000000E+00  0.0000000E+00  0.0000000E+00  0.0000000E+00  0.0000000E+00  0.0000000E+00  0.0000000E+00  0.0000000E+00  0.0000000E+00
  0.0000000E+00  0.0000000E+00  0.0000000E+00  0.0000000E+00  0.0000000E+00  0.0000000E+00  0.0000000E+00  0.0000000E+00  0.0000000E+00  0.0000000E+00  0.0000000E+00  0.0000000E+00  0.0000000E+00  0.0000000E+00  0.0000000E+00  0.0000000E+00  0.0000000E+00  0.0000000E+00  0.0000000E+00  0.0000000E+00
  0.0000000E+00  0.0000000E+00  0.0000000E+00  0.0000000E+00  0.0000000E+00  0.0000000E+00  0.0000000E+00  0.0000000E+00  0.0000000E+00  0.0000000E+00  0.0000000E+00  0.0000000E+00  0.0000000E+00  0.0000000E+00  0.0000000E+00  0.0000000E+00  0.0000000E+00  0.0000000E+00  0.0000000E+00  0.0000000E+00
  0.0000000E+00  0.0000000E+00  0.0000000E+00  0.0000000E+00  0.0000000E+00  0.0000000E+00  0.0000000E+00  0.0000000E+00  0.0000000E+00  0.0000000E+00  0.0000000E+00  0.0000000E+00  0.0000000E+00  0.0000000E+00  0.0000000E+00  0.0000000E+00  0.0000000E+00  0.0000000E+00  0.0000000E+00  0.0000000E+00
  0.0000000E+00  0.0000000E+00  0.0000000E+00  0.0000000E+00  0.0000000E+00  0.0000000E+00  0.0000000E+00  0.0000000E+00  0.0000000E+00  0.0000000E+00  0.0000000E+00  0.0000000E+00  0.0000000E+00  0.0000000E+00  0.0000000E+00  0.0000000E+00  0.0000000E+00  0.0000000E+00  0.0000000E+00  0.0000000E+00
  0.0000000E+00  0.0000000E+00  0.0000000E+00  0.0000000E+00  0.0000000E+00  0.0000000E+00  0.0000000E+00  0.0000000E+00  0.0000000E+00  0.0000000E+00  0.0000000E+00  0.0000000E+00  0.0000000E+00  0.0000000E+00  0.0000000E+00  0.0000000E+00  0.0000000E+00  0.0000000E+00  0.0000000E+00  0.0000000E+00
  0.0000000E+00  0.0000000E+00  0.0000000E+00  0.0000000E+00  0.0000000E+00  0.0000000E+00  0.0000000E+00  0.0000000E+00  0.0000000E+00  0.0000000E+00  0.0000000E+00  0.0000000E+00  0.0000000E+00  0.0000000E+00  0.0000000E+00  0.0000000E+00  0.0000000E+00  0.0000000E+00  0.0000000E+00  0.0000000E+00
  0.0000000E+00  0.0000000E+00  0.0000000E+00  0.0000000E+00  0.0000000E+00  0.0000000E+00  0.0000000E+00  0.0000000E+00  0.0000000E+00  0.0000000E+00  0.0000000E+00  0.0000000E+00  0.0000000E+00  0.0000000E+00  0.0000000E+00  0.0000000E+00  0.0000000E+00  0.0000000E+00  0.0000000E+00  0.0000000E+00
  0.0000000E+00  0.0000000E+00  0.0000000E+00  0.0000000E+00  0.0000000E+00  0.0000000E+00  0.0000000E+00  0.0000000E+00  0.0000000E+00  0.0000000E+00  0.0000000E+00  0.0000000E+00  0.0000000E+00  0.0000000E+00  0.0000000E+00  0.0000000E+00  0.0000000E+00  0.0000000E+00  0.0000000E+00  0.0000000E+00
  0.0000000E+00  0.0000000E+00  0.0000000E+00  0.0000000E+00  0.0000000E+00  0.0000000E+00  0.0000000E+00  0.0000000E+00  0.0000000E+00  0.0000000E+00  0.0000000E+00  0.0000000E+00  0.0000000E+00  0.0000000E+00  0.0000000E+00  0.0000000E+00  0.0000000E+00  0.0000000E+00  0.0000000E+00  0.0000000E+00
  0.0000000E+00  0.0000000E+00  0.0000000E+00  0.0000000E+00  0.0000000E+00  0.0000000E+00  0.0000000E+00  0.0000000E+00  0.0000000E+00  0.0000000E+00  0.0000000E+00  0.0000000E+00  0.0000000E+00  0.0000000E+00  0.0000000E+00  0.0000000E+00  0.0000000E+00  0.0000000E+00  0.0000000E+00  0.0000000E+00
  0.0000000E+00  0.0000000E+00  0.0000000E+00  0.0000000E+00  0.0000000E+00  0.0000000E+00  0.0000000E+00  0.0000000E+00  0.0000000E+00  0.0000000E+00  0.0000000E+00  0.0000000E+00  0.0000000E+00  0.0000000E+00  0.0000000E+00  0.0000000E+00  0.0000000E+00  0.0000000E+00  0.0000000E+00  0.0000000E+00
  0.0000000E+00  0.0000000E+00  0.0000000E+00  0.0000000E+00  0.0000000E+00  0.0000000E+00  0.0000000E+00  0.0000000E+00  0.0000000E+00  0.0000000E+00  0.0000000E+00  0.0000000E+00  0.0000000E+00  0.0000000E+00  0.0000000E+00  0.0000000E+00  0.0000000E+00  0.0000000E+00  0.0000000E+00  0.0000000E+00
  0.0000000E+00  0.0000000E+00  0.0000000E+00  0.0000000E+00  0.0000000E+00  0.0000000E+00  0.0000000E+00  0.0000000E+00  0.0000000E+00  0.0000000E+00  0.0000000E+00  0.0000000E+00  0.0000000E+00  0.0000000E+00  0.0000000E+00  0.0000000E+00  0.0000000E+00  0.0000000E+00  0.0000000E+00  0.0000000E+00
  0.0000000E+00  0.0000000E+00  0.0000000E+00  0.0000000E+00  0.0000000E+00  0.0000000E+00  0.0000000E+00  0.0000000E+00  0.0000000E+00  0.0000000E+00  0.0000000E+00  0.0000000E+00  0.0000000E+00  0.0000000E+00  0.0000000E+00  0.0000000E+00  0.0000000E+00  0.0000000E+00  0.0000000E+00  0.0000000E+00
  0.0000000E+00  0.0000000E+00  0.0000000E+00  0.0000000E+00  0.0000000E+00  0.0000000E+00  0.0000000E+00  0.0000000E+00  0.0000000E+00  0.0000000E+00  0.0000000E+00  0.0000000E+00  0.0000000E+00  0.0000000E+00  0.0000000E+00  0.0000000E+00  0.0000000E+00  0.0000000E+00  0.0000000E+00  0.0000000E+00
  0.0000000E+00  0.0000000E+00  0.0000000E+00  0.0000000E+00  0.0000000E+00  0.0000000E+00  0.0000000E+00  0.0000000E+00  0.0000000E+00  0.0000000E+00  0.0000000E+00  0.0000000E+00  0.0000000E+00  0.0000000E+00  0.0000000E+00  0.0000000E+00  0.0000000E+00  0.0000000E+00  0.0000000E+00  0.0000000E+00
  0.0000000E+00  0.0000000E+00  0.0000000E+00  0.0000000E+00  0.0000000E+00  0.0000000E+00  0.0000000E+00  0.0000000E+00  0.0000000E+00  0.0000000E+00  0.0000000E+00  0.0000000E+00  0.0000000E+00  0.0000000E+00  0.0000000E+00  0.0000000E+00  0.0000000E+00  0.0000000E+00  0.0000000E+00  0.0000000E+00
  0.0000000E+00  0.0000000E+00  0.0000000E+00  0.0000000E+00  0.0000000E+00  0.0000000E+00  0.0000000E+00  0.0000000E+00  0.0000000E+00  0.0000000E+00  0.0000000E+00  0.0000000E+00  0.0000000E+00  0.0000000E+00  0.0000000E+00  0.0000000E+00  0.0000000E+00  0.0000000E+00  0.0000000E+00  0.0000000E+00
  0.0000000E+00  0.0000000E+00  0.0000000E+00  0.0000000E+00  0.0000000E+00  0.0000000E+00  0.0000000E+00  0.0000000E+00  0.0000000E+00  0.0000000E+00  0.0000000E+00  0.0000000E+00  0.0000000E+00  0.0000000E+00  0.0000000E+00  0.0000000E+00  0.0000000E+00  0.0000000E+00  0.0000000E+00  0.0000000E+00
  0.0000000E+00  0.0000000E+00  0.0000000E+00  0.0000000E+00  0.0000000E+00  0.0000000E+00  0.0000000E+00  0.0000000E+00  0.0000000E+00  0.0000000E+00  0.0000000E+00  0.0000000E+00  0.0000000E+00  0.0000000E+00  0.0000000E+00  0.0000000E+00  0.0000000E+00  0.0000000E+00  0.0000000E+00  0.0000000E+00
  0.0000000E+00  0.0000000E+00  0.0000000E+00  0.0000000E+00  0.0000000E+00  0.0000000E+00  0.0000000E+00  0.0000000E+00  0.0000000E+00  0.0000000E+00  0.0000000E+00  0.0000000E+00  0.0000000E+00  0.0000000E+00  0.0000000E+00  0.0000000E+00  0.0000000E+00  0.0000000E+00  0.0000000E+00  0.0000000E+00
  0.0000000E+00  0.0000000E+00  0.0000000E+00  0.0000000E+00  0.0000000E+00  0.0000000E+00  0.0000000E+00  0.0000000E+00  0.0000000E+00  0.0000000E+00  0.0000000E+00  0.0000000E+00  0.0000000E+00  0.0000000E+00  0.0000000E+00  0.0000000E+00  0.0000000E+00  0.0000000E+00  0.0000000E+00  0.0000000E+00
  0.0000000E+00  0.0000000E+00  0.0000000E+00  0.0000000E+00  0.0000000E+00  0.0000000E+00  0.0000000E+00  0.0000000E+00  0.0000000E+00  0.0000000E+00  0.0000000E+00  0.0000000E+00  0.0000000E+00  0.0000000E+00  0.0000000E+00  0.0000000E+00  0.0000000E+00  0.0000000E+00  0.0000000E+00  0.0000000E+00
  0.0000000E+00  0.0000000E+00  0.0000000E+00  0.0000000E+00  0.0000000E+00  0.0000000E+00  0.0000000E+00  0.0000000E+00  0.0000000E+00  0.0000000E+00  0.0000000E+00  0.0000000E+00  0.0000000E+00  0.0000000E+00  0.0000000E+00  0.0000000E+00  0.0000000E+00  0.0000000E+00  0.0000000E+00  0.0000000E+00
  0.0000000E+00  0.0000000E+00  0.0000000E+00  0.0000000E+00  0.0000000E+00  0.0000000E+00  0.0000000E+00  0.0000000E+00  0.0000000E+00  0.0000000E+00  0.0000000E+00  0.0000000E+00  0.0000000E+00  0.0000000E+00  0.0000000E+00  0.0000000E+00  0.0000000E+00  0.0000000E+00  0.0000000E+00  0.0000000E+00
  0.0000000E+00  0.0000000E+00  0.0000000E+00  0.0000000E+00  0.0000000E+00  0.0000000E+00  0.0000000E+00  0.0000000E+00  0.0000000E+00  0.0000000E+00  0.0000000E+00  0.0000000E+00  0.0000000E+00  0.0000000E+00  0.0000000E+00  0.0000000E+00  0.0000000E+00  0.0000000E+00  0.0000000E+00  0.0000000E+00
  0.0000000E+00  0.0000000E+00  0.0000000E+00  0.0000000E+00  0.0000000E+00  0.0000000E+00  0.0000000E+00  0.0000000E+00  0.0000000E+00  0.0000000E+00  0.0000000E+00  0.0000000E+00  0.0000000E+00  0.0000000E+00  0.0000000E+00  0.0000000E+00  0.0000000E+00  0.0000000E+00  0.0000000E+00  0.0000000E+00
  0.0000000E+00  0.0000000E+00  0.0000000E+00  0.0000000E+00  0.0000000E+00  0.0000000E+00  0.0000000E+00  0.0000000E+00  0.0000000E+00  0.0000000E+00  0.0000000E+00  0.0000000E+00  0.0000000E+00  0.0000000E+00  0.0000000E+00  0.0000000E+00  0.0000000E+00  0.0000000E+00  0.0000000E+00  0.0000000E+00
  0.0000000E+00  0.0000000E+00  0.0000000E+00  0.0000000E+00  0.0000000E+00  0.0000000E+00  0.0000000E+00  0.0000000E+00  0.0000000E+00  0.0000000E+00  0.0000000E+00  0.0000000E+00  0.0000000E+00  0.0000000E+00  0.0000000E+00  0.0000000E+00  0.0000000E+00  0.0000000E+00  0.0000000E+00  0.0000000E+00
  0.0000000E+00  0.0000000E+00  0.0000000E+00  0.0000000E+00  0.0000000E+00  0.0000000E+00  0.0000000E+00  0.0000000E+00  0.0000000E+00  0.0000000E+00  0.0000000E+00  0.0000000E+00  0.0000000E+00  0.0000000E+00  0.0000000E+00  0.0000000E+00  0.0000000E+00  0.0000000E+00  0.0000000E+00  0.0000000E+00
  0.0000000E+00  0.0000000E+00  0.0000000E+00  0.0000000E+00  0.0000000E+00  0.0000000E+00  0.0000000E+00  0.0000000E+00  0.0000000E+00  0.0000000E+00  0.0000000E+00  0.0000000E+00  0.0000000E+00  0.0000000E+00  0.0000000E+00  0.0000000E+00  0.0000000E+00  0.0000000E+00  0.0000000E+00  0.0000000E+00
  0.0000000E+00  0.0000000E+00  0.0000000E+00  0.0000000E+00  0.0000000E+00  0.0000000E+00  0.0000000E+00  0.0000000E+00  0.0000000E+00  0.0000000E+00  0.0000000E+00  0.0000000E+00  0.0000000E+00  0.0000000E+00  0.0000000E+00  0.0000000E+00  0.0000000E+00  0.0000000E+00  0.0000000E+00  0.0000000E+00
  0.0000000E+00  0.0000000E+00  0.0000000E+00  0.0000000E+00  0.0000000E+00  0.0000000E+00  0.0000000E+00  0.0000000E+00  0.0000000E+00  0.0000000E+00  0.0000000E+00  0.0000000E+00  0.0000000E+00  0.0000000E+00  0.0000000E+00  0.0000000E+00  0.0000000E+00  0.0000000E+00  0.0000000E+00  0.0000000E+00
  0.0000000E+00  0.0000000E+00  0.0000000E+00  0.0000000E+00  0.0000000E+00  0.0000000E+00  0.0000000E+00  0.0000000E+00  0.0000000E+00  0.0000000E+00  0.0000000E+00  0.0000000E+00  0.0000000E+00  0.0000000E+00  0.0000000E+00  0.0000000E+00  0.0000000E+00  0.0000000E+00  0.0000000E+00  0.0000000E+00
  0.0000000E+00  0.0000000E+00  0.0000000E+00  0.0000000E+00  0.0000000E+00  0.0000000E+00  0.0000000E+00  0.0000000E+00  0.0000000E+00  0.0000000E+00  0.0000000E+00  0.0000000E+00  0.0000000E+00  0.0000000E+00  0.0000000E+00  0.0000000E+00  0.0000000E+00  0.0000000E+00  0.0000000E+00  0.0000000E+00
  0.0000000E+00  0.0000000E+00  0.0000000E+00  0.0000000E+00  0.0000000E+00  0.0000000E+00  0.0000000E+00  0.0000000E+00  0.0000000E+00  0.0000000E+00  0.0000000E+00  0.0000000E+00  0.0000000E+00  0.0000000E+00  0.0000000E+00  0.0000000E+00  0.0000000E+00  0.0000000E+00  0.0000000E+00  0.0000000E+00
  0.0000000E+00  0.0000000E+00  0.0000000E+00  0.0000000E+00  0.0000000E+00  0.0000000E+00  0.0000000E+00  0.0000000E+00  0.0000000E+00  0.0000000E+00  0.0000000E+00  0.0000000E+00  0.0000000E+00  0.0000000E+00  0.0000000E+00  0.0000000E+00  0.0000000E+00  0.0000000E+00  0.0000000E+00  0.0000000E+00
  0.0000000E+00  0.0000000E+00  0.0000000E+00  0.0000000E+00  0.0000000E+00  0.0000000E+00  0.0000000E+00  0.0000000E+00  0.0000000E+00  0.0000000E+00  0.0000000E+00  0.0000000E+00  0.0000000E+00  0.0000000E+00  0.0000000E+00  0.0000000E+00  0.0000000E+00  0.0000000E+00  0.0000000E+00  0.0000000E+00
  0.0000000E+00  0.0000000E+00  0.0000000E+00  0.0000000E+00  0.0000000E+00  0.0000000E+00  0.0000000E+00  0.0000000E+00  0.0000000E+00  0.0000000E+00  0.0000000E+00  0.0000000E+00  0.0000000E+00  0.0000000E+00  0.0000000E+00  0.0000000E+00  0.0000000E+00  0.0000000E+00  0.0000000E+00  0.0000000E+00
  0.0000000E+00  0.0000000E+00  0.0000000E+00  0.0000000E+00  0.0000000E+00  0.0000000E+00  0.0000000E+00  0.0000000E+00  0.0000000E+00  0.0000000E+00  0.0000000E+00  0.0000000E+00  0.0000000E+00  0.0000000E+00  0.0000000E+00  0.0000000E+00  0.0000000E+00  0.0000000E+00  0.0000000E+00  0.0000000E+00
  0.0000000E+00  0.0000000E+00  0.0000000E+00  0.0000000E+00  0.0000000E+00  0.0000000E+00  0.0000000E+00  0.0000000E+00  0.0000000E+00  0.0000000E+00  0.0000000E+00  0.0000000E+00  0.0000000E+00  0.0000000E+00  0.0000000E+00  0.0000000E+00  0.0000000E+00  0.0000000E+00  0.0000000E+00  0.0000000E+00
  0.0000000E+00  0.0000000E+00  0.0000000E+00  0.0000000E+00  0.0000000E+00  0.0000000E+00  0.0000000E+00  0.0000000E+00  0.0000000E+00  0.0000000E+00  0.0000000E+00  0.0000000E+00  0.0000000E+00  0.0000000E+00  0.0000000E+00  0.0000000E+00  0.0000000E+00  0.0000000E+00  0.0000000E+00  0.0000000E+00
  0.0000000E+00  0.0000000E+00  0.0000000E+00  0.0000000E+00  0.0000000E+00  0.0000000E+00  0.0000000E+00  0.0000000E+00  0.0000000E+00  0.0000000E+00  0.0000000E+00  0.0000000E+00  0.0000000E+00  0.0000000E+00  0.0000000E+00  0.0000000E+00  0.0000000E+00  0.0000000E+00  0.0000000E+00  0.0000000E+00
  0.0000000E+00  0.0000000E+00  0.0000000E+00  0.0000000E+00  0.0000000E+00  0.0000000E+00  0.0000000E+00  0.0000000E+00  0.0000000E+00  0.0000000E+00  0.0000000E+00  0.0000000E+00  0.0000000E+00  0.0000000E+00  0.0000000E+00  0.0000000E+00  0.0000000E+00  0.0000000E+00  0.0000000E+00  0.0000000E+00
  0.0000000E+00  0.0000000E+00  0.0000000E+00  0.0000000E+00  0.0000000E+00  0.0000000E+00  0.0000000E+00  0.0000000E+00  0.0000000E+00  0.0000000E+00  0.0000000E+00  0.0000000E+00  0.0000000E+00  0.0000000E+00  0.0000000E+00  0.0000000E+00  0.0000000E+00  0.0000000E+00  0.0000000E+00  0.0000000E+00
  0.0000000E+00  0.0000000E+00  0.0000000E+00  0.0000000E+00  0.0000000E+00  0.0000000E+00  0.0000000E+00  0.0000000E+00  0.0000000E+00  0.0000000E+00  0.0000000E+00  0.0000000E+00  0.0000000E+00  0.0000000E+00  0.0000000E+00  0.0000000E+00  0.0000000E+00  0.0000000E+00  0.0000000E+00  0.0000000E+00
  0.0000000E+00  0.0000000E+00  0.0000000E+00  0.0000000E+00  0.0000000E+00  0.0000000E+00  0.0000000E+00  0.0000000E+00  0.0000000E+00  0.0000000E+00  0.0000000E+00  0.0000000E+00  0.0000000E+00  0.0000000E+00  0.0000000E+00  0.0000000E+00  0.0000000E+00  0.0000000E+00  0.0000000E+00  0.0000000E+00
  0.0000000E+00  0.0000000E+00  0.0000000E+00  0.0000000E+00  0.0000000E+00  0.0000000E+00  0.0000000E+00  0.0000000E+00  0.0000000E+00  0.0000000E+00  0.0000000E+00  0.0000000E+00  0.0000000E+00  0.0000000E+00  0.0000000E+00  0.0000000E+00  0.0000000E+00  0.0000000E+00  0.0000000E+00  0.0000000E+00
  0.0000000E+00  0.0000000E+00  0.0000000E+00  0.0000000E+00  0.0000000E+00  0.0000000E+00  0.0000000E+00  0.0000000E+00  0.0000000E+00  0.0000000E+00  0.0000000E+00  0.0000000E+00  0.0000000E+00  0.0000000E+00  0.0000000E+00  0.0000000E+00  0.0000000E+00  0.0000000E+00  0.0000000E+00  0.0000000E+00
  0.0000000E+00  0.0000000E+00  0.0000000E+00  0.0000000E+00  0.0000000E+00  0.0000000E+00  0.0000000E+00  0.0000000E+00  0.0000000E+00  0.0000000E+00  0.0000000E+00  0.0000000E+00  0.0000000E+00  0.0000000E+00  0.0000000E+00  0.0000000E+00  0.0000000E+00  0.0000000E+00  0.0000000E+00  0.0000000E+00
  0.0000000E+00  0.0000000E+00  0.0000000E+00  0.0000000E+00  0.0000000E+00  0.0000000E+00  0.0000000E+00  0.0000000E+00  0.0000000E+00  0.0000000E+00  0.0000000E+00  0.0000000E+00  0.0000000E+00  0.0000000E+00  0.0000000E+00  0.0000000E+00  0.0000000E+00  0.0000000E+00  0.0000000E+00  0.0000000E+00
  0.0000000E+00  0.0000000E+00  0.0000000E+00  0.0000000E+00  0.0000000E+00  0.0000000E+00  0.0000000E+00  0.0000000E+00  0.0000000E+00  0.0000000E+00  0.0000000E+00  0.0000000E+00  0.0000000E+00  0.0000000E+00  0.0000000E+00  0.0000000E+00  0.0000000E+00  0.0000000E+00  0.0000000E+00  0.0000000E+00
  0.0000000E+00  0.0000000E+00  0.0000000E+00  0.0000000E+00  0.0000000E+00  0.0000000E+00  0.0000000E+00  0.0000000E+00  0.0000000E+00  0.0000000E+00  0.0000000E+00  0.0000000E+00  0.0000000E+00  0.0000000E+00  0.0000000E+00  0.0000000E+00  0.0000000E+00  0.0000000E+00  0.0000000E+00  0.0000000E+00
  0.0000000E+00  0.0000000E+00  0.0000000E+00  0.0000000E+00  0.0000000E+00  0.0000000E+00  0.0000000E+00  0.0000000E+00  0.0000000E+00  0.0000000E+00  0.0000000E+00  0.0000000E+00  0.0000000E+00  0.0000000E+00  0.0000000E+00  0.0000000E+00  0.0000000E+00  0.0000000E+00  0.0000000E+00  0.0000000E+00
  0.0000000E+00  0.0000000E+00  0.0000000E+00  0.0000000E+00  0.0000000E+00  0.0000000E+00  0.0000000E+00  0.0000000E+00  0.0000000E+00  0.0000000E+00  0.0000000E+00  0.0000000E+00  0.0000000E+00  0.0000000E+00  0.0000000E+00  0.0000000E+00  0.0000000E+00  0.0000000E+00  0.0000000E+00  0.0000000E+00
  0.0000000E+00  0.0000000E+00  0.0000000E+00  0.0000000E+00  0.0000000E+00  0.0000000E+00  0.0000000E+00  0.0000000E+00  0.0000000E+00  0.0000000E+00  0.0000000E+00  0.0000000E+00  0.0000000E+00  0.0000000E+00  0.0000000E+00  0.0000000E+00  0.0000000E+00  0.0000000E+00  0.0000000E+00  0.0000000E+00
  0.0000000E+00  0.0000000E+00  0.0000000E+00  0.0000000E+00  0.0000000E+00  0.0000000E+00  0.0000000E+00  0.0000000E+00  0.0000000E+00  0.0000000E+00  0.0000000E+00  0.0000000E+00  0.0000000E+00  0.0000000E+00  0.0000000E+00  0.0000000E+00  0.0000000E+00  0.0000000E+00  0.0000000E+00  0.0000000E+00
  0.0000000E+00  0.0000000E+00  0.0000000E+00  0.0000000E+00  0.0000000E+00  0.0000000E+00  0.0000000E+00  0.0000000E+00  0.0000000E+00  0.0000000E+00  0.0000000E+00  0.0000000E+00  0.0000000E+00  0.0000000E+00  0.0000000E+00  0.0000000E+00  0.0000000E+00  0.0000000E+00  0.0000000E+00  0.0000000E+00
  0.0000000E+00  0.0000000E+00  0.0000000E+00  0.0000000E+00  0.0000000E+00  0.0000000E+00  0.0000000E+00  0.0000000E+00  0.0000000E+00  0.0000000E+00  0.0000000E+00  0.0000000E+00  0.0000000E+00  0.0000000E+00  0.0000000E+00  0.0000000E+00  0.0000000E+00  0.0000000E+00  0.0000000E+00  0.0000000E+00
  0.0000000E+00  0.0000000E+00  0.0000000E+00  0.0000000E+00  0.0000000E+00  0.0000000E+00  0.0000000E+00  0.0000000E+00  0.0000000E+00  0.0000000E+00  0.0000000E+00  0.0000000E+00  0.0000000E+00  0.0000000E+00  0.0000000E+00  0.0000000E+00  0.0000000E+00  0.0000000E+00  0.0000000E+00  0.0000000E+00
  0.0000000E+00  0.0000000E+00  0.0000000E+00  0.0000000E+00  0.0000000E+00  0.0000000E+00  0.0000000E+00  0.0000000E+00  0.0000000E+00  0.0000000E+00  0.0000000E+00  0.0000000E+00  0.0000000E+00  0.0000000E+00  0.0000000E+00  0.0000000E+00  0.0000000E+00  0.0000000E+00  0.0000000E+00  0.0000000E+00
  0.0000000E+00  0.0000000E+00  0.0000000E+00  0.0000000E+00  0.0000000E+00  0.0000000E+00  0.0000000E+00  0.0000000E+00  0.0000000E+00  0.0000000E+00  0.0000000E+00  0.0000000E+00  0.0000000E+00  0.0000000E+00  0.0000000E+00  0.0000000E+00  0.0000000E+00  0.0000000E+00  0.0000000E+00  0.0000000E+00
  0.0000000E+00  0.0000000E+00  0.0000000E+00  0.0000000E+00  0.0000000E+00  0.0000000E+00  0.0000000E+00  0.0000000E+00  0.0000000E+00  0.0000000E+00  0.0000000E+00  0.0000000E+00  0.0000000E+00  0.0000000E+00  0.0000000E+00  0.0000000E+00  0.0000000E+00  0.0000000E+00  0.0000000E+00  0.0000000E+00
  0.0000000E+00  0.0000000E+00  0.0000000E+00  0.0000000E+00  0.0000000E+00  0.0000000E+00  0.0000000E+00  0.0000000E+00  0.0000000E+00  0.0000000E+00  0.0000000E+00  0.0000000E+00  0.0000000E+00  0.0000000E+00  0.0000000E+00  0.0000000E+00  0.0000000E+00  0.0000000E+00  0.0000000E+00  0.0000000E+00
  0.0000000E+00  0.0000000E+00  0.0000000E+00  0.0000000E+00  0.0000000E+00  0.0000000E+00  0.0000000E+00  0.0000000E+00  0.0000000E+00  0.0000000E+00  0.0000000E+00  0.0000000E+00  0.0000000E+00  0.0000000E+00  0.0000000E+00  0.0000000E+00  0.0000000E+00  0.0000000E+00  0.0000000E+00  0.0000000E+00
  0.0000000E+00  0.0000000E+00  0.0000000E+00  0.0000000E+00  0.0000000E+00  0.0000000E+00  0.0000000E+00  0.0000000E+00  0.0000000E+00  0.0000000E+00  0.0000000E+00  0.0000000E+00  0.0000000E+00  0.0000000E+00  0.0000000E+00  0.0000000E+00  0.0000000E+00  0.0000000E+00  0.0000000E+00  0.0000000E+00
  0.0000000E+00  0.0000000E+00  0.0000000E+00  0.0000000E+00  0.0000000E+00  0.0000000E+00  0.0000000E+00  0.0000000E+00  0.0000000E+00  0.0000000E+00  0.0000000E+00  0.0000000E+00  0.0000000E+00  0.0000000E+00  0.0000000E+00  0.0000000E+00  0.0000000E+00  0.0000000E+00  0.0000000E+00  0.0000000E+00
  0.0000000E+00  0.0000000E+00  0.0000000E+00  0.0000000E+00  0.0000000E+00  0.0000000E+00  0.0000000E+00  0.0000000E+00  0.0000000E+00  0.0000000E+00  0.0000000E+00  0.0000000E+00  0.0000000E+00  0.0000000E+00  0.0000000E+00  0.0000000E+00  0.0000000E+00  0.0000000E+00  0.0000000E+00  0.0000000E+00
  0.0000000E+00  0.0000000E+00  0.0000000E+00  0.0000000E+00  0.0000000E+00  0.0000000E+00  0.0000000E+00  0.0000000E+00  0.0000000E+00  0.0000000E+00  0.0000000E+00  0.0000000E+00  0.0000000E+00  0.0000000E+00  0.0000000E+00  0.0000000E+00  0.0000000E+00  0.0000000E+00  0.0000000E+00  0.0000000E+00
  0.0000000E+00  0.0000000E+00  0.0000000E+00  0.0000000E+00  0.0000000E+00  0.0000000E+00  0.0000000E+00  0.0000000E+00  0.0000000E+00  0.0000000E+00  0.0000000E+00  0.0000000E+00  0.0000000E+00  0.0000000E+00  0.0000000E+00  0.0000000E+00  0.0000000E+00  0.0000000E+00  0.0000000E+00  0.0000000E+00
  0.0000000E+00  0.0000000E+00  0.0000000E+00  0.0000000E+00  0.0000000E+00  0.0000000E+00  0.0000000E+00  0.0000000E+00  0.0000000E+00  0.0000000E+00  0.0000000E+00  0.0000000E+00  0.0000000E+00  0.0000000E+00  0.0000000E+00  0.0000000E+00  0.0000000E+00  0.0000000E+00  0.0000000E+00  0.0000000E+00
  0.0000000E+00  0.0000000E+00  0.0000000E+00  0.0000000E+00  0.0000000E+00  0.0000000E+00  0.0000000E+00  0.0000000E+00  0.0000000E+00  0.0000000E+00  0.0000000E+00  0.0000000E+00  0.0000000E+00  0.0000000E+00  0.0000000E+00  0.0000000E+00  0.0000000E+00  0.0000000E+00  0.0000000E+00  0.0000000E+00
  0.0000000E+00  0.0000000E+00  0.0000000E+00  0.0000000E+00  0.0000000E+00  0.0000000E+00  0.0000000E+00  0.0000000E+00  0.0000000E+00  0.0000000E+00  0.0000000E+00  0.0000000E+00  0.0000000E+00  0.0000000E+00  0.0000000E+00  0.0000000E+00  0.0000000E+00  0.0000000E+00  0.0000000E+00  0.0000000E+00
  0.0000000E+00  0.0000000E+00  0.0000000E+00  0.0000000E+00  0.0000000E+00  0.0000000E+00  0.0000000E+00  0.0000000E+00  0.0000000E+00  0.0000000E+00  0.0000000E+00  0.0000000E+00  0.0000000E+00  0.0000000E+00  0.0000000E+00  0.0000000E+00  0.0000000E+00  0.0000000E+00  0.0000000E+00  0.0000000E+00
  0.0000000E+00  0.0000000E+00  0.0000000E+00  0.0000000E+00  0.0000000E+00  0.0000000E+00  0.0000000E+00  0.0000000E+00  0.0000000E+00  0.0000000E+00  0.0000000E+00  0.0000000E+00  0.0000000E+00  0.0000000E+00  0.0000000E+00  0.0000000E+00  0.0000000E+00  0.0000000E+00  0.0000000E+00  0.0000000E+00
  0.0000000E+00  0.0000000E+00  0.0000000E+00  0.0000000E+00  0.0000000E+00  0.0000000E+00  0.0000000E+00  0.0000000E+00  0.0000000E+00  0.0000000E+00  0.0000000E+00  0.0000000E+00  0.0000000E+00  0.0000000E+00  0.0000000E+00  0.0000000E+00  0.0000000E+00  0.0000000E+00  0.0000000E+00  0.0000000E+00
  0.0000000E+00  0.0000000E+00  0.0000000E+00  0.0000000E+00  0.0000000E+00  0.0000000E+00  0.0000000E+00  0.0000000E+00  0.0000000E+00  0.0000000E+00  0.0000000E+00  0.0000000E+00  0.0000000E+00  0.0000000E+00  0.0000000E+00  0.0000000E+00  0.0000000E+00  0.0000000E+00  0.0000000E+00  0.0000000E+00
  0.0000000E+00  0.0000000E+00  0.0000000E+00  0.0000000E+00  0.0000000E+00  0.0000000E+00  0.0000000E+00  0.0000000E+00  0.0000000E+00  0.0000000E+00  0.0000000E+00  0.0000000E+00  0.0000000E+00  0.0000000E+00  0.0000000E+00  0.0000000E+00  0.0000000E+00  0.0000000E+00  0.0000000E+00  0.0000000E+00
  0.0000000E+00  0.0000000E+00  0.0000000E+00  0.0000000E+00  0.0000000E+00  0.0000000E+00  0.0000000E+00  0.0000000E+00  0.0000000E+00  0.0000000E+00  0.0000000E+00  0.0000000E+00  0.0000000E+00  0.0000000E+00  0.0000000E+00  0.0000000E+00  0.0000000E+00  0.0000000E+00  0.0000000E+00  0.0000000E+00
  0.0000000E+00  0.0000000E+00  0.0000000E+00  0.0000000E+00  0.0000000E+00  0.0000000E+00  0.0000000E+00  0.0000000E+00  0.0000000E+00  0.0000000E+00  0.0000000E+00  0.0000000E+00  0.0000000E+00  0.0000000E+00  0.0000000E+00  0.0000000E+00  0.0000000E+00  0.0000000E+00  0.0000000E+00  0.0000000E+00
  0.0000000E+00  0.0000000E+00  0.0000000E+00  0.0000000E+00  0.0000000E+00  0.0000000E+00  0.0000000E+00  0.0000000E+00  0.0000000E+00  0.0000000E+00  0.0000000E+00  0.0000000E+00  0.0000000E+00  0.0000000E+00  0.0000000E+00  0.0000000E+00  0.0000000E+00  0.0000000E+00  0.0000000E+00  0.0000000E+00
  0.0000000E+00  0.0000000E+00  0.0000000E+00  0.0000000E+00  0.0000000E+00  0.0000000E+00  0.0000000E+00  0.0000000E+00  0.0000000E+00  0.0000000E+00  0.0000000E+00  0.0000000E+00  0.0000000E+00  0.0000000E+00  0.0000000E+00  0.0000000E+00  0.0000000E+00  0.0000000E+00  0.0000000E+00  0.0000000E+00
  0.0000000E+00  0.0000000E+00  0.0000000E+00  0.0000000E+00  0.0000000E+00  0.0000000E+00  0.0000000E+00  0.0000000E+00  0.0000000E+00  0.0000000E+00  0.0000000E+00  0.0000000E+00  0.0000000E+00  0.0000000E+00  0.0000000E+00  0.0000000E+00  0.0000000E+00  0.0000000E+00  0.0000000E+00  0.0000000E+00
  0.0000000E+00  0.0000000E+00  0.0000000E+00  0.0000000E+00  0.0000000E+00  0.0000000E+00  0.0000000E+00  0.0000000E+00  0.0000000E+00  0.0000000E+00  0.0000000E+00  0.0000000E+00  0.0000000E+00  0.0000000E+00  0.0000000E+00  0.0000000E+00  0.0000000E+00  0.0000000E+00  0.0000000E+00  0.0000000E+00
  0.0000000E+00  0.0000000E+00  0.0000000E+00  0.0000000E+00  0.0000000E+00  0.0000000E+00  0.0000000E+00  0.0000000E+00  0.0000000E+00  0.0000000E+00  0.0000000E+00  0.0000000E+00  0.0000000E+00  0.0000000E+00  0.0000000E+00  0.0000000E+00  0.0000000E+00  0.0000000E+00  0.0000000E+00  0.0000000E+00
  0.0000000E+00  0.0000000E+00  0.0000000E+00  0.0000000E+00  0.0000000E+00  0.0000000E+00  0.0000000E+00  0.0000000E+00  0.0000000E+00  0.0000000E+00  0.0000000E+00  0.0000000E+00  0.0000000E+00  0.0000000E+00  0.0000000E+00  0.0000000E+00  0.0000000E+00  0.0000000E+00  0.0000000E+00  0.0000000E+00
  0.0000000E+00  0.0000000E+00  0.0000000E+00  0.0000000E+00  0.0000000E+00  0.0000000E+00  0.0000000E+00  0.0000000E+00  0.0000000E+00  0.0000000E+00  0.0000000E+00  0.0000000E+00  0.0000000E+00  0.0000000E+00  0.0000000E+00  0.0000000E+00  0.0000000E+00  0.0000000E+00  0.0000000E+00  0.0000000E+00
  0.0000000E+00  0.0000000E+00  0.0000000E+00  0.0000000E+00  0.0000000E+00  0.0000000E+00  0.0000000E+00  0.0000000E+00  0.0000000E+00  0.0000000E+00  0.0000000E+00  0.0000000E+00  0.0000000E+00  0.0000000E+00  0.0000000E+00  0.0000000E+00  0.0000000E+00  0.0000000E+00  0.0000000E+00  0.0000000E+00
  0.0000000E+00  0.0000000E+00  0.0000000E+00  0.0000000E+00  0.0000000E+00  0.0000000E+00  0.0000000E+00  0.0000000E+00  0.0000000E+00  0.0000000E+00  0.0000000E+00  0.0000000E+00  0.0000000E+00  0.0000000E+00  0.0000000E+00  0.0000000E+00  0.0000000E+00  0.0000000E+00  0.0000000E+00  0.0000000E+00
  0.0000000E+00  0.0000000E+00  0.0000000E+00  0.0000000E+00  0.0000000E+00  0.0000000E+00  0.0000000E+00  0.0000000E+00  0.0000000E+00  0.0000000E+00  0.0000000E+00  0.0000000E+00  0.0000000E+00  0.0000000E+00  0.0000000E+00  0.0000000E+00  0.0000000E+00  0.0000000E+00  0.0000000E+00  0.0000000E+00
  0.0000000E+00  0.0000000E+00  0.0000000E+00  0.0000000E+00  0.0000000E+00  0.0000000E+00  0.0000000E+00  0.0000000E+00  0.0000000E+00  0.0000000E+00  0.0000000E+00  0.0000000E+00  0.0000000E+00  0.0000000E+00  0.0000000E+00  0.0000000E+00  0.0000000E+00  0.0000000E+00  0.0000000E+00  0.0000000E+00
  0.0000000E+00  0.0000000E+00  0.0000000E+00  0.0000000E+00  0.0000000E+00  0.0000000E+00  0.0000000E+00  0.0000000E+00  0.0000000E+00  0.0000000E+00  0.0000000E+00  0.0000000E+00  0.0000000E+00  0.0000000E+00  0.0000000E+00  0.0000000E+00  0.0000000E+00  0.0000000E+00  0.0000000E+00  0.0000000E+00
  0.0000000E+00  0.0000000E+00  0.0000000E+00  0.0000000E+00  0.0000000E+00  0.0000000E+00  0.0000000E+00  0.0000000E+00  0.0000000E+00  0.0000000E+00  0.0000000E+00  0.0000000E+00  0.0000000E+00  0.0000000E+00  0.0000000E+00  0.0000000E+00  0.0000000E+00  0.0000000E+00  0.0000000E+00  0.0000000E+00
  0.0000000E+00  0.0000000E+00  0.0000000E+00  0.0000000E+00  0.0000000E+00  0.0000000E+00  0.0000000E+00  0.0000000E+00  0.0000000E+00  0.0000000E+00  0.0000000E+00  0.0000000E+00  0.0000000E+00  0.0000000E+00  0.0000000E+00  0.0000000E+00  0.0000000E+00  0.0000000E+00  0.0000000E+00  0.0000000E+00
  0.0000000E+00  0.0000000E+00  0.0000000E+00  0.0000000E+00  0.0000000E+00  0.0000000E+00  0.0000000E+00  0.0000000E+00  0.0000000E+00  0.0000000E+00  0.0000000E+00  0.0000000E+00  0.0000000E+00  0.0000000E+00  0.0000000E+00  0.0000000E+00  0.0000000E+00  0.0000000E+00  0.0000000E+00  0.0000000E+00
  0.0000000E+00  0.0000000E+00  0.0000000E+00  0.0000000E+00  0.0000000E+00  0.0000000E+00  0.0000000E+00  0.0000000E+00  0.0000000E+00  0.0000000E+00  0.0000000E+00  0.0000000E+00  0.0000000E+00  0.0000000E+00  0.0000000E+00  0.0000000E+00  0.0000000E+00  0.0000000E+00  0.0000000E+00  0.0000000E+00
  0.0000000E+00  0.0000000E+00  0.0000000E+00  0.0000000E+00  0.0000000E+00  0.0000000E+00  0.0000000E+00  0.0000000E+00  0.0000000E+00  0.0000000E+00  0.0000000E+00  0.0000000E+00  0.0000000E+00  0.0000000E+00  0.0000000E+00  0.0000000E+00  0.0000000E+00  0.0000000E+00  0.0000000E+00  0.0000000E+00
  0.0000000E+00  0.0000000E+00  0.0000000E+00  0.0000000E+00  0.0000000E+00  0.0000000E+00  0.0000000E+00  0.0000000E+00  0.0000000E+00  0.0000000E+00  0.0000000E+00  0.0000000E+00  0.0000000E+00  0.0000000E+00  0.0000000E+00  0.0000000E+00  0.0000000E+00  0.0000000E+00  0.0000000E+00  0.0000000E+00
  0.0000000E+00  0.0000000E+00  0.0000000E+00  0.0000000E+00  0.0000000E+00  0.0000000E+00  0.0000000E+00  0.0000000E+00  0.0000000E+00  0.0000000E+00  0.0000000E+00  0.0000000E+00  0.0000000E+00  0.0000000E+00  0.0000000E+00  0.0000000E+00  0.0000000E+00  0.0000000E+00  0.0000000E+00  0.0000000E+00
  0.0000000E+00  0.0000000E+00  0.0000000E+00  0.0000000E+00  0.0000000E+00  0.0000000E+00  0.0000000E+00  0.0000000E+00  0.0000000E+00  0.0000000E+00  0.0000000E+00  0.0000000E+00  0.0000000E+00  0.0000000E+00  0.0000000E+00  0.0000000E+00  0.0000000E+00  0.0000000E+00  0.0000000E+00  0.0000000E+00
  0.0000000E+00  0.0000000E+00  0.0000000E+00  0.0000000E+00  0.0000000E+00  0.0000000E+00  0.0000000E+00  0.0000000E+00  0.0000000E+00  0.0000000E+00  0.0000000E+00  0.0000000E+00  0.0000000E+00  0.0000000E+00  0.0000000E+00  0.0000000E+00  0.0000000E+00  0.0000000E+00  0.0000000E+00  0.0000000E+00
  0.0000000E+00  0.0000000E+00  0.0000000E+00  0.0000000E+00  0.0000000E+00  0.0000000E+00  0.0000000E+00  0.0000000E+00  0.0000000E+00  0.0000000E+00  0.0000000E+00  0.0000000E+00  0.0000000E+00  0.0000000E+00  0.0000000E+00  0.0000000E+00  0.0000000E+00  0.0000000E+00  0.0000000E+00  0.0000000E+00
  0.0000000E+00  0.0000000E+00  0.0000000E+00  0.0000000E+00  0.0000000E+00  0.0000000E+00  0.0000000E+00  0.0000000E+00  0.0000000E+00  0.0000000E+00  0.0000000E+00  0.0000000E+00  0.0000000E+00  0.0000000E+00  0.0000000E+00  0.0000000E+00  0.0000000E+00  0.0000000E+00  0.0000000E+00  0.0000000E+00
  0.0000000E+00  0.0000000E+00  0.0000000E+00  0.0000000E+00  0.0000000E+00  0.0000000E+00  0.0000000E+00  0.0000000E+00  0.0000000E+00  0.0000000E+00  0.0000000E+00  0.0000000E+00  0.0000000E+00  0.0000000E+00  0.0000000E+00  0.0000000E+00  0.0000000E+00  0.0000000E+00  0.0000000E+00  0.0000000E+00
  0.0000000E+00  0.0000000E+00  0.0000000E+00  0.0000000E+00  0.0000000E+00  0.0000000E+00  0.0000000E+00  0.0000000E+00  0.0000000E+00  0.0000000E+00  0.0000000E+00  0.0000000E+00  0.0000000E+00  0.0000000E+00  0.0000000E+00  0.0000000E+00  0.0000000E+00  0.0000000E+00  0.0000000E+00  0.0000000E+00
  0.0000000E+00  0.0000000E+00  0.0000000E+00  0.0000000E+00  0.0000000E+00  0.0000000E+00  0.0000000E+00  0.0000000E+00  0.0000000E+00  0.0000000E+00  0.0000000E+00  0.0000000E+00  0.0000000E+00  0.0000000E+00  0.0000000E+00  0.0000000E+00  0.0000000E+00  0.0000000E+00  0.0000000E+00  0.0000000E+00
  0.0000000E+00  0.0000000E+00  0.0000000E+00  0.0000000E+00  0.0000000E+00  0.0000000E+00  0.0000000E+00  0.0000000E+00  0.0000000E+00  0.0000000E+00  0.0000000E+00  0.0000000E+00  0.0000000E+00  0.0000000E+00  0.0000000E+00  0.0000000E+00  0.0000000E+00  0.0000000E+00  0.0000000E+00  0.0000000E+00
  0.0000000E+00  0.0000000E+00  0.0000000E+00  0.0000000E+00  0.0000000E+00  0.0000000E+00  0.0000000E+00  0.0000000E+00  0.0000000E+00  0.0000000E+00  0.0000000E+00  0.0000000E+00  0.0000000E+00  0.0000000E+00  0.0000000E+00  0.0000000E+00  0.0000000E+00  0.0000000E+00  0.0000000E+00  0.0000000E+00
  0.0000000E+00  0.0000000E+00  0.0000000E+00  0.0000000E+00  0.0000000E+00  0.0000000E+00  0.0000000E+00  0.0000000E+00  0.0000000E+00  0.0000000E+00  0.0000000E+00  0.0000000E+00  0.0000000E+00  0.0000000E+00  0.0000000E+00  0.0000000E+00  0.0000000E+00  0.0000000E+00  0.0000000E+00  0.0000000E+00
  0.0000000E+00  0.0000000E+00  0.0000000E+00  0.0000000E+00  0.0000000E+00  0.0000000E+00  0.0000000E+00  0.0000000E+00  0.0000000E+00  0.0000000E+00  0.0000000E+00  0.0000000E+00  0.0000000E+00  0.0000000E+00  0.0000000E+00  0.0000000E+00  0.0000000E+00  0.0000000E+00  0.0000000E+00  0.0000000E+00
  0.0000000E+00  0.0000000E+00  0.0000000E+00  0.0000000E+00  0.0000000E+00  0.0000000E+00  0.0000000E+00  0.0000000E+00  0.0000000E+00  0.0000000E+00  0.0000000E+00  0.0000000E+00  0.0000000E+00  0.0000000E+00  0.0000000E+00  0.0000000E+00  0.0000000E+00  0.0000000E+00  0.0000000E+00  0.0000000E+00
  0.0000000E+00  0.0000000E+00  0.0000000E+00  0.0000000E+00  0.0000000E+00  0.0000000E+00  0.0000000E+00  0.0000000E+00  0.0000000E+00  0.0000000E+00  0.0000000E+00  0.0000000E+00  0.0000000E+00  0.0000000E+00  0.0000000E+00  0.0000000E+00  0.0000000E+00  0.0000000E+00  0.0000000E+00  0.0000000E+00
  0.0000000E+00  0.0000000E+00  0.0000000E+00  0.0000000E+00  0.0000000E+00  0.0000000E+00  0.0000000E+00  0.0000000E+00  0.0000000E+00  0.0000000E+00  0.0000000E+00  0.0000000E+00  0.0000000E+00  0.0000000E+00  0.0000000E+00  0.0000000E+00  0.0000000E+00  0.0000000E+00  0.0000000E+00  0.0000000E+00
  0.0000000E+00  0.0000000E+00  0.0000000E+00  0.0000000E+00  0.0000000E+00  0.0000000E+00  0.0000000E+00  0.0000000E+00  0.0000000E+00  0.0000000E+00  0.0000000E+00  0.0000000E+00  0.0000000E+00  0.0000000E+00  0.0000000E+00  0.0000000E+00  0.0000000E+00  0.0000000E+00  0.0000000E+00  0.0000000E+00
  0.0000000E+00  0.0000000E+00  0.0000000E+00  0.0000000E+00  0.0000000E+00  0.0000000E+00  0.0000000E+00  0.0000000E+00  0.0000000E+00  0.0000000E+00  0.0000000E+00  0.0000000E+00  0.0000000E+00  0.0000000E+00  0.0000000E+00  0.0000000E+00  0.0000000E+00  0.0000000E+00  0.0000000E+00  0.0000000E+00
  0.0000000E+00  0.0000000E+00  0.0000000E+00  0.0000000E+00  0.0000000E+00  0.0000000E+00  0.0000000E+00  0.0000000E+00  0.0000000E+00  0.0000000E+00  0.0000000E+00  0.0000000E+00  0.0000000E+00  0.0000000E+00  0.0000000E+00  0.0000000E+00  0.0000000E+00  0.0000000E+00  0.0000000E+00  0.0000000E+00
  0.0000000E+00  0.0000000E+00  0.0000000E+00  0.0000000E+00  0.0000000E+00  0.0000000E+00  0.0000000E+00  0.0000000E+00  0.0000000E+00  0.0000000E+00  0.0000000E+00  0.0000000E+00  0.0000000E+00  0.0000000E+00  0.0000000E+00  0.0000000E+00  0.0000000E+00  0.0000000E+00  0.0000000E+00  0.0000000E+00
  0.0000000E+00  0.0000000E+00  0.0000000E+00  0.0000000E+00  0.0000000E+00  0.0000000E+00  0.0000000E+00  0.0000000E+00  0.0000000E+00  0.0000000E+00  0.0000000E+00  0.0000000E+00  0.0000000E+00  0.0000000E+00  0.0000000E+00  0.0000000E+00  0.0000000E+00  0.0000000E+00  0.0000000E+00  0.0000000E+00
  0.0000000E+00  0.0000000E+00  0.0000000E+00  0.0000000E+00  0.0000000E+00  0.0000000E+00  0.0000000E+00  0.0000000E+00  0.0000000E+00  0.0000000E+00  0.0000000E+00  0.0000000E+00  0.0000000E+00  0.0000000E+00  0.0000000E+00  0.0000000E+00  0.0000000E+00  0.0000000E+00  0.0000000E+00  0.0000000E+00
  0.0000000E+00  0.0000000E+00  0.0000000E+00  0.0000000E+00  0.0000000E+00  0.0000000E+00  0.0000000E+00  0.0000000E+00  0.0000000E+00  0.0000000E+00  0.0000000E+00  0.0000000E+00  0.0000000E+00  0.0000000E+00  0.0000000E+00  0.0000000E+00  0.0000000E+00  0.0000000E+00  0.0000000E+00  0.0000000E+00
  0.0000000E+00  0.0000000E+00  0.0000000E+00  0.0000000E+00  0.0000000E+00  0.0000000E+00  0.0000000E+00  0.0000000E+00  0.0000000E+00  0.0000000E+00  0.0000000E+00  0.0000000E+00  0.0000000E+00  0.0000000E+00  0.0000000E+00  0.0000000E+00  0.0000000E+00  0.0000000E+00  0.0000000E+00  0.0000000E+00
  0.0000000E+00  0.0000000E+00  0.0000000E+00  0.0000000E+00  0.0000000E+00  0.0000000E+00  0.0000000E+00  0.0000000E+00  0.0000000E+00  0.0000000E+00  0.0000000E+00  0.0000000E+00  0.0000000E+00  0.0000000E+00  0.0000000E+00  0.0000000E+00  0.0000000E+00  0.0000000E+00  0.0000000E+00  0.0000000E+00
  0.0000000E+00  0.0000000E+00  0.0000000E+00  0.0000000E+00  0.0000000E+00  0.0000000E+00  0.0000000E+00  0.0000000E+00  0.0000000E+00  0.0000000E+00  0.0000000E+00  0.0000000E+00  0.0000000E+00  0.0000000E+00  0.0000000E+00  0.0000000E+00  0.0000000E+00  0.0000000E+00  0.0000000E+00  0.0000000E+00
  0.0000000E+00  0.0000000E+00  0.0000000E+00  0.0000000E+00  0.0000000E+00  0.0000000E+00  0.0000000E+00  0.0000000E+00  0.0000000E+00  0.0000000E+00  0.0000000E+00  0.0000000E+00  0.0000000E+00  0.0000000E+00  0.0000000E+00  0.0000000E+00  0.0000000E+00  0.0000000E+00  0.0000000E+00  0.0000000E+00
  0.0000000E+00  0.0000000E+00  0.0000000E+00  0.0000000E+00  0.0000000E+00  0.0000000E+00  0.0000000E+00  0.0000000E+00  0.0000000E+00  0.0000000E+00  0.0000000E+00  0.0000000E+00  0.0000000E+00  0.0000000E+00  0.0000000E+00  0.0000000E+00  0.0000000E+00  0.0000000E+00  0.0000000E+00  0.0000000E+00
  0.0000000E+00  0.0000000E+00  0.0000000E+00  0.0000000E+00  0.0000000E+00  0.0000000E+00  0.0000000E+00  0.0000000E+00  0.0000000E+00  0.0000000E+00  0.0000000E+00  0.0000000E+00  0.0000000E+00  0.0000000E+00  0.0000000E+00  0.0000000E+00  0.0000000E+00  0.0000000E+00  0.0000000E+00  0.0000000E+00
  0.0000000E+00  0.0000000E+00  0.0000000E+00  0.0000000E+00  0.0000000E+00  0.0000000E+00  0.0000000E+00  0.0000000E+00  0.0000000E+00  0.0000000E+00  0.0000000E+00  0.0000000E+00  0.0000000E+00  0.0000000E+00  0.0000000E+00  0.0000000E+00  0.0000000E+00  0.0000000E+00  0.0000000E+00  0.0000000E+00
  0.0000000E+00  0.0000000E+00  0.0000000E+00  0.0000000E+00  0.0000000E+00  0.0000000E+00  0.0000000E+00  0.0000000E+00  0.0000000E+00  0.0000000E+00  0.0000000E+00  0.0000000E+00  0.0000000E+00  0.0000000E+00  0.0000000E+00  0.0000000E+00  0.0000000E+00  0.0000000E+00  0.0000000E+00  0.0000000E+00
  0.0000000E+00  0.0000000E+00  0.0000000E+00  0.0000000E+00  0.0000000E+00  0.0000000E+00  0.0000000E+00  0.0000000E+00  0.0000000E+00  0.0000000E+00  0.0000000E+00  0.0000000E+00  0.0000000E+00  0.0000000E+00  0.0000000E+00  0.0000000E+00  0.0000000E+00  0.0000000E+00  0.0000000E+00  0.0000000E+00
  0.0000000E+00  0.0000000E+00  0.0000000E+00  0.0000000E+00  0.0000000E+00  0.0000000E+00  0.0000000E+00  0.0000000E+00  0.0000000E+00  0.0000000E+00  0.0000000E+00  0.0000000E+00  0.0000000E+00  0.0000000E+00  0.0000000E+00  0.0000000E+00  0.0000000E+00  0.0000000E+00  0.0000000E+00  0.0000000E+00
  0.0000000E+00  0.0000000E+00  0.0000000E+00  0.0000000E+00  0.0000000E+00  0.0000000E+00  0.0000000E+00  0.0000000E+00  0.0000000E+00  0.0000000E+00  0.0000000E+00  0.0000000E+00  0.0000000E+00  0.0000000E+00  0.0000000E+00  0.0000000E+00  0.0000000E+00  0.0000000E+00  0.0000000E+00  0.0000000E+00
  0.0000000E+00  0.0000000E+00  0.0000000E+00  0.0000000E+00  0.0000000E+00  0.0000000E+00  0.0000000E+00  0.0000000E+00  0.0000000E+00  0.0000000E+00  0.0000000E+00  0.0000000E+00  0.0000000E+00  0.0000000E+00  0.0000000E+00  0.0000000E+00  0.0000000E+00  0.0000000E+00  0.0000000E+00  0.0000000E+00
  0.0000000E+00  0.0000000E+00  0.0000000E+00  0.0000000E+00  0.0000000E+00  0.0000000E+00  0.0000000E+00  0.0000000E+00  0.0000000E+00  0.0000000E+00  0.0000000E+00  0.0000000E+00  0.0000000E+00  0.0000000E+00  0.0000000E+00  0.0000000E+00  0.0000000E+00  0.0000000E+00  0.0000000E+00  0.0000000E+00
  0.0000000E+00  0.0000000E+00  0.0000000E+00  0.0000000E+00  0.0000000E+00  0.0000000E+00  0.0000000E+00  0.0000000E+00  0.0000000E+00  0.0000000E+00  0.0000000E+00  0.0000000E+00  0.0000000E+00  0.0000000E+00  0.0000000E+00  0.0000000E+00  0.0000000E+00  0.0000000E+00  0.0000000E+00  0.0000000E+00
  0.0000000E+00  0.0000000E+00  0.0000000E+00  0.0000000E+00  0.0000000E+00  0.0000000E+00  0.0000000E+00  0.0000000E+00  0.0000000E+00  0.0000000E+00  0.0000000E+00  0.0000000E+00  0.0000000E+00  0.0000000E+00  0.0000000E+00  0.0000000E+00  0.0000000E+00  0.0000000E+00  0.0000000E+00  0.0000000E+00
  0.0000000E+00  0.0000000E+00  0.0000000E+00  0.0000000E+00  0.0000000E+00  0.0000000E+00  0.0000000E+00  0.0000000E+00  0.0000000E+00  0.0000000E+00  0.0000000E+00  0.0000000E+00  0.0000000E+00  0.0000000E+00  0.0000000E+00  0.0000000E+00  0.0000000E+00  0.0000000E+00  0.0000000E+00  0.0000000E+00
  0.0000000E+00  0.0000000E+00  0.0000000E+00  0.0000000E+00  0.0000000E+00  0.0000000E+00  0.0000000E+00  0.0000000E+00  0.0000000E+00  0.0000000E+00  0.0000000E+00  0.0000000E+00  0.0000000E+00  0.0000000E+00  0.0000000E+00  0.0000000E+00  0.0000000E+00  0.0000000E+00  0.0000000E+00  0.0000000E+00
  0.0000000E+00  0.0000000E+00  0.0000000E+00  0.0000000E+00  0.0000000E+00  0.0000000E+00  0.0000000E+00  0.0000000E+00  0.0000000E+00  0.0000000E+00  0.0000000E+00  0.0000000E+00  0.0000000E+00  0.0000000E+00  0.0000000E+00  0.0000000E+00  0.0000000E+00  0.0000000E+00  0.0000000E+00  0.0000000E+00
  0.0000000E+00  0.0000000E+00  0.0000000E+00  0.0000000E+00  0.0000000E+00  0.0000000E+00  0.0000000E+00  0.0000000E+00  0.0000000E+00  0.0000000E+00  0.0000000E+00  0.0000000E+00  0.0000000E+00  0.0000000E+00  0.0000000E+00  0.0000000E+00  0.0000000E+00  0.0000000E+00  0.0000000E+00  0.0000000E+00
  0.0000000E+00  0.0000000E+00  0.0000000E+00  0.0000000E+00  0.0000000E+00  0.0000000E+00  0.0000000E+00  0.0000000E+00  0.0000000E+00  0.0000000E+00  0.0000000E+00  0.0000000E+00  0.0000000E+00  0.0000000E+00  0.0000000E+00  0.0000000E+00  0.0000000E+00  0.0000000E+00  0.0000000E+00  0.0000000E+00
  0.0000000E+00  0.0000000E+00  0.0000000E+00  0.0000000E+00  0.0000000E+00  0.0000000E+00  0.0000000E+00  0.0000000E+00  0.0000000E+00  0.0000000E+00  0.0000000E+00  0.0000000E+00  0.0000000E+00  0.0000000E+00  0.0000000E+00  0.0000000E+00  0.0000000E+00  0.0000000E+00  0.0000000E+00  0.0000000E+00
  0.0000000E+00  0.0000000E+00  0.0000000E+00  0.0000000E+00  0.0000000E+00  0.0000000E+00  0.0000000E+00  0.0000000E+00  0.0000000E+00  0.0000000E+00  0.0000000E+00  0.0000000E+00  0.0000000E+00  0.0000000E+00  0.0000000E+00  0.0000000E+00  0.0000000E+00  0.0000000E+00  0.0000000E+00  0.0000000E+00
  0.0000000E+00  0.0000000E+00  0.0000000E+00  0.0000000E+00  0.0000000E+00  0.0000000E+00  0.0000000E+00  0.0000000E+00  0.0000000E+00  0.0000000E+00  0.0000000E+00  0.0000000E+00  0.0000000E+00  0.0000000E+00  0.0000000E+00  0.0000000E+00  0.0000000E+00  0.0000000E+00  0.0000000E+00  0.0000000E+00
  0.0000000E+00  0.0000000E+00  0.0000000E+00  0.0000000E+00  0.0000000E+00  0.0000000E+00  0.0000000E+00  0.0000000E+00  0.0000000E+00  0.0000000E+00  0.0000000E+00  0.0000000E+00  0.0000000E+00  0.0000000E+00  0.0000000E+00  0.0000000E+00  0.0000000E+00  0.0000000E+00  0.0000000E+00  0.0000000E+00
  0.0000000E+00  0.0000000E+00  0.0000000E+00  0.0000000E+00  0.0000000E+00  0.0000000E+00  0.0000000E+00  0.0000000E+00  0.0000000E+00  0.0000000E+00  0.0000000E+00  0.0000000E+00  0.0000000E+00  0.0000000E+00  0.0000000E+00  0.0000000E+00  0.0000000E+00  0.0000000E+00  0.0000000E+00  0.0000000E+00
  0.0000000E+00  0.0000000E+00  0.0000000E+00  0.0000000E+00  0.0000000E+00  0.0000000E+00  0.0000000E+00  0.0000000E+00  0.0000000E+00  0.0000000E+00  0.0000000E+00  0.0000000E+00  0.0000000E+00  0.0000000E+00  0.0000000E+00  0.0000000E+00  0.0000000E+00  0.0000000E+00  0.0000000E+00  0.0000000E+00
  0.0000000E+00  0.0000000E+00  0.0000000E+00  0.0000000E+00  0.0000000E+00  0.0000000E+00  0.0000000E+00  0.0000000E+00  0.0000000E+00  0.0000000E+00  0.0000000E+00  0.0000000E+00  0.0000000E+00  0.0000000E+00  0.0000000E+00  0.0000000E+00  0.0000000E+00  0.0000000E+00  0.0000000E+00  0.0000000E+00
  0.0000000E+00  0.0000000E+00  0.0000000E+00  0.0000000E+00  0.0000000E+00  0.0000000E+00  0.0000000E+00  0.0000000E+00  0.0000000E+00  0.0000000E+00  0.0000000E+00  0.0000000E+00  0.0000000E+00  0.0000000E+00  0.0000000E+00  0.0000000E+00  0.0000000E+00  0.0000000E+00  0.0000000E+00  0.0000000E+00
  0.0000000E+00  0.0000000E+00  0.0000000E+00  0.0000000E+00  0.0000000E+00  0.0000000E+00  0.0000000E+00  0.0000000E+00  0.0000000E+00  0.0000000E+00  0.0000000E+00  0.0000000E+00  0.0000000E+00  0.0000000E+00  0.0000000E+00  0.0000000E+00  0.0000000E+00  0.0000000E+00  0.0000000E+00  0.0000000E+00
  0.0000000E+00  0.0000000E+00  0.0000000E+00  0.0000000E+00  0.0000000E+00  0.0000000E+00  0.0000000E+00  0.0000000E+00  0.0000000E+00  0.0000000E+00  0.0000000E+00  0.0000000E+00  0.0000000E+00  0.0000000E+00  0.0000000E+00  0.0000000E+00  0.0000000E+00  0.0000000E+00  0.0000000E+00  0.0000000E+00
  0.0000000E+00  0.0000000E+00  0.0000000E+00  0.0000000E+00  0.0000000E+00  0.0000000E+00  0.0000000E+00  0.0000000E+00  0.0000000E+00  0.0000000E+00  0.0000000E+00  0.0000000E+00  0.0000000E+00  0.0000000E+00  0.0000000E+00  0.0000000E+00  0.0000000E+00  0.0000000E+00  0.0000000E+00  0.0000000E+00
  0.0000000E+00  0.0000000E+00  0.0000000E+00  0.0000000E+00  0.0000000E+00  0.0000000E+00  0.0000000E+00  0.0000000E+00  0.0000000E+00  0.0000000E+00  0.0000000E+00  0.0000000E+00  0.0000000E+00  0.0000000E+00  0.0000000E+00  0.0000000E+00  0.0000000E+00  0.0000000E+00  0.0000000E+00  0.0000000E+00
  0.0000000E+00  0.0000000E+00  0.0000000E+00  0.0000000E+00  0.0000000E+00  0.0000000E+00  0.0000000E+00  0.0000000E+00  0.0000000E+00  0.0000000E+00  0.0000000E+00  0.0000000E+00  0.0000000E+00  0.0000000E+00  0.0000000E+00  0.0000000E+00  0.0000000E+00  0.0000000E+00  0.0000000E+00  0.0000000E+00
  0.0000000E+00  0.0000000E+00  0.0000000E+00  0.0000000E+00  0.0000000E+00  0.0000000E+00  0.0000000E+00  0.0000000E+00  0.0000000E+00  0.0000000E+00  0.0000000E+00  0.0000000E+00  0.0000000E+00  0.0000000E+00  0.0000000E+00  0.0000000E+00  0.0000000E+00  0.0000000E+00  0.0000000E+00  0.0000000E+00
  0.0000000E+00  0.0000000E+00  0.0000000E+00  0.0000000E+00  0.0000000E+00  0.0000000E+00  0.0000000E+00  0.0000000E+00  0.0000000E+00  0.0000000E+00  0.0000000E+00  0.0000000E+00  0.0000000E+00  0.0000000E+00  0.0000000E+00  0.0000000E+00  0.0000000E+00  0.0000000E+00  0.0000000E+00  0.0000000E+00
  0.0000000E+00  0.0000000E+00  0.0000000E+00  0.0000000E+00  0.0000000E+00  0.0000000E+00  0.0000000E+00  0.0000000E+00  0.0000000E+00  0.0000000E+00  0.0000000E+00  0.0000000E+00  0.0000000E+00  0.0000000E+00  0.0000000E+00  0.0000000E+00  0.0000000E+00  0.0000000E+00  0.0000000E+00  0.0000000E+00
  0.0000000E+00  0.0000000E+00  0.0000000E+00  0.0000000E+00  0.0000000E+00  0.0000000E+00  0.0000000E+00  0.0000000E+00  0.0000000E+00  0.0000000E+00  0.0000000E+00  0.0000000E+00  0.0000000E+00  0.0000000E+00  0.0000000E+00  0.0000000E+00  0.0000000E+00  0.0000000E+00  0.0000000E+00  0.0000000E+00
  0.0000000E+00  0.0000000E+00  0.0000000E+00  0.0000000E+00  0.0000000E+00  0.0000000E+00  0.0000000E+00  0.0000000E+00  0.0000000E+00  0.0000000E+00  0.0000000E+00  0.0000000E+00  0.0000000E+00  0.0000000E+00  0.0000000E+00  0.0000000E+00  0.0000000E+00  0.0000000E+00  0.0000000E+00  0.0000000E+00
  0.0000000E+00  0.0000000E+00  0.0000000E+00  0.0000000E+00  0.0000000E+00  0.0000000E+00  0.0000000E+00  0.0000000E+00  0.0000000E+00  0.0000000E+00  0.0000000E+00  0.0000000E+00  0.0000000E+00  0.0000000E+00  0.0000000E+00  0.0000000E+00  0.0000000E+00  0.0000000E+00  0.0000000E+00  0.0000000E+00
  0.0000000E+00  0.0000000E+00  0.0000000E+00  0.0000000E+00  0.0000000E+00  0.0000000E+00  0.0000000E+00  0.0000000E+00  0.0000000E+00  0.0000000E+00  0.0000000E+00  0.0000000E+00  0.0000000E+00  0.0000000E+00  0.0000000E+00  0.0000000E+00  0.0000000E+00  0.0000000E+00  0.0000000E+00  0.0000000E+00
  0.0000000E+00  0.0000000E+00  0.0000000E+00  0.0000000E+00  0.0000000E+00  0.0000000E+00  0.0000000E+00  0.0000000E+00  0.0000000E+00  0.0000000E+00  0.0000000E+00  0.0000000E+00  0.0000000E+00  0.0000000E+00  0.0000000E+00  0.0000000E+00  0.0000000E+00  0.0000000E+00  0.0000000E+00  0.0000000E+00
  0.0000000E+00  0.0000000E+00  0.0000000E+00  0.0000000E+00  0.0000000E+00  0.0000000E+00  0.0000000E+00  0.0000000E+00  0.0000000E+00  0.0000000E+00  0.0000000E+00  0.0000000E+00  0.0000000E+00  0.0000000E+00  0.0000000E+00  0.0000000E+00  0.0000000E+00  0.0000000E+00  0.0000000E+00  0.0000000E+00
  0.0000000E+00  0.0000000E+00  0.0000000E+00  0.0000000E+00  0.0000000E+00  0.0000000E+00  0.0000000E+00  0.0000000E+00  0.0000000E+00  0.0000000E+00  0.0000000E+00  0.0000000E+00  0.0000000E+00  0.0000000E+00  0.0000000E+00  0.0000000E+00  0.0000000E+00  0.0000000E+00  0.0000000E+00  0.0000000E+00
  0.0000000E+00  0.0000000E+00  0.0000000E+00  0.0000000E+00  0.0000000E+00  0.0000000E+00  0.0000000E+00  0.0000000E+00  0.0000000E+00  0.0000000E+00  0.0000000E+00  0.0000000E+00  0.0000000E+00  0.0000000E+00  0.0000000E+00  0.0000000E+00  0.0000000E+00  0.0000000E+00  0.0000000E+00  0.0000000E+00
  0.0000000E+00  0.0000000E+00  0.0000000E+00  0.0000000E+00  0.0000000E+00  0.0000000E+00  0.0000000E+00  0.0000000E+00  0.0000000E+00  0.0000000E+00  0.0000000E+00  0.0000000E+00  0.0000000E+00  0.0000000E+00  0.0000000E+00  0.0000000E+00  0.0000000E+00  0.0000000E+00  0.0000000E+00  0.0000000E+00
  0.0000000E+00  0.0000000E+00  0.0000000E+00  0.0000000E+00  0.0000000E+00  0.0000000E+00  0.0000000E+00  0.0000000E+00  0.0000000E+00  0.0000000E+00  0.0000000E+00  0.0000000E+00  0.0000000E+00  0.0000000E+00  0.0000000E+00  0.0000000E+00  0.0000000E+00  0.0000000E+00  0.0000000E+00  0.0000000E+00
  0.0000000E+00  0.0000000E+00  0.0000000E+00  0.0000000E+00  0.0000000E+00  0.0000000E+00  0.0000000E+00  0.0000000E+00  0.0000000E+00  0.0000000E+00  0.0000000E+00  0.0000000E+00  0.0000000E+00  0.0000000E+00  0.0000000E+00  0.0000000E+00  0.0000000E+00  0.0000000E+00  0.0000000E+00  0.0000000E+00
  0.0000000E+00  0.0000000E+00  0.0000000E+00  0.0000000E+00  0.0000000E+00  0.0000000E+00  0.0000000E+00  0.0000000E+00  0.0000000E+00  0.0000000E+00  0.0000000E+00  0.0000000E+00  0.0000000E+00  0.0000000E+00  0.0000000E+00  0.0000000E+00  0.0000000E+00  0.0000000E+00  0.0000000E+00  0.0000000E+00
  0.0000000E+00  0.0000000E+00  0.0000000E+00  0.0000000E+00  0.0000000E+00  0.0000000E+00  0.0000000E+00  0.0000000E+00  0.0000000E+00  0.0000000E+00  0.0000000E+00  0.0000000E+00  0.0000000E+00  0.0000000E+00  0.0000000E+00  0.0000000E+00  0.0000000E+00  0.0000000E+00  0.0000000E+00  0.0000000E+00
  0.0000000E+00  0.0000000E+00  0.0000000E+00  0.0000000E+00  0.0000000E+00  0.0000000E+00  0.0000000E+00  0.0000000E+00  0.0000000E+00  0.0000000E+00  0.0000000E+00  0.0000000E+00  0.0000000E+00  0.0000000E+00  0.0000000E+00  0.0000000E+00  0.0000000E+00  0.0000000E+00  0.0000000E+00  0.0000000E+00
  0.0000000E+00  0.0000000E+00  0.0000000E+00  0.0000000E+00  0.0000000E+00  0.0000000E+00  0.0000000E+00  0.0000000E+00  0.0000000E+00  0.0000000E+00  0.0000000E+00  0.0000000E+00  0.0000000E+00  0.0000000E+00  0.0000000E+00  0.0000000E+00  0.0000000E+00  0.0000000E+00  0.0000000E+00  0.0000000E+00
  0.0000000E+00  0.0000000E+00  0.0000000E+00  0.0000000E+00  0.0000000E+00  0.0000000E+00  0.0000000E+00  0.0000000E+00  0.0000000E+00  0.0000000E+00  0.0000000E+00  0.0000000E+00  0.0000000E+00  0.0000000E+00  0.0000000E+00  0.0000000E+00  0.0000000E+00  0.0000000E+00  0.0000000E+00  0.0000000E+00
  0.0000000E+00  0.0000000E+00  0.0000000E+00  0.0000000E+00  0.0000000E+00  0.0000000E+00  0.0000000E+00  0.0000000E+00  0.0000000E+00  0.0000000E+00  0.0000000E+00  0.0000000E+00  0.0000000E+00  0.0000000E+00  0.0000000E+00  0.0000000E+00  0.0000000E+00  0.0000000E+00  0.0000000E+00  0.0000000E+00
  0.0000000E+00  0.0000000E+00  0.0000000E+00  0.0000000E+00  0.0000000E+00  0.0000000E+00  0.0000000E+00  0.0000000E+00  0.0000000E+00  0.0000000E+00  0.0000000E+00  0.0000000E+00  0.0000000E+00  0.0000000E+00  0.0000000E+00  0.0000000E+00  0.0000000E+00  0.0000000E+00  0.0000000E+00  0.0000000E+00
  0.0000000E+00  0.0000000E+00  0.0000000E+00  0.0000000E+00  0.0000000E+00  0.0000000E+00  0.0000000E+00  0.0000000E+00  0.0000000E+00  0.0000000E+00  0.0000000E+00  0.0000000E+00  0.0000000E+00  0.0000000E+00  0.0000000E+00  0.0000000E+00  0.0000000E+00  0.0000000E+00  0.0000000E+00  0.0000000E+00
  0.0000000E+00  0.0000000E+00  0.0000000E+00  0.0000000E+00  0.0000000E+00  0.0000000E+00  0.0000000E+00  0.0000000E+00  0.0000000E+00  0.0000000E+00  0.0000000E+00  0.0000000E+00  0.0000000E+00  0.0000000E+00  0.0000000E+00  0.0000000E+00  0.0000000E+00  0.0000000E+00  0.0000000E+00  0.0000000E+00
  0.0000000E+00  0.0000000E+00  0.0000000E+00  0.0000000E+00  0.0000000E+00  0.0000000E+00  0.0000000E+00  0.0000000E+00  0.0000000E+00  0.0000000E+00  0.0000000E+00  0.0000000E+00  0.0000000E+00  0.0000000E+00  0.0000000E+00  0.0000000E+00  0.0000000E+00  0.0000000E+00  0.0000000E+00  0.0000000E+00
  0.0000000E+00  0.0000000E+00  0.0000000E+00  0.0000000E+00  0.0000000E+00  0.0000000E+00  0.0000000E+00  0.0000000E+00  0.0000000E+00  0.0000000E+00  0.0000000E+00  0.0000000E+00  0.0000000E+00  0.0000000E+00  0.0000000E+00  0.0000000E+00  0.0000000E+00  0.0000000E+00  0.0000000E+00  0.0000000E+00
  0.0000000E+00  0.0000000E+00  0.0000000E+00  0.0000000E+00  0.0000000E+00  0.0000000E+00  0.0000000E+00  0.0000000E+00  0.0000000E+00  0.0000000E+00  0.0000000E+00  0.0000000E+00  0.0000000E+00  0.0000000E+00  0.0000000E+00  0.0000000E+00  0.0000000E+00  0.0000000E+00  0.0000000E+00  0.0000000E+00
  0.0000000E+00  0.0000000E+00  0.0000000E+00  0.0000000E+00  0.0000000E+00  0.0000000E+00  0.0000000E+00  0.0000000E+00  0.0000000E+00  0.0000000E+00  0.0000000E+00  0.0000000E+00  0.0000000E+00  0.0000000E+00  0.0000000E+00  0.0000000E+00  0.0000000E+00  0.0000000E+00  0.0000000E+00  0.0000000E+00
  0.0000000E+00  0.0000000E+00  0.0000000E+00  0.0000000E+00  0.0000000E+00  0.0000000E+00  0.0000000E+00  0.0000000E+00  0.0000000E+00  0.0000000E+00  0.0000000E+00  0.0000000E+00  0.0000000E+00  0.0000000E+00  0.0000000E+00  0.0000000E+00  0.0000000E+00  0.0000000E+00  0.0000000E+00  0.0000000E+00
  0.0000000E+00  0.0000000E+00  0.0000000E+00  0.0000000E+00  0.0000000E+00  0.0000000E+00  0.0000000E+00  0.0000000E+00  0.0000000E+00  0.0000000E+00  0.0000000E+00  0.0000000E+00  0.0000000E+00  0.0000000E+00  0.0000000E+00  0.0000000E+00  0.0000000E+00  0.0000000E+00  0.0000000E+00  0.0000000E+00
  0.0000000E+00  0.0000000E+00  0.0000000E+00  0.0000000E+00  0.0000000E+00  0.0000000E+00  0.0000000E+00  0.0000000E+00  0.0000000E+00  0.0000000E+00  0.0000000E+00  0.0000000E+00  0.0000000E+00  0.0000000E+00  0.0000000E+00  0.0000000E+00  0.0000000E+00  0.0000000E+00  0.0000000E+00  0.0000000E+00
  0.0000000E+00  0.0000000E+00  0.0000000E+00  0.0000000E+00  0.0000000E+00  0.0000000E+00  0.0000000E+00  0.0000000E+00  0.0000000E+00  0.0000000E+00  0.0000000E+00  0.0000000E+00  0.0000000E+00  0.0000000E+00  0.0000000E+00  0.0000000E+00  0.0000000E+00  0.0000000E+00  0.0000000E+00  0.0000000E+00
  0.0000000E+00  0.0000000E+00  0.0000000E+00  0.0000000E+00  0.0000000E+00  0.0000000E+00  0.0000000E+00  0.0000000E+00  0.0000000E+00  0.0000000E+00  0.0000000E+00  0.0000000E+00  0.0000000E+00  0.0000000E+00  0.0000000E+00  0.0000000E+00  0.0000000E+00  0.0000000E+00  0.0000000E+00  0.0000000E+00
  0.0000000E+00  0.0000000E+00  0.0000000E+00  0.0000000E+00  0.0000000E+00  0.0000000E+00  0.0000000E+00  0.0000000E+00  0.0000000E+00  0.0000000E+00  0.0000000E+00  0.0000000E+00  0.0000000E+00  0.0000000E+00  0.0000000E+00  0.0000000E+00  0.0000000E+00  0.0000000E+00  0.0000000E+00  0.0000000E+00
  0.0000000E+00  0.0000000E+00  0.0000000E+00  0.0000000E+00  0.0000000E+00  0.0000000E+00  0.0000000E+00  0.0000000E+00  0.0000000E+00  0.0000000E+00  0.0000000E+00  0.0000000E+00  0.0000000E+00  0.0000000E+00  0.0000000E+00  0.0000000E+00  0.0000000E+00  0.0000000E+00  0.0000000E+00  0.0000000E+00
  0.0000000E+00  0.0000000E+00  0.0000000E+00  0.0000000E+00  0.0000000E+00  0.0000000E+00  0.0000000E+00  0.0000000E+00  0.0000000E+00  0.0000000E+00  0.0000000E+00  0.0000000E+00  0.0000000E+00  0.0000000E+00  0.0000000E+00  0.0000000E+00  0.0000000E+00  0.0000000E+00  0.0000000E+00  0.0000000E+00
  0.0000000E+00  0.0000000E+00  0.0000000E+00  0.0000000E+00  0.0000000E+00  0.0000000E+00  0.0000000E+00  0.0000000E+00  0.0000000E+00  0.0000000E+00  0.0000000E+00  0.0000000E+00  0.0000000E+00  0.0000000E+00  0.0000000E+00  0.0000000E+00  0.0000000E+00  0.0000000E+00  0.0000000E+00  0.0000000E+00
  0.0000000E+00  0.0000000E+00  0.0000000E+00  0.0000000E+00  0.0000000E+00  0.0000000E+00  0.0000000E+00  0.0000000E+00  0.0000000E+00  0.0000000E+00  0.0000000E+00  0.0000000E+00  0.0000000E+00  0.0000000E+00  0.0000000E+00  0.0000000E+00  0.0000000E+00  0.0000000E+00  0.0000000E+00  0.0000000E+00
  0.0000000E+00  0.0000000E+00  0.0000000E+00  0.0000000E+00  0.0000000E+00  0.0000000E+00  0.0000000E+00  0.0000000E+00  0.0000000E+00  0.0000000E+00  0.0000000E+00  0.0000000E+00  0.0000000E+00  0.0000000E+00  0.0000000E+00  0.0000000E+00  0.0000000E+00  0.0000000E+00  0.0000000E+00  0.0000000E+00
  0.0000000E+00  0.0000000E+00  0.0000000E+00  0.0000000E+00  0.0000000E+00  0.0000000E+00  0.0000000E+00  0.0000000E+00  0.0000000E+00  0.0000000E+00  0.0000000E+00  0.0000000E+00  0.0000000E+00  0.0000000E+00  0.0000000E+00  0.0000000E+00  0.0000000E+00  0.0000000E+00  0.0000000E+00  0.0000000E+00
  0.0000000E+00  0.0000000E+00  0.0000000E+00  0.0000000E+00  0.0000000E+00  0.0000000E+00  0.0000000E+00  0.0000000E+00  0.0000000E+00  0.0000000E+00  0.0000000E+00  0.0000000E+00  0.0000000E+00  0.0000000E+00  0.0000000E+00  0.0000000E+00  0.0000000E+00  0.0000000E+00  0.0000000E+00  0.0000000E+00
  0.0000000E+00  0.0000000E+00  0.0000000E+00  0.0000000E+00  0.0000000E+00  0.0000000E+00  0.0000000E+00  0.0000000E+00  0.0000000E+00  0.0000000E+00  0.0000000E+00  0.0000000E+00  0.0000000E+00  0.0000000E+00  0.0000000E+00  0.0000000E+00  0.0000000E+00  0.0000000E+00  0.0000000E+00  0.0000000E+00
  0.0000000E+00  0.0000000E+00  0.0000000E+00  0.0000000E+00  0.0000000E+00  0.0000000E+00  0.0000000E+00  0.0000000E+00  0.0000000E+00  0.0000000E+00  0.0000000E+00  0.0000000E+00  0.0000000E+00  0.0000000E+00  0.0000000E+00  0.0000000E+00  0.0000000E+00  0.0000000E+00  0.0000000E+00  0.0000000E+00
  0.0000000E+00  0.0000000E+00  0.0000000E+00  0.0000000E+00  0.0000000E+00  0.0000000E+00  0.0000000E+00  0.0000000E+00  0.0000000E+00  0.0000000E+00  0.0000000E+00  0.0000000E+00  0.0000000E+00  0.0000000E+00  0.0000000E+00  0.0000000E+00  0.0000000E+00  0.0000000E+00  0.0000000E+00  0.0000000E+00
  0.0000000E+00  0.0000000E+00  0.0000000E+00  0.0000000E+00  0.0000000E+00  0.0000000E+00  0.0000000E+00  0.0000000E+00  0.0000000E+00  0.0000000E+00  0.0000000E+00  0.0000000E+00  0.0000000E+00  0.0000000E+00  0.0000000E+00  0.0000000E+00  0.0000000E+00  0.0000000E+00  0.0000000E+00  0.0000000E+00
  0.0000000E+00  0.0000000E+00  0.0000000E+00  0.0000000E+00  0.0000000E+00  0.0000000E+00  0.0000000E+00  0.0000000E+00  0.0000000E+00  0.0000000E+00  0.0000000E+00  0.0000000E+00  0.0000000E+00  0.0000000E+00  0.0000000E+00  0.0000000E+00  0.0000000E+00  0.0000000E+00  0.0000000E+00  0.0000000E+00
  0.0000000E+00  0.0000000E+00  0.0000000E+00  0.0000000E+00  0.0000000E+00  0.0000000E+00  0.0000000E+00  0.0000000E+00  0.0000000E+00  0.0000000E+00  0.0000000E+00  0.0000000E+00  0.0000000E+00  0.0000000E+00  0.0000000E+00  0.0000000E+00  0.0000000E+00  0.0000000E+00  0.0000000E+00  0.0000000E+00
  0.0000000E+00  0.0000000E+00  0.0000000E+00  0.0000000E+00  0.0000000E+00  0.0000000E+00  0.0000000E+00  0.0000000E+00  0.0000000E+00  0.0000000E+00  0.0000000E+00  0.0000000E+00  0.0000000E+00  0.0000000E+00  0.0000000E+00  0.0000000E+00  0.0000000E+00  0.0000000E+00  0.0000000E+00  0.0000000E+00
  0.0000000E+00  0.0000000E+00  0.0000000E+00  0.0000000E+00  0.0000000E+00  0.0000000E+00  0.0000000E+00  0.0000000E+00  0.0000000E+00  0.0000000E+00  0.0000000E+00  0.0000000E+00  0.0000000E+00  0.0000000E+00  0.0000000E+00  0.0000000E+00  0.0000000E+00  0.0000000E+00  0.0000000E+00  0.0000000E+00
  0.0000000E+00  0.0000000E+00  0.0000000E+00  0.0000000E+00  0.0000000E+00  0.0000000E+00  0.0000000E+00  0.0000000E+00  0.0000000E+00  0.0000000E+00  0.0000000E+00  0.0000000E+00  0.0000000E+00  0.0000000E+00  0.0000000E+00  0.0000000E+00  0.0000000E+00  0.0000000E+00  0.0000000E+00  0.0000000E+00
  0.0000000E+00  0.0000000E+00  0.0000000E+00  0.0000000E+00  0.0000000E+00  0.0000000E+00  0.0000000E+00  0.0000000E+00  0.0000000E+00  0.0000000E+00  0.0000000E+00  0.0000000E+00  0.0000000E+00  0.0000000E+00  0.0000000E+00  0.0000000E+00  0.0000000E+00  0.0000000E+00  0.0000000E+00  0.0000000E+00
  0.0000000E+00  0.0000000E+00  0.0000000E+00  0.0000000E+00  0.0000000E+00  0.0000000E+00  0.0000000E+00  0.0000000E+00  0.0000000E+00  0.0000000E+00  0.0000000E+00  0.0000000E+00  0.0000000E+00  0.0000000E+00  0.0000000E+00  0.0000000E+00  0.0000000E+00  0.0000000E+00  0.0000000E+00  0.0000000E+00
  0.0000000E+00  0.0000000E+00  0.0000000E+00  0.0000000E+00  0.0000000E+00  0.0000000E+00  0.0000000E+00  0.0000000E+00  0.0000000E+00  0.0000000E+00  0.0000000E+00  0.0000000E+00  0.0000000E+00  0.0000000E+00  0.0000000E+00  0.0000000E+00  0.0000000E+00  0.0000000E+00  0.0000000E+00  0.0000000E+00
  0.0000000E+00  0.0000000E+00  0.0000000E+00  0.0000000E+00  0.0000000E+00  0.0000000E+00  0.0000000E+00  0.0000000E+00  0.0000000E+00  0.0000000E+00  0.0000000E+00  0.0000000E+00  0.0000000E+00  0.0000000E+00  0.0000000E+00  0.0000000E+00  0.0000000E+00  0.0000000E+00  0.0000000E+00  0.0000000E+00
  0.0000000E+00  0.0000000E+00  0.0000000E+00  0.0000000E+00  0.0000000E+00  0.0000000E+00  0.0000000E+00  0.0000000E+00  0.0000000E+00  0.0000000E+00  0.0000000E+00  0.0000000E+00  0.0000000E+00  0.0000000E+00  0.0000000E+00  0.0000000E+00  0.0000000E+00  0.0000000E+00  0.0000000E+00  0.0000000E+00
  0.0000000E+00  0.0000000E+00  0.0000000E+00  0.0000000E+00  0.0000000E+00  0.0000000E+00  0.0000000E+00  0.0000000E+00  0.0000000E+00  0.0000000E+00  0.0000000E+00  0.0000000E+00  0.0000000E+00  0.0000000E+00  0.0000000E+00  0.0000000E+00  0.0000000E+00  0.0000000E+00  0.0000000E+00  0.0000000E+00
  0.0000000E+00  0.0000000E+00  0.0000000E+00  0.0000000E+00  0.0000000E+00  0.0000000E+00  0.0000000E+00  0.0000000E+00  0.0000000E+00  0.0000000E+00  0.0000000E+00  0.0000000E+00  0.0000000E+00  0.0000000E+00  0.0000000E+00  0.0000000E+00  0.0000000E+00  0.0000000E+00  0.0000000E+00  0.0000000E+00
  0.0000000E+00  0.0000000E+00  0.0000000E+00  0.0000000E+00  0.0000000E+00  0.0000000E+00  0.0000000E+00  0.0000000E+00  0.0000000E+00  0.0000000E+00  0.0000000E+00  0.0000000E+00  0.0000000E+00  0.0000000E+00  0.0000000E+00  0.0000000E+00  0.0000000E+00  0.0000000E+00  0.0000000E+00  0.0000000E+00
  0.0000000E+00  0.0000000E+00  0.0000000E+00  0.0000000E+00  0.0000000E+00  0.0000000E+00  0.0000000E+00  0.0000000E+00  0.0000000E+00  0.0000000E+00  0.0000000E+00  0.0000000E+00  0.0000000E+00  0.0000000E+00  0.0000000E+00  0.0000000E+00  0.0000000E+00  0.0000000E+00  0.0000000E+00  0.0000000E+00
  0.0000000E+00  0.0000000E+00  0.0000000E+00  0.0000000E+00  0.0000000E+00  0.0000000E+00  0.0000000E+00  0.0000000E+00  0.0000000E+00  0.0000000E+00  0.0000000E+00  0.0000000E+00  0.0000000E+00  0.0000000E+00  0.0000000E+00  0.0000000E+00  0.0000000E+00  0.0000000E+00  0.0000000E+00  0.0000000E+00
  0.0000000E+00  0.0000000E+00  0.0000000E+00  0.0000000E+00  0.0000000E+00  0.0000000E+00  0.0000000E+00  0.0000000E+00  0.0000000E+00  0.0000000E+00  0.0000000E+00  0.0000000E+00  0.0000000E+00  0.0000000E+00  0.0000000E+00  0.0000000E+00  0.0000000E+00  0.0000000E+00  0.0000000E+00  0.0000000E+00
  0.0000000E+00  0.0000000E+00  0.0000000E+00  0.0000000E+00  0.0000000E+00  0.0000000E+00  0.0000000E+00  0.0000000E+00  0.0000000E+00  0.0000000E+00  0.0000000E+00  0.0000000E+00  0.0000000E+00  0.0000000E+00  0.0000000E+00  0.0000000E+00  0.0000000E+00  0.0000000E+00  0.0000000E+00  0.0000000E+00
  0.0000000E+00  0.0000000E+00  0.0000000E+00  0.0000000E+00  0.0000000E+00  0.0000000E+00  0.0000000E+00  0.0000000E+00  0.0000000E+00  0.0000000E+00  0.0000000E+00  0.0000000E+00  0.0000000E+00  0.0000000E+00  0.0000000E+00  0.0000000E+00  0.0000000E+00  0.0000000E+00  0.0000000E+00  0.0000000E+00
  0.0000000E+00  0.0000000E+00  0.0000000E+00  0.0000000E+00  0.0000000E+00  0.0000000E+00  0.0000000E+00  0.0000000E+00  0.0000000E+00  0.0000000E+00  0.0000000E+00  0.0000000E+00  0.0000000E+00  0.0000000E+00  0.0000000E+00  0.0000000E+00  0.0000000E+00  0.0000000E+00  0.0000000E+00  0.0000000E+00
  0.0000000E+00  0.0000000E+00  0.0000000E+00  0.0000000E+00  0.0000000E+00  0.0000000E+00  0.0000000E+00  0.0000000E+00  0.0000000E+00  0.0000000E+00  0.0000000E+00  0.0000000E+00  0.0000000E+00  0.0000000E+00  0.0000000E+00  0.0000000E+00  0.0000000E+00  0.0000000E+00  0.0000000E+00  0.0000000E+00
  0.0000000E+00  0.0000000E+00  0.0000000E+00  0.0000000E+00  0.0000000E+00  0.0000000E+00  0.0000000E+00  0.0000000E+00  0.0000000E+00  0.0000000E+00  0.0000000E+00  0.0000000E+00  0.0000000E+00  0.0000000E+00  0.0000000E+00  0.0000000E+00  0.0000000E+00  0.0000000E+00  0.0000000E+00  0.0000000E+00
  0.0000000E+00  0.0000000E+00  0.0000000E+00  0.0000000E+00  0.0000000E+00  0.0000000E+00  0.0000000E+00  0.0000000E+00  0.0000000E+00  0.0000000E+00  0.0000000E+00  0.0000000E+00  0.0000000E+00  0.0000000E+00  0.0000000E+00  0.0000000E+00  0.0000000E+00  0.0000000E+00  0.0000000E+00  0.0000000E+00
  0.0000000E+00  0.0000000E+00  0.0000000E+00  0.0000000E+00  0.0000000E+00  0.0000000E+00  0.0000000E+00  0.0000000E+00  0.0000000E+00  0.0000000E+00  0.0000000E+00  0.0000000E+00  0.0000000E+00  0.0000000E+00  0.0000000E+00  0.0000000E+00  0.0000000E+00  0.0000000E+00  0.0000000E+00  0.0000000E+00
  0.0000000E+00  0.0000000E+00  0.0000000E+00  0.0000000E+00  0.0000000E+00  0.0000000E+00  0.0000000E+00  0.0000000E+00  0.0000000E+00  0.0000000E+00  0.0000000E+00  0.0000000E+00  0.0000000E+00  0.0000000E+00  0.0000000E+00  0.0000000E+00  0.0000000E+00  0.0000000E+00  0.0000000E+00  0.0000000E+00
  0.0000000E+00  0.0000000E+00  0.0000000E+00  0.0000000E+00  0.0000000E+00  0.0000000E+00  0.0000000E+00  0.0000000E+00  0.0000000E+00  0.0000000E+00  0.0000000E+00  0.0000000E+00  0.0000000E+00  0.0000000E+00  0.0000000E+00  0.0000000E+00  0.0000000E+00  0.0000000E+00  0.0000000E+00  0.0000000E+00
  0.0000000E+00  0.0000000E+00  0.0000000E+00  0.0000000E+00  0.0000000E+00  0.0000000E+00  0.0000000E+00  0.0000000E+00  0.0000000E+00  0.0000000E+00  0.0000000E+00  0.0000000E+00  0.0000000E+00  0.0000000E+00  0.0000000E+00  0.0000000E+00  0.0000000E+00  0.0000000E+00  0.0000000E+00  0.0000000E+00
  0.0000000E+00  0.0000000E+00  0.0000000E+00  0.0000000E+00  0.0000000E+00  0.0000000E+00  0.0000000E+00  0.0000000E+00  0.0000000E+00  0.0000000E+00  0.0000000E+00  0.0000000E+00  0.0000000E+00  0.0000000E+00  0.0000000E+00  0.0000000E+00  0.0000000E+00  0.0000000E+00  0.0000000E+00  0.0000000E+00
  0.0000000E+00  0.0000000E+00  0.0000000E+00  0.0000000E+00  0.0000000E+00  0.0000000E+00  0.0000000E+00  0.0000000E+00  0.0000000E+00  0.0000000E+00  0.0000000E+00  0.0000000E+00  0.0000000E+00  0.0000000E+00  0.0000000E+00  0.0000000E+00  0.0000000E+00  0.0000000E+00  0.0000000E+00  0.0000000E+00
  0.0000000E+00  0.0000000E+00  0.0000000E+00  0.0000000E+00  0.0000000E+00  0.0000000E+00  0.0000000E+00  0.0000000E+00  0.0000000E+00  0.0000000E+00  0.0000000E+00  0.0000000E+00  0.0000000E+00  0.0000000E+00  0.0000000E+00  0.0000000E+00  0.0000000E+00  0.0000000E+00  0.0000000E+00  0.0000000E+00
  0.0000000E+00  0.0000000E+00  0.0000000E+00  0.0000000E+00  0.0000000E+00  0.0000000E+00  0.0000000E+00  0.0000000E+00  0.0000000E+00  0.0000000E+00  0.0000000E+00  0.0000000E+00  0.0000000E+00  0.0000000E+00  0.0000000E+00  0.0000000E+00  0.0000000E+00  0.0000000E+00  0.0000000E+00  0.0000000E+00
  0.0000000E+00  0.0000000E+00  0.0000000E+00  0.0000000E+00  0.0000000E+00  0.0000000E+00  0.0000000E+00  0.0000000E+00  0.0000000E+00  0.0000000E+00  0.0000000E+00  0.0000000E+00  0.0000000E+00  0.0000000E+00  0.0000000E+00  0.0000000E+00  0.0000000E+00  0.0000000E+00  0.0000000E+00  0.0000000E+00
  0.0000000E+00  0.0000000E+00  0.0000000E+00  0.0000000E+00  0.0000000E+00  0.0000000E+00  0.0000000E+00  0.0000000E+00  0.0000000E+00  0.0000000E+00  0.0000000E+00  0.0000000E+00  0.0000000E+00  0.0000000E+00  0.0000000E+00  0.0000000E+00  0.0000000E+00  0.0000000E+00  0.0000000E+00  0.0000000E+00
  0.0000000E+00  0.0000000E+00  0.0000000E+00  0.0000000E+00  0.0000000E+00  0.0000000E+00  0.0000000E+00  0.0000000E+00  0.0000000E+00  0.0000000E+00  0.0000000E+00  0.0000000E+00  0.0000000E+00  0.0000000E+00  0.0000000E+00  0.0000000E+00  0.0000000E+00  0.0000000E+00  0.0000000E+00  0.0000000E+00
  0.0000000E+00  0.0000000E+00  0.0000000E+00  0.0000000E+00  0.0000000E+00  0.0000000E+00  0.0000000E+00  0.0000000E+00  0.0000000E+00  0.0000000E+00  0.0000000E+00  0.0000000E+00  0.0000000E+00  0.0000000E+00  0.0000000E+00  0.0000000E+00  0.0000000E+00  0.0000000E+00  0.0000000E+00  0.0000000E+00
  0.0000000E+00  0.0000000E+00  0.0000000E+00  0.0000000E+00  0.0000000E+00  0.0000000E+00  0.0000000E+00  0.0000000E+00  0.0000000E+00  0.0000000E+00  0.0000000E+00  0.0000000E+00  0.0000000E+00  0.0000000E+00  0.0000000E+00  0.0000000E+00  0.0000000E+00  0.0000000E+00  0.0000000E+00  0.0000000E+00
  0.0000000E+00  0.0000000E+00  0.0000000E+00  0.0000000E+00  0.0000000E+00  0.0000000E+00  0.0000000E+00  0.0000000E+00  0.0000000E+00  0.0000000E+00  0.0000000E+00  0.0000000E+00  0.0000000E+00  0.0000000E+00  0.0000000E+00  0.0000000E+00  0.0000000E+00  0.0000000E+00  0.0000000E+00  0.0000000E+00
  0.0000000E+00  0.0000000E+00  0.0000000E+00  0.0000000E+00  0.0000000E+00  0.0000000E+00  0.0000000E+00  0.0000000E+00  0.0000000E+00  0.0000000E+00  0.0000000E+00  0.0000000E+00  0.0000000E+00  0.0000000E+00  0.0000000E+00  0.0000000E+00  0.0000000E+00  0.0000000E+00  0.0000000E+00  0.0000000E+00
  0.0000000E+00  0.0000000E+00  0.0000000E+00  0.0000000E+00  0.0000000E+00  0.0000000E+00  0.0000000E+00  0.0000000E+00  0.0000000E+00  0.0000000E+00  0.0000000E+00  0.0000000E+00  0.0000000E+00  0.0000000E+00  0.0000000E+00  0.0000000E+00  0.0000000E+00  0.0000000E+00  0.0000000E+00  0.0000000E+00
  0.0000000E+00  0.0000000E+00  0.0000000E+00  0.0000000E+00  0.0000000E+00  0.0000000E+00  0.0000000E+00  0.0000000E+00  0.0000000E+00  0.0000000E+00  0.0000000E+00  0.0000000E+00  0.0000000E+00  0.0000000E+00  0.0000000E+00  0.0000000E+00  0.0000000E+00  0.0000000E+00  0.0000000E+00  0.0000000E+00
  0.0000000E+00  0.0000000E+00  0.0000000E+00  0.0000000E+00  0.0000000E+00  0.0000000E+00  0.0000000E+00  0.0000000E+00  0.0000000E+00  0.0000000E+00  0.0000000E+00  0.0000000E+00  0.0000000E+00  0.0000000E+00  0.0000000E+00  0.0000000E+00  0.0000000E+00  0.0000000E+00  0.0000000E+00  0.0000000E+00
  0.0000000E+00  0.0000000E+00  0.0000000E+00  0.0000000E+00  0.0000000E+00  0.0000000E+00  0.0000000E+00  0.0000000E+00  0.0000000E+00  0.0000000E+00  0.0000000E+00  0.0000000E+00  0.0000000E+00  0.0000000E+00  0.0000000E+00  0.0000000E+00  0.0000000E+00  0.0000000E+00  0.0000000E+00  0.0000000E+00
  0.0000000E+00  0.0000000E+00  0.0000000E+00  0.0000000E+00  0.0000000E+00  0.0000000E+00  0.0000000E+00  0.0000000E+00  0.0000000E+00  0.0000000E+00  0.0000000E+00  0.0000000E+00  0.0000000E+00  0.0000000E+00  0.0000000E+00  0.0000000E+00  0.0000000E+00  0.0000000E+00  0.0000000E+00  0.0000000E+00
  0.0000000E+00  0.0000000E+00  0.0000000E+00  0.0000000E+00  0.0000000E+00  0.0000000E+00  0.0000000E+00  0.0000000E+00  0.0000000E+00  0.0000000E+00  0.0000000E+00  0.0000000E+00  0.0000000E+00  0.0000000E+00  0.0000000E+00  0.0000000E+00  0.0000000E+00  0.0000000E+00  0.0000000E+00  0.0000000E+00
  0.0000000E+00  0.0000000E+00  0.0000000E+00  0.0000000E+00  0.0000000E+00  0.0000000E+00  0.0000000E+00  0.0000000E+00  0.0000000E+00  0.0000000E+00  0.0000000E+00  0.0000000E+00  0.0000000E+00  0.0000000E+00  0.0000000E+00  0.0000000E+00  0.0000000E+00  0.0000000E+00  0.0000000E+00  0.0000000E+00
  0.0000000E+00  0.0000000E+00  0.0000000E+00  0.0000000E+00  0.0000000E+00  0.0000000E+00  0.0000000E+00  0.0000000E+00  0.0000000E+00  0.0000000E+00  0.0000000E+00  0.0000000E+00  0.0000000E+00  0.0000000E+00  0.0000000E+00  0.0000000E+00  0.0000000E+00  0.0000000E+00  0.0000000E+00  0.0000000E+00
  0.0000000E+00  0.0000000E+00  0.0000000E+00  0.0000000E+00  0.0000000E+00  0.0000000E+00  0.0000000E+00  0.0000000E+00  0.0000000E+00  0.0000000E+00  0.0000000E+00  0.0000000E+00  0.0000000E+00  0.0000000E+00  0.0000000E+00  0.0000000E+00  0.0000000E+00  0.0000000E+00  0.0000000E+00  0.0000000E+00
  0.0000000E+00  0.0000000E+00  0.0000000E+00  0.0000000E+00  0.0000000E+00  0.0000000E+00  0.0000000E+00  0.0000000E+00  0.0000000E+00  0.0000000E+00  0.0000000E+00  0.0000000E+00  0.0000000E+00  0.0000000E+00  0.0000000E+00  0.0000000E+00  0.0000000E+00  0.0000000E+00  0.0000000E+00  0.0000000E+00
  0.0000000E+00  0.0000000E+00  0.0000000E+00  0.0000000E+00  0.0000000E+00  0.0000000E+00  0.0000000E+00  0.0000000E+00  0.0000000E+00  0.0000000E+00  0.0000000E+00  0.0000000E+00  0.0000000E+00  0.0000000E+00  0.0000000E+00  0.0000000E+00  0.0000000E+00  0.0000000E+00  0.0000000E+00  0.0000000E+00
  0.0000000E+00  0.0000000E+00  0.0000000E+00  0.0000000E+00  0.0000000E+00  0.0000000E+00  0.0000000E+00  0.0000000E+00  0.0000000E+00  0.0000000E+00  0.0000000E+00  0.0000000E+00  0.0000000E+00  0.0000000E+00  0.0000000E+00  0.0000000E+00  0.0000000E+00  0.0000000E+00  0.0000000E+00  0.0000000E+00
  0.0000000E+00  0.0000000E+00  0.0000000E+00  0.0000000E+00  0.0000000E+00  0.0000000E+00  0.0000000E+00  0.0000000E+00  0.0000000E+00  0.0000000E+00  0.0000000E+00  0.0000000E+00  0.0000000E+00  0.0000000E+00  0.0000000E+00  0.0000000E+00  0.0000000E+00  0.0000000E+00  0.0000000E+00  0.0000000E+00
  0.0000000E+00  0.0000000E+00  0.0000000E+00  0.0000000E+00  0.0000000E+00  0.0000000E+00  0.0000000E+00  0.0000000E+00  0.0000000E+00  0.0000000E+00  0.0000000E+00  0.0000000E+00  0.0000000E+00  0.0000000E+00  0.0000000E+00  0.0000000E+00  0.0000000E+00  0.0000000E+00  0.0000000E+00  0.0000000E+00
  0.0000000E+00  0.0000000E+00  0.0000000E+00  0.0000000E+00  0.0000000E+00  0.0000000E+00  0.0000000E+00  0.0000000E+00  0.0000000E+00  0.0000000E+00  0.0000000E+00  0.0000000E+00  0.0000000E+00  0.0000000E+00  0.0000000E+00  0.0000000E+00  0.0000000E+00  0.0000000E+00  0.0000000E+00  0.0000000E+00
  0.0000000E+00  0.0000000E+00  0.0000000E+00  0.0000000E+00  0.0000000E+00  0.0000000E+00  0.0000000E+00  0.0000000E+00  0.0000000E+00  0.0000000E+00  0.0000000E+00  0.0000000E+00  0.0000000E+00  0.0000000E+00  0.0000000E+00  0.0000000E+00  0.0000000E+00  0.0000000E+00  0.0000000E+00  0.0000000E+00
  0.0000000E+00  0.0000000E+00  0.0000000E+00  0.0000000E+00  0.0000000E+00  0.0000000E+00  0.0000000E+00  0.0000000E+00  0.0000000E+00  0.0000000E+00  0.0000000E+00  0.0000000E+00  0.0000000E+00  0.0000000E+00  0.0000000E+00  0.0000000E+00  0.0000000E+00  0.0000000E+00  0.0000000E+00  0.0000000E+00
  0.0000000E+00  0.0000000E+00  0.0000000E+00  0.0000000E+00  0.0000000E+00  0.0000000E+00  0.0000000E+00  0.0000000E+00  0.0000000E+00  0.0000000E+00  0.0000000E+00  0.0000000E+00  0.0000000E+00  0.0000000E+00  0.0000000E+00  0.0000000E+00  0.0000000E+00  0.0000000E+00  0.0000000E+00  0.0000000E+00
  0.0000000E+00  0.0000000E+00  0.0000000E+00  0.0000000E+00  0.0000000E+00  0.0000000E+00  0.0000000E+00  0.0000000E+00  0.0000000E+00  0.0000000E+00  0.0000000E+00  0.0000000E+00  0.0000000E+00  0.0000000E+00  0.0000000E+00  0.0000000E+00  0.0000000E+00  0.0000000E+00  0.0000000E+00  0.0000000E+00
  0.0000000E+00  0.0000000E+00  0.0000000E+00  0.0000000E+00  0.0000000E+00  0.0000000E+00  0.0000000E+00  0.0000000E+00  0.0000000E+00  0.0000000E+00  0.0000000E+00  0.0000000E+00  0.0000000E+00  0.0000000E+00  0.0000000E+00  0.0000000E+00  0.0000000E+00  0.0000000E+00  0.0000000E+00  0.0000000E+00
  0.0000000E+00  0.0000000E+00  0.0000000E+00  0.0000000E+00  0.0000000E+00  0.0000000E+00  0.0000000E+00  0.0000000E+00  0.0000000E+00  0.0000000E+00  0.0000000E+00  0.0000000E+00  0.0000000E+00  0.0000000E+00  0.0000000E+00  0.0000000E+00  0.0000000E+00  0.0000000E+00  0.0000000E+00  0.0000000E+00
  0.0000000E+00  0.0000000E+00  0.0000000E+00  0.0000000E+00  0.0000000E+00  0.0000000E+00  0.0000000E+00  0.0000000E+00  0.0000000E+00  0.0000000E+00  0.0000000E+00  0.0000000E+00  0.0000000E+00  0.0000000E+00  0.0000000E+00  0.0000000E+00  0.0000000E+00  0.0000000E+00  0.0000000E+00  0.0000000E+00
  0.0000000E+00  0.0000000E+00  0.0000000E+00  0.0000000E+00  0.0000000E+00  0.0000000E+00  0.0000000E+00  0.0000000E+00  0.0000000E+00  0.0000000E+00  0.0000000E+00  0.0000000E+00  0.0000000E+00  0.0000000E+00  0.0000000E+00  0.0000000E+00  0.0000000E+00  0.0000000E+00  0.0000000E+00  0.0000000E+00
  0.0000000E+00  0.0000000E+00  0.0000000E+00  0.0000000E+00  0.0000000E+00  0.0000000E+00  0.0000000E+00  0.0000000E+00  0.0000000E+00  0.0000000E+00  0.0000000E+00  0.0000000E+00  0.0000000E+00  0.0000000E+00  0.0000000E+00  0.0000000E+00  0.0000000E+00  0.0000000E+00  0.0000000E+00  0.0000000E+00
  0.0000000E+00  0.0000000E+00  0.0000000E+00  0.0000000E+00  0.0000000E+00  0.0000000E+00  0.0000000E+00  0.0000000E+00  0.0000000E+00  0.0000000E+00  0.0000000E+00  0.0000000E+00  0.0000000E+00  0.0000000E+00  0.0000000E+00  0.0000000E+00  0.0000000E+00  0.0000000E+00  0.0000000E+00  0.0000000E+00
  0.0000000E+00  0.0000000E+00  0.0000000E+00  0.0000000E+00  0.0000000E+00  0.0000000E+00  0.0000000E+00  0.0000000E+00  0.0000000E+00  0.0000000E+00  0.0000000E+00  0.0000000E+00  0.0000000E+00  0.0000000E+00  0.0000000E+00  0.0000000E+00  0.0000000E+00  0.0000000E+00  0.0000000E+00  0.0000000E+00
  0.0000000E+00  0.0000000E+00  0.0000000E+00  0.0000000E+00  0.0000000E+00  0.0000000E+00  0.0000000E+00  0.0000000E+00  0.0000000E+00  0.0000000E+00  0.0000000E+00  0.0000000E+00  0.0000000E+00  0.0000000E+00  0.0000000E+00  0.0000000E+00  0.0000000E+00  0.0000000E+00  0.0000000E+00  0.0000000E+00
  0.0000000E+00  0.0000000E+00  0.0000000E+00  0.0000000E+00  0.0000000E+00  0.0000000E+00  0.0000000E+00  0.0000000E+00  0.0000000E+00  0.0000000E+00  0.0000000E+00  0.0000000E+00  0.0000000E+00  0.0000000E+00  0.0000000E+00  0.0000000E+00  0.0000000E+00  0.0000000E+00  0.0000000E+00  0.0000000E+00
  0.0000000E+00  0.0000000E+00  0.0000000E+00  0.0000000E+00  0.0000000E+00  0.0000000E+00  0.0000000E+00  0.0000000E+00  0.0000000E+00  0.0000000E+00  0.0000000E+00  0.0000000E+00  0.0000000E+00  0.0000000E+00  0.0000000E+00  0.0000000E+00  0.0000000E+00  0.0000000E+00  0.0000000E+00  0.0000000E+00
  0.0000000E+00  0.0000000E+00  0.0000000E+00  0.0000000E+00  0.0000000E+00  0.0000000E+00  0.0000000E+00  0.0000000E+00  0.0000000E+00  0.0000000E+00  0.0000000E+00  0.0000000E+00  0.0000000E+00  0.0000000E+00  0.0000000E+00  0.0000000E+00  0.0000000E+00  0.0000000E+00  0.0000000E+00  0.0000000E+00
  0.0000000E+00  0.0000000E+00  0.0000000E+00  0.0000000E+00  0.0000000E+00  0.0000000E+00  0.0000000E+00  0.0000000E+00  0.0000000E+00  0.0000000E+00  0.0000000E+00  0.0000000E+00  0.0000000E+00  0.0000000E+00  0.0000000E+00  0.0000000E+00  0.0000000E+00  0.0000000E+00  0.0000000E+00  0.0000000E+00
  0.0000000E+00  0.0000000E+00  0.0000000E+00  0.0000000E+00  0.0000000E+00  0.0000000E+00  0.0000000E+00  0.0000000E+00  0.0000000E+00  0.0000000E+00  0.0000000E+00  0.0000000E+00  0.0000000E+00  0.0000000E+00  0.0000000E+00  0.0000000E+00  0.0000000E+00  0.0000000E+00  0.0000000E+00  0.0000000E+00
  0.0000000E+00  0.0000000E+00  0.0000000E+00  0.0000000E+00  0.0000000E+00  0.0000000E+00  0.0000000E+00  0.0000000E+00  0.0000000E+00  0.0000000E+00  0.0000000E+00  0.0000000E+00  0.0000000E+00  0.0000000E+00  0.0000000E+00  0.0000000E+00  0.0000000E+00  0.0000000E+00  0.0000000E+00  0.0000000E+00
  0.0000000E+00  0.0000000E+00  0.0000000E+00  0.0000000E+00  0.0000000E+00  0.0000000E+00  0.0000000E+00  0.0000000E+00  0.0000000E+00  0.0000000E+00  0.0000000E+00
         </DataArray>
         </PointData>
      </Piece>
     </UnstructuredGrid>
</VTKFile>
