<?xml version="1.0"?>
<VTKFile type="UnstructuredGrid" version="0.1">
     <UnstructuredGrid>
      <Piece NumberOfPoints="      1681" NumberOfCells="       800">
         <Points>
           <DataArray type="Float32" NumberOfComponents="3" format="ascii">
  0.0000000E+00  0.0000000E+00  0.0000000E+00
  0.2500000E-01  0.0000000E+00  0.0000000E+00
  0.5000000E-01  0.0000000E+00  0.0000000E+00
  0.7500000E-01  0.0000000E+00  0.0000000E+00
  0.1000000E+00  0.0000000E+00  0.0000000E+00
  0.1250000E+00  0.0000000E+00  0.0000000E+00
  0.1500000E+00  0.0000000E+00  0.0000000E+00
  0.1750000E+00  0.0000000E+00  0.0000000E+00
  0.2000000E+00  0.0000000E+00  0.0000000E+00
  0.2250000E+00  0.0000000E+00  0.0000000E+00
  0.2500000E+00  0.0000000E+00  0.0000000E+00
  0.2750000E+00  0.0000000E+00  0.0000000E+00
  0.3000000E+00  0.0000000E+00  0.0000000E+00
  0.3250000E+00  0.0000000E+00  0.0000000E+00
  0.3500000E+00  0.0000000E+00  0.0000000E+00
  0.3750000E+00  0.0000000E+00  0.0000000E+00
  0.4000000E+00  0.0000000E+00  0.0000000E+00
  0.4250000E+00  0.0000000E+00  0.0000000E+00
  0.4500000E+00  0.0000000E+00  0.0000000E+00
  0.4750000E+00  0.0000000E+00  0.0000000E+00
  0.5000000E+00  0.0000000E+00  0.0000000E+00
  0.5250000E+00  0.0000000E+00  0.0000000E+00
  0.5500000E+00  0.0000000E+00  0.0000000E+00
  0.5750000E+00  0.0000000E+00  0.0000000E+00
  0.6000000E+00  0.0000000E+00  0.0000000E+00
  0.6250000E+00  0.0000000E+00  0.0000000E+00
  0.6500000E+00  0.0000000E+00  0.0000000E+00
  0.6750000E+00  0.0000000E+00  0.0000000E+00
  0.7000000E+00  0.0000000E+00  0.0000000E+00
  0.7250000E+00  0.0000000E+00  0.0000000E+00
  0.7500000E+00  0.0000000E+00  0.0000000E+00
  0.7750000E+00  0.0000000E+00  0.0000000E+00
  0.8000000E+00  0.0000000E+00  0.0000000E+00
  0.8250000E+00  0.0000000E+00  0.0000000E+00
  0.8500000E+00  0.0000000E+00  0.0000000E+00
  0.8750000E+00  0.0000000E+00  0.0000000E+00
  0.9000000E+00  0.0000000E+00  0.0000000E+00
  0.9250000E+00  0.0000000E+00  0.0000000E+00
  0.9500000E+00  0.0000000E+00  0.0000000E+00
  0.9750000E+00  0.0000000E+00  0.0000000E+00
  0.1000000E+01  0.0000000E+00  0.0000000E+00
  0.0000000E+00  0.2500000E-01  0.0000000E+00
  0.2500000E-01  0.2500000E-01  0.0000000E+00
  0.5000000E-01  0.2500000E-01  0.0000000E+00
  0.7500000E-01  0.2500000E-01  0.0000000E+00
  0.1000000E+00  0.2500000E-01  0.0000000E+00
  0.1250000E+00  0.2500000E-01  0.0000000E+00
  0.1500000E+00  0.2500000E-01  0.0000000E+00
  0.1750000E+00  0.2500000E-01  0.0000000E+00
  0.2000000E+00  0.2500000E-01  0.0000000E+00
  0.2250000E+00  0.2500000E-01  0.0000000E+00
  0.2500000E+00  0.2500000E-01  0.0000000E+00
  0.2750000E+00  0.2500000E-01  0.0000000E+00
  0.3000000E+00  0.2500000E-01  0.0000000E+00
  0.3250000E+00  0.2500000E-01  0.0000000E+00
  0.3500000E+00  0.2500000E-01  0.0000000E+00
  0.3750000E+00  0.2500000E-01  0.0000000E+00
  0.4000000E+00  0.2500000E-01  0.0000000E+00
  0.4250000E+00  0.2500000E-01  0.0000000E+00
  0.4500000E+00  0.2500000E-01  0.0000000E+00
  0.4750000E+00  0.2500000E-01  0.0000000E+00
  0.5000000E+00  0.2500000E-01  0.0000000E+00
  0.5250000E+00  0.2500000E-01  0.0000000E+00
  0.5500000E+00  0.2500000E-01  0.0000000E+00
  0.5750000E+00  0.2500000E-01  0.0000000E+00
  0.6000000E+00  0.2500000E-01  0.0000000E+00
  0.6250000E+00  0.2500000E-01  0.0000000E+00
  0.6500000E+00  0.2500000E-01  0.0000000E+00
  0.6750000E+00  0.2500000E-01  0.0000000E+00
  0.7000000E+00  0.2500000E-01  0.0000000E+00
  0.7250000E+00  0.2500000E-01  0.0000000E+00
  0.7500000E+00  0.2500000E-01  0.0000000E+00
  0.7750000E+00  0.2500000E-01  0.0000000E+00
  0.8000000E+00  0.2500000E-01  0.0000000E+00
  0.8250000E+00  0.2500000E-01  0.0000000E+00
  0.8500000E+00  0.2500000E-01  0.0000000E+00
  0.8750000E+00  0.2500000E-01  0.0000000E+00
  0.9000000E+00  0.2500000E-01  0.0000000E+00
  0.9250000E+00  0.2500000E-01  0.0000000E+00
  0.9500000E+00  0.2500000E-01  0.0000000E+00
  0.9750000E+00  0.2500000E-01  0.0000000E+00
  0.1000000E+01  0.2500000E-01  0.0000000E+00
  0.0000000E+00  0.5000000E-01  0.0000000E+00
  0.2500000E-01  0.5000000E-01  0.0000000E+00
  0.5000000E-01  0.5000000E-01  0.0000000E+00
  0.7500000E-01  0.5000000E-01  0.0000000E+00
  0.1000000E+00  0.5000000E-01  0.0000000E+00
  0.1250000E+00  0.5000000E-01  0.0000000E+00
  0.1500000E+00  0.5000000E-01  0.0000000E+00
  0.1750000E+00  0.5000000E-01  0.0000000E+00
  0.2000000E+00  0.5000000E-01  0.0000000E+00
  0.2250000E+00  0.5000000E-01  0.0000000E+00
  0.2500000E+00  0.5000000E-01  0.0000000E+00
  0.2750000E+00  0.5000000E-01  0.0000000E+00
  0.3000000E+00  0.5000000E-01  0.0000000E+00
  0.3250000E+00  0.5000000E-01  0.0000000E+00
  0.3500000E+00  0.5000000E-01  0.0000000E+00
  0.3750000E+00  0.5000000E-01  0.0000000E+00
  0.4000000E+00  0.5000000E-01  0.0000000E+00
  0.4250000E+00  0.5000000E-01  0.0000000E+00
  0.4500000E+00  0.5000000E-01  0.0000000E+00
  0.4750000E+00  0.5000000E-01  0.0000000E+00
  0.5000000E+00  0.5000000E-01  0.0000000E+00
  0.5250000E+00  0.5000000E-01  0.0000000E+00
  0.5500000E+00  0.5000000E-01  0.0000000E+00
  0.5750000E+00  0.5000000E-01  0.0000000E+00
  0.6000000E+00  0.5000000E-01  0.0000000E+00
  0.6250000E+00  0.5000000E-01  0.0000000E+00
  0.6500000E+00  0.5000000E-01  0.0000000E+00
  0.6750000E+00  0.5000000E-01  0.0000000E+00
  0.7000000E+00  0.5000000E-01  0.0000000E+00
  0.7250000E+00  0.5000000E-01  0.0000000E+00
  0.7500000E+00  0.5000000E-01  0.0000000E+00
  0.7750000E+00  0.5000000E-01  0.0000000E+00
  0.8000000E+00  0.5000000E-01  0.0000000E+00
  0.8250000E+00  0.5000000E-01  0.0000000E+00
  0.8500000E+00  0.5000000E-01  0.0000000E+00
  0.8750000E+00  0.5000000E-01  0.0000000E+00
  0.9000000E+00  0.5000000E-01  0.0000000E+00
  0.9250000E+00  0.5000000E-01  0.0000000E+00
  0.9500000E+00  0.5000000E-01  0.0000000E+00
  0.9750000E+00  0.5000000E-01  0.0000000E+00
  0.1000000E+01  0.5000000E-01  0.0000000E+00
  0.0000000E+00  0.7500000E-01  0.0000000E+00
  0.2500000E-01  0.7500000E-01  0.0000000E+00
  0.5000000E-01  0.7500000E-01  0.0000000E+00
  0.7500000E-01  0.7500000E-01  0.0000000E+00
  0.1000000E+00  0.7500000E-01  0.0000000E+00
  0.1250000E+00  0.7500000E-01  0.0000000E+00
  0.1500000E+00  0.7500000E-01  0.0000000E+00
  0.1750000E+00  0.7500000E-01  0.0000000E+00
  0.2000000E+00  0.7500000E-01  0.0000000E+00
  0.2250000E+00  0.7500000E-01  0.0000000E+00
  0.2500000E+00  0.7500000E-01  0.0000000E+00
  0.2750000E+00  0.7500000E-01  0.0000000E+00
  0.3000000E+00  0.7500000E-01  0.0000000E+00
  0.3250000E+00  0.7500000E-01  0.0000000E+00
  0.3500000E+00  0.7500000E-01  0.0000000E+00
  0.3750000E+00  0.7500000E-01  0.0000000E+00
  0.4000000E+00  0.7500000E-01  0.0000000E+00
  0.4250000E+00  0.7500000E-01  0.0000000E+00
  0.4500000E+00  0.7500000E-01  0.0000000E+00
  0.4750000E+00  0.7500000E-01  0.0000000E+00
  0.5000000E+00  0.7500000E-01  0.0000000E+00
  0.5250000E+00  0.7500000E-01  0.0000000E+00
  0.5500000E+00  0.7500000E-01  0.0000000E+00
  0.5750000E+00  0.7500000E-01  0.0000000E+00
  0.6000000E+00  0.7500000E-01  0.0000000E+00
  0.6250000E+00  0.7500000E-01  0.0000000E+00
  0.6500000E+00  0.7500000E-01  0.0000000E+00
  0.6750000E+00  0.7500000E-01  0.0000000E+00
  0.7000000E+00  0.7500000E-01  0.0000000E+00
  0.7250000E+00  0.7500000E-01  0.0000000E+00
  0.7500000E+00  0.7500000E-01  0.0000000E+00
  0.7750000E+00  0.7500000E-01  0.0000000E+00
  0.8000000E+00  0.7500000E-01  0.0000000E+00
  0.8250000E+00  0.7500000E-01  0.0000000E+00
  0.8500000E+00  0.7500000E-01  0.0000000E+00
  0.8750000E+00  0.7500000E-01  0.0000000E+00
  0.9000000E+00  0.7500000E-01  0.0000000E+00
  0.9250000E+00  0.7500000E-01  0.0000000E+00
  0.9500000E+00  0.7500000E-01  0.0000000E+00
  0.9750000E+00  0.7500000E-01  0.0000000E+00
  0.1000000E+01  0.7500000E-01  0.0000000E+00
  0.0000000E+00  0.1000000E+00  0.0000000E+00
  0.2500000E-01  0.1000000E+00  0.0000000E+00
  0.5000000E-01  0.1000000E+00  0.0000000E+00
  0.7500000E-01  0.1000000E+00  0.0000000E+00
  0.1000000E+00  0.1000000E+00  0.0000000E+00
  0.1250000E+00  0.1000000E+00  0.0000000E+00
  0.1500000E+00  0.1000000E+00  0.0000000E+00
  0.1750000E+00  0.1000000E+00  0.0000000E+00
  0.2000000E+00  0.1000000E+00  0.0000000E+00
  0.2250000E+00  0.1000000E+00  0.0000000E+00
  0.2500000E+00  0.1000000E+00  0.0000000E+00
  0.2750000E+00  0.1000000E+00  0.0000000E+00
  0.3000000E+00  0.1000000E+00  0.0000000E+00
  0.3250000E+00  0.1000000E+00  0.0000000E+00
  0.3500000E+00  0.1000000E+00  0.0000000E+00
  0.3750000E+00  0.1000000E+00  0.0000000E+00
  0.4000000E+00  0.1000000E+00  0.0000000E+00
  0.4250000E+00  0.1000000E+00  0.0000000E+00
  0.4500000E+00  0.1000000E+00  0.0000000E+00
  0.4750000E+00  0.1000000E+00  0.0000000E+00
  0.5000000E+00  0.1000000E+00  0.0000000E+00
  0.5250000E+00  0.1000000E+00  0.0000000E+00
  0.5500000E+00  0.1000000E+00  0.0000000E+00
  0.5750000E+00  0.1000000E+00  0.0000000E+00
  0.6000000E+00  0.1000000E+00  0.0000000E+00
  0.6250000E+00  0.1000000E+00  0.0000000E+00
  0.6500000E+00  0.1000000E+00  0.0000000E+00
  0.6750000E+00  0.1000000E+00  0.0000000E+00
  0.7000000E+00  0.1000000E+00  0.0000000E+00
  0.7250000E+00  0.1000000E+00  0.0000000E+00
  0.7500000E+00  0.1000000E+00  0.0000000E+00
  0.7750000E+00  0.1000000E+00  0.0000000E+00
  0.8000000E+00  0.1000000E+00  0.0000000E+00
  0.8250000E+00  0.1000000E+00  0.0000000E+00
  0.8500000E+00  0.1000000E+00  0.0000000E+00
  0.8750000E+00  0.1000000E+00  0.0000000E+00
  0.9000000E+00  0.1000000E+00  0.0000000E+00
  0.9250000E+00  0.1000000E+00  0.0000000E+00
  0.9500000E+00  0.1000000E+00  0.0000000E+00
  0.9750000E+00  0.1000000E+00  0.0000000E+00
  0.1000000E+01  0.1000000E+00  0.0000000E+00
  0.0000000E+00  0.1250000E+00  0.0000000E+00
  0.2500000E-01  0.1250000E+00  0.0000000E+00
  0.5000000E-01  0.1250000E+00  0.0000000E+00
  0.7500000E-01  0.1250000E+00  0.0000000E+00
  0.1000000E+00  0.1250000E+00  0.0000000E+00
  0.1250000E+00  0.1250000E+00  0.0000000E+00
  0.1500000E+00  0.1250000E+00  0.0000000E+00
  0.1750000E+00  0.1250000E+00  0.0000000E+00
  0.2000000E+00  0.1250000E+00  0.0000000E+00
  0.2250000E+00  0.1250000E+00  0.0000000E+00
  0.2500000E+00  0.1250000E+00  0.0000000E+00
  0.2750000E+00  0.1250000E+00  0.0000000E+00
  0.3000000E+00  0.1250000E+00  0.0000000E+00
  0.3250000E+00  0.1250000E+00  0.0000000E+00
  0.3500000E+00  0.1250000E+00  0.0000000E+00
  0.3750000E+00  0.1250000E+00  0.0000000E+00
  0.4000000E+00  0.1250000E+00  0.0000000E+00
  0.4250000E+00  0.1250000E+00  0.0000000E+00
  0.4500000E+00  0.1250000E+00  0.0000000E+00
  0.4750000E+00  0.1250000E+00  0.0000000E+00
  0.5000000E+00  0.1250000E+00  0.0000000E+00
  0.5250000E+00  0.1250000E+00  0.0000000E+00
  0.5500000E+00  0.1250000E+00  0.0000000E+00
  0.5750000E+00  0.1250000E+00  0.0000000E+00
  0.6000000E+00  0.1250000E+00  0.0000000E+00
  0.6250000E+00  0.1250000E+00  0.0000000E+00
  0.6500000E+00  0.1250000E+00  0.0000000E+00
  0.6750000E+00  0.1250000E+00  0.0000000E+00
  0.7000000E+00  0.1250000E+00  0.0000000E+00
  0.7250000E+00  0.1250000E+00  0.0000000E+00
  0.7500000E+00  0.1250000E+00  0.0000000E+00
  0.7750000E+00  0.1250000E+00  0.0000000E+00
  0.8000000E+00  0.1250000E+00  0.0000000E+00
  0.8250000E+00  0.1250000E+00  0.0000000E+00
  0.8500000E+00  0.1250000E+00  0.0000000E+00
  0.8750000E+00  0.1250000E+00  0.0000000E+00
  0.9000000E+00  0.1250000E+00  0.0000000E+00
  0.9250000E+00  0.1250000E+00  0.0000000E+00
  0.9500000E+00  0.1250000E+00  0.0000000E+00
  0.9750000E+00  0.1250000E+00  0.0000000E+00
  0.1000000E+01  0.1250000E+00  0.0000000E+00
  0.0000000E+00  0.1500000E+00  0.0000000E+00
  0.2500000E-01  0.1500000E+00  0.0000000E+00
  0.5000000E-01  0.1500000E+00  0.0000000E+00
  0.7500000E-01  0.1500000E+00  0.0000000E+00
  0.1000000E+00  0.1500000E+00  0.0000000E+00
  0.1250000E+00  0.1500000E+00  0.0000000E+00
  0.1500000E+00  0.1500000E+00  0.0000000E+00
  0.1750000E+00  0.1500000E+00  0.0000000E+00
  0.2000000E+00  0.1500000E+00  0.0000000E+00
  0.2250000E+00  0.1500000E+00  0.0000000E+00
  0.2500000E+00  0.1500000E+00  0.0000000E+00
  0.2750000E+00  0.1500000E+00  0.0000000E+00
  0.3000000E+00  0.1500000E+00  0.0000000E+00
  0.3250000E+00  0.1500000E+00  0.0000000E+00
  0.3500000E+00  0.1500000E+00  0.0000000E+00
  0.3750000E+00  0.1500000E+00  0.0000000E+00
  0.4000000E+00  0.1500000E+00  0.0000000E+00
  0.4250000E+00  0.1500000E+00  0.0000000E+00
  0.4500000E+00  0.1500000E+00  0.0000000E+00
  0.4750000E+00  0.1500000E+00  0.0000000E+00
  0.5000000E+00  0.1500000E+00  0.0000000E+00
  0.5250000E+00  0.1500000E+00  0.0000000E+00
  0.5500000E+00  0.1500000E+00  0.0000000E+00
  0.5750000E+00  0.1500000E+00  0.0000000E+00
  0.6000000E+00  0.1500000E+00  0.0000000E+00
  0.6250000E+00  0.1500000E+00  0.0000000E+00
  0.6500000E+00  0.1500000E+00  0.0000000E+00
  0.6750000E+00  0.1500000E+00  0.0000000E+00
  0.7000000E+00  0.1500000E+00  0.0000000E+00
  0.7250000E+00  0.1500000E+00  0.0000000E+00
  0.7500000E+00  0.1500000E+00  0.0000000E+00
  0.7750000E+00  0.1500000E+00  0.0000000E+00
  0.8000000E+00  0.1500000E+00  0.0000000E+00
  0.8250000E+00  0.1500000E+00  0.0000000E+00
  0.8500000E+00  0.1500000E+00  0.0000000E+00
  0.8750000E+00  0.1500000E+00  0.0000000E+00
  0.9000000E+00  0.1500000E+00  0.0000000E+00
  0.9250000E+00  0.1500000E+00  0.0000000E+00
  0.9500000E+00  0.1500000E+00  0.0000000E+00
  0.9750000E+00  0.1500000E+00  0.0000000E+00
  0.1000000E+01  0.1500000E+00  0.0000000E+00
  0.0000000E+00  0.1750000E+00  0.0000000E+00
  0.2500000E-01  0.1750000E+00  0.0000000E+00
  0.5000000E-01  0.1750000E+00  0.0000000E+00
  0.7500000E-01  0.1750000E+00  0.0000000E+00
  0.1000000E+00  0.1750000E+00  0.0000000E+00
  0.1250000E+00  0.1750000E+00  0.0000000E+00
  0.1500000E+00  0.1750000E+00  0.0000000E+00
  0.1750000E+00  0.1750000E+00  0.0000000E+00
  0.2000000E+00  0.1750000E+00  0.0000000E+00
  0.2250000E+00  0.1750000E+00  0.0000000E+00
  0.2500000E+00  0.1750000E+00  0.0000000E+00
  0.2750000E+00  0.1750000E+00  0.0000000E+00
  0.3000000E+00  0.1750000E+00  0.0000000E+00
  0.3250000E+00  0.1750000E+00  0.0000000E+00
  0.3500000E+00  0.1750000E+00  0.0000000E+00
  0.3750000E+00  0.1750000E+00  0.0000000E+00
  0.4000000E+00  0.1750000E+00  0.0000000E+00
  0.4250000E+00  0.1750000E+00  0.0000000E+00
  0.4500000E+00  0.1750000E+00  0.0000000E+00
  0.4750000E+00  0.1750000E+00  0.0000000E+00
  0.5000000E+00  0.1750000E+00  0.0000000E+00
  0.5250000E+00  0.1750000E+00  0.0000000E+00
  0.5500000E+00  0.1750000E+00  0.0000000E+00
  0.5750000E+00  0.1750000E+00  0.0000000E+00
  0.6000000E+00  0.1750000E+00  0.0000000E+00
  0.6250000E+00  0.1750000E+00  0.0000000E+00
  0.6500000E+00  0.1750000E+00  0.0000000E+00
  0.6750000E+00  0.1750000E+00  0.0000000E+00
  0.7000000E+00  0.1750000E+00  0.0000000E+00
  0.7250000E+00  0.1750000E+00  0.0000000E+00
  0.7500000E+00  0.1750000E+00  0.0000000E+00
  0.7750000E+00  0.1750000E+00  0.0000000E+00
  0.8000000E+00  0.1750000E+00  0.0000000E+00
  0.8250000E+00  0.1750000E+00  0.0000000E+00
  0.8500000E+00  0.1750000E+00  0.0000000E+00
  0.8750000E+00  0.1750000E+00  0.0000000E+00
  0.9000000E+00  0.1750000E+00  0.0000000E+00
  0.9250000E+00  0.1750000E+00  0.0000000E+00
  0.9500000E+00  0.1750000E+00  0.0000000E+00
  0.9750000E+00  0.1750000E+00  0.0000000E+00
  0.1000000E+01  0.1750000E+00  0.0000000E+00
  0.0000000E+00  0.2000000E+00  0.0000000E+00
  0.2500000E-01  0.2000000E+00  0.0000000E+00
  0.5000000E-01  0.2000000E+00  0.0000000E+00
  0.7500000E-01  0.2000000E+00  0.0000000E+00
  0.1000000E+00  0.2000000E+00  0.0000000E+00
  0.1250000E+00  0.2000000E+00  0.0000000E+00
  0.1500000E+00  0.2000000E+00  0.0000000E+00
  0.1750000E+00  0.2000000E+00  0.0000000E+00
  0.2000000E+00  0.2000000E+00  0.0000000E+00
  0.2250000E+00  0.2000000E+00  0.0000000E+00
  0.2500000E+00  0.2000000E+00  0.0000000E+00
  0.2750000E+00  0.2000000E+00  0.0000000E+00
  0.3000000E+00  0.2000000E+00  0.0000000E+00
  0.3250000E+00  0.2000000E+00  0.0000000E+00
  0.3500000E+00  0.2000000E+00  0.0000000E+00
  0.3750000E+00  0.2000000E+00  0.0000000E+00
  0.4000000E+00  0.2000000E+00  0.0000000E+00
  0.4250000E+00  0.2000000E+00  0.0000000E+00
  0.4500000E+00  0.2000000E+00  0.0000000E+00
  0.4750000E+00  0.2000000E+00  0.0000000E+00
  0.5000000E+00  0.2000000E+00  0.0000000E+00
  0.5250000E+00  0.2000000E+00  0.0000000E+00
  0.5500000E+00  0.2000000E+00  0.0000000E+00
  0.5750000E+00  0.2000000E+00  0.0000000E+00
  0.6000000E+00  0.2000000E+00  0.0000000E+00
  0.6250000E+00  0.2000000E+00  0.0000000E+00
  0.6500000E+00  0.2000000E+00  0.0000000E+00
  0.6750000E+00  0.2000000E+00  0.0000000E+00
  0.7000000E+00  0.2000000E+00  0.0000000E+00
  0.7250000E+00  0.2000000E+00  0.0000000E+00
  0.7500000E+00  0.2000000E+00  0.0000000E+00
  0.7750000E+00  0.2000000E+00  0.0000000E+00
  0.8000000E+00  0.2000000E+00  0.0000000E+00
  0.8250000E+00  0.2000000E+00  0.0000000E+00
  0.8500000E+00  0.2000000E+00  0.0000000E+00
  0.8750000E+00  0.2000000E+00  0.0000000E+00
  0.9000000E+00  0.2000000E+00  0.0000000E+00
  0.9250000E+00  0.2000000E+00  0.0000000E+00
  0.9500000E+00  0.2000000E+00  0.0000000E+00
  0.9750000E+00  0.2000000E+00  0.0000000E+00
  0.1000000E+01  0.2000000E+00  0.0000000E+00
  0.0000000E+00  0.2250000E+00  0.0000000E+00
  0.2500000E-01  0.2250000E+00  0.0000000E+00
  0.5000000E-01  0.2250000E+00  0.0000000E+00
  0.7500000E-01  0.2250000E+00  0.0000000E+00
  0.1000000E+00  0.2250000E+00  0.0000000E+00
  0.1250000E+00  0.2250000E+00  0.0000000E+00
  0.1500000E+00  0.2250000E+00  0.0000000E+00
  0.1750000E+00  0.2250000E+00  0.0000000E+00
  0.2000000E+00  0.2250000E+00  0.0000000E+00
  0.2250000E+00  0.2250000E+00  0.0000000E+00
  0.2500000E+00  0.2250000E+00  0.0000000E+00
  0.2750000E+00  0.2250000E+00  0.0000000E+00
  0.3000000E+00  0.2250000E+00  0.0000000E+00
  0.3250000E+00  0.2250000E+00  0.0000000E+00
  0.3500000E+00  0.2250000E+00  0.0000000E+00
  0.3750000E+00  0.2250000E+00  0.0000000E+00
  0.4000000E+00  0.2250000E+00  0.0000000E+00
  0.4250000E+00  0.2250000E+00  0.0000000E+00
  0.4500000E+00  0.2250000E+00  0.0000000E+00
  0.4750000E+00  0.2250000E+00  0.0000000E+00
  0.5000000E+00  0.2250000E+00  0.0000000E+00
  0.5250000E+00  0.2250000E+00  0.0000000E+00
  0.5500000E+00  0.2250000E+00  0.0000000E+00
  0.5750000E+00  0.2250000E+00  0.0000000E+00
  0.6000000E+00  0.2250000E+00  0.0000000E+00
  0.6250000E+00  0.2250000E+00  0.0000000E+00
  0.6500000E+00  0.2250000E+00  0.0000000E+00
  0.6750000E+00  0.2250000E+00  0.0000000E+00
  0.7000000E+00  0.2250000E+00  0.0000000E+00
  0.7250000E+00  0.2250000E+00  0.0000000E+00
  0.7500000E+00  0.2250000E+00  0.0000000E+00
  0.7750000E+00  0.2250000E+00  0.0000000E+00
  0.8000000E+00  0.2250000E+00  0.0000000E+00
  0.8250000E+00  0.2250000E+00  0.0000000E+00
  0.8500000E+00  0.2250000E+00  0.0000000E+00
  0.8750000E+00  0.2250000E+00  0.0000000E+00
  0.9000000E+00  0.2250000E+00  0.0000000E+00
  0.9250000E+00  0.2250000E+00  0.0000000E+00
  0.9500000E+00  0.2250000E+00  0.0000000E+00
  0.9750000E+00  0.2250000E+00  0.0000000E+00
  0.1000000E+01  0.2250000E+00  0.0000000E+00
  0.0000000E+00  0.2500000E+00  0.0000000E+00
  0.2500000E-01  0.2500000E+00  0.0000000E+00
  0.5000000E-01  0.2500000E+00  0.0000000E+00
  0.7500000E-01  0.2500000E+00  0.0000000E+00
  0.1000000E+00  0.2500000E+00  0.0000000E+00
  0.1250000E+00  0.2500000E+00  0.0000000E+00
  0.1500000E+00  0.2500000E+00  0.0000000E+00
  0.1750000E+00  0.2500000E+00  0.0000000E+00
  0.2000000E+00  0.2500000E+00  0.0000000E+00
  0.2250000E+00  0.2500000E+00  0.0000000E+00
  0.2500000E+00  0.2500000E+00  0.0000000E+00
  0.2750000E+00  0.2500000E+00  0.0000000E+00
  0.3000000E+00  0.2500000E+00  0.0000000E+00
  0.3250000E+00  0.2500000E+00  0.0000000E+00
  0.3500000E+00  0.2500000E+00  0.0000000E+00
  0.3750000E+00  0.2500000E+00  0.0000000E+00
  0.4000000E+00  0.2500000E+00  0.0000000E+00
  0.4250000E+00  0.2500000E+00  0.0000000E+00
  0.4500000E+00  0.2500000E+00  0.0000000E+00
  0.4750000E+00  0.2500000E+00  0.0000000E+00
  0.5000000E+00  0.2500000E+00  0.0000000E+00
  0.5250000E+00  0.2500000E+00  0.0000000E+00
  0.5500000E+00  0.2500000E+00  0.0000000E+00
  0.5750000E+00  0.2500000E+00  0.0000000E+00
  0.6000000E+00  0.2500000E+00  0.0000000E+00
  0.6250000E+00  0.2500000E+00  0.0000000E+00
  0.6500000E+00  0.2500000E+00  0.0000000E+00
  0.6750000E+00  0.2500000E+00  0.0000000E+00
  0.7000000E+00  0.2500000E+00  0.0000000E+00
  0.7250000E+00  0.2500000E+00  0.0000000E+00
  0.7500000E+00  0.2500000E+00  0.0000000E+00
  0.7750000E+00  0.2500000E+00  0.0000000E+00
  0.8000000E+00  0.2500000E+00  0.0000000E+00
  0.8250000E+00  0.2500000E+00  0.0000000E+00
  0.8500000E+00  0.2500000E+00  0.0000000E+00
  0.8750000E+00  0.2500000E+00  0.0000000E+00
  0.9000000E+00  0.2500000E+00  0.0000000E+00
  0.9250000E+00  0.2500000E+00  0.0000000E+00
  0.9500000E+00  0.2500000E+00  0.0000000E+00
  0.9750000E+00  0.2500000E+00  0.0000000E+00
  0.1000000E+01  0.2500000E+00  0.0000000E+00
  0.0000000E+00  0.2750000E+00  0.0000000E+00
  0.2500000E-01  0.2750000E+00  0.0000000E+00
  0.5000000E-01  0.2750000E+00  0.0000000E+00
  0.7500000E-01  0.2750000E+00  0.0000000E+00
  0.1000000E+00  0.2750000E+00  0.0000000E+00
  0.1250000E+00  0.2750000E+00  0.0000000E+00
  0.1500000E+00  0.2750000E+00  0.0000000E+00
  0.1750000E+00  0.2750000E+00  0.0000000E+00
  0.2000000E+00  0.2750000E+00  0.0000000E+00
  0.2250000E+00  0.2750000E+00  0.0000000E+00
  0.2500000E+00  0.2750000E+00  0.0000000E+00
  0.2750000E+00  0.2750000E+00  0.0000000E+00
  0.3000000E+00  0.2750000E+00  0.0000000E+00
  0.3250000E+00  0.2750000E+00  0.0000000E+00
  0.3500000E+00  0.2750000E+00  0.0000000E+00
  0.3750000E+00  0.2750000E+00  0.0000000E+00
  0.4000000E+00  0.2750000E+00  0.0000000E+00
  0.4250000E+00  0.2750000E+00  0.0000000E+00
  0.4500000E+00  0.2750000E+00  0.0000000E+00
  0.4750000E+00  0.2750000E+00  0.0000000E+00
  0.5000000E+00  0.2750000E+00  0.0000000E+00
  0.5250000E+00  0.2750000E+00  0.0000000E+00
  0.5500000E+00  0.2750000E+00  0.0000000E+00
  0.5750000E+00  0.2750000E+00  0.0000000E+00
  0.6000000E+00  0.2750000E+00  0.0000000E+00
  0.6250000E+00  0.2750000E+00  0.0000000E+00
  0.6500000E+00  0.2750000E+00  0.0000000E+00
  0.6750000E+00  0.2750000E+00  0.0000000E+00
  0.7000000E+00  0.2750000E+00  0.0000000E+00
  0.7250000E+00  0.2750000E+00  0.0000000E+00
  0.7500000E+00  0.2750000E+00  0.0000000E+00
  0.7750000E+00  0.2750000E+00  0.0000000E+00
  0.8000000E+00  0.2750000E+00  0.0000000E+00
  0.8250000E+00  0.2750000E+00  0.0000000E+00
  0.8500000E+00  0.2750000E+00  0.0000000E+00
  0.8750000E+00  0.2750000E+00  0.0000000E+00
  0.9000000E+00  0.2750000E+00  0.0000000E+00
  0.9250000E+00  0.2750000E+00  0.0000000E+00
  0.9500000E+00  0.2750000E+00  0.0000000E+00
  0.9750000E+00  0.2750000E+00  0.0000000E+00
  0.1000000E+01  0.2750000E+00  0.0000000E+00
  0.0000000E+00  0.3000000E+00  0.0000000E+00
  0.2500000E-01  0.3000000E+00  0.0000000E+00
  0.5000000E-01  0.3000000E+00  0.0000000E+00
  0.7500000E-01  0.3000000E+00  0.0000000E+00
  0.1000000E+00  0.3000000E+00  0.0000000E+00
  0.1250000E+00  0.3000000E+00  0.0000000E+00
  0.1500000E+00  0.3000000E+00  0.0000000E+00
  0.1750000E+00  0.3000000E+00  0.0000000E+00
  0.2000000E+00  0.3000000E+00  0.0000000E+00
  0.2250000E+00  0.3000000E+00  0.0000000E+00
  0.2500000E+00  0.3000000E+00  0.0000000E+00
  0.2750000E+00  0.3000000E+00  0.0000000E+00
  0.3000000E+00  0.3000000E+00  0.0000000E+00
  0.3250000E+00  0.3000000E+00  0.0000000E+00
  0.3500000E+00  0.3000000E+00  0.0000000E+00
  0.3750000E+00  0.3000000E+00  0.0000000E+00
  0.4000000E+00  0.3000000E+00  0.0000000E+00
  0.4250000E+00  0.3000000E+00  0.0000000E+00
  0.4500000E+00  0.3000000E+00  0.0000000E+00
  0.4750000E+00  0.3000000E+00  0.0000000E+00
  0.5000000E+00  0.3000000E+00  0.0000000E+00
  0.5250000E+00  0.3000000E+00  0.0000000E+00
  0.5500000E+00  0.3000000E+00  0.0000000E+00
  0.5750000E+00  0.3000000E+00  0.0000000E+00
  0.6000000E+00  0.3000000E+00  0.0000000E+00
  0.6250000E+00  0.3000000E+00  0.0000000E+00
  0.6500000E+00  0.3000000E+00  0.0000000E+00
  0.6750000E+00  0.3000000E+00  0.0000000E+00
  0.7000000E+00  0.3000000E+00  0.0000000E+00
  0.7250000E+00  0.3000000E+00  0.0000000E+00
  0.7500000E+00  0.3000000E+00  0.0000000E+00
  0.7750000E+00  0.3000000E+00  0.0000000E+00
  0.8000000E+00  0.3000000E+00  0.0000000E+00
  0.8250000E+00  0.3000000E+00  0.0000000E+00
  0.8500000E+00  0.3000000E+00  0.0000000E+00
  0.8750000E+00  0.3000000E+00  0.0000000E+00
  0.9000000E+00  0.3000000E+00  0.0000000E+00
  0.9250000E+00  0.3000000E+00  0.0000000E+00
  0.9500000E+00  0.3000000E+00  0.0000000E+00
  0.9750000E+00  0.3000000E+00  0.0000000E+00
  0.1000000E+01  0.3000000E+00  0.0000000E+00
  0.0000000E+00  0.3250000E+00  0.0000000E+00
  0.2500000E-01  0.3250000E+00  0.0000000E+00
  0.5000000E-01  0.3250000E+00  0.0000000E+00
  0.7500000E-01  0.3250000E+00  0.0000000E+00
  0.1000000E+00  0.3250000E+00  0.0000000E+00
  0.1250000E+00  0.3250000E+00  0.0000000E+00
  0.1500000E+00  0.3250000E+00  0.0000000E+00
  0.1750000E+00  0.3250000E+00  0.0000000E+00
  0.2000000E+00  0.3250000E+00  0.0000000E+00
  0.2250000E+00  0.3250000E+00  0.0000000E+00
  0.2500000E+00  0.3250000E+00  0.0000000E+00
  0.2750000E+00  0.3250000E+00  0.0000000E+00
  0.3000000E+00  0.3250000E+00  0.0000000E+00
  0.3250000E+00  0.3250000E+00  0.0000000E+00
  0.3500000E+00  0.3250000E+00  0.0000000E+00
  0.3750000E+00  0.3250000E+00  0.0000000E+00
  0.4000000E+00  0.3250000E+00  0.0000000E+00
  0.4250000E+00  0.3250000E+00  0.0000000E+00
  0.4500000E+00  0.3250000E+00  0.0000000E+00
  0.4750000E+00  0.3250000E+00  0.0000000E+00
  0.5000000E+00  0.3250000E+00  0.0000000E+00
  0.5250000E+00  0.3250000E+00  0.0000000E+00
  0.5500000E+00  0.3250000E+00  0.0000000E+00
  0.5750000E+00  0.3250000E+00  0.0000000E+00
  0.6000000E+00  0.3250000E+00  0.0000000E+00
  0.6250000E+00  0.3250000E+00  0.0000000E+00
  0.6500000E+00  0.3250000E+00  0.0000000E+00
  0.6750000E+00  0.3250000E+00  0.0000000E+00
  0.7000000E+00  0.3250000E+00  0.0000000E+00
  0.7250000E+00  0.3250000E+00  0.0000000E+00
  0.7500000E+00  0.3250000E+00  0.0000000E+00
  0.7750000E+00  0.3250000E+00  0.0000000E+00
  0.8000000E+00  0.3250000E+00  0.0000000E+00
  0.8250000E+00  0.3250000E+00  0.0000000E+00
  0.8500000E+00  0.3250000E+00  0.0000000E+00
  0.8750000E+00  0.3250000E+00  0.0000000E+00
  0.9000000E+00  0.3250000E+00  0.0000000E+00
  0.9250000E+00  0.3250000E+00  0.0000000E+00
  0.9500000E+00  0.3250000E+00  0.0000000E+00
  0.9750000E+00  0.3250000E+00  0.0000000E+00
  0.1000000E+01  0.3250000E+00  0.0000000E+00
  0.0000000E+00  0.3500000E+00  0.0000000E+00
  0.2500000E-01  0.3500000E+00  0.0000000E+00
  0.5000000E-01  0.3500000E+00  0.0000000E+00
  0.7500000E-01  0.3500000E+00  0.0000000E+00
  0.1000000E+00  0.3500000E+00  0.0000000E+00
  0.1250000E+00  0.3500000E+00  0.0000000E+00
  0.1500000E+00  0.3500000E+00  0.0000000E+00
  0.1750000E+00  0.3500000E+00  0.0000000E+00
  0.2000000E+00  0.3500000E+00  0.0000000E+00
  0.2250000E+00  0.3500000E+00  0.0000000E+00
  0.2500000E+00  0.3500000E+00  0.0000000E+00
  0.2750000E+00  0.3500000E+00  0.0000000E+00
  0.3000000E+00  0.3500000E+00  0.0000000E+00
  0.3250000E+00  0.3500000E+00  0.0000000E+00
  0.3500000E+00  0.3500000E+00  0.0000000E+00
  0.3750000E+00  0.3500000E+00  0.0000000E+00
  0.4000000E+00  0.3500000E+00  0.0000000E+00
  0.4250000E+00  0.3500000E+00  0.0000000E+00
  0.4500000E+00  0.3500000E+00  0.0000000E+00
  0.4750000E+00  0.3500000E+00  0.0000000E+00
  0.5000000E+00  0.3500000E+00  0.0000000E+00
  0.5250000E+00  0.3500000E+00  0.0000000E+00
  0.5500000E+00  0.3500000E+00  0.0000000E+00
  0.5750000E+00  0.3500000E+00  0.0000000E+00
  0.6000000E+00  0.3500000E+00  0.0000000E+00
  0.6250000E+00  0.3500000E+00  0.0000000E+00
  0.6500000E+00  0.3500000E+00  0.0000000E+00
  0.6750000E+00  0.3500000E+00  0.0000000E+00
  0.7000000E+00  0.3500000E+00  0.0000000E+00
  0.7250000E+00  0.3500000E+00  0.0000000E+00
  0.7500000E+00  0.3500000E+00  0.0000000E+00
  0.7750000E+00  0.3500000E+00  0.0000000E+00
  0.8000000E+00  0.3500000E+00  0.0000000E+00
  0.8250000E+00  0.3500000E+00  0.0000000E+00
  0.8500000E+00  0.3500000E+00  0.0000000E+00
  0.8750000E+00  0.3500000E+00  0.0000000E+00
  0.9000000E+00  0.3500000E+00  0.0000000E+00
  0.9250000E+00  0.3500000E+00  0.0000000E+00
  0.9500000E+00  0.3500000E+00  0.0000000E+00
  0.9750000E+00  0.3500000E+00  0.0000000E+00
  0.1000000E+01  0.3500000E+00  0.0000000E+00
  0.0000000E+00  0.3750000E+00  0.0000000E+00
  0.2500000E-01  0.3750000E+00  0.0000000E+00
  0.5000000E-01  0.3750000E+00  0.0000000E+00
  0.7500000E-01  0.3750000E+00  0.0000000E+00
  0.1000000E+00  0.3750000E+00  0.0000000E+00
  0.1250000E+00  0.3750000E+00  0.0000000E+00
  0.1500000E+00  0.3750000E+00  0.0000000E+00
  0.1750000E+00  0.3750000E+00  0.0000000E+00
  0.2000000E+00  0.3750000E+00  0.0000000E+00
  0.2250000E+00  0.3750000E+00  0.0000000E+00
  0.2500000E+00  0.3750000E+00  0.0000000E+00
  0.2750000E+00  0.3750000E+00  0.0000000E+00
  0.3000000E+00  0.3750000E+00  0.0000000E+00
  0.3250000E+00  0.3750000E+00  0.0000000E+00
  0.3500000E+00  0.3750000E+00  0.0000000E+00
  0.3750000E+00  0.3750000E+00  0.0000000E+00
  0.4000000E+00  0.3750000E+00  0.0000000E+00
  0.4250000E+00  0.3750000E+00  0.0000000E+00
  0.4500000E+00  0.3750000E+00  0.0000000E+00
  0.4750000E+00  0.3750000E+00  0.0000000E+00
  0.5000000E+00  0.3750000E+00  0.0000000E+00
  0.5250000E+00  0.3750000E+00  0.0000000E+00
  0.5500000E+00  0.3750000E+00  0.0000000E+00
  0.5750000E+00  0.3750000E+00  0.0000000E+00
  0.6000000E+00  0.3750000E+00  0.0000000E+00
  0.6250000E+00  0.3750000E+00  0.0000000E+00
  0.6500000E+00  0.3750000E+00  0.0000000E+00
  0.6750000E+00  0.3750000E+00  0.0000000E+00
  0.7000000E+00  0.3750000E+00  0.0000000E+00
  0.7250000E+00  0.3750000E+00  0.0000000E+00
  0.7500000E+00  0.3750000E+00  0.0000000E+00
  0.7750000E+00  0.3750000E+00  0.0000000E+00
  0.8000000E+00  0.3750000E+00  0.0000000E+00
  0.8250000E+00  0.3750000E+00  0.0000000E+00
  0.8500000E+00  0.3750000E+00  0.0000000E+00
  0.8750000E+00  0.3750000E+00  0.0000000E+00
  0.9000000E+00  0.3750000E+00  0.0000000E+00
  0.9250000E+00  0.3750000E+00  0.0000000E+00
  0.9500000E+00  0.3750000E+00  0.0000000E+00
  0.9750000E+00  0.3750000E+00  0.0000000E+00
  0.1000000E+01  0.3750000E+00  0.0000000E+00
  0.0000000E+00  0.4000000E+00  0.0000000E+00
  0.2500000E-01  0.4000000E+00  0.0000000E+00
  0.5000000E-01  0.4000000E+00  0.0000000E+00
  0.7500000E-01  0.4000000E+00  0.0000000E+00
  0.1000000E+00  0.4000000E+00  0.0000000E+00
  0.1250000E+00  0.4000000E+00  0.0000000E+00
  0.1500000E+00  0.4000000E+00  0.0000000E+00
  0.1750000E+00  0.4000000E+00  0.0000000E+00
  0.2000000E+00  0.4000000E+00  0.0000000E+00
  0.2250000E+00  0.4000000E+00  0.0000000E+00
  0.2500000E+00  0.4000000E+00  0.0000000E+00
  0.2750000E+00  0.4000000E+00  0.0000000E+00
  0.3000000E+00  0.4000000E+00  0.0000000E+00
  0.3250000E+00  0.4000000E+00  0.0000000E+00
  0.3500000E+00  0.4000000E+00  0.0000000E+00
  0.3750000E+00  0.4000000E+00  0.0000000E+00
  0.4000000E+00  0.4000000E+00  0.0000000E+00
  0.4250000E+00  0.4000000E+00  0.0000000E+00
  0.4500000E+00  0.4000000E+00  0.0000000E+00
  0.4750000E+00  0.4000000E+00  0.0000000E+00
  0.5000000E+00  0.4000000E+00  0.0000000E+00
  0.5250000E+00  0.4000000E+00  0.0000000E+00
  0.5500000E+00  0.4000000E+00  0.0000000E+00
  0.5750000E+00  0.4000000E+00  0.0000000E+00
  0.6000000E+00  0.4000000E+00  0.0000000E+00
  0.6250000E+00  0.4000000E+00  0.0000000E+00
  0.6500000E+00  0.4000000E+00  0.0000000E+00
  0.6750000E+00  0.4000000E+00  0.0000000E+00
  0.7000000E+00  0.4000000E+00  0.0000000E+00
  0.7250000E+00  0.4000000E+00  0.0000000E+00
  0.7500000E+00  0.4000000E+00  0.0000000E+00
  0.7750000E+00  0.4000000E+00  0.0000000E+00
  0.8000000E+00  0.4000000E+00  0.0000000E+00
  0.8250000E+00  0.4000000E+00  0.0000000E+00
  0.8500000E+00  0.4000000E+00  0.0000000E+00
  0.8750000E+00  0.4000000E+00  0.0000000E+00
  0.9000000E+00  0.4000000E+00  0.0000000E+00
  0.9250000E+00  0.4000000E+00  0.0000000E+00
  0.9500000E+00  0.4000000E+00  0.0000000E+00
  0.9750000E+00  0.4000000E+00  0.0000000E+00
  0.1000000E+01  0.4000000E+00  0.0000000E+00
  0.0000000E+00  0.4250000E+00  0.0000000E+00
  0.2500000E-01  0.4250000E+00  0.0000000E+00
  0.5000000E-01  0.4250000E+00  0.0000000E+00
  0.7500000E-01  0.4250000E+00  0.0000000E+00
  0.1000000E+00  0.4250000E+00  0.0000000E+00
  0.1250000E+00  0.4250000E+00  0.0000000E+00
  0.1500000E+00  0.4250000E+00  0.0000000E+00
  0.1750000E+00  0.4250000E+00  0.0000000E+00
  0.2000000E+00  0.4250000E+00  0.0000000E+00
  0.2250000E+00  0.4250000E+00  0.0000000E+00
  0.2500000E+00  0.4250000E+00  0.0000000E+00
  0.2750000E+00  0.4250000E+00  0.0000000E+00
  0.3000000E+00  0.4250000E+00  0.0000000E+00
  0.3250000E+00  0.4250000E+00  0.0000000E+00
  0.3500000E+00  0.4250000E+00  0.0000000E+00
  0.3750000E+00  0.4250000E+00  0.0000000E+00
  0.4000000E+00  0.4250000E+00  0.0000000E+00
  0.4250000E+00  0.4250000E+00  0.0000000E+00
  0.4500000E+00  0.4250000E+00  0.0000000E+00
  0.4750000E+00  0.4250000E+00  0.0000000E+00
  0.5000000E+00  0.4250000E+00  0.0000000E+00
  0.5250000E+00  0.4250000E+00  0.0000000E+00
  0.5500000E+00  0.4250000E+00  0.0000000E+00
  0.5750000E+00  0.4250000E+00  0.0000000E+00
  0.6000000E+00  0.4250000E+00  0.0000000E+00
  0.6250000E+00  0.4250000E+00  0.0000000E+00
  0.6500000E+00  0.4250000E+00  0.0000000E+00
  0.6750000E+00  0.4250000E+00  0.0000000E+00
  0.7000000E+00  0.4250000E+00  0.0000000E+00
  0.7250000E+00  0.4250000E+00  0.0000000E+00
  0.7500000E+00  0.4250000E+00  0.0000000E+00
  0.7750000E+00  0.4250000E+00  0.0000000E+00
  0.8000000E+00  0.4250000E+00  0.0000000E+00
  0.8250000E+00  0.4250000E+00  0.0000000E+00
  0.8500000E+00  0.4250000E+00  0.0000000E+00
  0.8750000E+00  0.4250000E+00  0.0000000E+00
  0.9000000E+00  0.4250000E+00  0.0000000E+00
  0.9250000E+00  0.4250000E+00  0.0000000E+00
  0.9500000E+00  0.4250000E+00  0.0000000E+00
  0.9750000E+00  0.4250000E+00  0.0000000E+00
  0.1000000E+01  0.4250000E+00  0.0000000E+00
  0.0000000E+00  0.4500000E+00  0.0000000E+00
  0.2500000E-01  0.4500000E+00  0.0000000E+00
  0.5000000E-01  0.4500000E+00  0.0000000E+00
  0.7500000E-01  0.4500000E+00  0.0000000E+00
  0.1000000E+00  0.4500000E+00  0.0000000E+00
  0.1250000E+00  0.4500000E+00  0.0000000E+00
  0.1500000E+00  0.4500000E+00  0.0000000E+00
  0.1750000E+00  0.4500000E+00  0.0000000E+00
  0.2000000E+00  0.4500000E+00  0.0000000E+00
  0.2250000E+00  0.4500000E+00  0.0000000E+00
  0.2500000E+00  0.4500000E+00  0.0000000E+00
  0.2750000E+00  0.4500000E+00  0.0000000E+00
  0.3000000E+00  0.4500000E+00  0.0000000E+00
  0.3250000E+00  0.4500000E+00  0.0000000E+00
  0.3500000E+00  0.4500000E+00  0.0000000E+00
  0.3750000E+00  0.4500000E+00  0.0000000E+00
  0.4000000E+00  0.4500000E+00  0.0000000E+00
  0.4250000E+00  0.4500000E+00  0.0000000E+00
  0.4500000E+00  0.4500000E+00  0.0000000E+00
  0.4750000E+00  0.4500000E+00  0.0000000E+00
  0.5000000E+00  0.4500000E+00  0.0000000E+00
  0.5250000E+00  0.4500000E+00  0.0000000E+00
  0.5500000E+00  0.4500000E+00  0.0000000E+00
  0.5750000E+00  0.4500000E+00  0.0000000E+00
  0.6000000E+00  0.4500000E+00  0.0000000E+00
  0.6250000E+00  0.4500000E+00  0.0000000E+00
  0.6500000E+00  0.4500000E+00  0.0000000E+00
  0.6750000E+00  0.4500000E+00  0.0000000E+00
  0.7000000E+00  0.4500000E+00  0.0000000E+00
  0.7250000E+00  0.4500000E+00  0.0000000E+00
  0.7500000E+00  0.4500000E+00  0.0000000E+00
  0.7750000E+00  0.4500000E+00  0.0000000E+00
  0.8000000E+00  0.4500000E+00  0.0000000E+00
  0.8250000E+00  0.4500000E+00  0.0000000E+00
  0.8500000E+00  0.4500000E+00  0.0000000E+00
  0.8750000E+00  0.4500000E+00  0.0000000E+00
  0.9000000E+00  0.4500000E+00  0.0000000E+00
  0.9250000E+00  0.4500000E+00  0.0000000E+00
  0.9500000E+00  0.4500000E+00  0.0000000E+00
  0.9750000E+00  0.4500000E+00  0.0000000E+00
  0.1000000E+01  0.4500000E+00  0.0000000E+00
  0.0000000E+00  0.4750000E+00  0.0000000E+00
  0.2500000E-01  0.4750000E+00  0.0000000E+00
  0.5000000E-01  0.4750000E+00  0.0000000E+00
  0.7500000E-01  0.4750000E+00  0.0000000E+00
  0.1000000E+00  0.4750000E+00  0.0000000E+00
  0.1250000E+00  0.4750000E+00  0.0000000E+00
  0.1500000E+00  0.4750000E+00  0.0000000E+00
  0.1750000E+00  0.4750000E+00  0.0000000E+00
  0.2000000E+00  0.4750000E+00  0.0000000E+00
  0.2250000E+00  0.4750000E+00  0.0000000E+00
  0.2500000E+00  0.4750000E+00  0.0000000E+00
  0.2750000E+00  0.4750000E+00  0.0000000E+00
  0.3000000E+00  0.4750000E+00  0.0000000E+00
  0.3250000E+00  0.4750000E+00  0.0000000E+00
  0.3500000E+00  0.4750000E+00  0.0000000E+00
  0.3750000E+00  0.4750000E+00  0.0000000E+00
  0.4000000E+00  0.4750000E+00  0.0000000E+00
  0.4250000E+00  0.4750000E+00  0.0000000E+00
  0.4500000E+00  0.4750000E+00  0.0000000E+00
  0.4750000E+00  0.4750000E+00  0.0000000E+00
  0.5000000E+00  0.4750000E+00  0.0000000E+00
  0.5250000E+00  0.4750000E+00  0.0000000E+00
  0.5500000E+00  0.4750000E+00  0.0000000E+00
  0.5750000E+00  0.4750000E+00  0.0000000E+00
  0.6000000E+00  0.4750000E+00  0.0000000E+00
  0.6250000E+00  0.4750000E+00  0.0000000E+00
  0.6500000E+00  0.4750000E+00  0.0000000E+00
  0.6750000E+00  0.4750000E+00  0.0000000E+00
  0.7000000E+00  0.4750000E+00  0.0000000E+00
  0.7250000E+00  0.4750000E+00  0.0000000E+00
  0.7500000E+00  0.4750000E+00  0.0000000E+00
  0.7750000E+00  0.4750000E+00  0.0000000E+00
  0.8000000E+00  0.4750000E+00  0.0000000E+00
  0.8250000E+00  0.4750000E+00  0.0000000E+00
  0.8500000E+00  0.4750000E+00  0.0000000E+00
  0.8750000E+00  0.4750000E+00  0.0000000E+00
  0.9000000E+00  0.4750000E+00  0.0000000E+00
  0.9250000E+00  0.4750000E+00  0.0000000E+00
  0.9500000E+00  0.4750000E+00  0.0000000E+00
  0.9750000E+00  0.4750000E+00  0.0000000E+00
  0.1000000E+01  0.4750000E+00  0.0000000E+00
  0.0000000E+00  0.5000000E+00  0.0000000E+00
  0.2500000E-01  0.5000000E+00  0.0000000E+00
  0.5000000E-01  0.5000000E+00  0.0000000E+00
  0.7500000E-01  0.5000000E+00  0.0000000E+00
  0.1000000E+00  0.5000000E+00  0.0000000E+00
  0.1250000E+00  0.5000000E+00  0.0000000E+00
  0.1500000E+00  0.5000000E+00  0.0000000E+00
  0.1750000E+00  0.5000000E+00  0.0000000E+00
  0.2000000E+00  0.5000000E+00  0.0000000E+00
  0.2250000E+00  0.5000000E+00  0.0000000E+00
  0.2500000E+00  0.5000000E+00  0.0000000E+00
  0.2750000E+00  0.5000000E+00  0.0000000E+00
  0.3000000E+00  0.5000000E+00  0.0000000E+00
  0.3250000E+00  0.5000000E+00  0.0000000E+00
  0.3500000E+00  0.5000000E+00  0.0000000E+00
  0.3750000E+00  0.5000000E+00  0.0000000E+00
  0.4000000E+00  0.5000000E+00  0.0000000E+00
  0.4250000E+00  0.5000000E+00  0.0000000E+00
  0.4500000E+00  0.5000000E+00  0.0000000E+00
  0.4750000E+00  0.5000000E+00  0.0000000E+00
  0.5000000E+00  0.5000000E+00  0.0000000E+00
  0.5250000E+00  0.5000000E+00  0.0000000E+00
  0.5500000E+00  0.5000000E+00  0.0000000E+00
  0.5750000E+00  0.5000000E+00  0.0000000E+00
  0.6000000E+00  0.5000000E+00  0.0000000E+00
  0.6250000E+00  0.5000000E+00  0.0000000E+00
  0.6500000E+00  0.5000000E+00  0.0000000E+00
  0.6750000E+00  0.5000000E+00  0.0000000E+00
  0.7000000E+00  0.5000000E+00  0.0000000E+00
  0.7250000E+00  0.5000000E+00  0.0000000E+00
  0.7500000E+00  0.5000000E+00  0.0000000E+00
  0.7750000E+00  0.5000000E+00  0.0000000E+00
  0.8000000E+00  0.5000000E+00  0.0000000E+00
  0.8250000E+00  0.5000000E+00  0.0000000E+00
  0.8500000E+00  0.5000000E+00  0.0000000E+00
  0.8750000E+00  0.5000000E+00  0.0000000E+00
  0.9000000E+00  0.5000000E+00  0.0000000E+00
  0.9250000E+00  0.5000000E+00  0.0000000E+00
  0.9500000E+00  0.5000000E+00  0.0000000E+00
  0.9750000E+00  0.5000000E+00  0.0000000E+00
  0.1000000E+01  0.5000000E+00  0.0000000E+00
  0.0000000E+00  0.5250000E+00  0.0000000E+00
  0.2500000E-01  0.5250000E+00  0.0000000E+00
  0.5000000E-01  0.5250000E+00  0.0000000E+00
  0.7500000E-01  0.5250000E+00  0.0000000E+00
  0.1000000E+00  0.5250000E+00  0.0000000E+00
  0.1250000E+00  0.5250000E+00  0.0000000E+00
  0.1500000E+00  0.5250000E+00  0.0000000E+00
  0.1750000E+00  0.5250000E+00  0.0000000E+00
  0.2000000E+00  0.5250000E+00  0.0000000E+00
  0.2250000E+00  0.5250000E+00  0.0000000E+00
  0.2500000E+00  0.5250000E+00  0.0000000E+00
  0.2750000E+00  0.5250000E+00  0.0000000E+00
  0.3000000E+00  0.5250000E+00  0.0000000E+00
  0.3250000E+00  0.5250000E+00  0.0000000E+00
  0.3500000E+00  0.5250000E+00  0.0000000E+00
  0.3750000E+00  0.5250000E+00  0.0000000E+00
  0.4000000E+00  0.5250000E+00  0.0000000E+00
  0.4250000E+00  0.5250000E+00  0.0000000E+00
  0.4500000E+00  0.5250000E+00  0.0000000E+00
  0.4750000E+00  0.5250000E+00  0.0000000E+00
  0.5000000E+00  0.5250000E+00  0.0000000E+00
  0.5250000E+00  0.5250000E+00  0.0000000E+00
  0.5500000E+00  0.5250000E+00  0.0000000E+00
  0.5750000E+00  0.5250000E+00  0.0000000E+00
  0.6000000E+00  0.5250000E+00  0.0000000E+00
  0.6250000E+00  0.5250000E+00  0.0000000E+00
  0.6500000E+00  0.5250000E+00  0.0000000E+00
  0.6750000E+00  0.5250000E+00  0.0000000E+00
  0.7000000E+00  0.5250000E+00  0.0000000E+00
  0.7250000E+00  0.5250000E+00  0.0000000E+00
  0.7500000E+00  0.5250000E+00  0.0000000E+00
  0.7750000E+00  0.5250000E+00  0.0000000E+00
  0.8000000E+00  0.5250000E+00  0.0000000E+00
  0.8250000E+00  0.5250000E+00  0.0000000E+00
  0.8500000E+00  0.5250000E+00  0.0000000E+00
  0.8750000E+00  0.5250000E+00  0.0000000E+00
  0.9000000E+00  0.5250000E+00  0.0000000E+00
  0.9250000E+00  0.5250000E+00  0.0000000E+00
  0.9500000E+00  0.5250000E+00  0.0000000E+00
  0.9750000E+00  0.5250000E+00  0.0000000E+00
  0.1000000E+01  0.5250000E+00  0.0000000E+00
  0.0000000E+00  0.5500000E+00  0.0000000E+00
  0.2500000E-01  0.5500000E+00  0.0000000E+00
  0.5000000E-01  0.5500000E+00  0.0000000E+00
  0.7500000E-01  0.5500000E+00  0.0000000E+00
  0.1000000E+00  0.5500000E+00  0.0000000E+00
  0.1250000E+00  0.5500000E+00  0.0000000E+00
  0.1500000E+00  0.5500000E+00  0.0000000E+00
  0.1750000E+00  0.5500000E+00  0.0000000E+00
  0.2000000E+00  0.5500000E+00  0.0000000E+00
  0.2250000E+00  0.5500000E+00  0.0000000E+00
  0.2500000E+00  0.5500000E+00  0.0000000E+00
  0.2750000E+00  0.5500000E+00  0.0000000E+00
  0.3000000E+00  0.5500000E+00  0.0000000E+00
  0.3250000E+00  0.5500000E+00  0.0000000E+00
  0.3500000E+00  0.5500000E+00  0.0000000E+00
  0.3750000E+00  0.5500000E+00  0.0000000E+00
  0.4000000E+00  0.5500000E+00  0.0000000E+00
  0.4250000E+00  0.5500000E+00  0.0000000E+00
  0.4500000E+00  0.5500000E+00  0.0000000E+00
  0.4750000E+00  0.5500000E+00  0.0000000E+00
  0.5000000E+00  0.5500000E+00  0.0000000E+00
  0.5250000E+00  0.5500000E+00  0.0000000E+00
  0.5500000E+00  0.5500000E+00  0.0000000E+00
  0.5750000E+00  0.5500000E+00  0.0000000E+00
  0.6000000E+00  0.5500000E+00  0.0000000E+00
  0.6250000E+00  0.5500000E+00  0.0000000E+00
  0.6500000E+00  0.5500000E+00  0.0000000E+00
  0.6750000E+00  0.5500000E+00  0.0000000E+00
  0.7000000E+00  0.5500000E+00  0.0000000E+00
  0.7250000E+00  0.5500000E+00  0.0000000E+00
  0.7500000E+00  0.5500000E+00  0.0000000E+00
  0.7750000E+00  0.5500000E+00  0.0000000E+00
  0.8000000E+00  0.5500000E+00  0.0000000E+00
  0.8250000E+00  0.5500000E+00  0.0000000E+00
  0.8500000E+00  0.5500000E+00  0.0000000E+00
  0.8750000E+00  0.5500000E+00  0.0000000E+00
  0.9000000E+00  0.5500000E+00  0.0000000E+00
  0.9250000E+00  0.5500000E+00  0.0000000E+00
  0.9500000E+00  0.5500000E+00  0.0000000E+00
  0.9750000E+00  0.5500000E+00  0.0000000E+00
  0.1000000E+01  0.5500000E+00  0.0000000E+00
  0.0000000E+00  0.5750000E+00  0.0000000E+00
  0.2500000E-01  0.5750000E+00  0.0000000E+00
  0.5000000E-01  0.5750000E+00  0.0000000E+00
  0.7500000E-01  0.5750000E+00  0.0000000E+00
  0.1000000E+00  0.5750000E+00  0.0000000E+00
  0.1250000E+00  0.5750000E+00  0.0000000E+00
  0.1500000E+00  0.5750000E+00  0.0000000E+00
  0.1750000E+00  0.5750000E+00  0.0000000E+00
  0.2000000E+00  0.5750000E+00  0.0000000E+00
  0.2250000E+00  0.5750000E+00  0.0000000E+00
  0.2500000E+00  0.5750000E+00  0.0000000E+00
  0.2750000E+00  0.5750000E+00  0.0000000E+00
  0.3000000E+00  0.5750000E+00  0.0000000E+00
  0.3250000E+00  0.5750000E+00  0.0000000E+00
  0.3500000E+00  0.5750000E+00  0.0000000E+00
  0.3750000E+00  0.5750000E+00  0.0000000E+00
  0.4000000E+00  0.5750000E+00  0.0000000E+00
  0.4250000E+00  0.5750000E+00  0.0000000E+00
  0.4500000E+00  0.5750000E+00  0.0000000E+00
  0.4750000E+00  0.5750000E+00  0.0000000E+00
  0.5000000E+00  0.5750000E+00  0.0000000E+00
  0.5250000E+00  0.5750000E+00  0.0000000E+00
  0.5500000E+00  0.5750000E+00  0.0000000E+00
  0.5750000E+00  0.5750000E+00  0.0000000E+00
  0.6000000E+00  0.5750000E+00  0.0000000E+00
  0.6250000E+00  0.5750000E+00  0.0000000E+00
  0.6500000E+00  0.5750000E+00  0.0000000E+00
  0.6750000E+00  0.5750000E+00  0.0000000E+00
  0.7000000E+00  0.5750000E+00  0.0000000E+00
  0.7250000E+00  0.5750000E+00  0.0000000E+00
  0.7500000E+00  0.5750000E+00  0.0000000E+00
  0.7750000E+00  0.5750000E+00  0.0000000E+00
  0.8000000E+00  0.5750000E+00  0.0000000E+00
  0.8250000E+00  0.5750000E+00  0.0000000E+00
  0.8500000E+00  0.5750000E+00  0.0000000E+00
  0.8750000E+00  0.5750000E+00  0.0000000E+00
  0.9000000E+00  0.5750000E+00  0.0000000E+00
  0.9250000E+00  0.5750000E+00  0.0000000E+00
  0.9500000E+00  0.5750000E+00  0.0000000E+00
  0.9750000E+00  0.5750000E+00  0.0000000E+00
  0.1000000E+01  0.5750000E+00  0.0000000E+00
  0.0000000E+00  0.6000000E+00  0.0000000E+00
  0.2500000E-01  0.6000000E+00  0.0000000E+00
  0.5000000E-01  0.6000000E+00  0.0000000E+00
  0.7500000E-01  0.6000000E+00  0.0000000E+00
  0.1000000E+00  0.6000000E+00  0.0000000E+00
  0.1250000E+00  0.6000000E+00  0.0000000E+00
  0.1500000E+00  0.6000000E+00  0.0000000E+00
  0.1750000E+00  0.6000000E+00  0.0000000E+00
  0.2000000E+00  0.6000000E+00  0.0000000E+00
  0.2250000E+00  0.6000000E+00  0.0000000E+00
  0.2500000E+00  0.6000000E+00  0.0000000E+00
  0.2750000E+00  0.6000000E+00  0.0000000E+00
  0.3000000E+00  0.6000000E+00  0.0000000E+00
  0.3250000E+00  0.6000000E+00  0.0000000E+00
  0.3500000E+00  0.6000000E+00  0.0000000E+00
  0.3750000E+00  0.6000000E+00  0.0000000E+00
  0.4000000E+00  0.6000000E+00  0.0000000E+00
  0.4250000E+00  0.6000000E+00  0.0000000E+00
  0.4500000E+00  0.6000000E+00  0.0000000E+00
  0.4750000E+00  0.6000000E+00  0.0000000E+00
  0.5000000E+00  0.6000000E+00  0.0000000E+00
  0.5250000E+00  0.6000000E+00  0.0000000E+00
  0.5500000E+00  0.6000000E+00  0.0000000E+00
  0.5750000E+00  0.6000000E+00  0.0000000E+00
  0.6000000E+00  0.6000000E+00  0.0000000E+00
  0.6250000E+00  0.6000000E+00  0.0000000E+00
  0.6500000E+00  0.6000000E+00  0.0000000E+00
  0.6750000E+00  0.6000000E+00  0.0000000E+00
  0.7000000E+00  0.6000000E+00  0.0000000E+00
  0.7250000E+00  0.6000000E+00  0.0000000E+00
  0.7500000E+00  0.6000000E+00  0.0000000E+00
  0.7750000E+00  0.6000000E+00  0.0000000E+00
  0.8000000E+00  0.6000000E+00  0.0000000E+00
  0.8250000E+00  0.6000000E+00  0.0000000E+00
  0.8500000E+00  0.6000000E+00  0.0000000E+00
  0.8750000E+00  0.6000000E+00  0.0000000E+00
  0.9000000E+00  0.6000000E+00  0.0000000E+00
  0.9250000E+00  0.6000000E+00  0.0000000E+00
  0.9500000E+00  0.6000000E+00  0.0000000E+00
  0.9750000E+00  0.6000000E+00  0.0000000E+00
  0.1000000E+01  0.6000000E+00  0.0000000E+00
  0.0000000E+00  0.6250000E+00  0.0000000E+00
  0.2500000E-01  0.6250000E+00  0.0000000E+00
  0.5000000E-01  0.6250000E+00  0.0000000E+00
  0.7500000E-01  0.6250000E+00  0.0000000E+00
  0.1000000E+00  0.6250000E+00  0.0000000E+00
  0.1250000E+00  0.6250000E+00  0.0000000E+00
  0.1500000E+00  0.6250000E+00  0.0000000E+00
  0.1750000E+00  0.6250000E+00  0.0000000E+00
  0.2000000E+00  0.6250000E+00  0.0000000E+00
  0.2250000E+00  0.6250000E+00  0.0000000E+00
  0.2500000E+00  0.6250000E+00  0.0000000E+00
  0.2750000E+00  0.6250000E+00  0.0000000E+00
  0.3000000E+00  0.6250000E+00  0.0000000E+00
  0.3250000E+00  0.6250000E+00  0.0000000E+00
  0.3500000E+00  0.6250000E+00  0.0000000E+00
  0.3750000E+00  0.6250000E+00  0.0000000E+00
  0.4000000E+00  0.6250000E+00  0.0000000E+00
  0.4250000E+00  0.6250000E+00  0.0000000E+00
  0.4500000E+00  0.6250000E+00  0.0000000E+00
  0.4750000E+00  0.6250000E+00  0.0000000E+00
  0.5000000E+00  0.6250000E+00  0.0000000E+00
  0.5250000E+00  0.6250000E+00  0.0000000E+00
  0.5500000E+00  0.6250000E+00  0.0000000E+00
  0.5750000E+00  0.6250000E+00  0.0000000E+00
  0.6000000E+00  0.6250000E+00  0.0000000E+00
  0.6250000E+00  0.6250000E+00  0.0000000E+00
  0.6500000E+00  0.6250000E+00  0.0000000E+00
  0.6750000E+00  0.6250000E+00  0.0000000E+00
  0.7000000E+00  0.6250000E+00  0.0000000E+00
  0.7250000E+00  0.6250000E+00  0.0000000E+00
  0.7500000E+00  0.6250000E+00  0.0000000E+00
  0.7750000E+00  0.6250000E+00  0.0000000E+00
  0.8000000E+00  0.6250000E+00  0.0000000E+00
  0.8250000E+00  0.6250000E+00  0.0000000E+00
  0.8500000E+00  0.6250000E+00  0.0000000E+00
  0.8750000E+00  0.6250000E+00  0.0000000E+00
  0.9000000E+00  0.6250000E+00  0.0000000E+00
  0.9250000E+00  0.6250000E+00  0.0000000E+00
  0.9500000E+00  0.6250000E+00  0.0000000E+00
  0.9750000E+00  0.6250000E+00  0.0000000E+00
  0.1000000E+01  0.6250000E+00  0.0000000E+00
  0.0000000E+00  0.6500000E+00  0.0000000E+00
  0.2500000E-01  0.6500000E+00  0.0000000E+00
  0.5000000E-01  0.6500000E+00  0.0000000E+00
  0.7500000E-01  0.6500000E+00  0.0000000E+00
  0.1000000E+00  0.6500000E+00  0.0000000E+00
  0.1250000E+00  0.6500000E+00  0.0000000E+00
  0.1500000E+00  0.6500000E+00  0.0000000E+00
  0.1750000E+00  0.6500000E+00  0.0000000E+00
  0.2000000E+00  0.6500000E+00  0.0000000E+00
  0.2250000E+00  0.6500000E+00  0.0000000E+00
  0.2500000E+00  0.6500000E+00  0.0000000E+00
  0.2750000E+00  0.6500000E+00  0.0000000E+00
  0.3000000E+00  0.6500000E+00  0.0000000E+00
  0.3250000E+00  0.6500000E+00  0.0000000E+00
  0.3500000E+00  0.6500000E+00  0.0000000E+00
  0.3750000E+00  0.6500000E+00  0.0000000E+00
  0.4000000E+00  0.6500000E+00  0.0000000E+00
  0.4250000E+00  0.6500000E+00  0.0000000E+00
  0.4500000E+00  0.6500000E+00  0.0000000E+00
  0.4750000E+00  0.6500000E+00  0.0000000E+00
  0.5000000E+00  0.6500000E+00  0.0000000E+00
  0.5250000E+00  0.6500000E+00  0.0000000E+00
  0.5500000E+00  0.6500000E+00  0.0000000E+00
  0.5750000E+00  0.6500000E+00  0.0000000E+00
  0.6000000E+00  0.6500000E+00  0.0000000E+00
  0.6250000E+00  0.6500000E+00  0.0000000E+00
  0.6500000E+00  0.6500000E+00  0.0000000E+00
  0.6750000E+00  0.6500000E+00  0.0000000E+00
  0.7000000E+00  0.6500000E+00  0.0000000E+00
  0.7250000E+00  0.6500000E+00  0.0000000E+00
  0.7500000E+00  0.6500000E+00  0.0000000E+00
  0.7750000E+00  0.6500000E+00  0.0000000E+00
  0.8000000E+00  0.6500000E+00  0.0000000E+00
  0.8250000E+00  0.6500000E+00  0.0000000E+00
  0.8500000E+00  0.6500000E+00  0.0000000E+00
  0.8750000E+00  0.6500000E+00  0.0000000E+00
  0.9000000E+00  0.6500000E+00  0.0000000E+00
  0.9250000E+00  0.6500000E+00  0.0000000E+00
  0.9500000E+00  0.6500000E+00  0.0000000E+00
  0.9750000E+00  0.6500000E+00  0.0000000E+00
  0.1000000E+01  0.6500000E+00  0.0000000E+00
  0.0000000E+00  0.6750000E+00  0.0000000E+00
  0.2500000E-01  0.6750000E+00  0.0000000E+00
  0.5000000E-01  0.6750000E+00  0.0000000E+00
  0.7500000E-01  0.6750000E+00  0.0000000E+00
  0.1000000E+00  0.6750000E+00  0.0000000E+00
  0.1250000E+00  0.6750000E+00  0.0000000E+00
  0.1500000E+00  0.6750000E+00  0.0000000E+00
  0.1750000E+00  0.6750000E+00  0.0000000E+00
  0.2000000E+00  0.6750000E+00  0.0000000E+00
  0.2250000E+00  0.6750000E+00  0.0000000E+00
  0.2500000E+00  0.6750000E+00  0.0000000E+00
  0.2750000E+00  0.6750000E+00  0.0000000E+00
  0.3000000E+00  0.6750000E+00  0.0000000E+00
  0.3250000E+00  0.6750000E+00  0.0000000E+00
  0.3500000E+00  0.6750000E+00  0.0000000E+00
  0.3750000E+00  0.6750000E+00  0.0000000E+00
  0.4000000E+00  0.6750000E+00  0.0000000E+00
  0.4250000E+00  0.6750000E+00  0.0000000E+00
  0.4500000E+00  0.6750000E+00  0.0000000E+00
  0.4750000E+00  0.6750000E+00  0.0000000E+00
  0.5000000E+00  0.6750000E+00  0.0000000E+00
  0.5250000E+00  0.6750000E+00  0.0000000E+00
  0.5500000E+00  0.6750000E+00  0.0000000E+00
  0.5750000E+00  0.6750000E+00  0.0000000E+00
  0.6000000E+00  0.6750000E+00  0.0000000E+00
  0.6250000E+00  0.6750000E+00  0.0000000E+00
  0.6500000E+00  0.6750000E+00  0.0000000E+00
  0.6750000E+00  0.6750000E+00  0.0000000E+00
  0.7000000E+00  0.6750000E+00  0.0000000E+00
  0.7250000E+00  0.6750000E+00  0.0000000E+00
  0.7500000E+00  0.6750000E+00  0.0000000E+00
  0.7750000E+00  0.6750000E+00  0.0000000E+00
  0.8000000E+00  0.6750000E+00  0.0000000E+00
  0.8250000E+00  0.6750000E+00  0.0000000E+00
  0.8500000E+00  0.6750000E+00  0.0000000E+00
  0.8750000E+00  0.6750000E+00  0.0000000E+00
  0.9000000E+00  0.6750000E+00  0.0000000E+00
  0.9250000E+00  0.6750000E+00  0.0000000E+00
  0.9500000E+00  0.6750000E+00  0.0000000E+00
  0.9750000E+00  0.6750000E+00  0.0000000E+00
  0.1000000E+01  0.6750000E+00  0.0000000E+00
  0.0000000E+00  0.7000000E+00  0.0000000E+00
  0.2500000E-01  0.7000000E+00  0.0000000E+00
  0.5000000E-01  0.7000000E+00  0.0000000E+00
  0.7500000E-01  0.7000000E+00  0.0000000E+00
  0.1000000E+00  0.7000000E+00  0.0000000E+00
  0.1250000E+00  0.7000000E+00  0.0000000E+00
  0.1500000E+00  0.7000000E+00  0.0000000E+00
  0.1750000E+00  0.7000000E+00  0.0000000E+00
  0.2000000E+00  0.7000000E+00  0.0000000E+00
  0.2250000E+00  0.7000000E+00  0.0000000E+00
  0.2500000E+00  0.7000000E+00  0.0000000E+00
  0.2750000E+00  0.7000000E+00  0.0000000E+00
  0.3000000E+00  0.7000000E+00  0.0000000E+00
  0.3250000E+00  0.7000000E+00  0.0000000E+00
  0.3500000E+00  0.7000000E+00  0.0000000E+00
  0.3750000E+00  0.7000000E+00  0.0000000E+00
  0.4000000E+00  0.7000000E+00  0.0000000E+00
  0.4250000E+00  0.7000000E+00  0.0000000E+00
  0.4500000E+00  0.7000000E+00  0.0000000E+00
  0.4750000E+00  0.7000000E+00  0.0000000E+00
  0.5000000E+00  0.7000000E+00  0.0000000E+00
  0.5250000E+00  0.7000000E+00  0.0000000E+00
  0.5500000E+00  0.7000000E+00  0.0000000E+00
  0.5750000E+00  0.7000000E+00  0.0000000E+00
  0.6000000E+00  0.7000000E+00  0.0000000E+00
  0.6250000E+00  0.7000000E+00  0.0000000E+00
  0.6500000E+00  0.7000000E+00  0.0000000E+00
  0.6750000E+00  0.7000000E+00  0.0000000E+00
  0.7000000E+00  0.7000000E+00  0.0000000E+00
  0.7250000E+00  0.7000000E+00  0.0000000E+00
  0.7500000E+00  0.7000000E+00  0.0000000E+00
  0.7750000E+00  0.7000000E+00  0.0000000E+00
  0.8000000E+00  0.7000000E+00  0.0000000E+00
  0.8250000E+00  0.7000000E+00  0.0000000E+00
  0.8500000E+00  0.7000000E+00  0.0000000E+00
  0.8750000E+00  0.7000000E+00  0.0000000E+00
  0.9000000E+00  0.7000000E+00  0.0000000E+00
  0.9250000E+00  0.7000000E+00  0.0000000E+00
  0.9500000E+00  0.7000000E+00  0.0000000E+00
  0.9750000E+00  0.7000000E+00  0.0000000E+00
  0.1000000E+01  0.7000000E+00  0.0000000E+00
  0.0000000E+00  0.7250000E+00  0.0000000E+00
  0.2500000E-01  0.7250000E+00  0.0000000E+00
  0.5000000E-01  0.7250000E+00  0.0000000E+00
  0.7500000E-01  0.7250000E+00  0.0000000E+00
  0.1000000E+00  0.7250000E+00  0.0000000E+00
  0.1250000E+00  0.7250000E+00  0.0000000E+00
  0.1500000E+00  0.7250000E+00  0.0000000E+00
  0.1750000E+00  0.7250000E+00  0.0000000E+00
  0.2000000E+00  0.7250000E+00  0.0000000E+00
  0.2250000E+00  0.7250000E+00  0.0000000E+00
  0.2500000E+00  0.7250000E+00  0.0000000E+00
  0.2750000E+00  0.7250000E+00  0.0000000E+00
  0.3000000E+00  0.7250000E+00  0.0000000E+00
  0.3250000E+00  0.7250000E+00  0.0000000E+00
  0.3500000E+00  0.7250000E+00  0.0000000E+00
  0.3750000E+00  0.7250000E+00  0.0000000E+00
  0.4000000E+00  0.7250000E+00  0.0000000E+00
  0.4250000E+00  0.7250000E+00  0.0000000E+00
  0.4500000E+00  0.7250000E+00  0.0000000E+00
  0.4750000E+00  0.7250000E+00  0.0000000E+00
  0.5000000E+00  0.7250000E+00  0.0000000E+00
  0.5250000E+00  0.7250000E+00  0.0000000E+00
  0.5500000E+00  0.7250000E+00  0.0000000E+00
  0.5750000E+00  0.7250000E+00  0.0000000E+00
  0.6000000E+00  0.7250000E+00  0.0000000E+00
  0.6250000E+00  0.7250000E+00  0.0000000E+00
  0.6500000E+00  0.7250000E+00  0.0000000E+00
  0.6750000E+00  0.7250000E+00  0.0000000E+00
  0.7000000E+00  0.7250000E+00  0.0000000E+00
  0.7250000E+00  0.7250000E+00  0.0000000E+00
  0.7500000E+00  0.7250000E+00  0.0000000E+00
  0.7750000E+00  0.7250000E+00  0.0000000E+00
  0.8000000E+00  0.7250000E+00  0.0000000E+00
  0.8250000E+00  0.7250000E+00  0.0000000E+00
  0.8500000E+00  0.7250000E+00  0.0000000E+00
  0.8750000E+00  0.7250000E+00  0.0000000E+00
  0.9000000E+00  0.7250000E+00  0.0000000E+00
  0.9250000E+00  0.7250000E+00  0.0000000E+00
  0.9500000E+00  0.7250000E+00  0.0000000E+00
  0.9750000E+00  0.7250000E+00  0.0000000E+00
  0.1000000E+01  0.7250000E+00  0.0000000E+00
  0.0000000E+00  0.7500000E+00  0.0000000E+00
  0.2500000E-01  0.7500000E+00  0.0000000E+00
  0.5000000E-01  0.7500000E+00  0.0000000E+00
  0.7500000E-01  0.7500000E+00  0.0000000E+00
  0.1000000E+00  0.7500000E+00  0.0000000E+00
  0.1250000E+00  0.7500000E+00  0.0000000E+00
  0.1500000E+00  0.7500000E+00  0.0000000E+00
  0.1750000E+00  0.7500000E+00  0.0000000E+00
  0.2000000E+00  0.7500000E+00  0.0000000E+00
  0.2250000E+00  0.7500000E+00  0.0000000E+00
  0.2500000E+00  0.7500000E+00  0.0000000E+00
  0.2750000E+00  0.7500000E+00  0.0000000E+00
  0.3000000E+00  0.7500000E+00  0.0000000E+00
  0.3250000E+00  0.7500000E+00  0.0000000E+00
  0.3500000E+00  0.7500000E+00  0.0000000E+00
  0.3750000E+00  0.7500000E+00  0.0000000E+00
  0.4000000E+00  0.7500000E+00  0.0000000E+00
  0.4250000E+00  0.7500000E+00  0.0000000E+00
  0.4500000E+00  0.7500000E+00  0.0000000E+00
  0.4750000E+00  0.7500000E+00  0.0000000E+00
  0.5000000E+00  0.7500000E+00  0.0000000E+00
  0.5250000E+00  0.7500000E+00  0.0000000E+00
  0.5500000E+00  0.7500000E+00  0.0000000E+00
  0.5750000E+00  0.7500000E+00  0.0000000E+00
  0.6000000E+00  0.7500000E+00  0.0000000E+00
  0.6250000E+00  0.7500000E+00  0.0000000E+00
  0.6500000E+00  0.7500000E+00  0.0000000E+00
  0.6750000E+00  0.7500000E+00  0.0000000E+00
  0.7000000E+00  0.7500000E+00  0.0000000E+00
  0.7250000E+00  0.7500000E+00  0.0000000E+00
  0.7500000E+00  0.7500000E+00  0.0000000E+00
  0.7750000E+00  0.7500000E+00  0.0000000E+00
  0.8000000E+00  0.7500000E+00  0.0000000E+00
  0.8250000E+00  0.7500000E+00  0.0000000E+00
  0.8500000E+00  0.7500000E+00  0.0000000E+00
  0.8750000E+00  0.7500000E+00  0.0000000E+00
  0.9000000E+00  0.7500000E+00  0.0000000E+00
  0.9250000E+00  0.7500000E+00  0.0000000E+00
  0.9500000E+00  0.7500000E+00  0.0000000E+00
  0.9750000E+00  0.7500000E+00  0.0000000E+00
  0.1000000E+01  0.7500000E+00  0.0000000E+00
  0.0000000E+00  0.7750000E+00  0.0000000E+00
  0.2500000E-01  0.7750000E+00  0.0000000E+00
  0.5000000E-01  0.7750000E+00  0.0000000E+00
  0.7500000E-01  0.7750000E+00  0.0000000E+00
  0.1000000E+00  0.7750000E+00  0.0000000E+00
  0.1250000E+00  0.7750000E+00  0.0000000E+00
  0.1500000E+00  0.7750000E+00  0.0000000E+00
  0.1750000E+00  0.7750000E+00  0.0000000E+00
  0.2000000E+00  0.7750000E+00  0.0000000E+00
  0.2250000E+00  0.7750000E+00  0.0000000E+00
  0.2500000E+00  0.7750000E+00  0.0000000E+00
  0.2750000E+00  0.7750000E+00  0.0000000E+00
  0.3000000E+00  0.7750000E+00  0.0000000E+00
  0.3250000E+00  0.7750000E+00  0.0000000E+00
  0.3500000E+00  0.7750000E+00  0.0000000E+00
  0.3750000E+00  0.7750000E+00  0.0000000E+00
  0.4000000E+00  0.7750000E+00  0.0000000E+00
  0.4250000E+00  0.7750000E+00  0.0000000E+00
  0.4500000E+00  0.7750000E+00  0.0000000E+00
  0.4750000E+00  0.7750000E+00  0.0000000E+00
  0.5000000E+00  0.7750000E+00  0.0000000E+00
  0.5250000E+00  0.7750000E+00  0.0000000E+00
  0.5500000E+00  0.7750000E+00  0.0000000E+00
  0.5750000E+00  0.7750000E+00  0.0000000E+00
  0.6000000E+00  0.7750000E+00  0.0000000E+00
  0.6250000E+00  0.7750000E+00  0.0000000E+00
  0.6500000E+00  0.7750000E+00  0.0000000E+00
  0.6750000E+00  0.7750000E+00  0.0000000E+00
  0.7000000E+00  0.7750000E+00  0.0000000E+00
  0.7250000E+00  0.7750000E+00  0.0000000E+00
  0.7500000E+00  0.7750000E+00  0.0000000E+00
  0.7750000E+00  0.7750000E+00  0.0000000E+00
  0.8000000E+00  0.7750000E+00  0.0000000E+00
  0.8250000E+00  0.7750000E+00  0.0000000E+00
  0.8500000E+00  0.7750000E+00  0.0000000E+00
  0.8750000E+00  0.7750000E+00  0.0000000E+00
  0.9000000E+00  0.7750000E+00  0.0000000E+00
  0.9250000E+00  0.7750000E+00  0.0000000E+00
  0.9500000E+00  0.7750000E+00  0.0000000E+00
  0.9750000E+00  0.7750000E+00  0.0000000E+00
  0.1000000E+01  0.7750000E+00  0.0000000E+00
  0.0000000E+00  0.8000000E+00  0.0000000E+00
  0.2500000E-01  0.8000000E+00  0.0000000E+00
  0.5000000E-01  0.8000000E+00  0.0000000E+00
  0.7500000E-01  0.8000000E+00  0.0000000E+00
  0.1000000E+00  0.8000000E+00  0.0000000E+00
  0.1250000E+00  0.8000000E+00  0.0000000E+00
  0.1500000E+00  0.8000000E+00  0.0000000E+00
  0.1750000E+00  0.8000000E+00  0.0000000E+00
  0.2000000E+00  0.8000000E+00  0.0000000E+00
  0.2250000E+00  0.8000000E+00  0.0000000E+00
  0.2500000E+00  0.8000000E+00  0.0000000E+00
  0.2750000E+00  0.8000000E+00  0.0000000E+00
  0.3000000E+00  0.8000000E+00  0.0000000E+00
  0.3250000E+00  0.8000000E+00  0.0000000E+00
  0.3500000E+00  0.8000000E+00  0.0000000E+00
  0.3750000E+00  0.8000000E+00  0.0000000E+00
  0.4000000E+00  0.8000000E+00  0.0000000E+00
  0.4250000E+00  0.8000000E+00  0.0000000E+00
  0.4500000E+00  0.8000000E+00  0.0000000E+00
  0.4750000E+00  0.8000000E+00  0.0000000E+00
  0.5000000E+00  0.8000000E+00  0.0000000E+00
  0.5250000E+00  0.8000000E+00  0.0000000E+00
  0.5500000E+00  0.8000000E+00  0.0000000E+00
  0.5750000E+00  0.8000000E+00  0.0000000E+00
  0.6000000E+00  0.8000000E+00  0.0000000E+00
  0.6250000E+00  0.8000000E+00  0.0000000E+00
  0.6500000E+00  0.8000000E+00  0.0000000E+00
  0.6750000E+00  0.8000000E+00  0.0000000E+00
  0.7000000E+00  0.8000000E+00  0.0000000E+00
  0.7250000E+00  0.8000000E+00  0.0000000E+00
  0.7500000E+00  0.8000000E+00  0.0000000E+00
  0.7750000E+00  0.8000000E+00  0.0000000E+00
  0.8000000E+00  0.8000000E+00  0.0000000E+00
  0.8250000E+00  0.8000000E+00  0.0000000E+00
  0.8500000E+00  0.8000000E+00  0.0000000E+00
  0.8750000E+00  0.8000000E+00  0.0000000E+00
  0.9000000E+00  0.8000000E+00  0.0000000E+00
  0.9250000E+00  0.8000000E+00  0.0000000E+00
  0.9500000E+00  0.8000000E+00  0.0000000E+00
  0.9750000E+00  0.8000000E+00  0.0000000E+00
  0.1000000E+01  0.8000000E+00  0.0000000E+00
  0.0000000E+00  0.8250000E+00  0.0000000E+00
  0.2500000E-01  0.8250000E+00  0.0000000E+00
  0.5000000E-01  0.8250000E+00  0.0000000E+00
  0.7500000E-01  0.8250000E+00  0.0000000E+00
  0.1000000E+00  0.8250000E+00  0.0000000E+00
  0.1250000E+00  0.8250000E+00  0.0000000E+00
  0.1500000E+00  0.8250000E+00  0.0000000E+00
  0.1750000E+00  0.8250000E+00  0.0000000E+00
  0.2000000E+00  0.8250000E+00  0.0000000E+00
  0.2250000E+00  0.8250000E+00  0.0000000E+00
  0.2500000E+00  0.8250000E+00  0.0000000E+00
  0.2750000E+00  0.8250000E+00  0.0000000E+00
  0.3000000E+00  0.8250000E+00  0.0000000E+00
  0.3250000E+00  0.8250000E+00  0.0000000E+00
  0.3500000E+00  0.8250000E+00  0.0000000E+00
  0.3750000E+00  0.8250000E+00  0.0000000E+00
  0.4000000E+00  0.8250000E+00  0.0000000E+00
  0.4250000E+00  0.8250000E+00  0.0000000E+00
  0.4500000E+00  0.8250000E+00  0.0000000E+00
  0.4750000E+00  0.8250000E+00  0.0000000E+00
  0.5000000E+00  0.8250000E+00  0.0000000E+00
  0.5250000E+00  0.8250000E+00  0.0000000E+00
  0.5500000E+00  0.8250000E+00  0.0000000E+00
  0.5750000E+00  0.8250000E+00  0.0000000E+00
  0.6000000E+00  0.8250000E+00  0.0000000E+00
  0.6250000E+00  0.8250000E+00  0.0000000E+00
  0.6500000E+00  0.8250000E+00  0.0000000E+00
  0.6750000E+00  0.8250000E+00  0.0000000E+00
  0.7000000E+00  0.8250000E+00  0.0000000E+00
  0.7250000E+00  0.8250000E+00  0.0000000E+00
  0.7500000E+00  0.8250000E+00  0.0000000E+00
  0.7750000E+00  0.8250000E+00  0.0000000E+00
  0.8000000E+00  0.8250000E+00  0.0000000E+00
  0.8250000E+00  0.8250000E+00  0.0000000E+00
  0.8500000E+00  0.8250000E+00  0.0000000E+00
  0.8750000E+00  0.8250000E+00  0.0000000E+00
  0.9000000E+00  0.8250000E+00  0.0000000E+00
  0.9250000E+00  0.8250000E+00  0.0000000E+00
  0.9500000E+00  0.8250000E+00  0.0000000E+00
  0.9750000E+00  0.8250000E+00  0.0000000E+00
  0.1000000E+01  0.8250000E+00  0.0000000E+00
  0.0000000E+00  0.8500000E+00  0.0000000E+00
  0.2500000E-01  0.8500000E+00  0.0000000E+00
  0.5000000E-01  0.8500000E+00  0.0000000E+00
  0.7500000E-01  0.8500000E+00  0.0000000E+00
  0.1000000E+00  0.8500000E+00  0.0000000E+00
  0.1250000E+00  0.8500000E+00  0.0000000E+00
  0.1500000E+00  0.8500000E+00  0.0000000E+00
  0.1750000E+00  0.8500000E+00  0.0000000E+00
  0.2000000E+00  0.8500000E+00  0.0000000E+00
  0.2250000E+00  0.8500000E+00  0.0000000E+00
  0.2500000E+00  0.8500000E+00  0.0000000E+00
  0.2750000E+00  0.8500000E+00  0.0000000E+00
  0.3000000E+00  0.8500000E+00  0.0000000E+00
  0.3250000E+00  0.8500000E+00  0.0000000E+00
  0.3500000E+00  0.8500000E+00  0.0000000E+00
  0.3750000E+00  0.8500000E+00  0.0000000E+00
  0.4000000E+00  0.8500000E+00  0.0000000E+00
  0.4250000E+00  0.8500000E+00  0.0000000E+00
  0.4500000E+00  0.8500000E+00  0.0000000E+00
  0.4750000E+00  0.8500000E+00  0.0000000E+00
  0.5000000E+00  0.8500000E+00  0.0000000E+00
  0.5250000E+00  0.8500000E+00  0.0000000E+00
  0.5500000E+00  0.8500000E+00  0.0000000E+00
  0.5750000E+00  0.8500000E+00  0.0000000E+00
  0.6000000E+00  0.8500000E+00  0.0000000E+00
  0.6250000E+00  0.8500000E+00  0.0000000E+00
  0.6500000E+00  0.8500000E+00  0.0000000E+00
  0.6750000E+00  0.8500000E+00  0.0000000E+00
  0.7000000E+00  0.8500000E+00  0.0000000E+00
  0.7250000E+00  0.8500000E+00  0.0000000E+00
  0.7500000E+00  0.8500000E+00  0.0000000E+00
  0.7750000E+00  0.8500000E+00  0.0000000E+00
  0.8000000E+00  0.8500000E+00  0.0000000E+00
  0.8250000E+00  0.8500000E+00  0.0000000E+00
  0.8500000E+00  0.8500000E+00  0.0000000E+00
  0.8750000E+00  0.8500000E+00  0.0000000E+00
  0.9000000E+00  0.8500000E+00  0.0000000E+00
  0.9250000E+00  0.8500000E+00  0.0000000E+00
  0.9500000E+00  0.8500000E+00  0.0000000E+00
  0.9750000E+00  0.8500000E+00  0.0000000E+00
  0.1000000E+01  0.8500000E+00  0.0000000E+00
  0.0000000E+00  0.8750000E+00  0.0000000E+00
  0.2500000E-01  0.8750000E+00  0.0000000E+00
  0.5000000E-01  0.8750000E+00  0.0000000E+00
  0.7500000E-01  0.8750000E+00  0.0000000E+00
  0.1000000E+00  0.8750000E+00  0.0000000E+00
  0.1250000E+00  0.8750000E+00  0.0000000E+00
  0.1500000E+00  0.8750000E+00  0.0000000E+00
  0.1750000E+00  0.8750000E+00  0.0000000E+00
  0.2000000E+00  0.8750000E+00  0.0000000E+00
  0.2250000E+00  0.8750000E+00  0.0000000E+00
  0.2500000E+00  0.8750000E+00  0.0000000E+00
  0.2750000E+00  0.8750000E+00  0.0000000E+00
  0.3000000E+00  0.8750000E+00  0.0000000E+00
  0.3250000E+00  0.8750000E+00  0.0000000E+00
  0.3500000E+00  0.8750000E+00  0.0000000E+00
  0.3750000E+00  0.8750000E+00  0.0000000E+00
  0.4000000E+00  0.8750000E+00  0.0000000E+00
  0.4250000E+00  0.8750000E+00  0.0000000E+00
  0.4500000E+00  0.8750000E+00  0.0000000E+00
  0.4750000E+00  0.8750000E+00  0.0000000E+00
  0.5000000E+00  0.8750000E+00  0.0000000E+00
  0.5250000E+00  0.8750000E+00  0.0000000E+00
  0.5500000E+00  0.8750000E+00  0.0000000E+00
  0.5750000E+00  0.8750000E+00  0.0000000E+00
  0.6000000E+00  0.8750000E+00  0.0000000E+00
  0.6250000E+00  0.8750000E+00  0.0000000E+00
  0.6500000E+00  0.8750000E+00  0.0000000E+00
  0.6750000E+00  0.8750000E+00  0.0000000E+00
  0.7000000E+00  0.8750000E+00  0.0000000E+00
  0.7250000E+00  0.8750000E+00  0.0000000E+00
  0.7500000E+00  0.8750000E+00  0.0000000E+00
  0.7750000E+00  0.8750000E+00  0.0000000E+00
  0.8000000E+00  0.8750000E+00  0.0000000E+00
  0.8250000E+00  0.8750000E+00  0.0000000E+00
  0.8500000E+00  0.8750000E+00  0.0000000E+00
  0.8750000E+00  0.8750000E+00  0.0000000E+00
  0.9000000E+00  0.8750000E+00  0.0000000E+00
  0.9250000E+00  0.8750000E+00  0.0000000E+00
  0.9500000E+00  0.8750000E+00  0.0000000E+00
  0.9750000E+00  0.8750000E+00  0.0000000E+00
  0.1000000E+01  0.8750000E+00  0.0000000E+00
  0.0000000E+00  0.9000000E+00  0.0000000E+00
  0.2500000E-01  0.9000000E+00  0.0000000E+00
  0.5000000E-01  0.9000000E+00  0.0000000E+00
  0.7500000E-01  0.9000000E+00  0.0000000E+00
  0.1000000E+00  0.9000000E+00  0.0000000E+00
  0.1250000E+00  0.9000000E+00  0.0000000E+00
  0.1500000E+00  0.9000000E+00  0.0000000E+00
  0.1750000E+00  0.9000000E+00  0.0000000E+00
  0.2000000E+00  0.9000000E+00  0.0000000E+00
  0.2250000E+00  0.9000000E+00  0.0000000E+00
  0.2500000E+00  0.9000000E+00  0.0000000E+00
  0.2750000E+00  0.9000000E+00  0.0000000E+00
  0.3000000E+00  0.9000000E+00  0.0000000E+00
  0.3250000E+00  0.9000000E+00  0.0000000E+00
  0.3500000E+00  0.9000000E+00  0.0000000E+00
  0.3750000E+00  0.9000000E+00  0.0000000E+00
  0.4000000E+00  0.9000000E+00  0.0000000E+00
  0.4250000E+00  0.9000000E+00  0.0000000E+00
  0.4500000E+00  0.9000000E+00  0.0000000E+00
  0.4750000E+00  0.9000000E+00  0.0000000E+00
  0.5000000E+00  0.9000000E+00  0.0000000E+00
  0.5250000E+00  0.9000000E+00  0.0000000E+00
  0.5500000E+00  0.9000000E+00  0.0000000E+00
  0.5750000E+00  0.9000000E+00  0.0000000E+00
  0.6000000E+00  0.9000000E+00  0.0000000E+00
  0.6250000E+00  0.9000000E+00  0.0000000E+00
  0.6500000E+00  0.9000000E+00  0.0000000E+00
  0.6750000E+00  0.9000000E+00  0.0000000E+00
  0.7000000E+00  0.9000000E+00  0.0000000E+00
  0.7250000E+00  0.9000000E+00  0.0000000E+00
  0.7500000E+00  0.9000000E+00  0.0000000E+00
  0.7750000E+00  0.9000000E+00  0.0000000E+00
  0.8000000E+00  0.9000000E+00  0.0000000E+00
  0.8250000E+00  0.9000000E+00  0.0000000E+00
  0.8500000E+00  0.9000000E+00  0.0000000E+00
  0.8750000E+00  0.9000000E+00  0.0000000E+00
  0.9000000E+00  0.9000000E+00  0.0000000E+00
  0.9250000E+00  0.9000000E+00  0.0000000E+00
  0.9500000E+00  0.9000000E+00  0.0000000E+00
  0.9750000E+00  0.9000000E+00  0.0000000E+00
  0.1000000E+01  0.9000000E+00  0.0000000E+00
  0.0000000E+00  0.9250000E+00  0.0000000E+00
  0.2500000E-01  0.9250000E+00  0.0000000E+00
  0.5000000E-01  0.9250000E+00  0.0000000E+00
  0.7500000E-01  0.9250000E+00  0.0000000E+00
  0.1000000E+00  0.9250000E+00  0.0000000E+00
  0.1250000E+00  0.9250000E+00  0.0000000E+00
  0.1500000E+00  0.9250000E+00  0.0000000E+00
  0.1750000E+00  0.9250000E+00  0.0000000E+00
  0.2000000E+00  0.9250000E+00  0.0000000E+00
  0.2250000E+00  0.9250000E+00  0.0000000E+00
  0.2500000E+00  0.9250000E+00  0.0000000E+00
  0.2750000E+00  0.9250000E+00  0.0000000E+00
  0.3000000E+00  0.9250000E+00  0.0000000E+00
  0.3250000E+00  0.9250000E+00  0.0000000E+00
  0.3500000E+00  0.9250000E+00  0.0000000E+00
  0.3750000E+00  0.9250000E+00  0.0000000E+00
  0.4000000E+00  0.9250000E+00  0.0000000E+00
  0.4250000E+00  0.9250000E+00  0.0000000E+00
  0.4500000E+00  0.9250000E+00  0.0000000E+00
  0.4750000E+00  0.9250000E+00  0.0000000E+00
  0.5000000E+00  0.9250000E+00  0.0000000E+00
  0.5250000E+00  0.9250000E+00  0.0000000E+00
  0.5500000E+00  0.9250000E+00  0.0000000E+00
  0.5750000E+00  0.9250000E+00  0.0000000E+00
  0.6000000E+00  0.9250000E+00  0.0000000E+00
  0.6250000E+00  0.9250000E+00  0.0000000E+00
  0.6500000E+00  0.9250000E+00  0.0000000E+00
  0.6750000E+00  0.9250000E+00  0.0000000E+00
  0.7000000E+00  0.9250000E+00  0.0000000E+00
  0.7250000E+00  0.9250000E+00  0.0000000E+00
  0.7500000E+00  0.9250000E+00  0.0000000E+00
  0.7750000E+00  0.9250000E+00  0.0000000E+00
  0.8000000E+00  0.9250000E+00  0.0000000E+00
  0.8250000E+00  0.9250000E+00  0.0000000E+00
  0.8500000E+00  0.9250000E+00  0.0000000E+00
  0.8750000E+00  0.9250000E+00  0.0000000E+00
  0.9000000E+00  0.9250000E+00  0.0000000E+00
  0.9250000E+00  0.9250000E+00  0.0000000E+00
  0.9500000E+00  0.9250000E+00  0.0000000E+00
  0.9750000E+00  0.9250000E+00  0.0000000E+00
  0.1000000E+01  0.9250000E+00  0.0000000E+00
  0.0000000E+00  0.9500000E+00  0.0000000E+00
  0.2500000E-01  0.9500000E+00  0.0000000E+00
  0.5000000E-01  0.9500000E+00  0.0000000E+00
  0.7500000E-01  0.9500000E+00  0.0000000E+00
  0.1000000E+00  0.9500000E+00  0.0000000E+00
  0.1250000E+00  0.9500000E+00  0.0000000E+00
  0.1500000E+00  0.9500000E+00  0.0000000E+00
  0.1750000E+00  0.9500000E+00  0.0000000E+00
  0.2000000E+00  0.9500000E+00  0.0000000E+00
  0.2250000E+00  0.9500000E+00  0.0000000E+00
  0.2500000E+00  0.9500000E+00  0.0000000E+00
  0.2750000E+00  0.9500000E+00  0.0000000E+00
  0.3000000E+00  0.9500000E+00  0.0000000E+00
  0.3250000E+00  0.9500000E+00  0.0000000E+00
  0.3500000E+00  0.9500000E+00  0.0000000E+00
  0.3750000E+00  0.9500000E+00  0.0000000E+00
  0.4000000E+00  0.9500000E+00  0.0000000E+00
  0.4250000E+00  0.9500000E+00  0.0000000E+00
  0.4500000E+00  0.9500000E+00  0.0000000E+00
  0.4750000E+00  0.9500000E+00  0.0000000E+00
  0.5000000E+00  0.9500000E+00  0.0000000E+00
  0.5250000E+00  0.9500000E+00  0.0000000E+00
  0.5500000E+00  0.9500000E+00  0.0000000E+00
  0.5750000E+00  0.9500000E+00  0.0000000E+00
  0.6000000E+00  0.9500000E+00  0.0000000E+00
  0.6250000E+00  0.9500000E+00  0.0000000E+00
  0.6500000E+00  0.9500000E+00  0.0000000E+00
  0.6750000E+00  0.9500000E+00  0.0000000E+00
  0.7000000E+00  0.9500000E+00  0.0000000E+00
  0.7250000E+00  0.9500000E+00  0.0000000E+00
  0.7500000E+00  0.9500000E+00  0.0000000E+00
  0.7750000E+00  0.9500000E+00  0.0000000E+00
  0.8000000E+00  0.9500000E+00  0.0000000E+00
  0.8250000E+00  0.9500000E+00  0.0000000E+00
  0.8500000E+00  0.9500000E+00  0.0000000E+00
  0.8750000E+00  0.9500000E+00  0.0000000E+00
  0.9000000E+00  0.9500000E+00  0.0000000E+00
  0.9250000E+00  0.9500000E+00  0.0000000E+00
  0.9500000E+00  0.9500000E+00  0.0000000E+00
  0.9750000E+00  0.9500000E+00  0.0000000E+00
  0.1000000E+01  0.9500000E+00  0.0000000E+00
  0.0000000E+00  0.9750000E+00  0.0000000E+00
  0.2500000E-01  0.9750000E+00  0.0000000E+00
  0.5000000E-01  0.9750000E+00  0.0000000E+00
  0.7500000E-01  0.9750000E+00  0.0000000E+00
  0.1000000E+00  0.9750000E+00  0.0000000E+00
  0.1250000E+00  0.9750000E+00  0.0000000E+00
  0.1500000E+00  0.9750000E+00  0.0000000E+00
  0.1750000E+00  0.9750000E+00  0.0000000E+00
  0.2000000E+00  0.9750000E+00  0.0000000E+00
  0.2250000E+00  0.9750000E+00  0.0000000E+00
  0.2500000E+00  0.9750000E+00  0.0000000E+00
  0.2750000E+00  0.9750000E+00  0.0000000E+00
  0.3000000E+00  0.9750000E+00  0.0000000E+00
  0.3250000E+00  0.9750000E+00  0.0000000E+00
  0.3500000E+00  0.9750000E+00  0.0000000E+00
  0.3750000E+00  0.9750000E+00  0.0000000E+00
  0.4000000E+00  0.9750000E+00  0.0000000E+00
  0.4250000E+00  0.9750000E+00  0.0000000E+00
  0.4500000E+00  0.9750000E+00  0.0000000E+00
  0.4750000E+00  0.9750000E+00  0.0000000E+00
  0.5000000E+00  0.9750000E+00  0.0000000E+00
  0.5250000E+00  0.9750000E+00  0.0000000E+00
  0.5500000E+00  0.9750000E+00  0.0000000E+00
  0.5750000E+00  0.9750000E+00  0.0000000E+00
  0.6000000E+00  0.9750000E+00  0.0000000E+00
  0.6250000E+00  0.9750000E+00  0.0000000E+00
  0.6500000E+00  0.9750000E+00  0.0000000E+00
  0.6750000E+00  0.9750000E+00  0.0000000E+00
  0.7000000E+00  0.9750000E+00  0.0000000E+00
  0.7250000E+00  0.9750000E+00  0.0000000E+00
  0.7500000E+00  0.9750000E+00  0.0000000E+00
  0.7750000E+00  0.9750000E+00  0.0000000E+00
  0.8000000E+00  0.9750000E+00  0.0000000E+00
  0.8250000E+00  0.9750000E+00  0.0000000E+00
  0.8500000E+00  0.9750000E+00  0.0000000E+00
  0.8750000E+00  0.9750000E+00  0.0000000E+00
  0.9000000E+00  0.9750000E+00  0.0000000E+00
  0.9250000E+00  0.9750000E+00  0.0000000E+00
  0.9500000E+00  0.9750000E+00  0.0000000E+00
  0.9750000E+00  0.9750000E+00  0.0000000E+00
  0.1000000E+01  0.9750000E+00  0.0000000E+00
  0.0000000E+00  0.1000000E+01  0.0000000E+00
  0.2500000E-01  0.1000000E+01  0.0000000E+00
  0.5000000E-01  0.1000000E+01  0.0000000E+00
  0.7500000E-01  0.1000000E+01  0.0000000E+00
  0.1000000E+00  0.1000000E+01  0.0000000E+00
  0.1250000E+00  0.1000000E+01  0.0000000E+00
  0.1500000E+00  0.1000000E+01  0.0000000E+00
  0.1750000E+00  0.1000000E+01  0.0000000E+00
  0.2000000E+00  0.1000000E+01  0.0000000E+00
  0.2250000E+00  0.1000000E+01  0.0000000E+00
  0.2500000E+00  0.1000000E+01  0.0000000E+00
  0.2750000E+00  0.1000000E+01  0.0000000E+00
  0.3000000E+00  0.1000000E+01  0.0000000E+00
  0.3250000E+00  0.1000000E+01  0.0000000E+00
  0.3500000E+00  0.1000000E+01  0.0000000E+00
  0.3750000E+00  0.1000000E+01  0.0000000E+00
  0.4000000E+00  0.1000000E+01  0.0000000E+00
  0.4250000E+00  0.1000000E+01  0.0000000E+00
  0.4500000E+00  0.1000000E+01  0.0000000E+00
  0.4750000E+00  0.1000000E+01  0.0000000E+00
  0.5000000E+00  0.1000000E+01  0.0000000E+00
  0.5250000E+00  0.1000000E+01  0.0000000E+00
  0.5500000E+00  0.1000000E+01  0.0000000E+00
  0.5750000E+00  0.1000000E+01  0.0000000E+00
  0.6000000E+00  0.1000000E+01  0.0000000E+00
  0.6250000E+00  0.1000000E+01  0.0000000E+00
  0.6500000E+00  0.1000000E+01  0.0000000E+00
  0.6750000E+00  0.1000000E+01  0.0000000E+00
  0.7000000E+00  0.1000000E+01  0.0000000E+00
  0.7250000E+00  0.1000000E+01  0.0000000E+00
  0.7500000E+00  0.1000000E+01  0.0000000E+00
  0.7750000E+00  0.1000000E+01  0.0000000E+00
  0.8000000E+00  0.1000000E+01  0.0000000E+00
  0.8250000E+00  0.1000000E+01  0.0000000E+00
  0.8500000E+00  0.1000000E+01  0.0000000E+00
  0.8750000E+00  0.1000000E+01  0.0000000E+00
  0.9000000E+00  0.1000000E+01  0.0000000E+00
  0.9250000E+00  0.1000000E+01  0.0000000E+00
  0.9500000E+00  0.1000000E+01  0.0000000E+00
  0.9750000E+00  0.1000000E+01  0.0000000E+00
  0.1000000E+01  0.1000000E+01  0.0000000E+00
           </DataArray>
         </Points>
         <Cells>
           <DataArray type="UInt32" Name="connectivity" format="ascii">
      84      82       2      83      42      43
       0       2      82       1      42      41
      86      84       4      85      44      45
       2       4      84       3      44      43
      88      86       6      87      46      47
       4       6      86       5      46      45
      90      88       8      89      48      49
       6       8      88       7      48      47
      92      90      10      91      50      51
       8      10      90       9      50      49
      94      92      12      93      52      53
      10      12      92      11      52      51
      96      94      14      95      54      55
      12      14      94      13      54      53
      98      96      16      97      56      57
      14      16      96      15      56      55
     100      98      18      99      58      59
      16      18      98      17      58      57
     102     100      20     101      60      61
      18      20     100      19      60      59
     104     102      22     103      62      63
      20      22     102      21      62      61
     106     104      24     105      64      65
      22      24     104      23      64      63
     108     106      26     107      66      67
      24      26     106      25      66      65
     110     108      28     109      68      69
      26      28     108      27      68      67
     112     110      30     111      70      71
      28      30     110      29      70      69
     114     112      32     113      72      73
      30      32     112      31      72      71
     116     114      34     115      74      75
      32      34     114      33      74      73
     118     116      36     117      76      77
      34      36     116      35      76      75
     120     118      38     119      78      79
      36      38     118      37      78      77
     122     120      40     121      80      81
      38      40     120      39      80      79
     166     164      84     165     124     125
      82      84     164      83     124     123
     168     166      86     167     126     127
      84      86     166      85     126     125
     170     168      88     169     128     129
      86      88     168      87     128     127
     172     170      90     171     130     131
      88      90     170      89     130     129
     174     172      92     173     132     133
      90      92     172      91     132     131
     176     174      94     175     134     135
      92      94     174      93     134     133
     178     176      96     177     136     137
      94      96     176      95     136     135
     180     178      98     179     138     139
      96      98     178      97     138     137
     182     180     100     181     140     141
      98     100     180      99     140     139
     184     182     102     183     142     143
     100     102     182     101     142     141
     186     184     104     185     144     145
     102     104     184     103     144     143
     188     186     106     187     146     147
     104     106     186     105     146     145
     190     188     108     189     148     149
     106     108     188     107     148     147
     192     190     110     191     150     151
     108     110     190     109     150     149
     194     192     112     193     152     153
     110     112     192     111     152     151
     196     194     114     195     154     155
     112     114     194     113     154     153
     198     196     116     197     156     157
     114     116     196     115     156     155
     200     198     118     199     158     159
     116     118     198     117     158     157
     202     200     120     201     160     161
     118     120     200     119     160     159
     204     202     122     203     162     163
     120     122     202     121     162     161
     248     246     166     247     206     207
     164     166     246     165     206     205
     250     248     168     249     208     209
     166     168     248     167     208     207
     252     250     170     251     210     211
     168     170     250     169     210     209
     254     252     172     253     212     213
     170     172     252     171     212     211
     256     254     174     255     214     215
     172     174     254     173     214     213
     258     256     176     257     216     217
     174     176     256     175     216     215
     260     258     178     259     218     219
     176     178     258     177     218     217
     262     260     180     261     220     221
     178     180     260     179     220     219
     264     262     182     263     222     223
     180     182     262     181     222     221
     266     264     184     265     224     225
     182     184     264     183     224     223
     268     266     186     267     226     227
     184     186     266     185     226     225
     270     268     188     269     228     229
     186     188     268     187     228     227
     272     270     190     271     230     231
     188     190     270     189     230     229
     274     272     192     273     232     233
     190     192     272     191     232     231
     276     274     194     275     234     235
     192     194     274     193     234     233
     278     276     196     277     236     237
     194     196     276     195     236     235
     280     278     198     279     238     239
     196     198     278     197     238     237
     282     280     200     281     240     241
     198     200     280     199     240     239
     284     282     202     283     242     243
     200     202     282     201     242     241
     286     284     204     285     244     245
     202     204     284     203     244     243
     330     328     248     329     288     289
     246     248     328     247     288     287
     332     330     250     331     290     291
     248     250     330     249     290     289
     334     332     252     333     292     293
     250     252     332     251     292     291
     336     334     254     335     294     295
     252     254     334     253     294     293
     338     336     256     337     296     297
     254     256     336     255     296     295
     340     338     258     339     298     299
     256     258     338     257     298     297
     342     340     260     341     300     301
     258     260     340     259     300     299
     344     342     262     343     302     303
     260     262     342     261     302     301
     346     344     264     345     304     305
     262     264     344     263     304     303
     348     346     266     347     306     307
     264     266     346     265     306     305
     350     348     268     349     308     309
     266     268     348     267     308     307
     352     350     270     351     310     311
     268     270     350     269     310     309
     354     352     272     353     312     313
     270     272     352     271     312     311
     356     354     274     355     314     315
     272     274     354     273     314     313
     358     356     276     357     316     317
     274     276     356     275     316     315
     360     358     278     359     318     319
     276     278     358     277     318     317
     362     360     280     361     320     321
     278     280     360     279     320     319
     364     362     282     363     322     323
     280     282     362     281     322     321
     366     364     284     365     324     325
     282     284     364     283     324     323
     368     366     286     367     326     327
     284     286     366     285     326     325
     412     410     330     411     370     371
     328     330     410     329     370     369
     414     412     332     413     372     373
     330     332     412     331     372     371
     416     414     334     415     374     375
     332     334     414     333     374     373
     418     416     336     417     376     377
     334     336     416     335     376     375
     420     418     338     419     378     379
     336     338     418     337     378     377
     422     420     340     421     380     381
     338     340     420     339     380     379
     424     422     342     423     382     383
     340     342     422     341     382     381
     426     424     344     425     384     385
     342     344     424     343     384     383
     428     426     346     427     386     387
     344     346     426     345     386     385
     430     428     348     429     388     389
     346     348     428     347     388     387
     432     430     350     431     390     391
     348     350     430     349     390     389
     434     432     352     433     392     393
     350     352     432     351     392     391
     436     434     354     435     394     395
     352     354     434     353     394     393
     438     436     356     437     396     397
     354     356     436     355     396     395
     440     438     358     439     398     399
     356     358     438     357     398     397
     442     440     360     441     400     401
     358     360     440     359     400     399
     444     442     362     443     402     403
     360     362     442     361     402     401
     446     444     364     445     404     405
     362     364     444     363     404     403
     448     446     366     447     406     407
     364     366     446     365     406     405
     450     448     368     449     408     409
     366     368     448     367     408     407
     494     492     412     493     452     453
     410     412     492     411     452     451
     496     494     414     495     454     455
     412     414     494     413     454     453
     498     496     416     497     456     457
     414     416     496     415     456     455
     500     498     418     499     458     459
     416     418     498     417     458     457
     502     500     420     501     460     461
     418     420     500     419     460     459
     504     502     422     503     462     463
     420     422     502     421     462     461
     506     504     424     505     464     465
     422     424     504     423     464     463
     508     506     426     507     466     467
     424     426     506     425     466     465
     510     508     428     509     468     469
     426     428     508     427     468     467
     512     510     430     511     470     471
     428     430     510     429     470     469
     514     512     432     513     472     473
     430     432     512     431     472     471
     516     514     434     515     474     475
     432     434     514     433     474     473
     518     516     436     517     476     477
     434     436     516     435     476     475
     520     518     438     519     478     479
     436     438     518     437     478     477
     522     520     440     521     480     481
     438     440     520     439     480     479
     524     522     442     523     482     483
     440     442     522     441     482     481
     526     524     444     525     484     485
     442     444     524     443     484     483
     528     526     446     527     486     487
     444     446     526     445     486     485
     530     528     448     529     488     489
     446     448     528     447     488     487
     532     530     450     531     490     491
     448     450     530     449     490     489
     576     574     494     575     534     535
     492     494     574     493     534     533
     578     576     496     577     536     537
     494     496     576     495     536     535
     580     578     498     579     538     539
     496     498     578     497     538     537
     582     580     500     581     540     541
     498     500     580     499     540     539
     584     582     502     583     542     543
     500     502     582     501     542     541
     586     584     504     585     544     545
     502     504     584     503     544     543
     588     586     506     587     546     547
     504     506     586     505     546     545
     590     588     508     589     548     549
     506     508     588     507     548     547
     592     590     510     591     550     551
     508     510     590     509     550     549
     594     592     512     593     552     553
     510     512     592     511     552     551
     596     594     514     595     554     555
     512     514     594     513     554     553
     598     596     516     597     556     557
     514     516     596     515     556     555
     600     598     518     599     558     559
     516     518     598     517     558     557
     602     600     520     601     560     561
     518     520     600     519     560     559
     604     602     522     603     562     563
     520     522     602     521     562     561
     606     604     524     605     564     565
     522     524     604     523     564     563
     608     606     526     607     566     567
     524     526     606     525     566     565
     610     608     528     609     568     569
     526     528     608     527     568     567
     612     610     530     611     570     571
     528     530     610     529     570     569
     614     612     532     613     572     573
     530     532     612     531     572     571
     658     656     576     657     616     617
     574     576     656     575     616     615
     660     658     578     659     618     619
     576     578     658     577     618     617
     662     660     580     661     620     621
     578     580     660     579     620     619
     664     662     582     663     622     623
     580     582     662     581     622     621
     666     664     584     665     624     625
     582     584     664     583     624     623
     668     666     586     667     626     627
     584     586     666     585     626     625
     670     668     588     669     628     629
     586     588     668     587     628     627
     672     670     590     671     630     631
     588     590     670     589     630     629
     674     672     592     673     632     633
     590     592     672     591     632     631
     676     674     594     675     634     635
     592     594     674     593     634     633
     678     676     596     677     636     637
     594     596     676     595     636     635
     680     678     598     679     638     639
     596     598     678     597     638     637
     682     680     600     681     640     641
     598     600     680     599     640     639
     684     682     602     683     642     643
     600     602     682     601     642     641
     686     684     604     685     644     645
     602     604     684     603     644     643
     688     686     606     687     646     647
     604     606     686     605     646     645
     690     688     608     689     648     649
     606     608     688     607     648     647
     692     690     610     691     650     651
     608     610     690     609     650     649
     694     692     612     693     652     653
     610     612     692     611     652     651
     696     694     614     695     654     655
     612     614     694     613     654     653
     740     738     658     739     698     699
     656     658     738     657     698     697
     742     740     660     741     700     701
     658     660     740     659     700     699
     744     742     662     743     702     703
     660     662     742     661     702     701
     746     744     664     745     704     705
     662     664     744     663     704     703
     748     746     666     747     706     707
     664     666     746     665     706     705
     750     748     668     749     708     709
     666     668     748     667     708     707
     752     750     670     751     710     711
     668     670     750     669     710     709
     754     752     672     753     712     713
     670     672     752     671     712     711
     756     754     674     755     714     715
     672     674     754     673     714     713
     758     756     676     757     716     717
     674     676     756     675     716     715
     760     758     678     759     718     719
     676     678     758     677     718     717
     762     760     680     761     720     721
     678     680     760     679     720     719
     764     762     682     763     722     723
     680     682     762     681     722     721
     766     764     684     765     724     725
     682     684     764     683     724     723
     768     766     686     767     726     727
     684     686     766     685     726     725
     770     768     688     769     728     729
     686     688     768     687     728     727
     772     770     690     771     730     731
     688     690     770     689     730     729
     774     772     692     773     732     733
     690     692     772     691     732     731
     776     774     694     775     734     735
     692     694     774     693     734     733
     778     776     696     777     736     737
     694     696     776     695     736     735
     822     820     740     821     780     781
     738     740     820     739     780     779
     824     822     742     823     782     783
     740     742     822     741     782     781
     826     824     744     825     784     785
     742     744     824     743     784     783
     828     826     746     827     786     787
     744     746     826     745     786     785
     830     828     748     829     788     789
     746     748     828     747     788     787
     832     830     750     831     790     791
     748     750     830     749     790     789
     834     832     752     833     792     793
     750     752     832     751     792     791
     836     834     754     835     794     795
     752     754     834     753     794     793
     838     836     756     837     796     797
     754     756     836     755     796     795
     840     838     758     839     798     799
     756     758     838     757     798     797
     842     840     760     841     800     801
     758     760     840     759     800     799
     844     842     762     843     802     803
     760     762     842     761     802     801
     846     844     764     845     804     805
     762     764     844     763     804     803
     848     846     766     847     806     807
     764     766     846     765     806     805
     850     848     768     849     808     809
     766     768     848     767     808     807
     852     850     770     851     810     811
     768     770     850     769     810     809
     854     852     772     853     812     813
     770     772     852     771     812     811
     856     854     774     855     814     815
     772     774     854     773     814     813
     858     856     776     857     816     817
     774     776     856     775     816     815
     860     858     778     859     818     819
     776     778     858     777     818     817
     904     902     822     903     862     863
     820     822     902     821     862     861
     906     904     824     905     864     865
     822     824     904     823     864     863
     908     906     826     907     866     867
     824     826     906     825     866     865
     910     908     828     909     868     869
     826     828     908     827     868     867
     912     910     830     911     870     871
     828     830     910     829     870     869
     914     912     832     913     872     873
     830     832     912     831     872     871
     916     914     834     915     874     875
     832     834     914     833     874     873
     918     916     836     917     876     877
     834     836     916     835     876     875
     920     918     838     919     878     879
     836     838     918     837     878     877
     922     920     840     921     880     881
     838     840     920     839     880     879
     924     922     842     923     882     883
     840     842     922     841     882     881
     926     924     844     925     884     885
     842     844     924     843     884     883
     928     926     846     927     886     887
     844     846     926     845     886     885
     930     928     848     929     888     889
     846     848     928     847     888     887
     932     930     850     931     890     891
     848     850     930     849     890     889
     934     932     852     933     892     893
     850     852     932     851     892     891
     936     934     854     935     894     895
     852     854     934     853     894     893
     938     936     856     937     896     897
     854     856     936     855     896     895
     940     938     858     939     898     899
     856     858     938     857     898     897
     942     940     860     941     900     901
     858     860     940     859     900     899
     986     984     904     985     944     945
     902     904     984     903     944     943
     988     986     906     987     946     947
     904     906     986     905     946     945
     990     988     908     989     948     949
     906     908     988     907     948     947
     992     990     910     991     950     951
     908     910     990     909     950     949
     994     992     912     993     952     953
     910     912     992     911     952     951
     996     994     914     995     954     955
     912     914     994     913     954     953
     998     996     916     997     956     957
     914     916     996     915     956     955
    1000     998     918     999     958     959
     916     918     998     917     958     957
    1002    1000     920    1001     960     961
     918     920    1000     919     960     959
    1004    1002     922    1003     962     963
     920     922    1002     921     962     961
    1006    1004     924    1005     964     965
     922     924    1004     923     964     963
    1008    1006     926    1007     966     967
     924     926    1006     925     966     965
    1010    1008     928    1009     968     969
     926     928    1008     927     968     967
    1012    1010     930    1011     970     971
     928     930    1010     929     970     969
    1014    1012     932    1013     972     973
     930     932    1012     931     972     971
    1016    1014     934    1015     974     975
     932     934    1014     933     974     973
    1018    1016     936    1017     976     977
     934     936    1016     935     976     975
    1020    1018     938    1019     978     979
     936     938    1018     937     978     977
    1022    1020     940    1021     980     981
     938     940    1020     939     980     979
    1024    1022     942    1023     982     983
     940     942    1022     941     982     981
    1068    1066     986    1067    1026    1027
     984     986    1066     985    1026    1025
    1070    1068     988    1069    1028    1029
     986     988    1068     987    1028    1027
    1072    1070     990    1071    1030    1031
     988     990    1070     989    1030    1029
    1074    1072     992    1073    1032    1033
     990     992    1072     991    1032    1031
    1076    1074     994    1075    1034    1035
     992     994    1074     993    1034    1033
    1078    1076     996    1077    1036    1037
     994     996    1076     995    1036    1035
    1080    1078     998    1079    1038    1039
     996     998    1078     997    1038    1037
    1082    1080    1000    1081    1040    1041
     998    1000    1080     999    1040    1039
    1084    1082    1002    1083    1042    1043
    1000    1002    1082    1001    1042    1041
    1086    1084    1004    1085    1044    1045
    1002    1004    1084    1003    1044    1043
    1088    1086    1006    1087    1046    1047
    1004    1006    1086    1005    1046    1045
    1090    1088    1008    1089    1048    1049
    1006    1008    1088    1007    1048    1047
    1092    1090    1010    1091    1050    1051
    1008    1010    1090    1009    1050    1049
    1094    1092    1012    1093    1052    1053
    1010    1012    1092    1011    1052    1051
    1096    1094    1014    1095    1054    1055
    1012    1014    1094    1013    1054    1053
    1098    1096    1016    1097    1056    1057
    1014    1016    1096    1015    1056    1055
    1100    1098    1018    1099    1058    1059
    1016    1018    1098    1017    1058    1057
    1102    1100    1020    1101    1060    1061
    1018    1020    1100    1019    1060    1059
    1104    1102    1022    1103    1062    1063
    1020    1022    1102    1021    1062    1061
    1106    1104    1024    1105    1064    1065
    1022    1024    1104    1023    1064    1063
    1150    1148    1068    1149    1108    1109
    1066    1068    1148    1067    1108    1107
    1152    1150    1070    1151    1110    1111
    1068    1070    1150    1069    1110    1109
    1154    1152    1072    1153    1112    1113
    1070    1072    1152    1071    1112    1111
    1156    1154    1074    1155    1114    1115
    1072    1074    1154    1073    1114    1113
    1158    1156    1076    1157    1116    1117
    1074    1076    1156    1075    1116    1115
    1160    1158    1078    1159    1118    1119
    1076    1078    1158    1077    1118    1117
    1162    1160    1080    1161    1120    1121
    1078    1080    1160    1079    1120    1119
    1164    1162    1082    1163    1122    1123
    1080    1082    1162    1081    1122    1121
    1166    1164    1084    1165    1124    1125
    1082    1084    1164    1083    1124    1123
    1168    1166    1086    1167    1126    1127
    1084    1086    1166    1085    1126    1125
    1170    1168    1088    1169    1128    1129
    1086    1088    1168    1087    1128    1127
    1172    1170    1090    1171    1130    1131
    1088    1090    1170    1089    1130    1129
    1174    1172    1092    1173    1132    1133
    1090    1092    1172    1091    1132    1131
    1176    1174    1094    1175    1134    1135
    1092    1094    1174    1093    1134    1133
    1178    1176    1096    1177    1136    1137
    1094    1096    1176    1095    1136    1135
    1180    1178    1098    1179    1138    1139
    1096    1098    1178    1097    1138    1137
    1182    1180    1100    1181    1140    1141
    1098    1100    1180    1099    1140    1139
    1184    1182    1102    1183    1142    1143
    1100    1102    1182    1101    1142    1141
    1186    1184    1104    1185    1144    1145
    1102    1104    1184    1103    1144    1143
    1188    1186    1106    1187    1146    1147
    1104    1106    1186    1105    1146    1145
    1232    1230    1150    1231    1190    1191
    1148    1150    1230    1149    1190    1189
    1234    1232    1152    1233    1192    1193
    1150    1152    1232    1151    1192    1191
    1236    1234    1154    1235    1194    1195
    1152    1154    1234    1153    1194    1193
    1238    1236    1156    1237    1196    1197
    1154    1156    1236    1155    1196    1195
    1240    1238    1158    1239    1198    1199
    1156    1158    1238    1157    1198    1197
    1242    1240    1160    1241    1200    1201
    1158    1160    1240    1159    1200    1199
    1244    1242    1162    1243    1202    1203
    1160    1162    1242    1161    1202    1201
    1246    1244    1164    1245    1204    1205
    1162    1164    1244    1163    1204    1203
    1248    1246    1166    1247    1206    1207
    1164    1166    1246    1165    1206    1205
    1250    1248    1168    1249    1208    1209
    1166    1168    1248    1167    1208    1207
    1252    1250    1170    1251    1210    1211
    1168    1170    1250    1169    1210    1209
    1254    1252    1172    1253    1212    1213
    1170    1172    1252    1171    1212    1211
    1256    1254    1174    1255    1214    1215
    1172    1174    1254    1173    1214    1213
    1258    1256    1176    1257    1216    1217
    1174    1176    1256    1175    1216    1215
    1260    1258    1178    1259    1218    1219
    1176    1178    1258    1177    1218    1217
    1262    1260    1180    1261    1220    1221
    1178    1180    1260    1179    1220    1219
    1264    1262    1182    1263    1222    1223
    1180    1182    1262    1181    1222    1221
    1266    1264    1184    1265    1224    1225
    1182    1184    1264    1183    1224    1223
    1268    1266    1186    1267    1226    1227
    1184    1186    1266    1185    1226    1225
    1270    1268    1188    1269    1228    1229
    1186    1188    1268    1187    1228    1227
    1314    1312    1232    1313    1272    1273
    1230    1232    1312    1231    1272    1271
    1316    1314    1234    1315    1274    1275
    1232    1234    1314    1233    1274    1273
    1318    1316    1236    1317    1276    1277
    1234    1236    1316    1235    1276    1275
    1320    1318    1238    1319    1278    1279
    1236    1238    1318    1237    1278    1277
    1322    1320    1240    1321    1280    1281
    1238    1240    1320    1239    1280    1279
    1324    1322    1242    1323    1282    1283
    1240    1242    1322    1241    1282    1281
    1326    1324    1244    1325    1284    1285
    1242    1244    1324    1243    1284    1283
    1328    1326    1246    1327    1286    1287
    1244    1246    1326    1245    1286    1285
    1330    1328    1248    1329    1288    1289
    1246    1248    1328    1247    1288    1287
    1332    1330    1250    1331    1290    1291
    1248    1250    1330    1249    1290    1289
    1334    1332    1252    1333    1292    1293
    1250    1252    1332    1251    1292    1291
    1336    1334    1254    1335    1294    1295
    1252    1254    1334    1253    1294    1293
    1338    1336    1256    1337    1296    1297
    1254    1256    1336    1255    1296    1295
    1340    1338    1258    1339    1298    1299
    1256    1258    1338    1257    1298    1297
    1342    1340    1260    1341    1300    1301
    1258    1260    1340    1259    1300    1299
    1344    1342    1262    1343    1302    1303
    1260    1262    1342    1261    1302    1301
    1346    1344    1264    1345    1304    1305
    1262    1264    1344    1263    1304    1303
    1348    1346    1266    1347    1306    1307
    1264    1266    1346    1265    1306    1305
    1350    1348    1268    1349    1308    1309
    1266    1268    1348    1267    1308    1307
    1352    1350    1270    1351    1310    1311
    1268    1270    1350    1269    1310    1309
    1396    1394    1314    1395    1354    1355
    1312    1314    1394    1313    1354    1353
    1398    1396    1316    1397    1356    1357
    1314    1316    1396    1315    1356    1355
    1400    1398    1318    1399    1358    1359
    1316    1318    1398    1317    1358    1357
    1402    1400    1320    1401    1360    1361
    1318    1320    1400    1319    1360    1359
    1404    1402    1322    1403    1362    1363
    1320    1322    1402    1321    1362    1361
    1406    1404    1324    1405    1364    1365
    1322    1324    1404    1323    1364    1363
    1408    1406    1326    1407    1366    1367
    1324    1326    1406    1325    1366    1365
    1410    1408    1328    1409    1368    1369
    1326    1328    1408    1327    1368    1367
    1412    1410    1330    1411    1370    1371
    1328    1330    1410    1329    1370    1369
    1414    1412    1332    1413    1372    1373
    1330    1332    1412    1331    1372    1371
    1416    1414    1334    1415    1374    1375
    1332    1334    1414    1333    1374    1373
    1418    1416    1336    1417    1376    1377
    1334    1336    1416    1335    1376    1375
    1420    1418    1338    1419    1378    1379
    1336    1338    1418    1337    1378    1377
    1422    1420    1340    1421    1380    1381
    1338    1340    1420    1339    1380    1379
    1424    1422    1342    1423    1382    1383
    1340    1342    1422    1341    1382    1381
    1426    1424    1344    1425    1384    1385
    1342    1344    1424    1343    1384    1383
    1428    1426    1346    1427    1386    1387
    1344    1346    1426    1345    1386    1385
    1430    1428    1348    1429    1388    1389
    1346    1348    1428    1347    1388    1387
    1432    1430    1350    1431    1390    1391
    1348    1350    1430    1349    1390    1389
    1434    1432    1352    1433    1392    1393
    1350    1352    1432    1351    1392    1391
    1478    1476    1396    1477    1436    1437
    1394    1396    1476    1395    1436    1435
    1480    1478    1398    1479    1438    1439
    1396    1398    1478    1397    1438    1437
    1482    1480    1400    1481    1440    1441
    1398    1400    1480    1399    1440    1439
    1484    1482    1402    1483    1442    1443
    1400    1402    1482    1401    1442    1441
    1486    1484    1404    1485    1444    1445
    1402    1404    1484    1403    1444    1443
    1488    1486    1406    1487    1446    1447
    1404    1406    1486    1405    1446    1445
    1490    1488    1408    1489    1448    1449
    1406    1408    1488    1407    1448    1447
    1492    1490    1410    1491    1450    1451
    1408    1410    1490    1409    1450    1449
    1494    1492    1412    1493    1452    1453
    1410    1412    1492    1411    1452    1451
    1496    1494    1414    1495    1454    1455
    1412    1414    1494    1413    1454    1453
    1498    1496    1416    1497    1456    1457
    1414    1416    1496    1415    1456    1455
    1500    1498    1418    1499    1458    1459
    1416    1418    1498    1417    1458    1457
    1502    1500    1420    1501    1460    1461
    1418    1420    1500    1419    1460    1459
    1504    1502    1422    1503    1462    1463
    1420    1422    1502    1421    1462    1461
    1506    1504    1424    1505    1464    1465
    1422    1424    1504    1423    1464    1463
    1508    1506    1426    1507    1466    1467
    1424    1426    1506    1425    1466    1465
    1510    1508    1428    1509    1468    1469
    1426    1428    1508    1427    1468    1467
    1512    1510    1430    1511    1470    1471
    1428    1430    1510    1429    1470    1469
    1514    1512    1432    1513    1472    1473
    1430    1432    1512    1431    1472    1471
    1516    1514    1434    1515    1474    1475
    1432    1434    1514    1433    1474    1473
    1560    1558    1478    1559    1518    1519
    1476    1478    1558    1477    1518    1517
    1562    1560    1480    1561    1520    1521
    1478    1480    1560    1479    1520    1519
    1564    1562    1482    1563    1522    1523
    1480    1482    1562    1481    1522    1521
    1566    1564    1484    1565    1524    1525
    1482    1484    1564    1483    1524    1523
    1568    1566    1486    1567    1526    1527
    1484    1486    1566    1485    1526    1525
    1570    1568    1488    1569    1528    1529
    1486    1488    1568    1487    1528    1527
    1572    1570    1490    1571    1530    1531
    1488    1490    1570    1489    1530    1529
    1574    1572    1492    1573    1532    1533
    1490    1492    1572    1491    1532    1531
    1576    1574    1494    1575    1534    1535
    1492    1494    1574    1493    1534    1533
    1578    1576    1496    1577    1536    1537
    1494    1496    1576    1495    1536    1535
    1580    1578    1498    1579    1538    1539
    1496    1498    1578    1497    1538    1537
    1582    1580    1500    1581    1540    1541
    1498    1500    1580    1499    1540    1539
    1584    1582    1502    1583    1542    1543
    1500    1502    1582    1501    1542    1541
    1586    1584    1504    1585    1544    1545
    1502    1504    1584    1503    1544    1543
    1588    1586    1506    1587    1546    1547
    1504    1506    1586    1505    1546    1545
    1590    1588    1508    1589    1548    1549
    1506    1508    1588    1507    1548    1547
    1592    1590    1510    1591    1550    1551
    1508    1510    1590    1509    1550    1549
    1594    1592    1512    1593    1552    1553
    1510    1512    1592    1511    1552    1551
    1596    1594    1514    1595    1554    1555
    1512    1514    1594    1513    1554    1553
    1598    1596    1516    1597    1556    1557
    1514    1516    1596    1515    1556    1555
    1642    1640    1560    1641    1600    1601
    1558    1560    1640    1559    1600    1599
    1644    1642    1562    1643    1602    1603
    1560    1562    1642    1561    1602    1601
    1646    1644    1564    1645    1604    1605
    1562    1564    1644    1563    1604    1603
    1648    1646    1566    1647    1606    1607
    1564    1566    1646    1565    1606    1605
    1650    1648    1568    1649    1608    1609
    1566    1568    1648    1567    1608    1607
    1652    1650    1570    1651    1610    1611
    1568    1570    1650    1569    1610    1609
    1654    1652    1572    1653    1612    1613
    1570    1572    1652    1571    1612    1611
    1656    1654    1574    1655    1614    1615
    1572    1574    1654    1573    1614    1613
    1658    1656    1576    1657    1616    1617
    1574    1576    1656    1575    1616    1615
    1660    1658    1578    1659    1618    1619
    1576    1578    1658    1577    1618    1617
    1662    1660    1580    1661    1620    1621
    1578    1580    1660    1579    1620    1619
    1664    1662    1582    1663    1622    1623
    1580    1582    1662    1581    1622    1621
    1666    1664    1584    1665    1624    1625
    1582    1584    1664    1583    1624    1623
    1668    1666    1586    1667    1626    1627
    1584    1586    1666    1585    1626    1625
    1670    1668    1588    1669    1628    1629
    1586    1588    1668    1587    1628    1627
    1672    1670    1590    1671    1630    1631
    1588    1590    1670    1589    1630    1629
    1674    1672    1592    1673    1632    1633
    1590    1592    1672    1591    1632    1631
    1676    1674    1594    1675    1634    1635
    1592    1594    1674    1593    1634    1633
    1678    1676    1596    1677    1636    1637
    1594    1596    1676    1595    1636    1635
    1680    1678    1598    1679    1638    1639
    1596    1598    1678    1597    1638    1637
           </DataArray>
           <DataArray type="UInt32" Name="offsets" format="ascii">
         6        12        18        24        30        36        42        48        54        60        66        72        78        84        90        96       102       108       114       120       126       132       138       144       150       156       162       168       174       180       186       192       198       204       210       216       222       228       234       240       246       252       258       264       270       276       282       288       294       300       306       312       318       324       330       336       342       348       354       360       366       372       378       384       390       396       402       408       414       420       426       432       438       444       450       456       462       468       474       480       486       492       498       504       510       516       522       528       534       540       546       552       558       564       570       576       582       588       594       600
       606       612       618       624       630       636       642       648       654       660       666       672       678       684       690       696       702       708       714       720       726       732       738       744       750       756       762       768       774       780       786       792       798       804       810       816       822       828       834       840       846       852       858       864       870       876       882       888       894       900       906       912       918       924       930       936       942       948       954       960       966       972       978       984       990       996      1002      1008      1014      1020      1026      1032      1038      1044      1050      1056      1062      1068      1074      1080      1086      1092      1098      1104      1110      1116      1122      1128      1134      1140      1146      1152      1158      1164      1170      1176      1182      1188      1194      1200
      1206      1212      1218      1224      1230      1236      1242      1248      1254      1260      1266      1272      1278      1284      1290      1296      1302      1308      1314      1320      1326      1332      1338      1344      1350      1356      1362      1368      1374      1380      1386      1392      1398      1404      1410      1416      1422      1428      1434      1440      1446      1452      1458      1464      1470      1476      1482      1488      1494      1500      1506      1512      1518      1524      1530      1536      1542      1548      1554      1560      1566      1572      1578      1584      1590      1596      1602      1608      1614      1620      1626      1632      1638      1644      1650      1656      1662      1668      1674      1680      1686      1692      1698      1704      1710      1716      1722      1728      1734      1740      1746      1752      1758      1764      1770      1776      1782      1788      1794      1800
      1806      1812      1818      1824      1830      1836      1842      1848      1854      1860      1866      1872      1878      1884      1890      1896      1902      1908      1914      1920      1926      1932      1938      1944      1950      1956      1962      1968      1974      1980      1986      1992      1998      2004      2010      2016      2022      2028      2034      2040      2046      2052      2058      2064      2070      2076      2082      2088      2094      2100      2106      2112      2118      2124      2130      2136      2142      2148      2154      2160      2166      2172      2178      2184      2190      2196      2202      2208      2214      2220      2226      2232      2238      2244      2250      2256      2262      2268      2274      2280      2286      2292      2298      2304      2310      2316      2322      2328      2334      2340      2346      2352      2358      2364      2370      2376      2382      2388      2394      2400
      2406      2412      2418      2424      2430      2436      2442      2448      2454      2460      2466      2472      2478      2484      2490      2496      2502      2508      2514      2520      2526      2532      2538      2544      2550      2556      2562      2568      2574      2580      2586      2592      2598      2604      2610      2616      2622      2628      2634      2640      2646      2652      2658      2664      2670      2676      2682      2688      2694      2700      2706      2712      2718      2724      2730      2736      2742      2748      2754      2760      2766      2772      2778      2784      2790      2796      2802      2808      2814      2820      2826      2832      2838      2844      2850      2856      2862      2868      2874      2880      2886      2892      2898      2904      2910      2916      2922      2928      2934      2940      2946      2952      2958      2964      2970      2976      2982      2988      2994      3000
      3006      3012      3018      3024      3030      3036      3042      3048      3054      3060      3066      3072      3078      3084      3090      3096      3102      3108      3114      3120      3126      3132      3138      3144      3150      3156      3162      3168      3174      3180      3186      3192      3198      3204      3210      3216      3222      3228      3234      3240      3246      3252      3258      3264      3270      3276      3282      3288      3294      3300      3306      3312      3318      3324      3330      3336      3342      3348      3354      3360      3366      3372      3378      3384      3390      3396      3402      3408      3414      3420      3426      3432      3438      3444      3450      3456      3462      3468      3474      3480      3486      3492      3498      3504      3510      3516      3522      3528      3534      3540      3546      3552      3558      3564      3570      3576      3582      3588      3594      3600
      3606      3612      3618      3624      3630      3636      3642      3648      3654      3660      3666      3672      3678      3684      3690      3696      3702      3708      3714      3720      3726      3732      3738      3744      3750      3756      3762      3768      3774      3780      3786      3792      3798      3804      3810      3816      3822      3828      3834      3840      3846      3852      3858      3864      3870      3876      3882      3888      3894      3900      3906      3912      3918      3924      3930      3936      3942      3948      3954      3960      3966      3972      3978      3984      3990      3996      4002      4008      4014      4020      4026      4032      4038      4044      4050      4056      4062      4068      4074      4080      4086      4092      4098      4104      4110      4116      4122      4128      4134      4140      4146      4152      4158      4164      4170      4176      4182      4188      4194      4200
      4206      4212      4218      4224      4230      4236      4242      4248      4254      4260      4266      4272      4278      4284      4290      4296      4302      4308      4314      4320      4326      4332      4338      4344      4350      4356      4362      4368      4374      4380      4386      4392      4398      4404      4410      4416      4422      4428      4434      4440      4446      4452      4458      4464      4470      4476      4482      4488      4494      4500      4506      4512      4518      4524      4530      4536      4542      4548      4554      4560      4566      4572      4578      4584      4590      4596      4602      4608      4614      4620      4626      4632      4638      4644      4650      4656      4662      4668      4674      4680      4686      4692      4698      4704      4710      4716      4722      4728      4734      4740      4746      4752      4758      4764      4770      4776      4782      4788      4794      4800
           </DataArray>
           <DataArray type="UInt8" Name="types" format="ascii">
 22 22 22 22 22 22 22 22 22 22 22 22 22 22 22 22 22 22 22 22 22 22 22 22 22 22 22 22 22 22 22 22 22 22 22 22 22 22 22 22 22 22 22 22 22 22 22 22 22 22 22 22 22 22 22 22 22 22 22 22 22 22 22 22 22 22 22 22 22 22 22 22 22 22 22 22 22 22 22 22 22 22 22 22 22 22 22 22 22 22 22 22 22 22 22 22 22 22 22 22
 22 22 22 22 22 22 22 22 22 22 22 22 22 22 22 22 22 22 22 22 22 22 22 22 22 22 22 22 22 22 22 22 22 22 22 22 22 22 22 22 22 22 22 22 22 22 22 22 22 22 22 22 22 22 22 22 22 22 22 22 22 22 22 22 22 22 22 22 22 22 22 22 22 22 22 22 22 22 22 22 22 22 22 22 22 22 22 22 22 22 22 22 22 22 22 22 22 22 22 22
 22 22 22 22 22 22 22 22 22 22 22 22 22 22 22 22 22 22 22 22 22 22 22 22 22 22 22 22 22 22 22 22 22 22 22 22 22 22 22 22 22 22 22 22 22 22 22 22 22 22 22 22 22 22 22 22 22 22 22 22 22 22 22 22 22 22 22 22 22 22 22 22 22 22 22 22 22 22 22 22 22 22 22 22 22 22 22 22 22 22 22 22 22 22 22 22 22 22 22 22
 22 22 22 22 22 22 22 22 22 22 22 22 22 22 22 22 22 22 22 22 22 22 22 22 22 22 22 22 22 22 22 22 22 22 22 22 22 22 22 22 22 22 22 22 22 22 22 22 22 22 22 22 22 22 22 22 22 22 22 22 22 22 22 22 22 22 22 22 22 22 22 22 22 22 22 22 22 22 22 22 22 22 22 22 22 22 22 22 22 22 22 22 22 22 22 22 22 22 22 22
 22 22 22 22 22 22 22 22 22 22 22 22 22 22 22 22 22 22 22 22 22 22 22 22 22 22 22 22 22 22 22 22 22 22 22 22 22 22 22 22 22 22 22 22 22 22 22 22 22 22 22 22 22 22 22 22 22 22 22 22 22 22 22 22 22 22 22 22 22 22 22 22 22 22 22 22 22 22 22 22 22 22 22 22 22 22 22 22 22 22 22 22 22 22 22 22 22 22 22 22
 22 22 22 22 22 22 22 22 22 22 22 22 22 22 22 22 22 22 22 22 22 22 22 22 22 22 22 22 22 22 22 22 22 22 22 22 22 22 22 22 22 22 22 22 22 22 22 22 22 22 22 22 22 22 22 22 22 22 22 22 22 22 22 22 22 22 22 22 22 22 22 22 22 22 22 22 22 22 22 22 22 22 22 22 22 22 22 22 22 22 22 22 22 22 22 22 22 22 22 22
 22 22 22 22 22 22 22 22 22 22 22 22 22 22 22 22 22 22 22 22 22 22 22 22 22 22 22 22 22 22 22 22 22 22 22 22 22 22 22 22 22 22 22 22 22 22 22 22 22 22 22 22 22 22 22 22 22 22 22 22 22 22 22 22 22 22 22 22 22 22 22 22 22 22 22 22 22 22 22 22 22 22 22 22 22 22 22 22 22 22 22 22 22 22 22 22 22 22 22 22
 22 22 22 22 22 22 22 22 22 22 22 22 22 22 22 22 22 22 22 22 22 22 22 22 22 22 22 22 22 22 22 22 22 22 22 22 22 22 22 22 22 22 22 22 22 22 22 22 22 22 22 22 22 22 22 22 22 22 22 22 22 22 22 22 22 22 22 22 22 22 22 22 22 22 22 22 22 22 22 22 22 22 22 22 22 22 22 22 22 22 22 22 22 22 22 22 22 22 22 22
           </DataArray>
         </Cells>
         <PointData>
        <DataArray type="Float64" Name="Velocity" NumberOfComponents="3" format="ascii">
  0.0000000E+00  0.0000000E+00  0.0000000E+00  0.1473562E+01  0.0000000E+00  0.0000000E+00 -0.2446933E+01  0.0000000E+00  0.0000000E+00 -0.5630094E+01  0.0000000E+00  0.0000000E+00 -0.7517375E+01  0.0000000E+00  0.0000000E+00 -0.9355562E+01  0.0000000E+00  0.0000000E+00 -0.1123395E+02  0.0000000E+00  0.0000000E+00 -0.1286453E+02  0.0000000E+00  0.0000000E+00 -0.1438940E+02  0.0000000E+00  0.0000000E+00 -0.1602160E+02  0.0000000E+00  0.0000000E+00 -0.1769429E+02  0.0000000E+00  0.0000000E+00 -0.1925090E+02  0.0000000E+00  0.0000000E+00 -0.2059129E+02  0.0000000E+00  0.0000000E+00 -0.2171387E+02  0.0000000E+00  0.0000000E+00 -0.2266846E+02  0.0000000E+00  0.0000000E+00 -0.2346390E+02  0.0000000E+00  0.0000000E+00 -0.2411629E+02  0.0000000E+00  0.0000000E+00 -0.2462410E+02  0.0000000E+00  0.0000000E+00 -0.2498508E+02  0.0000000E+00  0.0000000E+00 -0.2519674E+02  0.0000000E+00  0.0000000E+00 -0.2525627E+02  0.0000000E+00  0.0000000E+00 -0.2516283E+02  0.0000000E+00  0.0000000E+00 -0.2491563E+02  0.0000000E+00  0.0000000E+00 -0.2451662E+02  0.0000000E+00  0.0000000E+00 -0.2396668E+02  0.0000000E+00  0.0000000E+00 -0.2327098E+02  0.0000000E+00  0.0000000E+00 -0.2243251E+02  0.0000000E+00  0.0000000E+00 -0.2146083E+02  0.0000000E+00  0.0000000E+00 -0.2035923E+02  0.0000000E+00  0.0000000E+00 -0.1914399E+02  0.0000000E+00  0.0000000E+00 -0.1782038E+02  0.0000000E+00  0.0000000E+00 -0.1640174E+02  0.0000000E+00  0.0000000E+00 -0.1488826E+02  0.0000000E+00  0.0000000E+00 -0.1326547E+02  0.0000000E+00  0.0000000E+00 -0.1151366E+02  0.0000000E+00  0.0000000E+00 -0.9681230E+01  0.0000000E+00  0.0000000E+00 -0.7836660E+01  0.0000000E+00  0.0000000E+00 -0.6100586E+01  0.0000000E+00  0.0000000E+00 -0.4610648E+01  0.0000000E+00  0.0000000E+00 -0.2832851E+01  0.0000000E+00  0.0000000E+00  0.0000000E+00  0.0000000E+00  0.0000000E+00  0.0000000E+00  0.5453611E+01  0.0000000E+00 -0.2991467E+00  0.3671576E+01  0.0000000E+00 -0.3378774E+01  0.1889652E+01  0.0000000E+00 -0.5448764E+01  0.1794763E+01  0.0000000E+00 -0.7313319E+01  0.1943793E+01  0.0000000E+00 -0.9428266E+01  0.1749332E+01  0.0000000E+00 -0.1124685E+02  0.1580446E+01  0.0000000E+00 -0.1272836E+02  0.1614358E+01  0.0000000E+00 -0.1428671E+02  0.1632815E+01  0.0000000E+00 -0.1598541E+02  0.1529065E+01  0.0000000E+00 -0.1766699E+02  0.1381477E+01  0.0000000E+00 -0.1922188E+02  0.1220327E+01  0.0000000E+00 -0.2054366E+02  0.1062064E+01  0.0000000E+00 -0.2165318E+02  0.9174908E+00  0.0000000E+00 -0.2259915E+02  0.7757237E+00  0.0000000E+00 -0.2338927E+02  0.6358149E+00  0.0000000E+00 -0.2403978E+02  0.4920390E+00  0.0000000E+00 -0.2454550E+02  0.3461104E+00  0.0000000E+00 -0.2490568E+02  0.1967383E+00  0.0000000E+00 -0.2511710E+02  0.4506092E-01  0.0000000E+00 -0.2517610E+02 -0.1075973E+00  0.0000000E+00 -0.2508378E+02 -0.2615307E+00  0.0000000E+00 -0.2483689E+02 -0.4137930E+00  0.0000000E+00 -0.2443915E+02 -0.5643997E+00  0.0000000E+00 -0.2389026E+02 -0.7113307E+00  0.0000000E+00 -0.2319679E+02 -0.8550540E+00  0.0000000E+00 -0.2236065E+02 -0.9914792E+00  0.0000000E+00 -0.2138817E+02 -0.1119475E+01  0.0000000E+00 -0.2029284E+02 -0.1242516E+01  0.0000000E+00 -0.1907751E+02 -0.1353450E+01  0.0000000E+00 -0.1776129E+02 -0.1459624E+01  0.0000000E+00 -0.1635197E+02 -0.1565754E+01  0.0000000E+00 -0.1484645E+02 -0.1668140E+01  0.0000000E+00 -0.1323584E+02 -0.1771437E+01  0.0000000E+00 -0.1148692E+02 -0.1862558E+01  0.0000000E+00 -0.9665439E+01 -0.1947990E+01  0.0000000E+00 -0.7809131E+01 -0.1996870E+01  0.0000000E+00 -0.6012742E+01 -0.1965362E+01  0.0000000E+00 -0.4489574E+01 -0.1828917E+01  0.0000000E+00 -0.2532386E+01 -0.1418060E+01  0.0000000E+00  0.0000000E+00 -0.1133528E+01  0.0000000E+00  0.0000000E+00  0.5431822E+01  0.0000000E+00 -0.2038694E+01  0.4480423E+01  0.0000000E+00 -0.3568805E+01  0.4238379E+01  0.0000000E+00 -0.5217885E+01  0.4169800E+01  0.0000000E+00 -0.7370753E+01  0.3861639E+01  0.0000000E+00 -0.9462342E+01  0.3590226E+01  0.0000000E+00 -0.1103996E+02  0.3551935E+01  0.0000000E+00 -0.1248000E+02  0.3537472E+01  0.0000000E+00 -0.1414061E+02  0.3383781E+01  0.0000000E+00 -0.1587962E+02  0.3145879E+01  0.0000000E+00 -0.1756363E+02  0.2859080E+01  0.0000000E+00 -0.1909390E+02  0.2564184E+01  0.0000000E+00 -0.2037884E+02  0.2285676E+01  0.0000000E+00 -0.2146383E+02  0.2012265E+01  0.0000000E+00 -0.2239048E+02  0.1739211E+01  0.0000000E+00 -0.2317026E+02  0.1460545E+01  0.0000000E+00 -0.2381201E+02  0.1175217E+01  0.0000000E+00 -0.2431319E+02  0.8825591E+00  0.0000000E+00 -0.2467031E+02  0.5834473E+00  0.0000000E+00 -0.2487990E+02  0.2798614E+00  0.0000000E+00 -0.2493943E+02 -0.2646930E-01  0.0000000E+00 -0.2484711E+02 -0.3326510E+00  0.0000000E+00 -0.2460296E+02 -0.6373987E+00  0.0000000E+00 -0.2420830E+02 -0.9386651E+00  0.0000000E+00 -0.2366410E+02 -0.1232236E+01  0.0000000E+00 -0.2297362E+02 -0.1515836E+01  0.0000000E+00 -0.2214338E+02 -0.1788856E+01  0.0000000E+00 -0.2117951E+02 -0.2047950E+01  0.0000000E+00 -0.2008808E+02 -0.2288390E+01  0.0000000E+00 -0.1888689E+02 -0.2515266E+01  0.0000000E+00 -0.1759254E+02 -0.2733485E+01  0.0000000E+00 -0.1620601E+02 -0.2947054E+01  0.0000000E+00 -0.1472599E+02 -0.3157333E+01  0.0000000E+00 -0.1313050E+02 -0.3350337E+01  0.0000000E+00 -0.1139590E+02 -0.3506530E+01  0.0000000E+00 -0.9581042E+01 -0.3640046E+01  0.0000000E+00 -0.7700986E+01 -0.3720145E+01  0.0000000E+00 -0.5834282E+01 -0.3734217E+01  0.0000000E+00 -0.4102119E+01 -0.3674622E+01  0.0000000E+00 -0.2087956E+01 -0.3362587E+01  0.0000000E+00  0.0000000E+00 -0.3264378E+01  0.0000000E+00  0.0000000E+00  0.6090309E+01  0.0000000E+00 -0.2026753E+01  0.6273997E+01  0.0000000E+00 -0.3494210E+01  0.6437199E+01  0.0000000E+00 -0.5374748E+01  0.6102900E+01  0.0000000E+00 -0.7464123E+01  0.5715323E+01  0.0000000E+00 -0.9233523E+01  0.5608544E+01  0.0000000E+00 -0.1071416E+02  0.5558912E+01  0.0000000E+00 -0.1224635E+02  0.5363039E+01  0.0000000E+00 -0.1395935E+02  0.5051449E+01  0.0000000E+00 -0.1571268E+02  0.4673322E+01  0.0000000E+00 -0.1736890E+02  0.4268186E+01  0.0000000E+00 -0.1884161E+02  0.3874557E+01  0.0000000E+00 -0.2008292E+02  0.3486923E+01  0.0000000E+00 -0.2113569E+02  0.3095423E+01  0.0000000E+00 -0.2203962E+02  0.2695350E+01  0.0000000E+00 -0.2280367E+02  0.2282532E+01  0.0000000E+00 -0.2343444E+02  0.1856451E+01  0.0000000E+00 -0.2392823E+02  0.1418368E+01  0.0000000E+00 -0.2428008E+02  0.9711981E+00  0.0000000E+00 -0.2448676E+02  0.5176398E+00  0.0000000E+00 -0.2454569E+02  0.5995824E-01  0.0000000E+00 -0.2445510E+02 -0.3984801E+00  0.0000000E+00 -0.2421477E+02 -0.8537991E+00  0.0000000E+00 -0.2382359E+02 -0.1301160E+01  0.0000000E+00 -0.2328643E+02 -0.1740147E+01  0.0000000E+00 -0.2260508E+02 -0.2164952E+01  0.0000000E+00 -0.2178232E+02 -0.2570314E+01  0.0000000E+00 -0.2082886E+02 -0.2954935E+01  0.0000000E+00 -0.1975244E+02 -0.3316939E+01  0.0000000E+00 -0.1857317E+02 -0.3657934E+01  0.0000000E+00 -0.1731412E+02 -0.3987457E+01  0.0000000E+00 -0.1597192E+02 -0.4316457E+01  0.0000000E+00 -0.1452215E+02 -0.4631131E+01  0.0000000E+00 -0.1293144E+02 -0.4899702E+01  0.0000000E+00 -0.1120887E+02 -0.5117821E+01  0.0000000E+00 -0.9391759E+01 -0.5276418E+01  0.0000000E+00 -0.7546843E+01 -0.5415211E+01  0.0000000E+00 -0.5785529E+01 -0.5619776E+01  0.0000000E+00 -0.3920787E+01 -0.5750356E+01  0.0000000E+00 -0.1893025E+01 -0.5684697E+01  0.0000000E+00  0.0000000E+00 -0.5638501E+01  0.0000000E+00  0.0000000E+00  0.8052193E+01  0.0000000E+00 -0.1759042E+01  0.8220318E+01  0.0000000E+00 -0.3636068E+01  0.7997840E+01  0.0000000E+00 -0.5511184E+01  0.7660151E+01  0.0000000E+00 -0.7251208E+01  0.7538629E+01  0.0000000E+00 -0.8886045E+01  0.7452200E+01  0.0000000E+00 -0.1043480E+02  0.7230551E+01  0.0000000E+00 -0.1201690E+02  0.6880768E+01  0.0000000E+00 -0.1373936E+02  0.6432501E+01  0.0000000E+00 -0.1545975E+02  0.5942953E+01  0.0000000E+00 -0.1704808E+02  0.5453369E+01  0.0000000E+00 -0.1845928E+02  0.4965439E+01  0.0000000E+00 -0.1965193E+02  0.4476483E+01  0.0000000E+00 -0.2066999E+02  0.3972434E+01  0.0000000E+00 -0.2154791E+02  0.3449849E+01  0.0000000E+00 -0.2229372E+02  0.2905472E+01  0.0000000E+00 -0.2291019E+02  0.2342642E+01  0.0000000E+00 -0.2339322E+02  0.1763448E+01  0.0000000E+00 -0.2373804E+02  0.1171463E+01  0.0000000E+00 -0.2394142E+02  0.5697959E+00  0.0000000E+00 -0.2399913E+02 -0.3564622E-01  0.0000000E+00 -0.2390999E+02 -0.6413381E+00  0.0000000E+00 -0.2367351E+02 -0.1243373E+01  0.0000000E+00 -0.2329106E+02 -0.1837632E+01  0.0000000E+00 -0.2276104E+02 -0.2415935E+01  0.0000000E+00 -0.2209027E+02 -0.2977141E+01  0.0000000E+00 -0.2128020E+02 -0.3513535E+01  0.0000000E+00 -0.2034181E+02 -0.4022773E+01  0.0000000E+00 -0.1928665E+02 -0.4501883E+01  0.0000000E+00 -0.1814212E+02 -0.4956442E+01  0.0000000E+00 -0.1693834E+02 -0.5397192E+01  0.0000000E+00 -0.1565062E+02 -0.5833384E+01  0.0000000E+00 -0.1422926E+02 -0.6249389E+01  0.0000000E+00 -0.1265292E+02 -0.6612504E+01  0.0000000E+00 -0.1093418E+02 -0.6918210E+01  0.0000000E+00 -0.9149371E+01 -0.7145893E+01  0.0000000E+00 -0.7433128E+01 -0.7340767E+01  0.0000000E+00 -0.5734030E+01 -0.7559250E+01  0.0000000E+00 -0.3767449E+01 -0.7641063E+01  0.0000000E+00 -0.1781292E+01 -0.7678320E+01  0.0000000E+00  0.0000000E+00 -0.7699610E+01  0.0000000E+00  0.0000000E+00  0.9941241E+01  0.0000000E+00 -0.1875495E+01  0.9781496E+01  0.0000000E+00 -0.3714790E+01  0.9538426E+01  0.0000000E+00 -0.5301773E+01  0.9464993E+01  0.0000000E+00 -0.6910679E+01  0.9402010E+01  0.0000000E+00 -0.8583384E+01  0.9178071E+01  0.0000000E+00 -0.1016640E+02  0.8818229E+01  0.0000000E+00 -0.1176768E+02  0.8336070E+01  0.0000000E+00 -0.1345512E+02  0.7784683E+01  0.0000000E+00 -0.1509544E+02  0.7221692E+01  0.0000000E+00 -0.1660547E+02  0.6651570E+01  0.0000000E+00 -0.1794354E+02  0.6078906E+01  0.0000000E+00 -0.1908510E+02  0.5490554E+01  0.0000000E+00 -0.2006603E+02  0.4876002E+01  0.0000000E+00 -0.2091698E+02  0.4232660E+01  0.0000000E+00 -0.2164063E+02  0.3561421E+01  0.0000000E+00 -0.2224050E+02  0.2864684E+01  0.0000000E+00 -0.2271104E+02  0.2146741E+01  0.0000000E+00 -0.2304712E+02  0.1413019E+01  0.0000000E+00 -0.2324475E+02  0.6689465E+00  0.0000000E+00 -0.2330100E+02 -0.8170552E-01  0.0000000E+00 -0.2321510E+02 -0.8331623E+00  0.0000000E+00 -0.2298337E+02 -0.1578218E+01  0.0000000E+00 -0.2260849E+02 -0.2312642E+01  0.0000000E+00 -0.2209137E+02 -0.3030887E+01  0.0000000E+00 -0.2143261E+02 -0.3724424E+01  0.0000000E+00 -0.2064036E+02 -0.4390765E+01  0.0000000E+00 -0.1972138E+02 -0.5020757E+01  0.0000000E+00 -0.1869499E+02 -0.5616264E+01  0.0000000E+00 -0.1759139E+02 -0.6179390E+01  0.0000000E+00 -0.1645195E+02 -0.6723567E+01  0.0000000E+00 -0.1523794E+02 -0.7264847E+01  0.0000000E+00 -0.1386541E+02 -0.7781647E+01  0.0000000E+00 -0.1233364E+02 -0.8257681E+01  0.0000000E+00 -0.1062187E+02 -0.8660218E+01  0.0000000E+00 -0.8833024E+01 -0.8939720E+01  0.0000000E+00 -0.7204175E+01 -0.9153726E+01  0.0000000E+00 -0.5543296E+01 -0.9317086E+01  0.0000000E+00 -0.3628090E+01 -0.9418743E+01  0.0000000E+00 -0.1727218E+01 -0.9517989E+01  0.0000000E+00  0.0000000E+00 -0.9567595E+01  0.0000000E+00  0.0000000E+00  0.1167407E+02  0.0000000E+00 -0.1933388E+01  0.1158001E+02  0.0000000E+00 -0.3484784E+01  0.1160338E+02  0.0000000E+00 -0.4957047E+01  0.1159394E+02  0.0000000E+00 -0.6612115E+01  0.1139185E+02  0.0000000E+00 -0.8302785E+01  0.1104049E+02  0.0000000E+00 -0.9896362E+01  0.1056013E+02  0.0000000E+00 -0.1146462E+02  0.9989761E+01  0.0000000E+00 -0.1306612E+02  0.9379631E+01  0.0000000E+00 -0.1461594E+02  0.8748123E+01  0.0000000E+00 -0.1603656E+02  0.8105400E+01  0.0000000E+00 -0.1730252E+02  0.7444609E+01  0.0000000E+00 -0.1839088E+02  0.6757222E+01  0.0000000E+00 -0.1933225E+02  0.6034549E+01  0.0000000E+00 -0.2015197E+02  0.5273510E+01  0.0000000E+00 -0.2085147E+02  0.4477172E+01  0.0000000E+00 -0.2143179E+02  0.3649644E+01  0.0000000E+00 -0.2188680E+02  0.2797496E+01  0.0000000E+00 -0.2221216E+02  0.1925611E+01  0.0000000E+00 -0.2240461E+02  0.1039892E+01  0.0000000E+00 -0.2245852E+02  0.1489177E+00  0.0000000E+00 -0.2237469E+02 -0.7436259E+00  0.0000000E+00 -0.2215018E+02 -0.1629495E+01  0.0000000E+00 -0.2178531E+02 -0.2502258E+01  0.0000000E+00 -0.2128141E+02 -0.3355573E+01  0.0000000E+00 -0.2064060E+02 -0.4181741E+01  0.0000000E+00 -0.1986580E+02 -0.4972572E+01  0.0000000E+00 -0.1897323E+02 -0.5724461E+01  0.0000000E+00 -0.1798011E+02 -0.6433434E+01  0.0000000E+00 -0.1692947E+02 -0.7104945E+01  0.0000000E+00 -0.1586829E+02 -0.7749002E+01  0.0000000E+00 -0.1473388E+02 -0.8376933E+01  0.0000000E+00 -0.1343370E+02 -0.8975985E+01  0.0000000E+00 -0.1195118E+02 -0.9536017E+01  0.0000000E+00 -0.1024699E+02 -0.1002900E+02  0.0000000E+00 -0.8482001E+01 -0.1041501E+02  0.0000000E+00 -0.6917878E+01 -0.1074237E+02  0.0000000E+00 -0.5309498E+01 -0.1096285E+02  0.0000000E+00 -0.3506739E+01 -0.1113511E+02  0.0000000E+00 -0.1689962E+01 -0.1126441E+02  0.0000000E+00  0.0000000E+00 -0.1131365E+02  0.0000000E+00  0.0000000E+00  0.1354621E+02  0.0000000E+00 -0.1703631E+01  0.1363914E+02  0.0000000E+00 -0.3156047E+01  0.1369234E+02  0.0000000E+00 -0.4687563E+01  0.1353625E+02  0.0000000E+00 -0.6355170E+01  0.1320908E+02  0.0000000E+00 -0.8028422E+01  0.1275193E+02  0.0000000E+00 -0.9579079E+01  0.1219697E+02  0.0000000E+00 -0.1106914E+02  0.1157819E+02  0.0000000E+00 -0.1257745E+02  0.1091311E+02  0.0000000E+00 -0.1402349E+02  0.1022365E+02  0.0000000E+00 -0.1535337E+02  0.9506729E+01  0.0000000E+00 -0.1654142E+02  0.8762027E+01  0.0000000E+00 -0.1757210E+02  0.7979293E+01  0.0000000E+00 -0.1847261E+02  0.7149148E+01  0.0000000E+00 -0.1925777E+02  0.6274846E+01  0.0000000E+00 -0.1993053E+02  0.5357780E+01  0.0000000E+00 -0.2048820E+02  0.4404722E+01  0.0000000E+00 -0.2092631E+02  0.3422053E+01  0.0000000E+00 -0.2123987E+02  0.2416899E+01  0.0000000E+00 -0.2142331E+02  0.1397761E+01  0.0000000E+00 -0.2147751E+02  0.3684505E+00  0.0000000E+00 -0.2139449E+02 -0.6584516E+00  0.0000000E+00 -0.2117878E+02 -0.1680916E+01  0.0000000E+00 -0.2082669E+02 -0.2687982E+01  0.0000000E+00 -0.2033797E+02 -0.3671548E+01  0.0000000E+00 -0.1971800E+02 -0.4625702E+01  0.0000000E+00 -0.1896766E+02 -0.5541498E+01  0.0000000E+00 -0.1810507E+02 -0.6411422E+01  0.0000000E+00 -0.1715141E+02 -0.7232982E+01  0.0000000E+00 -0.1615370E+02 -0.8006482E+01  0.0000000E+00 -0.1516808E+02 -0.8738259E+01  0.0000000E+00 -0.1411670E+02 -0.9438998E+01  0.0000000E+00 -0.1290676E+02 -0.1010521E+02  0.0000000E+00 -0.1151544E+02 -0.1074762E+02  0.0000000E+00 -0.9862555E+01 -0.1133502E+02  0.0000000E+00 -0.8165162E+01 -0.1184843E+02  0.0000000E+00 -0.6640340E+01 -0.1227422E+02  0.0000000E+00 -0.5083071E+01 -0.1257611E+02  0.0000000E+00 -0.3368440E+01 -0.1279562E+02  0.0000000E+00 -0.1641537E+01 -0.1295017E+02  0.0000000E+00  0.0000000E+00 -0.1301203E+02  0.0000000E+00  0.0000000E+00  0.1535579E+02  0.0000000E+00 -0.1470227E+01  0.1538635E+02  0.0000000E+00 -0.2950644E+01  0.1526504E+02  0.0000000E+00 -0.4480557E+01  0.1499031E+02  0.0000000E+00 -0.6115799E+01  0.1456643E+02  0.0000000E+00 -0.7722827E+01  0.1404405E+02  0.0000000E+00 -0.9184709E+01  0.1345529E+02  0.0000000E+00 -0.1058149E+02  0.1280050E+02  0.0000000E+00 -0.1198066E+02  0.1209304E+02  0.0000000E+00 -0.1332323E+02  0.1134394E+02  0.0000000E+00 -0.1455759E+02  0.1055741E+02  0.0000000E+00 -0.1566776E+02  0.9728699E+01  0.0000000E+00 -0.1664007E+02  0.8852149E+01  0.0000000E+00 -0.1749376E+02  0.7922023E+01  0.0000000E+00 -0.1824207E+02  0.6938775E+01  0.0000000E+00 -0.1888425E+02  0.5907271E+01  0.0000000E+00 -0.1941679E+02  0.4835147E+01  0.0000000E+00 -0.1983559E+02  0.3728983E+01  0.0000000E+00 -0.2013471E+02  0.2598195E+01  0.0000000E+00 -0.2031140E+02  0.1449774E+01  0.0000000E+00 -0.2036124E+02  0.2929918E+00  0.0000000E+00 -0.2028453E+02 -0.8661578E+00  0.0000000E+00 -0.2007602E+02 -0.2015614E+01  0.0000000E+00 -0.1973837E+02 -0.3150308E+01  0.0000000E+00 -0.1927019E+02 -0.4260836E+01  0.0000000E+00 -0.1867333E+02 -0.5337841E+01  0.0000000E+00 -0.1795135E+02 -0.6373036E+01  0.0000000E+00 -0.1712316E+02 -0.7359039E+01  0.0000000E+00 -0.1621331E+02 -0.8291084E+01  0.0000000E+00 -0.1527210E+02 -0.9166157E+01  0.0000000E+00 -0.1436159E+02 -0.9987393E+01  0.0000000E+00 -0.1339842E+02 -0.1075848E+02  0.0000000E+00 -0.1229331E+02 -0.1147917E+02  0.0000000E+00 -0.1100806E+02 -0.1216808E+02  0.0000000E+00 -0.9438842E+01 -0.1279045E+02  0.0000000E+00 -0.7822472E+01 -0.1335860E+02  0.0000000E+00 -0.6343360E+01 -0.1383249E+02  0.0000000E+00 -0.4849992E+01 -0.1419434E+02  0.0000000E+00 -0.3230618E+01 -0.1445729E+02  0.0000000E+00 -0.1584864E+01 -0.1462374E+02  0.0000000E+00  0.0000000E+00 -0.1467924E+02  0.0000000E+00  0.0000000E+00  0.1678614E+02  0.0000000E+00 -0.1380622E+01  0.1671664E+02  0.0000000E+00 -0.2812304E+01  0.1650133E+02  0.0000000E+00 -0.4305679E+01  0.1613698E+02  0.0000000E+00 -0.5857959E+01  0.1566148E+02  0.0000000E+00 -0.7344950E+01  0.1512258E+02  0.0000000E+00 -0.8700790E+01  0.1451325E+02  0.0000000E+00 -0.9998180E+01  0.1382571E+02  0.0000000E+00 -0.1128911E+02  0.1307387E+02  0.0000000E+00 -0.1252376E+02  0.1226868E+02  0.0000000E+00 -0.1366153E+02  0.1141235E+02  0.0000000E+00 -0.1468779E+02  0.1050529E+02  0.0000000E+00 -0.1559670E+02  0.9540415E+01  0.0000000E+00 -0.1640118E+02  0.8513286E+01  0.0000000E+00 -0.1710918E+02  0.7427304E+01  0.0000000E+00 -0.1771751E+02  0.6287597E+01  0.0000000E+00 -0.1822333E+02  0.5101861E+01  0.0000000E+00 -0.1861972E+02  0.3880375E+01  0.0000000E+00 -0.1890377E+02  0.2629830E+01  0.0000000E+00 -0.1907208E+02  0.1359908E+01  0.0000000E+00 -0.1911922E+02  0.8118292E-01  0.0000000E+00 -0.1904584E+02 -0.1199369E+01  0.0000000E+00 -0.1884938E+02 -0.2472750E+01  0.0000000E+00 -0.1852810E+02 -0.3728579E+01  0.0000000E+00 -0.1808303E+02 -0.4959131E+01  0.0000000E+00 -0.1751447E+02 -0.6154187E+01  0.0000000E+00 -0.1682698E+02 -0.7306431E+01  0.0000000E+00 -0.1603989E+02 -0.8406021E+01  0.0000000E+00 -0.1517797E+02 -0.9447343E+01  0.0000000E+00 -0.1429547E+02 -0.1042334E+02  0.0000000E+00 -0.1345364E+02 -0.1133033E+02  0.0000000E+00 -0.1256757E+02 -0.1216425E+02  0.0000000E+00 -0.1156562E+02 -0.1292901E+02  0.0000000E+00 -0.1038266E+02 -0.1363816E+02  0.0000000E+00 -0.8929394E+01 -0.1428340E+02  0.0000000E+00 -0.7425683E+01 -0.1488316E+02  0.0000000E+00 -0.6022316E+01 -0.1538852E+02  0.0000000E+00 -0.4597437E+01 -0.1577819E+02  0.0000000E+00 -0.3065352E+01 -0.1605759E+02  0.0000000E+00 -0.1505811E+01 -0.1622763E+02  0.0000000E+00  0.0000000E+00 -0.1628436E+02  0.0000000E+00  0.0000000E+00  0.1793137E+02  0.0000000E+00 -0.1334152E+01  0.1783398E+02  0.0000000E+00 -0.2708629E+01  0.1757403E+02  0.0000000E+00 -0.4115074E+01  0.1718050E+02  0.0000000E+00 -0.5532062E+01  0.1670696E+02  0.0000000E+00 -0.6892251E+01  0.1615719E+02  0.0000000E+00 -0.8137884E+01  0.1552879E+02  0.0000000E+00 -0.9327410E+01  0.1481390E+02  0.0000000E+00 -0.1050585E+02  0.1401936E+02  0.0000000E+00 -0.1163092E+02  0.1315789E+02  0.0000000E+00 -0.1266866E+02  0.1223507E+02  0.0000000E+00 -0.1361062E+02  0.1125043E+02  0.0000000E+00 -0.1445315E+02  0.1020059E+02  0.0000000E+00 -0.1520437E+02  0.9082556E+01  0.0000000E+00 -0.1586817E+02  0.7898926E+01  0.0000000E+00 -0.1643989E+02  0.6657519E+01  0.0000000E+00 -0.1691453E+02  0.5366324E+01  0.0000000E+00 -0.1728901E+02  0.4033422E+01  0.0000000E+00 -0.1755537E+02  0.2672220E+01  0.0000000E+00 -0.1771341E+02  0.1288991E+01  0.0000000E+00 -0.1775963E+02 -0.1059283E+00  0.0000000E+00 -0.1769088E+02 -0.1501912E+01  0.0000000E+00 -0.1750675E+02 -0.2890238E+01  0.0000000E+00 -0.1720567E+02 -0.4261482E+01  0.0000000E+00 -0.1678658E+02 -0.5605537E+01  0.0000000E+00 -0.1625211E+02 -0.6914109E+01  0.0000000E+00 -0.1560398E+02 -0.8177488E+01  0.0000000E+00 -0.1486363E+02 -0.9386743E+01  0.0000000E+00 -0.1405515E+02 -0.1053472E+02  0.0000000E+00 -0.1323165E+02 -0.1161130E+02  0.0000000E+00 -0.1245504E+02 -0.1260913E+02  0.0000000E+00 -0.1164308E+02 -0.1351676E+02  0.0000000E+00 -0.1073961E+02 -0.1434203E+02  0.0000000E+00 -0.9665900E+01 -0.1508802E+02  0.0000000E+00 -0.8342799E+01 -0.1575886E+02  0.0000000E+00 -0.6956961E+01 -0.1636687E+02  0.0000000E+00 -0.5637164E+01 -0.1687105E+02  0.0000000E+00 -0.4306075E+01 -0.1727253E+02  0.0000000E+00 -0.2867548E+01 -0.1755189E+02  0.0000000E+00 -0.1407630E+01 -0.1772109E+02  0.0000000E+00  0.0000000E+00 -0.1777812E+02  0.0000000E+00  0.0000000E+00  0.1899643E+02  0.0000000E+00 -0.1293174E+01  0.1888903E+02  0.0000000E+00 -0.2586453E+01  0.1862831E+02  0.0000000E+00 -0.3863992E+01  0.1825487E+02  0.0000000E+00 -0.5144439E+01  0.1778562E+02  0.0000000E+00 -0.6364652E+01  0.1723524E+02  0.0000000E+00 -0.7493517E+01  0.1659172E+02  0.0000000E+00 -0.8578088E+01  0.1584381E+02  0.0000000E+00 -0.9644783E+01  0.1500455E+02  0.0000000E+00 -0.1065717E+02  0.1408936E+02  0.0000000E+00 -0.1159178E+02  0.1310217E+02  0.0000000E+00 -0.1244406E+02  0.1204541E+02  0.0000000E+00 -0.1321503E+02  0.1091622E+02  0.0000000E+00 -0.1391046E+02  0.9711380E+01  0.0000000E+00 -0.1452562E+02  0.8437511E+01  0.0000000E+00 -0.1505887E+02  0.7099274E+01  0.0000000E+00 -0.1550121E+02  0.5708699E+01  0.0000000E+00 -0.1584805E+02  0.4275752E+01  0.0000000E+00 -0.1609880E+02  0.2807633E+01  0.0000000E+00 -0.1624567E+02  0.1318865E+01  0.0000000E+00 -0.1628950E+02 -0.1829535E+00  0.0000000E+00 -0.1622748E+02 -0.1687338E+01  0.0000000E+00 -0.1605695E+02 -0.3183274E+01  0.0000000E+00 -0.1577862E+02 -0.4662100E+01  0.0000000E+00 -0.1539007E+02 -0.6113728E+01  0.0000000E+00 -0.1489436E+02 -0.7528670E+01  0.0000000E+00 -0.1429170E+02 -0.8897525E+01  0.0000000E+00 -0.1360618E+02 -0.1021303E+02  0.0000000E+00 -0.1285723E+02 -0.1146457E+02  0.0000000E+00 -0.1209915E+02 -0.1264117E+02  0.0000000E+00 -0.1138799E+02 -0.1373280E+02  0.0000000E+00 -0.1064900E+02 -0.1472089E+02  0.0000000E+00 -0.9833195E+01 -0.1560961E+02  0.0000000E+00 -0.8858649E+01 -0.1639591E+02  0.0000000E+00 -0.7663430E+01 -0.1709389E+02  0.0000000E+00 -0.6401735E+01 -0.1771333E+02  0.0000000E+00 -0.5194025E+01 -0.1823078E+02  0.0000000E+00 -0.3963077E+01 -0.1863411E+02  0.0000000E+00 -0.2635850E+01 -0.1891887E+02  0.0000000E+00 -0.1296752E+01 -0.1909731E+02  0.0000000E+00  0.0000000E+00 -0.1915818E+02  0.0000000E+00  0.0000000E+00  0.2012686E+02  0.0000000E+00 -0.1229001E+01  0.2003663E+02  0.0000000E+00 -0.2403485E+01  0.1980818E+02  0.0000000E+00 -0.3550797E+01  0.1945475E+02  0.0000000E+00 -0.4684789E+01  0.1899703E+02  0.0000000E+00 -0.5770688E+01  0.1843908E+02  0.0000000E+00 -0.6786744E+01  0.1777270E+02  0.0000000E+00 -0.7761112E+01  0.1699445E+02  0.0000000E+00 -0.8710011E+01  0.1611393E+02  0.0000000E+00 -0.9608257E+01  0.1514524E+02  0.0000000E+00 -0.1043701E+02  0.1409682E+02  0.0000000E+00 -0.1119746E+02  0.1297087E+02  0.0000000E+00 -0.1189525E+02  0.1176575E+02  0.0000000E+00 -0.1252961E+02  0.1048086E+02  0.0000000E+00 -0.1309461E+02  0.9121397E+01  0.0000000E+00 -0.1358384E+02  0.7695893E+01  0.0000000E+00 -0.1399163E+02  0.6212618E+01  0.0000000E+00 -0.1431196E+02  0.4684303E+01  0.0000000E+00 -0.1454207E+02  0.3120909E+01  0.0000000E+00 -0.1467944E+02  0.1532925E+01  0.0000000E+00 -0.1472090E+02 -0.6782176E-01  0.0000000E+00 -0.1466561E+02 -0.1671627E+01  0.0000000E+00 -0.1451183E+02 -0.3267978E+01  0.0000000E+00 -0.1425851E+02 -0.4846585E+01  0.0000000E+00 -0.1390439E+02 -0.6397044E+01  0.0000000E+00 -0.1345189E+02 -0.7911094E+01  0.0000000E+00 -0.1290292E+02 -0.9379260E+01  0.0000000E+00 -0.1227675E+02 -0.1079155E+02  0.0000000E+00 -0.1159540E+02 -0.1214053E+02  0.0000000E+00 -0.1090695E+02 -0.1341203E+02  0.0000000E+00 -0.1026166E+02 -0.1459178E+02  0.0000000E+00 -0.9596140E+01 -0.1566369E+02  0.0000000E+00 -0.8865453E+01 -0.1662566E+02  0.0000000E+00 -0.7993304E+01 -0.1747291E+02  0.0000000E+00 -0.6929444E+01 -0.1822492E+02  0.0000000E+00 -0.5792444E+01 -0.1887614E+02  0.0000000E+00 -0.4702636E+01 -0.1942491E+02  0.0000000E+00 -0.3585152E+01 -0.1984974E+02  0.0000000E+00 -0.2389524E+01 -0.2015785E+02  0.0000000E+00 -0.1176381E+01 -0.2034741E+02  0.0000000E+00  0.0000000E+00 -0.2041048E+02  0.0000000E+00  0.0000000E+00  0.2128586E+02  0.0000000E+00 -0.1118044E+01  0.2121540E+02  0.0000000E+00 -0.2168801E+01  0.2100754E+02  0.0000000E+00 -0.3182022E+01  0.2066929E+02  0.0000000E+00 -0.4173642E+01  0.2021321E+02  0.0000000E+00 -0.5122751E+01  0.1964538E+02  0.0000000E+00 -0.6019268E+01  0.1895946E+02  0.0000000E+00 -0.6884927E+01  0.1814689E+02  0.0000000E+00 -0.7717493E+01  0.1722315E+02  0.0000000E+00 -0.8497167E+01  0.1620584E+02  0.0000000E+00 -0.9217333E+01  0.1509947E+02  0.0000000E+00 -0.9880838E+01  0.1391041E+02  0.0000000E+00 -0.1050089E+02  0.1263628E+02  0.0000000E+00 -0.1107046E+02  0.1127820E+02  0.0000000E+00 -0.1158218E+02  0.9840297E+01  0.0000000E+00 -0.1202661E+02  0.8333397E+01  0.0000000E+00 -0.1239577E+02  0.6767529E+01  0.0000000E+00 -0.1268861E+02  0.5152039E+01  0.0000000E+00 -0.1289739E+02  0.3501478E+01  0.0000000E+00 -0.1302342E+02  0.1824883E+01  0.0000000E+00 -0.1306378E+02  0.1332696E+00  0.0000000E+00 -0.1301583E+02 -0.1560543E+01  0.0000000E+00 -0.1288017E+02 -0.3247596E+01  0.0000000E+00 -0.1265390E+02 -0.4916054E+01  0.0000000E+00 -0.1233872E+02 -0.6557788E+01  0.0000000E+00 -0.1193364E+02 -0.8160903E+01  0.0000000E+00 -0.1144236E+02 -0.9718272E+01  0.0000000E+00 -0.1088460E+02 -0.1122115E+02  0.0000000E+00 -0.1027542E+02 -0.1265724E+02  0.0000000E+00 -0.9665653E+01 -0.1401766E+02  0.0000000E+00 -0.9094184E+01 -0.1528371E+02  0.0000000E+00 -0.8506176E+01 -0.1643608E+02  0.0000000E+00 -0.7861350E+01 -0.1747326E+02  0.0000000E+00 -0.7092942E+01 -0.1838739E+02  0.0000000E+00 -0.6151484E+01 -0.1919145E+02  0.0000000E+00 -0.5153630E+01 -0.1989433E+02  0.0000000E+00 -0.4186016E+01 -0.2048099E+02  0.0000000E+00 -0.3192460E+01 -0.2093773E+02  0.0000000E+00 -0.2128990E+01 -0.2126647E+02  0.0000000E+00 -0.1049251E+01 -0.2146905E+02  0.0000000E+00  0.0000000E+00 -0.2154179E+02  0.0000000E+00  0.0000000E+00  0.2237173E+02  0.0000000E+00 -0.9809496E+00  0.2230653E+02  0.0000000E+00 -0.1895444E+01  0.2210914E+02  0.0000000E+00 -0.2768819E+01  0.2177871E+02  0.0000000E+00 -0.3615806E+01  0.2131923E+02  0.0000000E+00 -0.4429466E+01  0.2073594E+02  0.0000000E+00 -0.5209904E+01  0.2002380E+02  0.0000000E+00 -0.5960327E+01  0.1918146E+02  0.0000000E+00 -0.6670169E+01  0.1821999E+02  0.0000000E+00 -0.7330672E+01  0.1715514E+02  0.0000000E+00 -0.7938189E+01  0.1599730E+02  0.0000000E+00 -0.8503750E+01  0.1474996E+02  0.0000000E+00 -0.9043171E+01  0.1341247E+02  0.0000000E+00 -0.9546223E+01  0.1198777E+02  0.0000000E+00 -0.9999390E+01  0.1048146E+02  0.0000000E+00 -0.1039647E+02  0.8901777E+01  0.0000000E+00 -0.1072656E+02  0.7261079E+01  0.0000000E+00 -0.1098711E+02  0.5570779E+01  0.0000000E+00 -0.1117591E+02  0.3841160E+01  0.0000000E+00 -0.1129022E+02  0.2085215E+01  0.0000000E+00 -0.1132804E+02  0.3150891E+00  0.0000000E+00 -0.1128963E+02 -0.1459674E+01  0.0000000E+00 -0.1117269E+02 -0.3226601E+01  0.0000000E+00 -0.1097725E+02 -0.4975647E+01  0.0000000E+00 -0.1070228E+02 -0.6696360E+01  0.0000000E+00 -0.1035034E+02 -0.8379704E+01  0.0000000E+00 -0.9922363E+01 -0.1001581E+02  0.0000000E+00 -0.9436770E+01 -0.1159639E+02  0.0000000E+00 -0.8909517E+01 -0.1311123E+02  0.0000000E+00 -0.8380533E+01 -0.1454627E+02  0.0000000E+00 -0.7887456E+01 -0.1588501E+02  0.0000000E+00 -0.7382660E+01 -0.1711051E+02  0.0000000E+00 -0.6827040E+01 -0.1821217E+02  0.0000000E+00 -0.6165757E+01 -0.1918771E+02  0.0000000E+00 -0.5358210E+01 -0.2004845E+02  0.0000000E+00 -0.4493138E+01 -0.2079357E+02  0.0000000E+00 -0.3651905E+01 -0.2141556E+02  0.0000000E+00 -0.2786084E+01 -0.2190059E+02  0.0000000E+00 -0.1862272E+01 -0.2225133E+02  0.0000000E+00 -0.9217532E+00 -0.2246674E+02  0.0000000E+00  0.0000000E+00 -0.2253916E+02  0.0000000E+00  0.0000000E+00  0.2332979E+02  0.0000000E+00 -0.8234754E+00  0.2327121E+02  0.0000000E+00 -0.1592184E+01  0.2307790E+02  0.0000000E+00 -0.2325484E+01  0.2274357E+02  0.0000000E+00 -0.3029405E+01  0.2227287E+02  0.0000000E+00 -0.3701961E+01  0.2167449E+02  0.0000000E+00 -0.4359877E+01  0.2094009E+02  0.0000000E+00 -0.4995557E+01  0.2006575E+02  0.0000000E+00 -0.5583449E+01  0.1906719E+02  0.0000000E+00 -0.6119745E+01  0.1796227E+02  0.0000000E+00 -0.6612867E+01  0.1675675E+02  0.0000000E+00 -0.7076661E+01  0.1545809E+02  0.0000000E+00 -0.7529848E+01  0.1406745E+02  0.0000000E+00 -0.7963542E+01  0.1258359E+02  0.0000000E+00 -0.8357294E+01  0.1101626E+02  0.0000000E+00 -0.8702640E+01  0.9375087E+01  0.0000000E+00 -0.8992685E+01  0.7668629E+01  0.0000000E+00 -0.9220631E+01  0.5912156E+01  0.0000000E+00 -0.9387279E+01  0.4115376E+01  0.0000000E+00 -0.9488519E+01  0.2292087E+01  0.0000000E+00 -0.9525761E+01  0.4519828E+00  0.0000000E+00 -0.9496063E+01 -0.1391029E+01  0.0000000E+00 -0.9399571E+01 -0.3227106E+01  0.0000000E+00 -0.9236633E+01 -0.5045368E+01  0.0000000E+00 -0.9004702E+01 -0.6834042E+01  0.0000000E+00 -0.8708434E+01 -0.8585567E+01  0.0000000E+00 -0.8347649E+01 -0.1028898E+02  0.0000000E+00 -0.7939090E+01 -0.1193576E+02  0.0000000E+00 -0.7496594E+01 -0.1351519E+02  0.0000000E+00 -0.7057493E+01 -0.1501591E+02  0.0000000E+00 -0.6649738E+01 -0.1641740E+02  0.0000000E+00 -0.6231900E+01 -0.1770163E+02  0.0000000E+00 -0.5771164E+01 -0.1886082E+02  0.0000000E+00 -0.5218962E+01 -0.1988837E+02  0.0000000E+00 -0.4540299E+01 -0.2079111E+02  0.0000000E+00 -0.3815676E+01 -0.2157609E+02  0.0000000E+00 -0.3105255E+01 -0.2223016E+02  0.0000000E+00 -0.2370777E+01 -0.2273946E+02  0.0000000E+00 -0.1584062E+01 -0.2310274E+02  0.0000000E+00 -0.7882041E+00 -0.2332936E+02  0.0000000E+00  0.0000000E+00 -0.2340675E+02  0.0000000E+00  0.0000000E+00  0.2412768E+02  0.0000000E+00 -0.6562713E+00  0.2406499E+02  0.0000000E+00 -0.1275774E+01  0.2386616E+02  0.0000000E+00 -0.1862105E+01  0.2352695E+02  0.0000000E+00 -0.2416571E+01  0.2304482E+02  0.0000000E+00 -0.2949996E+01  0.2242709E+02  0.0000000E+00 -0.3485549E+01  0.2166784E+02  0.0000000E+00 -0.3999833E+01  0.2076835E+02  0.0000000E+00 -0.4460068E+01  0.1973854E+02  0.0000000E+00 -0.4871786E+01  0.1859631E+02  0.0000000E+00 -0.5247081E+01  0.1735130E+02  0.0000000E+00 -0.5606865E+01  0.1600821E+02  0.0000000E+00 -0.5974819E+01  0.1456898E+02  0.0000000E+00 -0.6333890E+01  0.1303732E+02  0.0000000E+00 -0.6665354E+01  0.1141829E+02  0.0000000E+00 -0.6959020E+01  0.9723395E+01  0.0000000E+00 -0.7204235E+01  0.7964001E+01  0.0000000E+00 -0.7399831E+01  0.6151555E+01  0.0000000E+00 -0.7542165E+01  0.4299117E+01  0.0000000E+00 -0.7631729E+01  0.2418280E+01  0.0000000E+00 -0.7666413E+01  0.5219115E+00  0.0000000E+00 -0.7647191E+01 -0.1379254E+01  0.0000000E+00 -0.7572184E+01 -0.3272318E+01  0.0000000E+00 -0.7441977E+01 -0.5147090E+01  0.0000000E+00 -0.7257244E+01 -0.6993574E+01  0.0000000E+00 -0.7017933E+01 -0.8799862E+01  0.0000000E+00 -0.6728095E+01 -0.1055877E+02  0.0000000E+00 -0.6401080E+01 -0.1226028E+02  0.0000000E+00 -0.6047853E+01 -0.1389219E+02  0.0000000E+00 -0.5699816E+01 -0.1544257E+02  0.0000000E+00 -0.5380331E+01 -0.1689189E+02  0.0000000E+00 -0.5054390E+01 -0.1822383E+02  0.0000000E+00 -0.4691262E+01 -0.1942496E+02  0.0000000E+00 -0.4252257E+01 -0.2049212E+02  0.0000000E+00 -0.3709919E+01 -0.2143175E+02  0.0000000E+00 -0.3123891E+01 -0.2224427E+02  0.0000000E+00 -0.2543625E+01 -0.2291873E+02  0.0000000E+00 -0.1942211E+01 -0.2344526E+02  0.0000000E+00 -0.1303677E+01 -0.2382372E+02  0.0000000E+00 -0.6500136E+00 -0.2405431E+02  0.0000000E+00  0.0000000E+00 -0.2413240E+02  0.0000000E+00  0.0000000E+00  0.2474160E+02  0.0000000E+00 -0.4852312E+00  0.2467906E+02  0.0000000E+00 -0.9467965E+00  0.2447764E+02  0.0000000E+00 -0.1388315E+01  0.2412582E+02  0.0000000E+00 -0.1791961E+01  0.2363056E+02  0.0000000E+00 -0.2180991E+01  0.2299664E+02  0.0000000E+00 -0.2587383E+01  0.2221853E+02  0.0000000E+00 -0.2981566E+01  0.2129282E+02  0.0000000E+00 -0.3313726E+01  0.2023590E+02  0.0000000E+00 -0.3597376E+01  0.1906334E+02  0.0000000E+00 -0.3854114E+01  0.1778401E+02  0.0000000E+00 -0.4105302E+01  0.1640608E+02  0.0000000E+00 -0.4384160E+01  0.1492804E+02  0.0000000E+00 -0.4667868E+01  0.1335557E+02  0.0000000E+00 -0.4934006E+01  0.1169585E+02  0.0000000E+00 -0.5173727E+01  0.9957958E+01  0.0000000E+00 -0.5373872E+01  0.8155181E+01  0.0000000E+00 -0.5534628E+01  0.6298799E+01  0.0000000E+00 -0.5652994E+01  0.4401440E+01  0.0000000E+00 -0.5729015E+01  0.2475822E+01  0.0000000E+00 -0.5762573E+01  0.5337941E+00  0.0000000E+00 -0.5752350E+01 -0.1411675E+01  0.0000000E+00 -0.5700584E+01 -0.3350806E+01  0.0000000E+00 -0.5604740E+01 -0.5270107E+01  0.0000000E+00 -0.5466235E+01 -0.7159786E+01  0.0000000E+00 -0.5288200E+01 -0.9011148E+01  0.0000000E+00 -0.5069685E+01 -0.1081151E+02  0.0000000E+00 -0.4825414E+01 -0.1255369E+02  0.0000000E+00 -0.4564021E+01 -0.1422519E+02  0.0000000E+00 -0.4311772E+01 -0.1581431E+02  0.0000000E+00 -0.4085279E+01 -0.1729996E+02  0.0000000E+00 -0.3853854E+01 -0.1866480E+02  0.0000000E+00 -0.3591220E+01 -0.1989736E+02  0.0000000E+00 -0.3267421E+01 -0.2099301E+02  0.0000000E+00 -0.2856906E+01 -0.2195315E+02  0.0000000E+00 -0.2415019E+01 -0.2278726E+02  0.0000000E+00 -0.1971050E+01 -0.2347901E+02  0.0000000E+00 -0.1503828E+01 -0.2401520E+02  0.0000000E+00 -0.1011599E+01 -0.2440076E+02  0.0000000E+00 -0.5075986E+00 -0.2463662E+02  0.0000000E+00  0.0000000E+00 -0.2471745E+02  0.0000000E+00  0.0000000E+00  0.2518100E+02  0.0000000E+00 -0.3119296E+00  0.2511343E+02  0.0000000E+00 -0.6181815E+00  0.2490353E+02  0.0000000E+00 -0.9067730E+00  0.2454459E+02  0.0000000E+00 -0.1156945E+01  0.2403762E+02  0.0000000E+00 -0.1402054E+01  0.2338707E+02  0.0000000E+00 -0.1680418E+01  0.2258980E+02  0.0000000E+00 -0.1947618E+01  0.2164658E+02  0.0000000E+00 -0.2149114E+01  0.2056735E+02  0.0000000E+00 -0.2302302E+01  0.1937204E+02  0.0000000E+00 -0.2438499E+01  0.1806559E+02  0.0000000E+00 -0.2583131E+01  0.1665786E+02  0.0000000E+00 -0.2769392E+01  0.1515095E+02  0.0000000E+00 -0.2976063E+01  0.1354746E+02  0.0000000E+00 -0.3175678E+01  0.1185576E+02  0.0000000E+00 -0.3358003E+01  0.1008712E+02  0.0000000E+00 -0.3512757E+01  0.8251161E+01  0.0000000E+00 -0.3637216E+01  0.6362313E+01  0.0000000E+00 -0.3730612E+01  0.4432298E+01  0.0000000E+00 -0.3792899E+01  0.2473785E+01  0.0000000E+00 -0.3824423E+01  0.4987752E+00  0.0000000E+00 -0.3825022E+01 -0.1479944E+01  0.0000000E+00 -0.3794967E+01 -0.3450909E+01  0.0000000E+00 -0.3734945E+01 -0.5402898E+01  0.0000000E+00 -0.3645081E+01 -0.7324733E+01  0.0000000E+00 -0.3526938E+01 -0.9205704E+01  0.0000000E+00 -0.3383343E+01 -0.1103699E+02  0.0000000E+00 -0.3223373E+01 -0.1280776E+02  0.0000000E+00 -0.3055955E+01 -0.1450683E+02  0.0000000E+00 -0.2898764E+01 -0.1611976E+02  0.0000000E+00 -0.2766128E+01 -0.1762853E+02  0.0000000E+00 -0.2631038E+01 -0.1901531E+02  0.0000000E+00 -0.2471632E+01 -0.2026688E+02  0.0000000E+00 -0.2264615E+01 -0.2138014E+02  0.0000000E+00 -0.1994137E+01 -0.2235790E+02  0.0000000E+00 -0.1692433E+01 -0.2320066E+02  0.0000000E+00 -0.1383281E+01 -0.2389972E+02  0.0000000E+00 -0.1057906E+01 -0.2444528E+02  0.0000000E+00 -0.7145039E+00 -0.2483436E+02  0.0000000E+00 -0.3624253E+00 -0.2507199E+02  0.0000000E+00  0.0000000E+00 -0.2515201E+02  0.0000000E+00  0.0000000E+00  0.2543497E+02  0.0000000E+00 -0.1388998E+00  0.2536798E+02  0.0000000E+00 -0.2878042E+00  0.2515258E+02  0.0000000E+00 -0.4240946E+00  0.2478493E+02  0.0000000E+00 -0.5231297E+00  0.2426578E+02  0.0000000E+00 -0.6186563E+00  0.2360463E+02  0.0000000E+00 -0.7646833E+00  0.2279477E+02  0.0000000E+00 -0.9069241E+00  0.2183499E+02  0.0000000E+00 -0.9758038E+00  0.2074046E+02  0.0000000E+00 -0.1001285E+01  0.1952514E+02  0.0000000E+00 -0.1012704E+01  0.1820218E+02  0.0000000E+00 -0.1047861E+01  0.1677432E+02  0.0000000E+00 -0.1141217E+01  0.1524623E+02  0.0000000E+00 -0.1267738E+01  0.1362217E+02  0.0000000E+00 -0.1399521E+01  0.1190933E+02  0.0000000E+00 -0.1524609E+01  0.1011864E+02  0.0000000E+00 -0.1631500E+01  0.8262464E+01  0.0000000E+00 -0.1718930E+01  0.6352718E+01  0.0000000E+00 -0.1786971E+01  0.4401487E+01  0.0000000E+00 -0.1835024E+01  0.2422425E+01  0.0000000E+00 -0.1863808E+01  0.4274185E+00  0.0000000E+00 -0.1875271E+01 -0.1572240E+01  0.0000000E+00 -0.1867307E+01 -0.3562566E+01  0.0000000E+00 -0.1842982E+01 -0.5534057E+01  0.0000000E+00 -0.1801521E+01 -0.7474719E+01  0.0000000E+00 -0.1744940E+01 -0.9374170E+01  0.0000000E+00 -0.1674992E+01 -0.1122217E+02  0.0000000E+00 -0.1600324E+01 -0.1300923E+02  0.0000000E+00 -0.1525344E+01 -0.1472167E+02  0.0000000E+00 -0.1467266E+01 -0.1634944E+02  0.0000000E+00 -0.1429819E+01 -0.1786951E+02  0.0000000E+00 -0.1392613E+01 -0.1926659E+02  0.0000000E+00 -0.1338482E+01 -0.2052834E+02  0.0000000E+00 -0.1247366E+01 -0.2164749E+02  0.0000000E+00 -0.1112394E+01 -0.2262953E+02  0.0000000E+00 -0.9583483E+00 -0.2347973E+02  0.0000000E+00 -0.7875551E+00 -0.2418162E+02  0.0000000E+00 -0.6021507E+00 -0.2472734E+02  0.0000000E+00 -0.4096747E+00 -0.2511735E+02  0.0000000E+00 -0.2136175E+00 -0.2535700E+02  0.0000000E+00  0.0000000E+00 -0.2543749E+02  0.0000000E+00  0.0000000E+00  0.2551823E+02  0.0000000E+00  0.3069694E-01  0.2544660E+02  0.0000000E+00  0.3961043E-01  0.2522647E+02  0.0000000E+00  0.5535893E-01  0.2485280E+02  0.0000000E+00  0.1121251E+00  0.2432725E+02  0.0000000E+00  0.1624451E+00  0.2365643E+02  0.0000000E+00  0.1473431E+00  0.2283514E+02  0.0000000E+00  0.1344444E+00  0.2186722E+02  0.0000000E+00  0.1985816E+00  0.2076300E+02  0.0000000E+00  0.3056042E+00  0.1953871E+02  0.0000000E+00  0.4145084E+00  0.1820253E+02  0.0000000E+00  0.4904374E+00  0.1676378E+02  0.0000000E+00  0.4903668E+00  0.1522342E+02  0.0000000E+00  0.4444126E+00  0.1358802E+02  0.0000000E+00  0.3822933E+00  0.1186432E+02  0.0000000E+00  0.3165882E+00  0.1006442E+02  0.0000000E+00  0.2577360E+00  0.8197713E+01  0.0000000E+00  0.2080162E+00  0.6279208E+01  0.0000000E+00  0.1667598E+00  0.4319658E+01  0.0000000E+00  0.1330621E+00  0.2331895E+01  0.0000000E+00  0.1065145E+00  0.3289060E+00  0.0000000E+00  0.8637773E-01 -0.1677154E+01  0.0000000E+00  0.7048455E-01 -0.3675765E+01  0.0000000E+00  0.5997376E-01 -0.5653486E+01  0.0000000E+00  0.5295735E-01 -0.7600197E+01  0.0000000E+00  0.4768198E-01 -0.9505655E+01  0.0000000E+00  0.4361056E-01 -0.1135842E+02  0.0000000E+00  0.3394691E-01 -0.1314880E+02  0.0000000E+00  0.1388112E-01 -0.1486538E+02  0.0000000E+00 -0.2266331E-01 -0.1649268E+02  0.0000000E+00 -0.8155433E-01 -0.1801412E+02  0.0000000E+00 -0.1414928E+00 -0.1941000E+02  0.0000000E+00 -0.1921872E+00 -0.2067071E+02  0.0000000E+00 -0.2220424E+00 -0.2179145E+02  0.0000000E+00 -0.2261583E+00 -0.2277266E+02  0.0000000E+00 -0.2139247E+00 -0.2361757E+02  0.0000000E+00 -0.1832584E+00 -0.2431718E+02  0.0000000E+00 -0.1408205E+00 -0.2486168E+02  0.0000000E+00 -0.1041804E+00 -0.2525114E+02  0.0000000E+00 -0.6185467E-01 -0.2548735E+02  0.0000000E+00  0.0000000E+00 -0.2556733E+02  0.0000000E+00  0.0000000E+00  0.2542533E+02  0.0000000E+00  0.1977222E+00  0.2535364E+02  0.0000000E+00  0.3637684E+00  0.2513192E+02  0.0000000E+00  0.5283849E+00  0.2475243E+02  0.0000000E+00  0.7383502E+00  0.2422192E+02  0.0000000E+00  0.9352839E+00  0.2354565E+02  0.0000000E+00  0.1055375E+01  0.2272230E+02  0.0000000E+00  0.1169683E+01  0.2174901E+02  0.0000000E+00  0.1364165E+01  0.2063964E+02  0.0000000E+00  0.1602842E+01  0.1941256E+02  0.0000000E+00  0.1833949E+01  0.1807312E+02  0.0000000E+00  0.2020184E+01  0.1663077E+02  0.0000000E+00  0.2116213E+01  0.1508928E+02  0.0000000E+00  0.2150743E+01  0.1345163E+02  0.0000000E+00  0.2159849E+01  0.1172834E+02  0.0000000E+00  0.2152432E+01  0.9928003E+01  0.0000000E+00  0.2144309E+01  0.8064770E+01  0.0000000E+00  0.2131832E+01  0.6147901E+01  0.0000000E+00  0.2117655E+01  0.4192115E+01  0.0000000E+00  0.2100024E+01  0.2209538E+01  0.0000000E+00  0.2075673E+01  0.2105435E+00  0.0000000E+00  0.2046014E+01 -0.1790506E+01  0.0000000E+00  0.2008687E+01 -0.3782531E+01  0.0000000E+00  0.1962675E+01 -0.5754728E+01  0.0000000E+00  0.1907734E+01 -0.7694966E+01  0.0000000E+00  0.1842292E+01 -0.9592872E+01  0.0000000E+00  0.1765015E+01 -0.1143803E+02  0.0000000E+00  0.1671179E+01 -0.1322078E+02  0.0000000E+00  0.1559876E+01 -0.1492712E+02  0.0000000E+00  0.1425245E+01 -0.1654605E+02  0.0000000E+00  0.1272542E+01 -0.1805659E+02  0.0000000E+00  0.1111961E+01 -0.1944464E+02  0.0000000E+00  0.9572885E+00 -0.2069492E+02  0.0000000E+00  0.8107206E+00 -0.2180447E+02  0.0000000E+00  0.6696146E+00 -0.2277653E+02  0.0000000E+00  0.5353858E+00 -0.2361483E+02  0.0000000E+00  0.4244883E+00 -0.2430752E+02  0.0000000E+00  0.3240786E+00 -0.2484468E+02  0.0000000E+00  0.2074306E+00 -0.2522900E+02  0.0000000E+00  0.9078341E-01 -0.2546378E+02  0.0000000E+00  0.0000000E+00 -0.2554326E+02  0.0000000E+00  0.0000000E+00  0.2516880E+02  0.0000000E+00  0.3616026E+00  0.2509598E+02  0.0000000E+00  0.6788088E+00  0.2487041E+02  0.0000000E+00  0.9937200E+00  0.2449020E+02  0.0000000E+00  0.1355810E+01  0.2395962E+02  0.0000000E+00  0.1697477E+01  0.2328208E+02  0.0000000E+00  0.1947217E+01  0.2245607E+02  0.0000000E+00  0.2190602E+01  0.2148604E+02  0.0000000E+00  0.2518409E+01  0.2038048E+02  0.0000000E+00  0.2884836E+01  0.1915553E+02  0.0000000E+00  0.3238335E+01  0.1782116E+02  0.0000000E+00  0.3534008E+01  0.1638417E+02  0.0000000E+00  0.3723583E+01  0.1484807E+02  0.0000000E+00  0.3840891E+01  0.1321974E+02  0.0000000E+00  0.3920187E+01  0.1150603E+02  0.0000000E+00  0.3974182E+01  0.9718545E+01  0.0000000E+00  0.4014491E+01  0.7867462E+01  0.0000000E+00  0.4042082E+01  0.5966551E+01  0.0000000E+00  0.4055092E+01  0.4026263E+01  0.0000000E+00  0.4052159E+01  0.2059396E+01  0.0000000E+00  0.4032569E+01  0.7905733E-01  0.0000000E+00  0.3993380E+01 -0.1904441E+01  0.0000000E+00  0.3934377E+01 -0.3878352E+01  0.0000000E+00  0.3854534E+01 -0.5831220E+01  0.0000000E+00  0.3752164E+01 -0.7752602E+01  0.0000000E+00  0.3627081E+01 -0.9631393E+01  0.0000000E+00  0.3477244E+01 -0.1145743E+02  0.0000000E+00  0.3301705E+01 -0.1321930E+02  0.0000000E+00  0.3098634E+01 -0.1490644E+02  0.0000000E+00  0.2870187E+01 -0.1650470E+02  0.0000000E+00  0.2623374E+01 -0.1799488E+02  0.0000000E+00  0.2367538E+01 -0.1936189E+02  0.0000000E+00  0.2106827E+01 -0.2059500E+02  0.0000000E+00  0.1841608E+01 -0.2168882E+02  0.0000000E+00  0.1562403E+01 -0.2264643E+02  0.0000000E+00  0.1285653E+01 -0.2346883E+02  0.0000000E+00  0.1035608E+01 -0.2414823E+02  0.0000000E+00  0.7892281E+00 -0.2467713E+02  0.0000000E+00  0.5173350E+00 -0.2505469E+02  0.0000000E+00  0.2434392E+00 -0.2528479E+02  0.0000000E+00  0.0000000E+00 -0.2536144E+02  0.0000000E+00  0.0000000E+00  0.2474827E+02  0.0000000E+00  0.5200276E+00  0.2467527E+02  0.0000000E+00  0.9866906E+00  0.2445111E+02  0.0000000E+00  0.1448621E+01  0.2407225E+02  0.0000000E+00  0.1955129E+01  0.2354039E+02  0.0000000E+00  0.2441702E+01  0.2286733E+02  0.0000000E+00  0.2823653E+01  0.2204836E+02  0.0000000E+00  0.3190134E+01  0.2108219E+02  0.0000000E+00  0.3648205E+01  0.1998598E+02  0.0000000E+00  0.4141911E+01  0.1877154E+02  0.0000000E+00  0.4615218E+01  0.1744861E+02  0.0000000E+00  0.5020162E+01  0.1602553E+02  0.0000000E+00  0.5304540E+01  0.1450586E+02  0.0000000E+00  0.5503596E+01  0.1289518E+02  0.0000000E+00  0.5653721E+01  0.1120209E+02  0.0000000E+00  0.5768426E+01  0.9437405E+01  0.0000000E+00  0.5858726E+01  0.7611223E+01  0.0000000E+00  0.5925303E+01  0.5736503E+01  0.0000000E+00  0.5966266E+01  0.3824386E+01  0.0000000E+00  0.5979792E+01  0.1887006E+01  0.0000000E+00  0.5963761E+01 -0.6393261E-01  0.0000000E+00  0.5916697E+01 -0.2016436E+01  0.0000000E+00  0.5837005E+01 -0.3959277E+01  0.0000000E+00  0.5723493E+01 -0.5881353E+01  0.0000000E+00  0.5575770E+01 -0.7771018E+01  0.0000000E+00  0.5392129E+01 -0.9618370E+01  0.0000000E+00  0.5173162E+01 -0.1141222E+02  0.0000000E+00  0.4916210E+01 -0.1314407E+02  0.0000000E+00  0.4625099E+01 -0.1479897E+02  0.0000000E+00  0.4304346E+01 -0.1636596E+02  0.0000000E+00  0.3963472E+01 -0.1782816E+02  0.0000000E+00  0.3611915E+01 -0.1916666E+02  0.0000000E+00  0.3248363E+01 -0.2037326E+02  0.0000000E+00  0.2866730E+01 -0.2144274E+02  0.0000000E+00  0.2455543E+01 -0.2237587E+02  0.0000000E+00  0.2033182E+01 -0.2318097E+02  0.0000000E+00  0.1643323E+01 -0.2384363E+02  0.0000000E+00  0.1253541E+01 -0.2435854E+02  0.0000000E+00  0.8284742E+00 -0.2472561E+02  0.0000000E+00  0.3973768E+00 -0.2494926E+02  0.0000000E+00  0.0000000E+00 -0.2502563E+02  0.0000000E+00  0.0000000E+00  0.2417393E+02  0.0000000E+00  0.6734479E+00  0.2410149E+02  0.0000000E+00  0.1283907E+01  0.2387693E+02  0.0000000E+00  0.1887414E+01  0.2350161E+02  0.0000000E+00  0.2540371E+01  0.2297680E+02  0.0000000E+00  0.3164046E+01  0.2230923E+02  0.0000000E+00  0.3671575E+01  0.2149756E+02  0.0000000E+00  0.4164184E+01  0.2054590E+02  0.0000000E+00  0.4748677E+01  0.1946366E+02  0.0000000E+00  0.5367675E+01  0.1826611E+02  0.0000000E+00  0.5958732E+01  0.1696279E+02  0.0000000E+00  0.6470026E+01  0.1556057E+02  0.0000000E+00  0.6847685E+01  0.1406518E+02  0.0000000E+00  0.7128319E+01  0.1248259E+02  0.0000000E+00  0.7349641E+01  0.1082009E+02  0.0000000E+00  0.7524316E+01  0.9088653E+01  0.0000000E+00  0.7665732E+01  0.7299358E+01  0.0000000E+00  0.7770973E+01  0.5462250E+01  0.0000000E+00  0.7840375E+01  0.3590403E+01  0.0000000E+00  0.7870587E+01  0.1694480E+01  0.0000000E+00  0.7858921E+01 -0.2142609E+00  0.0000000E+00  0.7804345E+01 -0.2124003E+01  0.0000000E+00  0.7704910E+01 -0.4023317E+01  0.0000000E+00  0.7559399E+01 -0.5901696E+01  0.0000000E+00  0.7367330E+01 -0.7747813E+01  0.0000000E+00  0.7127088E+01 -0.9552495E+01  0.0000000E+00  0.6839494E+01 -0.1130365E+02  0.0000000E+00  0.6505791E+01 -0.1299180E+02  0.0000000E+00  0.6127334E+01 -0.1460652E+02  0.0000000E+00  0.5716833E+01 -0.1613274E+02  0.0000000E+00  0.5287854E+01 -0.1755397E+02  0.0000000E+00  0.4841369E+01 -0.1885702E+02  0.0000000E+00  0.4377009E+01 -0.2002858E+02  0.0000000E+00  0.3881078E+01 -0.2106675E+02  0.0000000E+00  0.3333993E+01 -0.2197467E+02  0.0000000E+00  0.2774743E+01 -0.2275198E+02  0.0000000E+00  0.2246297E+01 -0.2339297E+02  0.0000000E+00  0.1714579E+01 -0.2389038E+02  0.0000000E+00  0.1135222E+01 -0.2424587E+02  0.0000000E+00  0.5486488E+00 -0.2446174E+02  0.0000000E+00  0.0000000E+00 -0.2453349E+02  0.0000000E+00  0.0000000E+00  0.2344910E+02  0.0000000E+00  0.8191625E+00  0.2337668E+02  0.0000000E+00  0.1571685E+01  0.2315810E+02  0.0000000E+00  0.2308162E+01  0.2278509E+02  0.0000000E+00  0.3100882E+01  0.2226907E+02  0.0000000E+00  0.3859247E+01  0.2161250E+02  0.0000000E+00  0.4490471E+01  0.2081467E+02  0.0000000E+00  0.5103442E+01  0.1987984E+02  0.0000000E+00  0.5809322E+01  0.1881662E+02  0.0000000E+00  0.6550965E+01  0.1764298E+02  0.0000000E+00  0.7256075E+01  0.1636504E+02  0.0000000E+00  0.7873507E+01  0.1499334E+02  0.0000000E+00  0.8343674E+01  0.1353119E+02  0.0000000E+00  0.8704311E+01  0.1198483E+02  0.0000000E+00  0.8996980E+01  0.1036393E+02  0.0000000E+00  0.9231909E+01  0.8676610E+01  0.0000000E+00  0.9422642E+01  0.6933818E+01  0.0000000E+00  0.9568515E+01  0.5147706E+01  0.0000000E+00  0.9665405E+01  0.3326885E+01  0.0000000E+00  0.9712464E+01  0.1484120E+01  0.0000000E+00  0.9706303E+01 -0.3698264E+00  0.0000000E+00  0.9645108E+01 -0.2224193E+01  0.0000000E+00  0.9526817E+01 -0.4068308E+01  0.0000000E+00  0.9350997E+01 -0.5891165E+01  0.0000000E+00  0.9115733E+01 -0.7682412E+01  0.0000000E+00  0.8822558E+01 -0.9431109E+01  0.0000000E+00  0.8469022E+01 -0.1112898E+02  0.0000000E+00  0.8059519E+01 -0.1276474E+02  0.0000000E+00  0.7600108E+01 -0.1432566E+02  0.0000000E+00  0.7100702E+01 -0.1580316E+02  0.0000000E+00  0.6584362E+01 -0.1717699E+02  0.0000000E+00  0.6047686E+01 -0.1843344E+02  0.0000000E+00  0.5483809E+01 -0.1956464E+02  0.0000000E+00  0.4876960E+01 -0.2056485E+02  0.0000000E+00  0.4203116E+01 -0.2143594E+02  0.0000000E+00  0.3505159E+01 -0.2218410E+02  0.0000000E+00  0.2840753E+01 -0.2279966E+02  0.0000000E+00  0.2169151E+01 -0.2327562E+02  0.0000000E+00  0.1441354E+01 -0.2361345E+02  0.0000000E+00  0.7007599E+00 -0.2381821E+02  0.0000000E+00  0.0000000E+00 -0.2388785E+02  0.0000000E+00  0.0000000E+00  0.2258295E+02  0.0000000E+00  0.9591046E+00  0.2251187E+02  0.0000000E+00  0.1842027E+01  0.2229545E+02  0.0000000E+00  0.2712451E+01  0.2193339E+02  0.0000000E+00  0.3636085E+01  0.2142657E+02  0.0000000E+00  0.4522376E+01  0.2078390E+02  0.0000000E+00  0.5272322E+01  0.2000372E+02  0.0000000E+00  0.6000286E+01  0.1909051E+02  0.0000000E+00  0.6826791E+01  0.1805365E+02  0.0000000E+00  0.7685430E+01  0.1690913E+02  0.0000000E+00  0.8502241E+01  0.1566421E+02  0.0000000E+00  0.9221415E+01  0.1432858E+02  0.0000000E+00  0.9782043E+01  0.1290796E+02  0.0000000E+00  0.1022301E+02  0.1140797E+02  0.0000000E+00  0.1058508E+02  0.9837230E+01  0.0000000E+00  0.1088036E+02  0.8204967E+01  0.0000000E+00  0.1112136E+02  0.6520786E+01  0.0000000E+00  0.1130546E+02  0.4794629E+01  0.0000000E+00  0.1143164E+02  0.3038103E+01  0.0000000E+00  0.1149553E+02  0.1260259E+01  0.0000000E+00  0.1149523E+02 -0.5273680E+00  0.0000000E+00  0.1142787E+02 -0.2315352E+01  0.0000000E+00  0.1129240E+02 -0.4091775E+01  0.0000000E+00  0.1108764E+02 -0.5847380E+01  0.0000000E+00  0.1081200E+02 -0.7572069E+01  0.0000000E+00  0.1046605E+02 -0.9255925E+01  0.0000000E+00  0.1005081E+02 -0.1088806E+02  0.0000000E+00  0.9569235E+01 -0.1246092E+02  0.0000000E+00  0.9029325E+01 -0.1396122E+02  0.0000000E+00  0.8448671E+01 -0.1537758E+02  0.0000000E+00  0.7848484E+01 -0.1669478E+02  0.0000000E+00  0.7223778E+01 -0.1789946E+02  0.0000000E+00  0.6565110E+01 -0.1898067E+02  0.0000000E+00  0.5850296E+01 -0.1993620E+02  0.0000000E+00  0.5049549E+01 -0.2076951E+02  0.0000000E+00  0.4220027E+01 -0.2148110E+02  0.0000000E+00  0.3425812E+01 -0.2206372E+02  0.0000000E+00  0.2617181E+01 -0.2251445E+02  0.0000000E+00  0.1742099E+01 -0.2283271E+02  0.0000000E+00  0.8503709E+00 -0.2302397E+02  0.0000000E+00  0.0000000E+00 -0.2308644E+02  0.0000000E+00  0.0000000E+00  0.2158150E+02  0.0000000E+00  0.1091865E+01  0.2151382E+02  0.0000000E+00  0.2098495E+01  0.2130196E+02  0.0000000E+00  0.3092055E+01  0.2094909E+02  0.0000000E+00  0.4141065E+01  0.2045760E+02  0.0000000E+00  0.5149434E+01  0.1983421E+02  0.0000000E+00  0.6013249E+01  0.1907847E+02  0.0000000E+00  0.6849772E+01  0.1819249E+02  0.0000000E+00  0.7790326E+01  0.1718877E+02  0.0000000E+00  0.8760473E+01  0.1608029E+02  0.0000000E+00  0.9684941E+01  0.1487594E+02  0.0000000E+00  0.1050490E+02  0.1358667E+02  0.0000000E+00  0.1115313E+02  0.1221519E+02  0.0000000E+00  0.1167416E+02  0.1077179E+02  0.0000000E+00  0.1210449E+02  0.9260815E+01  0.0000000E+00  0.1245918E+02  0.7693322E+01  0.0000000E+00  0.1274972E+02  0.6078340E+01  0.0000000E+00  0.1297299E+02  0.4424534E+01  0.0000000E+00  0.1312700E+02  0.2742067E+01  0.0000000E+00  0.1320868E+02  0.1040916E+01  0.0000000E+00  0.1321400E+02 -0.6696169E+00  0.0000000E+00  0.1314244E+02 -0.2378427E+01  0.0000000E+00  0.1299065E+02 -0.4077003E+01  0.0000000E+00  0.1275798E+02 -0.5754838E+01  0.0000000E+00  0.1244508E+02 -0.7401289E+01  0.0000000E+00  0.1204980E+02 -0.9009225E+01  0.0000000E+00  0.1157483E+02 -0.1056692E+02  0.0000000E+00  0.1102654E+02 -0.1206546E+02  0.0000000E+00  0.1041039E+02 -0.1349559E+02  0.0000000E+00  0.9750170E+01 -0.1484458E+02  0.0000000E+00  0.9069958E+01 -0.1609750E+02  0.0000000E+00  0.8361623E+01 -0.1724100E+02  0.0000000E+00  0.7612251E+01 -0.1826716E+02  0.0000000E+00  0.6793410E+01 -0.1917297E+02  0.0000000E+00  0.5875963E+01 -0.1995789E+02  0.0000000E+00  0.4917960E+01 -0.2062946E+02  0.0000000E+00  0.3996315E+01 -0.2117774E+02  0.0000000E+00  0.3057666E+01 -0.2159713E+02  0.0000000E+00  0.2042211E+01 -0.2188959E+02  0.0000000E+00  0.1003312E+01 -0.2206192E+02  0.0000000E+00  0.0000000E+00 -0.2211699E+02  0.0000000E+00  0.0000000E+00  0.2045550E+02  0.0000000E+00  0.1212890E+01  0.2038780E+02  0.0000000E+00  0.2339452E+01  0.2018515E+02  0.0000000E+00  0.3449245E+01  0.1984661E+02  0.0000000E+00  0.4616586E+01  0.1937447E+02  0.0000000E+00  0.5740236E+01  0.1877794E+02  0.0000000E+00  0.6707864E+01  0.1805211E+02  0.0000000E+00  0.7651146E+01  0.1720620E+02  0.0000000E+00  0.8697109E+01  0.1624301E+02  0.0000000E+00  0.9774578E+01  0.1518044E+02  0.0000000E+00  0.1080110E+02  0.1402538E+02  0.0000000E+00  0.1171606E+02  0.1278899E+02  0.0000000E+00  0.1245100E+02  0.1147670E+02  0.0000000E+00  0.1304777E+02  0.1009633E+02  0.0000000E+00  0.1354693E+02  0.8656194E+01  0.0000000E+00  0.1396026E+02  0.7164001E+01  0.0000000E+00  0.1429870E+02  0.5627482E+01  0.0000000E+00  0.1456087E+02  0.4056644E+01  0.0000000E+00  0.1474279E+02  0.2459617E+01  0.0000000E+00  0.1484143E+02  0.8452350E+00  0.0000000E+00  0.1485422E+02 -0.7762079E+00  0.0000000E+00  0.1477746E+02 -0.2397174E+01  0.0000000E+00  0.1461181E+02 -0.4005593E+01  0.0000000E+00  0.1435348E+02 -0.5595573E+01  0.0000000E+00  0.1400405E+02 -0.7154783E+01  0.0000000E+00  0.1356391E+02 -0.8675404E+01  0.0000000E+00  0.1303237E+02 -0.1014959E+02  0.0000000E+00  0.1241918E+02 -0.1156701E+02  0.0000000E+00  0.1173288E+02 -0.1291706E+02  0.0000000E+00  0.1099816E+02 -0.1418975E+02  0.0000000E+00  0.1024351E+02 -0.1537025E+02  0.0000000E+00  0.9455704E+01 -0.1644754E+02  0.0000000E+00  0.8619942E+01 -0.1741115E+02  0.0000000E+00  0.7703615E+01 -0.1826055E+02  0.0000000E+00  0.6670339E+01 -0.1899690E+02  0.0000000E+00  0.5593802E+01 -0.1962163E+02  0.0000000E+00  0.4553360E+01 -0.2012845E+02  0.0000000E+00  0.3490191E+01 -0.2051366E+02  0.0000000E+00  0.2339880E+01 -0.2077674E+02  0.0000000E+00  0.1156729E+01 -0.2092773E+02  0.0000000E+00  0.0000000E+00 -0.2097236E+02  0.0000000E+00  0.0000000E+00  0.1921304E+02  0.0000000E+00  0.1326610E+01  0.1914849E+02  0.0000000E+00  0.2564944E+01  0.1895805E+02  0.0000000E+00  0.3782338E+01  0.1863743E+02  0.0000000E+00  0.5063393E+01  0.1819713E+02  0.0000000E+00  0.6294506E+01  0.1763780E+02  0.0000000E+00  0.7364078E+01  0.1696139E+02  0.0000000E+00  0.8401343E+01  0.1616479E+02  0.0000000E+00  0.9544870E+01  0.1525747E+02  0.0000000E+00  0.1072111E+02  0.1425404E+02  0.0000000E+00  0.1184188E+02  0.1315869E+02  0.0000000E+00  0.1284726E+02  0.1198633E+02  0.0000000E+00  0.1366554E+02  0.1074334E+02  0.0000000E+00  0.1433729E+02  0.9437585E+01  0.0000000E+00  0.1490266E+02  0.8076745E+01  0.0000000E+00  0.1537284E+02  0.6669006E+01  0.0000000E+00  0.1575944E+02  0.5222272E+01  0.0000000E+00  0.1605885E+02  0.3743861E+01  0.0000000E+00  0.1626814E+02  0.2241856E+01  0.0000000E+00  0.1638429E+02  0.7250680E+00  0.0000000E+00  0.1640345E+02 -0.7985475E+00  0.0000000E+00  0.1632455E+02 -0.2319885E+01  0.0000000E+00  0.1614367E+02 -0.3831247E+01  0.0000000E+00  0.1586401E+02 -0.5321099E+01  0.0000000E+00  0.1548037E+02 -0.6784674E+01  0.0000000E+00  0.1499631E+02 -0.8211522E+01  0.0000000E+00  0.1441480E+02 -0.9591108E+01  0.0000000E+00  0.1374075E+02 -0.1091893E+02  0.0000000E+00  0.1298908E+02 -0.1218183E+02  0.0000000E+00  0.1218380E+02 -0.1337214E+02  0.0000000E+00  0.1135858E+02 -0.1447451E+02  0.0000000E+00  0.1049774E+02 -0.1547750E+02  0.0000000E+00  0.9579839E+01 -0.1637563E+02  0.0000000E+00  0.8573415E+01 -0.1716256E+02  0.0000000E+00  0.7434790E+01 -0.1784297E+02  0.0000000E+00  0.6244513E+01 -0.1841906E+02  0.0000000E+00  0.5091935E+01 -0.1888279E+02  0.0000000E+00  0.3913492E+01 -0.1922927E+02  0.0000000E+00  0.2636997E+01 -0.1946122E+02  0.0000000E+00  0.1316620E+01 -0.1958810E+02  0.0000000E+00  0.0000000E+00 -0.1962001E+02  0.0000000E+00  0.0000000E+00  0.1786483E+02  0.0000000E+00  0.1434728E+01  0.1780762E+02  0.0000000E+00  0.2776120E+01  0.1763219E+02  0.0000000E+00  0.4101663E+01  0.1734397E+02  0.0000000E+00  0.5492166E+01  0.1695151E+02  0.0000000E+00  0.6823526E+01  0.1644696E+02  0.0000000E+00  0.7987093E+01  0.1583933E+02  0.0000000E+00  0.9108708E+01  0.1511517E+02  0.0000000E+00  0.1034280E+02  0.1428568E+02  0.0000000E+00  0.1160242E+02  0.1335530E+02  0.0000000E+00  0.1280960E+02  0.1233511E+02  0.0000000E+00  0.1389838E+02  0.1123886E+02  0.0000000E+00  0.1479243E+02  0.1007318E+02  0.0000000E+00  0.1553639E+02  0.8850967E+01  0.0000000E+00  0.1616504E+02  0.7578843E+01  0.0000000E+00  0.1669075E+02  0.6265231E+01  0.0000000E+00  0.1712314E+02  0.4916686E+01  0.0000000E+00  0.1745852E+02  0.3539890E+01  0.0000000E+00  0.1769483E+02  0.2142925E+01  0.0000000E+00  0.1782738E+02  0.7317884E+00  0.0000000E+00  0.1785368E+02 -0.6844356E+00  0.0000000E+00  0.1777217E+02 -0.2098000E+01  0.0000000E+00  0.1758010E+02 -0.3501539E+01  0.0000000E+00  0.1727703E+02 -0.4887137E+01  0.0000000E+00  0.1686409E+02 -0.6244480E+01  0.0000000E+00  0.1634097E+02 -0.7567938E+01  0.0000000E+00  0.1570990E+02 -0.8848950E+01  0.0000000E+00  0.1498191E+02 -0.1007889E+02  0.0000000E+00  0.1416811E+02 -0.1124894E+02  0.0000000E+00  0.1329999E+02 -0.1234911E+02  0.0000000E+00  0.1241028E+02 -0.1336727E+02  0.0000000E+00  0.1148072E+02 -0.1429265E+02  0.0000000E+00  0.1048939E+02 -0.1511750E+02  0.0000000E+00  0.9396090E+01 -0.1584114E+02  0.0000000E+00  0.8159075E+01 -0.1646303E+02  0.0000000E+00  0.6865768E+01 -0.1698574E+02  0.0000000E+00  0.5610758E+01 -0.1740341E+02  0.0000000E+00  0.4323633E+01 -0.1771394E+02  0.0000000E+00  0.2928071E+01 -0.1791825E+02  0.0000000E+00  0.1471315E+01 -0.1803367E+02  0.0000000E+00  0.0000000E+00 -0.1807090E+02  0.0000000E+00  0.0000000E+00  0.1642121E+02  0.0000000E+00  0.1536370E+01  0.1636889E+02  0.0000000E+00  0.2981278E+01  0.1621746E+02  0.0000000E+00  0.4413801E+01  0.1596845E+02  0.0000000E+00  0.5904354E+01  0.1562171E+02  0.0000000E+00  0.7339408E+01  0.1518423E+02  0.0000000E+00  0.8588489E+01  0.1465255E+02  0.0000000E+00  0.9784126E+01  0.1400884E+02  0.0000000E+00  0.1109213E+02  0.1326745E+02  0.0000000E+00  0.1242051E+02  0.1242266E+02  0.0000000E+00  0.1370045E+02  0.1148977E+02  0.0000000E+00  0.1486095E+02  0.1048016E+02  0.0000000E+00  0.1582543E+02  0.9403911E+01  0.0000000E+00  0.1663692E+02  0.8275758E+01  0.0000000E+00  0.1732619E+02  0.7102433E+01  0.0000000E+00  0.1790501E+02  0.5892357E+01  0.0000000E+00  0.1838074E+02  0.4650986E+01  0.0000000E+00  0.1875151E+02  0.3385557E+01  0.0000000E+00  0.1901202E+02  0.2100807E+01  0.0000000E+00  0.1916153E+02  0.8057650E+00  0.0000000E+00  0.1919474E+02 -0.4952173E+00  0.0000000E+00  0.1911018E+02 -0.1793831E+01  0.0000000E+00  0.1890839E+02 -0.3081043E+01  0.0000000E+00  0.1858609E+02 -0.4351807E+01  0.0000000E+00  0.1814448E+02 -0.5597820E+01  0.0000000E+00  0.1758611E+02 -0.6810728E+01  0.0000000E+00  0.1691091E+02 -0.7984644E+01  0.0000000E+00  0.1613345E+02 -0.9110283E+01  0.0000000E+00  0.1526388E+02 -0.1018080E+02  0.0000000E+00  0.1433710E+02 -0.1118599E+02  0.0000000E+00  0.1338887E+02 -0.1211466E+02  0.0000000E+00  0.1239685E+02 -0.1295703E+02  0.0000000E+00  0.1133783E+02 -0.1370582E+02  0.0000000E+00  0.1016829E+02 -0.1435894E+02  0.0000000E+00  0.8842043E+01 -0.1491882E+02  0.0000000E+00  0.7452489E+01 -0.1538787E+02  0.0000000E+00  0.6100190E+01 -0.1576221E+02  0.0000000E+00  0.4711531E+01 -0.1603976E+02  0.0000000E+00  0.3194500E+01 -0.1623565E+02  0.0000000E+00  0.1601855E+01 -0.1636267E+02  0.0000000E+00  0.0000000E+00 -0.1640741E+02  0.0000000E+00  0.0000000E+00  0.1488547E+02  0.0000000E+00  0.1636036E+01  0.1484274E+02  0.0000000E+00  0.3179994E+01  0.1471385E+02  0.0000000E+00  0.4707380E+01  0.1449483E+02  0.0000000E+00  0.6299441E+01  0.1418786E+02  0.0000000E+00  0.7830297E+01  0.1380326E+02  0.0000000E+00  0.9156727E+01  0.1333825E+02  0.0000000E+00  0.1042351E+02  0.1278123E+02  0.0000000E+00  0.1179507E+02  0.1214037E+02  0.0000000E+00  0.1317818E+02  0.1139803E+02  0.0000000E+00  0.1451901E+02  0.1056781E+02  0.0000000E+00  0.1573749E+02  0.9657113E+01  0.0000000E+00  0.1676557E+02  0.8682608E+01  0.0000000E+00  0.1763761E+02  0.7657584E+01  0.0000000E+00  0.1838219E+02  0.6591310E+01  0.0000000E+00  0.1901042E+02  0.5493362E+01  0.0000000E+00  0.1952711E+02  0.4368444E+01  0.0000000E+00  0.1992960E+02  0.3222037E+01  0.0000000E+00  0.2021464E+02  0.2059466E+01  0.0000000E+00  0.2037752E+02  0.8855900E+00  0.0000000E+00  0.2041856E+02 -0.2902150E+00  0.0000000E+00  0.2033295E+02 -0.1464655E+01  0.0000000E+00  0.2012038E+02 -0.2630084E+01  0.0000000E+00  0.1978147E+02 -0.3778741E+01  0.0000000E+00  0.1931489E+02 -0.4904855E+01  0.0000000E+00  0.1872345E+02 -0.6001513E+01  0.0000000E+00  0.1801006E+02 -0.7060888E+01  0.0000000E+00  0.1718657E+02 -0.8077096E+01  0.0000000E+00  0.1626803E+02 -0.9041499E+01  0.0000000E+00  0.1528926E+02 -0.9946143E+01  0.0000000E+00  0.1428907E+02 -0.1077962E+02  0.0000000E+00  0.1324298E+02 -0.1153300E+02  0.0000000E+00  0.1212233E+02 -0.1220163E+02  0.0000000E+00  0.1088286E+02 -0.1278274E+02  0.0000000E+00  0.9474498E+01 -0.1327834E+02  0.0000000E+00  0.7996646E+01 -0.1369324E+02  0.0000000E+00  0.6552545E+01 -0.1402731E+02  0.0000000E+00  0.5053805E+01 -0.1429216E+02  0.0000000E+00  0.3405858E+01 -0.1450575E+02  0.0000000E+00  0.1695829E+01 -0.1465873E+02  0.0000000E+00  0.0000000E+00 -0.1474274E+02  0.0000000E+00  0.0000000E+00  0.1325065E+02  0.0000000E+00  0.1733759E+01  0.1321805E+02  0.0000000E+00  0.3363514E+01  0.1310695E+02  0.0000000E+00  0.4969072E+01  0.1290599E+02  0.0000000E+00  0.6650867E+01  0.1262465E+02  0.0000000E+00  0.8278184E+01  0.1228498E+02  0.0000000E+00  0.9684588E+01  0.1187580E+02  0.0000000E+00  0.1103067E+02  0.1140529E+02  0.0000000E+00  0.1245414E+02  0.1085764E+02  0.0000000E+00  0.1387859E+02  0.1021625E+02  0.0000000E+00  0.1526228E+02  0.9492274E+01  0.0000000E+00  0.1652552E+02  0.8687931E+01  0.0000000E+00  0.1760455E+02  0.7821022E+01  0.0000000E+00  0.1853017E+02  0.6907794E+01  0.0000000E+00  0.1932684E+02  0.5959506E+01  0.0000000E+00  0.2000035E+02  0.4983016E+01  0.0000000E+00  0.2055430E+02  0.3981981E+01  0.0000000E+00  0.2098610E+02  0.2962473E+01  0.0000000E+00  0.2129232E+02  0.1929430E+01  0.0000000E+00  0.2147087E+02  0.8880759E+00  0.0000000E+00  0.2151560E+02 -0.1587731E+00  0.0000000E+00  0.2143027E+02 -0.1200950E+01  0.0000000E+00  0.2120911E+02 -0.2235944E+01  0.0000000E+00  0.2085449E+02 -0.3256305E+01  0.0000000E+00  0.2036625E+02 -0.4255752E+01  0.0000000E+00  0.1974650E+02 -0.5228269E+01  0.0000000E+00  0.1899870E+02 -0.6167631E+01  0.0000000E+00  0.1813562E+02 -0.7067854E+01  0.0000000E+00  0.1717396E+02 -0.7920152E+01  0.0000000E+00  0.1615014E+02 -0.8717989E+01  0.0000000E+00  0.1510398E+02 -0.9452098E+01  0.0000000E+00  0.1400985E+02 -0.1011274E+02  0.0000000E+00  0.1283640E+02 -0.1069586E+02  0.0000000E+00  0.1153636E+02 -0.1119956E+02  0.0000000E+00  0.1005272E+02 -0.1163085E+02  0.0000000E+00  0.8490005E+01 -0.1199500E+02  0.0000000E+00  0.6945475E+01 -0.1230505E+02  0.0000000E+00  0.5326652E+01 -0.1257552E+02  0.0000000E+00  0.3553219E+01 -0.1281250E+02  0.0000000E+00  0.1710682E+01 -0.1302216E+02  0.0000000E+00  0.0000000E+00 -0.1312506E+02  0.0000000E+00  0.0000000E+00  0.1150569E+02  0.0000000E+00  0.1820299E+01  0.1147646E+02  0.0000000E+00  0.3517919E+01  0.1137857E+02  0.0000000E+00  0.5190086E+01  0.1119540E+02  0.0000000E+00  0.6950782E+01  0.1092834E+02  0.0000000E+00  0.8664189E+01  0.1061157E+02  0.0000000E+00  0.1014978E+02  0.1022657E+02  0.0000000E+00  0.1157429E+02  0.9807811E+01  0.0000000E+00  0.1304517E+02  0.9336577E+01  0.0000000E+00  0.1450829E+02  0.8795955E+01  0.0000000E+00  0.1592476E+02  0.8180461E+01  0.0000000E+00  0.1722145E+02  0.7490227E+01  0.0000000E+00  0.1834492E+02  0.6741028E+01  0.0000000E+00  0.1931733E+02  0.5948618E+01  0.0000000E+00  0.2015888E+02  0.5125412E+01  0.0000000E+00  0.2087060E+02  0.4275548E+01  0.0000000E+00  0.2145912E+02  0.3408500E+01  0.0000000E+00  0.2191705E+02  0.2524088E+01  0.0000000E+00  0.2224205E+02  0.1627224E+01  0.0000000E+00  0.2243184E+02  0.7230708E+00  0.0000000E+00  0.2248402E+02 -0.1834304E+00  0.0000000E+00  0.2239580E+02 -0.1088995E+01  0.0000000E+00  0.2216877E+02 -0.1985739E+01  0.0000000E+00  0.2180025E+02 -0.2870902E+01  0.0000000E+00  0.2129343E+02 -0.3736870E+01  0.0000000E+00  0.2064867E+02 -0.4580206E+01  0.0000000E+00  0.1987147E+02 -0.5392697E+01  0.0000000E+00  0.1897541E+02 -0.6170044E+01  0.0000000E+00  0.1797641E+02 -0.6905575E+01  0.0000000E+00  0.1691431E+02 -0.7591813E+01  0.0000000E+00  0.1583150E+02 -0.8218934E+01  0.0000000E+00  0.1469675E+02 -0.8781428E+01  0.0000000E+00  0.1347782E+02 -0.9275219E+01  0.0000000E+00  0.1212007E+02 -0.9702980E+01  0.0000000E+00  0.1056599E+02 -0.1007061E+02  0.0000000E+00  0.8911281E+01 -0.1039795E+02  0.0000000E+00  0.7256819E+01 -0.1069961E+02  0.0000000E+00  0.5519157E+01 -0.1097907E+02  0.0000000E+00  0.3613860E+01 -0.1124444E+02  0.0000000E+00  0.1711785E+01 -0.1141904E+02  0.0000000E+00  0.0000000E+00 -0.1143332E+02  0.0000000E+00  0.0000000E+00  0.9683561E+01  0.0000000E+00  0.1896918E+01  0.9661416E+01  0.0000000E+00  0.3647973E+01  0.9572137E+01  0.0000000E+00  0.5359076E+01  0.9396111E+01  0.0000000E+00  0.7184768E+01  0.9162594E+01  0.0000000E+00  0.8951798E+01  0.8860884E+01  0.0000000E+00  0.1051970E+02  0.8510274E+01  0.0000000E+00  0.1203794E+02  0.8154508E+01  0.0000000E+00  0.1356608E+02  0.7762495E+01  0.0000000E+00  0.1506463E+02  0.7316185E+01  0.0000000E+00  0.1650599E+02  0.6808500E+01  0.0000000E+00  0.1782288E+02  0.6230442E+01  0.0000000E+00  0.1897872E+02  0.5600012E+01  0.0000000E+00  0.1999186E+02  0.4934388E+01  0.0000000E+00  0.2086962E+02  0.4240269E+01  0.0000000E+00  0.2161949E+02  0.3528323E+01  0.0000000E+00  0.2223428E+02  0.2796950E+01  0.0000000E+00  0.2271501E+02  0.2053107E+01  0.0000000E+00  0.2305725E+02  0.1299307E+01  0.0000000E+00  0.2325662E+02  0.5379767E+00  0.0000000E+00  0.2331394E+02 -0.2245767E+00  0.0000000E+00  0.2322552E+02 -0.9857697E+00  0.0000000E+00  0.2299118E+02 -0.1741457E+01  0.0000000E+00  0.2261282E+02 -0.2485286E+01  0.0000000E+00  0.2208872E+02 -0.3214274E+01  0.0000000E+00  0.2142528E+02 -0.3921501E+01  0.0000000E+00  0.2062269E+02 -0.4604272E+01  0.0000000E+00  0.1969931E+02 -0.5255308E+01  0.0000000E+00  0.1867111E+02 -0.5868379E+01  0.0000000E+00  0.1757854E+02 -0.6438046E+01  0.0000000E+00  0.1646511E+02 -0.6956280E+01  0.0000000E+00  0.1529739E+02 -0.7416975E+01  0.0000000E+00  0.1403797E+02 -0.7820935E+01  0.0000000E+00  0.1262856E+02 -0.8172238E+01  0.0000000E+00  0.1099638E+02 -0.8491494E+01  0.0000000E+00  0.9240992E+01 -0.8798533E+01  0.0000000E+00  0.7481471E+01 -0.9093729E+01  0.0000000E+00  0.5629675E+01 -0.9381663E+01  0.0000000E+00  0.3685755E+01 -0.9579728E+01  0.0000000E+00  0.1825045E+01 -0.9610537E+01  0.0000000E+00  0.0000000E+00 -0.9585690E+01  0.0000000E+00  0.0000000E+00  0.7833162E+01  0.0000000E+00  0.1945788E+01  0.7805977E+01  0.0000000E+00  0.3736499E+01  0.7709748E+01  0.0000000E+00  0.5502739E+01  0.7566757E+01  0.0000000E+00  0.7382105E+01  0.7427595E+01  0.0000000E+00  0.9176944E+01  0.7199599E+01  0.0000000E+00  0.1083040E+02  0.6921494E+01  0.0000000E+00  0.1242307E+02  0.6625598E+01  0.0000000E+00  0.1399624E+02  0.6299623E+01  0.0000000E+00  0.1552999E+02  0.5940677E+01  0.0000000E+00  0.1698651E+02  0.5531192E+01  0.0000000E+00  0.1832090E+02  0.5066983E+01  0.0000000E+00  0.1950633E+02  0.4559831E+01  0.0000000E+00  0.2055080E+02  0.4022532E+01  0.0000000E+00  0.2146198E+02  0.3464399E+01  0.0000000E+00  0.2223848E+02  0.2889440E+01  0.0000000E+00  0.2287780E+02  0.2300256E+01  0.0000000E+00  0.2337638E+02  0.1699778E+01  0.0000000E+00  0.2373212E+02  0.1091992E+01  0.0000000E+00  0.2394085E+02  0.4783590E+00  0.0000000E+00  0.2400103E+02 -0.1380095E+00  0.0000000E+00  0.2391195E+02 -0.7527611E+00  0.0000000E+00  0.2367326E+02 -0.1361985E+01  0.0000000E+00  0.2328536E+02 -0.1962544E+01  0.0000000E+00  0.2274886E+02 -0.2551037E+01  0.0000000E+00  0.2206846E+02 -0.3121602E+01  0.0000000E+00  0.2124777E+02 -0.3670306E+01  0.0000000E+00  0.2030333E+02 -0.4192225E+01  0.0000000E+00  0.1925284E+02 -0.4681592E+01  0.0000000E+00  0.1813815E+02 -0.5132311E+01  0.0000000E+00  0.1700310E+02 -0.5537272E+01  0.0000000E+00  0.1580758E+02 -0.5896562E+01  0.0000000E+00  0.1451067E+02 -0.6212538E+01  0.0000000E+00  0.1304012E+02 -0.6503257E+01  0.0000000E+00  0.1132022E+02 -0.6791912E+01  0.0000000E+00  0.9472314E+01 -0.7081647E+01  0.0000000E+00  0.7618411E+01 -0.7370573E+01  0.0000000E+00  0.5750866E+01 -0.7575161E+01  0.0000000E+00  0.3865042E+01 -0.7610600E+01  0.0000000E+00  0.1949476E+01 -0.7622950E+01  0.0000000E+00  0.0000000E+00 -0.7731670E+01  0.0000000E+00  0.0000000E+00  0.6023079E+01  0.0000000E+00  0.1942861E+01  0.5962931E+01  0.0000000E+00  0.3777278E+01  0.5834899E+01  0.0000000E+00  0.5672351E+01  0.5768015E+01  0.0000000E+00  0.7576978E+01  0.5685785E+01  0.0000000E+00  0.9358766E+01  0.5509990E+01  0.0000000E+00  0.1105848E+02  0.5294870E+01  0.0000000E+00  0.1271068E+02  0.5066283E+01  0.0000000E+00  0.1433059E+02  0.4818981E+01  0.0000000E+00  0.1589749E+02  0.4549510E+01  0.0000000E+00  0.1736698E+02  0.4240140E+01  0.0000000E+00  0.1871286E+02  0.3888309E+01  0.0000000E+00  0.1991897E+02  0.3504400E+01  0.0000000E+00  0.2098963E+02  0.3099896E+01  0.0000000E+00  0.2192627E+02  0.2678877E+01  0.0000000E+00  0.2272366E+02  0.2244001E+01  0.0000000E+00  0.2338223E+02  0.1800668E+01  0.0000000E+00  0.2389647E+02  0.1348721E+01  0.0000000E+00  0.2426020E+02  0.8876764E+00  0.0000000E+00  0.2447669E+02  0.4246193E+00  0.0000000E+00  0.2453944E+02 -0.4077385E-01  0.0000000E+00  0.2445038E+02 -0.5047979E+00  0.0000000E+00  0.2420711E+02 -0.9664290E+00  0.0000000E+00  0.2381155E+02 -0.1421046E+01  0.0000000E+00  0.2326698E+02 -0.1864197E+01  0.0000000E+00  0.2257377E+02 -0.2295596E+01  0.0000000E+00  0.2173987E+02 -0.2708608E+01  0.0000000E+00  0.2078161E+02 -0.3099125E+01  0.0000000E+00  0.1971694E+02 -0.3461789E+01  0.0000000E+00  0.1858919E+02 -0.3790868E+01  0.0000000E+00  0.1743687E+02 -0.4084351E+01  0.0000000E+00  0.1621952E+02 -0.4340642E+01  0.0000000E+00  0.1487542E+02 -0.4582194E+01  0.0000000E+00  0.1333371E+02 -0.4827143E+01  0.0000000E+00  0.1153141E+02 -0.5088189E+01  0.0000000E+00  0.9596177E+01 -0.5367713E+01  0.0000000E+00  0.7746735E+01 -0.5569303E+01  0.0000000E+00  0.5978613E+01 -0.5593776E+01  0.0000000E+00  0.4042245E+01 -0.5585657E+01  0.0000000E+00  0.1895696E+01 -0.5734285E+01  0.0000000E+00  0.0000000E+00 -0.5835906E+01  0.0000000E+00  0.0000000E+00  0.4328031E+01  0.0000000E+00  0.1876001E+01  0.4253094E+01  0.0000000E+00  0.3769539E+01  0.4017375E+01  0.0000000E+00  0.5786891E+01  0.3888529E+01  0.0000000E+00  0.7675666E+01  0.3761445E+01  0.0000000E+00  0.9483130E+01  0.3636349E+01  0.0000000E+00  0.1123119E+02  0.3508531E+01  0.0000000E+00  0.1292130E+02  0.3363398E+01  0.0000000E+00  0.1457692E+02  0.3207029E+01  0.0000000E+00  0.1616012E+02  0.3026938E+01  0.0000000E+00  0.1763711E+02  0.2816248E+01  0.0000000E+00  0.1899362E+02  0.2580037E+01  0.0000000E+00  0.2021735E+02  0.2323103E+01  0.0000000E+00  0.2130577E+02  0.2050856E+01  0.0000000E+00  0.2226086E+02  0.1770794E+01  0.0000000E+00  0.2307575E+02  0.1481900E+01  0.0000000E+00  0.2374589E+02  0.1184138E+01  0.0000000E+00  0.2426900E+02  0.8809164E+00  0.0000000E+00  0.2464228E+02  0.5743155E+00  0.0000000E+00  0.2486229E+02  0.2643033E+00  0.0000000E+00  0.2492720E+02 -0.4791374E-01  0.0000000E+00  0.2483638E+02 -0.3597595E+00  0.0000000E+00  0.2459133E+02 -0.6678324E+00  0.0000000E+00  0.2419135E+02 -0.9721769E+00  0.0000000E+00  0.2363838E+02 -0.1270645E+01  0.0000000E+00  0.2293887E+02 -0.1558161E+01  0.0000000E+00  0.2209661E+02 -0.1833261E+01  0.0000000E+00  0.2113102E+02 -0.2091100E+01  0.0000000E+00  0.2006144E+02 -0.2325634E+01  0.0000000E+00  0.1892617E+02 -0.2535221E+01  0.0000000E+00  0.1776697E+02 -0.2713847E+01  0.0000000E+00  0.1651674E+02 -0.2881907E+01  0.0000000E+00  0.1511545E+02 -0.3058609E+01  0.0000000E+00  0.1350231E+02 -0.3257866E+01  0.0000000E+00  0.1161855E+02 -0.3498163E+01  0.0000000E+00  0.9693817E+01 -0.3686320E+01  0.0000000E+00  0.7950765E+01 -0.3722120E+01  0.0000000E+00  0.6167812E+01 -0.3713967E+01  0.0000000E+00  0.4093448E+01 -0.3783476E+01  0.0000000E+00  0.1939660E+01 -0.3730361E+01  0.0000000E+00  0.0000000E+00 -0.3326653E+01  0.0000000E+00  0.0000000E+00  0.2462643E+01  0.0000000E+00  0.1651540E+01  0.2290076E+01  0.0000000E+00  0.3607683E+01  0.2029363E+01  0.0000000E+00  0.5768536E+01  0.1901667E+01  0.0000000E+00  0.7724132E+01  0.1813647E+01  0.0000000E+00  0.9574880E+01  0.1756281E+01  0.0000000E+00  0.1134779E+02  0.1702748E+01  0.0000000E+00  0.1305786E+02  0.1639048E+01  0.0000000E+00  0.1472750E+02  0.1565741E+01  0.0000000E+00  0.1631552E+02  0.1473926E+01  0.0000000E+00  0.1779945E+02  0.1368542E+01  0.0000000E+00  0.1916218E+02  0.1248481E+01  0.0000000E+00  0.2039464E+02  0.1117977E+01  0.0000000E+00  0.2149922E+02  0.9849519E+00  0.0000000E+00  0.2246237E+02  0.8430143E+00  0.0000000E+00  0.2328667E+02  0.6983963E+00  0.0000000E+00  0.2396570E+02  0.5508658E+00  0.0000000E+00  0.2449440E+02  0.3992319E+00  0.0000000E+00  0.2487238E+02  0.2459726E+00  0.0000000E+00  0.2509356E+02  0.8965588E-01  0.0000000E+00  0.2516044E+02 -0.6571014E-01  0.0000000E+00  0.2507012E+02 -0.2213207E+00  0.0000000E+00  0.2482163E+02 -0.3770506E+00  0.0000000E+00  0.2441923E+02 -0.5294505E+00  0.0000000E+00  0.2386301E+02 -0.6784195E+00  0.0000000E+00  0.2315914E+02 -0.8226396E+00  0.0000000E+00  0.2231355E+02 -0.9594121E+00  0.0000000E+00  0.2134697E+02 -0.1085052E+01  0.0000000E+00  0.2027663E+02 -0.1197352E+01  0.0000000E+00  0.1914393E+02 -0.1290427E+01  0.0000000E+00  0.1797158E+02 -0.1372431E+01  0.0000000E+00  0.1668979E+02 -0.1456934E+01  0.0000000E+00  0.1523625E+02 -0.1557261E+01  0.0000000E+00  0.1354079E+02 -0.1712692E+01  0.0000000E+00  0.1165972E+02 -0.1859108E+01  0.0000000E+00  0.9842250E+01 -0.1875753E+01  0.0000000E+00  0.8083276E+01 -0.1858325E+01  0.0000000E+00  0.6129063E+01 -0.1996314E+01  0.0000000E+00  0.4220267E+01 -0.2012112E+01  0.0000000E+00  0.2737130E+01 -0.1251314E+01  0.0000000E+00  0.0000000E+00 -0.4683768E+00  0.0000000E+00  0.0000000E+00  0.0000000E+00  0.0000000E+00  0.1493388E+01  0.0000000E+00  0.0000000E+00  0.3555498E+01  0.0000000E+00  0.0000000E+00  0.5745911E+01  0.0000000E+00  0.0000000E+00  0.7744900E+01  0.0000000E+00  0.0000000E+00  0.9613432E+01  0.0000000E+00  0.0000000E+00  0.1138948E+02  0.0000000E+00  0.0000000E+00  0.1310894E+02  0.0000000E+00  0.0000000E+00  0.1477612E+02  0.0000000E+00  0.0000000E+00  0.1636860E+02  0.0000000E+00  0.0000000E+00  0.1785144E+02  0.0000000E+00  0.0000000E+00  0.1921812E+02  0.0000000E+00  0.0000000E+00  0.2045610E+02  0.0000000E+00  0.0000000E+00  0.2156241E+02  0.0000000E+00  0.0000000E+00  0.2253090E+02  0.0000000E+00  0.0000000E+00  0.2335871E+02  0.0000000E+00  0.0000000E+00  0.2403895E+02  0.0000000E+00  0.0000000E+00  0.2457096E+02  0.0000000E+00  0.0000000E+00  0.2494872E+02  0.0000000E+00  0.0000000E+00  0.2517255E+02  0.0000000E+00  0.0000000E+00  0.2523874E+02  0.0000000E+00  0.0000000E+00  0.2514762E+02  0.0000000E+00  0.0000000E+00  0.2489983E+02  0.0000000E+00  0.0000000E+00  0.2449533E+02  0.0000000E+00  0.0000000E+00  0.2393844E+02  0.0000000E+00  0.0000000E+00  0.2323280E+02  0.0000000E+00  0.0000000E+00  0.2238765E+02  0.0000000E+00  0.0000000E+00  0.2142178E+02  0.0000000E+00  0.0000000E+00  0.2035486E+02  0.0000000E+00  0.0000000E+00  0.1922529E+02  0.0000000E+00  0.0000000E+00  0.1804376E+02  0.0000000E+00  0.0000000E+00  0.1674405E+02  0.0000000E+00  0.0000000E+00  0.1524678E+02  0.0000000E+00  0.0000000E+00  0.1352207E+02  0.0000000E+00  0.0000000E+00  0.1171814E+02  0.0000000E+00  0.0000000E+00  0.9926445E+01  0.0000000E+00  0.0000000E+00  0.8024362E+01  0.0000000E+00  0.0000000E+00  0.6063346E+01  0.0000000E+00  0.0000000E+00  0.4649498E+01  0.0000000E+00  0.0000000E+00  0.3530370E+01  0.0000000E+00  0.0000000E+00  0.0000000E+00  0.0000000E+00  0.0000000E+00
         </DataArray>
        <DataArray type="Float64" Name="Pressure" NumberOfComponents="1" format="ascii">
 -0.2369868E+04 -0.3014497E+04 -0.3659127E+04 -0.3544782E+04 -0.3430438E+04 -0.3447247E+04 -0.3464055E+04 -0.3443322E+04 -0.3422588E+04 -0.3427049E+04 -0.3431510E+04 -0.3418312E+04 -0.3405114E+04 -0.3392604E+04 -0.3380093E+04 -0.3368361E+04 -0.3356629E+04 -0.3344468E+04 -0.3332307E+04 -0.3319803E+04 -0.3307300E+04 -0.3294756E+04 -0.3282212E+04 -0.3269941E+04 -0.3257669E+04 -0.3245973E+04 -0.3234277E+04 -0.3223461E+04 -0.3212644E+04 -0.3203190E+04 -0.3193736E+04 -0.3186241E+04 -0.3178747E+04 -0.3170104E+04 -0.3161461E+04 -0.3162638E+04 -0.3163814E+04 -0.3175253E+04 -0.3186691E+04 -0.3061993E+04 -0.2937295E+04 -0.2775659E+04 -0.3420289E+04 -0.3255986E+04 -0.3141641E+04 -0.3211998E+04 -0.3228806E+04 -0.3171345E+04 -0.3150611E+04 -0.3176013E+04 -0.3180474E+04 -0.3179184E+04 -0.3165986E+04 -0.3145725E+04 -0.3133214E+04 -0.3119982E+04 -0.3108250E+04 -0.3096968E+04 -0.3084806E+04 -0.3073084E+04 -0.3060581E+04 -0.3048414E+04 -0.3035870E+04 -0.3023560E+04 -0.3011288E+04 -0.2999147E+04 -0.2987451E+04 -0.2975787E+04 -0.2964971E+04 -0.2954300E+04 -0.2944846E+04 -0.2936930E+04 -0.2929435E+04 -0.2922901E+04 -0.2914258E+04 -0.2902237E+04 -0.2903414E+04 -0.2895097E+04 -0.2906536E+04 -0.2927728E+04 -0.2803030E+04 -0.2816033E+04 -0.3181450E+04 -0.3017147E+04 -0.2852844E+04 -0.2923201E+04 -0.2993557E+04 -0.2936096E+04 -0.2878634E+04 -0.2904036E+04 -0.2929438E+04 -0.2928148E+04 -0.2926857E+04 -0.2906596E+04 -0.2886335E+04 -0.2873103E+04 -0.2859870E+04 -0.2848588E+04 -0.2837306E+04 -0.2825584E+04 -0.2813862E+04 -0.2801695E+04 -0.2789528E+04 -0.2777218E+04 -0.2764908E+04 -0.2752766E+04 -0.2740624E+04 -0.2728961E+04 -0.2717297E+04 -0.2706626E+04 -0.2695956E+04 -0.2688039E+04 -0.2680123E+04 -0.2673589E+04 -0.2667054E+04 -0.2655034E+04 -0.2643014E+04 -0.2634697E+04 -0.2626380E+04 -0.2647572E+04 -0.2668765E+04 -0.2681768E+04 -0.2694771E+04 -0.2824862E+04 -0.2660559E+04 -0.2699534E+04 -0.2769891E+04 -0.2734582E+04 -0.2677120E+04 -0.2678258E+04 -0.2703661E+04 -0.2719600E+04 -0.2718310E+04 -0.2706398E+04 -0.2686137E+04 -0.2667111E+04 -0.2653878E+04 -0.2641877E+04 -0.2630595E+04 -0.2619865E+04 -0.2608143E+04 -0.2596820E+04 -0.2584653E+04 -0.2572822E+04 -0.2560512E+04 -0.2548474E+04 -0.2536332E+04 -0.2524389E+04 -0.2512725E+04 -0.2501220E+04 -0.2490549E+04 -0.2480599E+04 -0.2472683E+04 -0.2467610E+04 -0.2461076E+04 -0.2451076E+04 -0.2439056E+04 -0.2429745E+04 -0.2421429E+04 -0.2426249E+04 -0.2447442E+04 -0.2418273E+04 -0.2431276E+04 -0.2452554E+04 -0.2468273E+04 -0.2507249E+04 -0.2546224E+04 -0.2510915E+04 -0.2475606E+04 -0.2476745E+04 -0.2477883E+04 -0.2493822E+04 -0.2509762E+04 -0.2497851E+04 -0.2485939E+04 -0.2466913E+04 -0.2447886E+04 -0.2435885E+04 -0.2423883E+04 -0.2413154E+04 -0.2402425E+04 -0.2391102E+04 -0.2379779E+04 -0.2367948E+04 -0.2356117E+04 -0.2344078E+04 -0.2332040E+04 -0.2320097E+04 -0.2308153E+04 -0.2296648E+04 -0.2285142E+04 -0.2275193E+04 -0.2265243E+04 -0.2260170E+04 -0.2255097E+04 -0.2245098E+04 -0.2235098E+04 -0.2225788E+04 -0.2216477E+04 -0.2221298E+04 -0.2226119E+04 -0.2196950E+04 -0.2167780E+04 -0.2189058E+04 -0.2210336E+04 -0.2269859E+04 -0.2308834E+04 -0.2257687E+04 -0.2222378E+04 -0.2245673E+04 -0.2246811E+04 -0.2243831E+04 -0.2259771E+04 -0.2260964E+04 -0.2249052E+04 -0.2236915E+04 -0.2217888E+04 -0.2202630E+04 -0.2190629E+04 -0.2180332E+04 -0.2169602E+04 -0.2159827E+04 -0.2148504E+04 -0.2138051E+04 -0.2126220E+04 -0.2115243E+04 -0.2103205E+04 -0.2091983E+04 -0.2080039E+04 -0.2068848E+04 -0.2057342E+04 -0.2046616E+04 -0.2036666E+04 -0.2028517E+04 -0.2023445E+04 -0.2022145E+04 -0.2012145E+04 -0.1997335E+04 -0.1988024E+04 -0.1971582E+04 -0.1976403E+04 -0.1998767E+04 -0.1969598E+04 -0.1957448E+04 -0.1978726E+04 -0.1988918E+04 -0.2071444E+04 -0.2020297E+04 -0.1969150E+04 -0.1992444E+04 -0.2015739E+04 -0.2012759E+04 -0.2009780E+04 -0.2010973E+04 -0.2012165E+04 -0.2000028E+04 -0.1987891E+04 -0.1972633E+04 -0.1957374E+04 -0.1947077E+04 -0.1936780E+04 -0.1927004E+04 -0.1917228E+04 -0.1906776E+04 -0.1896324E+04 -0.1885347E+04 -0.1874370E+04 -0.1863148E+04 -0.1851925E+04 -0.1840734E+04 -0.1829543E+04 -0.1818816E+04 -0.1808089E+04 -0.1799941E+04 -0.1791792E+04 -0.1790492E+04 -0.1789193E+04 -0.1774382E+04 -0.1759571E+04 -0.1743129E+04 -0.1726687E+04 -0.1749051E+04 -0.1771416E+04 -0.1759265E+04 -0.1747115E+04 -0.1757307E+04 -0.1767499E+04 -0.1840520E+04 -0.1789373E+04 -0.1801374E+04 -0.1824668E+04 -0.1838016E+04 -0.1835037E+04 -0.1821446E+04 -0.1822639E+04 -0.1820430E+04 -0.1808293E+04 -0.1798247E+04 -0.1782989E+04 -0.1771198E+04 -0.1760901E+04 -0.1752009E+04 -0.1742233E+04 -0.1733236E+04 -0.1722784E+04 -0.1713094E+04 -0.1702117E+04 -0.1691937E+04 -0.1680714E+04 -0.1670296E+04 -0.1659105E+04 -0.1648704E+04 -0.1637978E+04 -0.1628156E+04 -0.1620007E+04 -0.1613835E+04 -0.1612536E+04 -0.1614931E+04 -0.1600121E+04 -0.1586674E+04 -0.1570232E+04 -0.1544106E+04 -0.1566471E+04 -0.1576458E+04 -0.1564308E+04 -0.1555064E+04 -0.1565256E+04 -0.1569097E+04 -0.1609596E+04 -0.1621597E+04 -0.1633598E+04 -0.1646946E+04 -0.1660294E+04 -0.1646703E+04 -0.1633113E+04 -0.1630904E+04 -0.1628695E+04 -0.1618649E+04 -0.1608603E+04 -0.1596812E+04 -0.1585021E+04 -0.1576130E+04 -0.1567238E+04 -0.1558241E+04 -0.1549244E+04 -0.1539554E+04 -0.1529863E+04 -0.1519683E+04 -0.1509503E+04 -0.1499085E+04 -0.1488668E+04 -0.1478267E+04 -0.1467866E+04 -0.1458044E+04 -0.1448223E+04 -0.1442051E+04 -0.1435879E+04 -0.1438275E+04 -0.1440670E+04 -0.1427224E+04 -0.1413777E+04 -0.1387652E+04 -0.1361526E+04 -0.1371513E+04 -0.1381501E+04 -0.1372257E+04 -0.1363013E+04 -0.1366854E+04 -0.1370694E+04 -0.1424376E+04 -0.1436377E+04 -0.1440971E+04 -0.1454319E+04 -0.1452446E+04 -0.1438855E+04 -0.1427050E+04 -0.1424841E+04 -0.1422268E+04 -0.1412222E+04 -0.1404363E+04 -0.1392572E+04 -0.1384205E+04 -0.1375314E+04 -0.1368057E+04 -0.1359060E+04 -0.1351194E+04 -0.1341504E+04 -0.1332980E+04 -0.1322800E+04 -0.1313852E+04 -0.1303434E+04 -0.1294276E+04 -0.1283875E+04 -0.1274727E+04 -0.1264905E+04 -0.1256394E+04 -0.1250223E+04 -0.1245776E+04 -0.1248171E+04 -0.1253014E+04 -0.1239567E+04 -0.1232077E+04 -0.1205951E+04 -0.1183772E+04 -0.1193759E+04 -0.1195885E+04 -0.1186641E+04 -0.1176073E+04 -0.1179913E+04 -0.1183511E+04 -0.1239157E+04 -0.1243750E+04 -0.1248343E+04 -0.1246470E+04 -0.1244597E+04 -0.1232793E+04 -0.1220988E+04 -0.1218415E+04 -0.1215842E+04 -0.1207982E+04 -0.1200123E+04 -0.1191756E+04 -0.1183389E+04 -0.1176132E+04 -0.1168875E+04 -0.1161009E+04 -0.1153144E+04 -0.1144620E+04 -0.1136096E+04 -0.1127148E+04 -0.1118200E+04 -0.1109042E+04 -0.1099884E+04 -0.1090736E+04 -0.1081587E+04 -0.1073077E+04 -0.1064566E+04 -0.1060119E+04 -0.1055672E+04 -0.1060515E+04 -0.1065357E+04 -0.1057866E+04 -0.1050376E+04 -0.1028197E+04 -0.1006018E+04 -0.1008143E+04 -0.1010269E+04 -0.9997007E+03 -0.9891327E+03 -0.9927306E+03 -0.9963285E+03 -0.1040631E+04 -0.1045224E+04 -0.1037948E+04 -0.1036075E+04 -0.1032168E+04 -0.1020363E+04 -0.1013139E+04 -0.1010566E+04 -0.1007720E+04 -0.9998611E+03 -0.9940366E+03 -0.9856694E+03 -0.9806757E+03 -0.9734188E+03 -0.9679791E+03 -0.9601134E+03 -0.9536517E+03 -0.9451279E+03 -0.9380710E+03 -0.9291231E+03 -0.9217208E+03 -0.9125626E+03 -0.9049845E+03 -0.8958363E+03 -0.8882608E+03 -0.8797502E+03 -0.8727640E+03 -0.8683169E+03 -0.8650368E+03 -0.8698791E+03 -0.8750148E+03 -0.8675242E+03 -0.8639856E+03 -0.8418066E+03 -0.8273864E+03 -0.8295119E+03 -0.8335280E+03 -0.8229600E+03 -0.8169883E+03 -0.8205862E+03 -0.8238481E+03 -0.8421056E+03 -0.8348287E+03 -0.8275518E+03 -0.8236448E+03 -0.8197379E+03 -0.8125143E+03 -0.8052906E+03 -0.8024448E+03 -0.7995991E+03 -0.7937746E+03 -0.7879501E+03 -0.7829564E+03 -0.7779627E+03 -0.7725229E+03 -0.7670832E+03 -0.7606215E+03 -0.7541598E+03 -0.7471029E+03 -0.7400459E+03 -0.7326436E+03 -0.7252414E+03 -0.7176632E+03 -0.7100850E+03 -0.7025095E+03 -0.6949340E+03 -0.6879478E+03 -0.6809616E+03 -0.6776815E+03 -0.6744014E+03 -0.6795371E+03 -0.6846728E+03 -0.6811342E+03 -0.6775956E+03 -0.6631754E+03 -0.6487552E+03 -0.6527712E+03 -0.6567873E+03 -0.6508156E+03 -0.6448439E+03 -0.6481058E+03 -0.6513677E+03 -0.6590396E+03 -0.6517627E+03 -0.6452829E+03 -0.6413760E+03 -0.6382278E+03 -0.6310041E+03 -0.6278579E+03 -0.6250122E+03 -0.6215774E+03 -0.6157529E+03 -0.6116664E+03 -0.6066727E+03 -0.6048014E+03 -0.5993616E+03 -0.5956842E+03 -0.5892225E+03 -0.5841827E+03 -0.5771258E+03 -0.5715754E+03 -0.5641731E+03 -0.5583720E+03 -0.5507939E+03 -0.5448687E+03 -0.5372932E+03 -0.5313792E+03 -0.5243930E+03 -0.5189686E+03 -0.5156886E+03 -0.5132285E+03 -0.5183642E+03 -0.5224127E+03 -0.5188741E+03 -0.5163180E+03 -0.5018978E+03 -0.4914390E+03 -0.4954551E+03 -0.4981741E+03 -0.4922024E+03 -0.4879108E+03 -0.4911727E+03 -0.4927423E+03 -0.4759736E+03 -0.4694938E+03 -0.4630140E+03 -0.4598658E+03 -0.4567176E+03 -0.4535715E+03 -0.4504253E+03 -0.4469905E+03 -0.4435557E+03 -0.4394692E+03 -0.4353827E+03 -0.4335114E+03 -0.4316401E+03 -0.4279626E+03 -0.4242852E+03 -0.4192454E+03 -0.4142056E+03 -0.4086553E+03 -0.4031049E+03 -0.3973038E+03 -0.3915027E+03 -0.3855776E+03 -0.3796524E+03 -0.3737384E+03 -0.3678244E+03 -0.3624001E+03 -0.3569757E+03 -0.3545157E+03 -0.3520556E+03 -0.3561041E+03 -0.3601525E+03 -0.3575965E+03 -0.3550404E+03 -0.3445816E+03 -0.3341228E+03 -0.3368419E+03 -0.3395609E+03 -0.3352693E+03 -0.3309776E+03 -0.3325472E+03 -0.3341168E+03 -0.3078193E+03 -0.3013395E+03 -0.2982357E+03 -0.2950874E+03 -0.2924070E+03 -0.2892608E+03 -0.2895382E+03 -0.2861034E+03 -0.2819346E+03 -0.2778481E+03 -0.2753357E+03 -0.2734644E+03 -0.2745542E+03 -0.2708768E+03 -0.2689798E+03 -0.2639400E+03 -0.2604057E+03 -0.2548553E+03 -0.2509107E+03 -0.2451096E+03 -0.2410177E+03 -0.2350926E+03 -0.2309370E+03 -0.2250230E+03 -0.2208928E+03 -0.2154685E+03 -0.2117126E+03 -0.2092526E+03 -0.2076463E+03 -0.2116947E+03 -0.2144864E+03 -0.2119304E+03 -0.2095107E+03 -0.1990519E+03 -0.1911299E+03 -0.1938490E+03 -0.1944795E+03 -0.1901879E+03 -0.1871617E+03 -0.1887312E+03 -0.1888605E+03 -0.1396650E+03 -0.1365611E+03 -0.1334573E+03 -0.1307768E+03 -0.1280963E+03 -0.1283737E+03 -0.1286510E+03 -0.1244822E+03 -0.1203134E+03 -0.1178011E+03 -0.1152888E+03 -0.1163786E+03 -0.1174683E+03 -0.1155714E+03 -0.1136745E+03 -0.1101401E+03 -0.1066057E+03 -0.1026611E+03 -0.9871644E+02 -0.9462456E+02 -0.9053267E+02 -0.8637710E+02 -0.8222154E+02 -0.7809138E+02 -0.7396122E+02 -0.7020537E+02 -0.6644952E+02 -0.6484323E+02 -0.6323694E+02 -0.6602864E+02 -0.6882034E+02 -0.6640067E+02 -0.6398099E+02 -0.5605902E+02 -0.4813704E+02 -0.4876755E+02 -0.4939806E+02 -0.4637186E+02 -0.4334566E+02 -0.4347489E+02 -0.4360412E+02  0.1632904E+02  0.1943288E+02  0.1965438E+02  0.2233485E+02  0.2496697E+02  0.2468962E+02  0.2148391E+02  0.2565271E+02  0.3057134E+02  0.3308368E+02  0.3411001E+02  0.3302022E+02  0.2909522E+02  0.3099215E+02  0.3107114E+02  0.3460551E+02  0.3654002E+02  0.4048466E+02  0.4272001E+02  0.4681190E+02  0.4908872E+02  0.5324428E+02  0.5552358E+02  0.5965374E+02  0.6189485E+02  0.6565069E+02  0.6763282E+02  0.6923911E+02  0.6983938E+02  0.6704768E+02  0.6519339E+02  0.6761306E+02  0.6963535E+02  0.7755733E+02  0.8283272E+02  0.8220221E+02  0.8315294E+02  0.8617914E+02  0.8771258E+02  0.8758336E+02  0.8853832E+02  0.1723230E+03  0.1725445E+03  0.1727660E+03  0.1753982E+03  0.1780303E+03  0.1748246E+03  0.1716189E+03  0.1765375E+03  0.1814561E+03  0.1824825E+03  0.1835088E+03  0.1795838E+03  0.1756588E+03  0.1757378E+03  0.1758168E+03  0.1777513E+03  0.1796858E+03  0.1819211E+03  0.1841565E+03  0.1864333E+03  0.1887101E+03  0.1909894E+03  0.1932687E+03  0.1955098E+03  0.1977509E+03  0.1997330E+03  0.2017152E+03  0.2023154E+03  0.2029157E+03  0.2010614E+03  0.1992071E+03  0.2012294E+03  0.2032517E+03  0.2085271E+03  0.2138025E+03  0.2147532E+03  0.2157039E+03  0.2172374E+03  0.2187708E+03  0.2197258E+03  0.2206808E+03  0.3162826E+03  0.3165041E+03  0.3144974E+03  0.3171295E+03  0.3199716E+03  0.3167659E+03  0.3110147E+03  0.3159333E+03  0.3215437E+03  0.3225701E+03  0.3221718E+03  0.3182468E+03  0.3116223E+03  0.3117013E+03  0.3099499E+03  0.3118844E+03  0.3121574E+03  0.3143927E+03  0.3148535E+03  0.3171303E+03  0.3175290E+03  0.3198083E+03  0.3201516E+03  0.3223927E+03  0.3226889E+03  0.3246711E+03  0.3248197E+03  0.3254200E+03  0.3248851E+03  0.3230308E+03  0.3217687E+03  0.3237910E+03  0.3250716E+03  0.3303470E+03  0.3327808E+03  0.3337316E+03  0.3357624E+03  0.3372958E+03  0.3372044E+03  0.3381593E+03  0.3399702E+03  0.4602422E+03  0.4582354E+03  0.4562287E+03  0.4590709E+03  0.4619130E+03  0.4561617E+03  0.4504105E+03  0.4560209E+03  0.4616314E+03  0.4612331E+03  0.4608348E+03  0.4542103E+03  0.4475859E+03  0.4458345E+03  0.4440831E+03  0.4443560E+03  0.4446290E+03  0.4450897E+03  0.4455505E+03  0.4459492E+03  0.4463480E+03  0.4466912E+03  0.4470345E+03  0.4473307E+03  0.4476270E+03  0.4477756E+03  0.4479242E+03  0.4473894E+03  0.4468545E+03  0.4455924E+03  0.4443302E+03  0.4456109E+03  0.4468916E+03  0.4493254E+03  0.4517592E+03  0.4537900E+03  0.4558208E+03  0.4557294E+03  0.4556379E+03  0.4574488E+03  0.4592596E+03  0.5918139E+03  0.5898072E+03  0.5860583E+03  0.5889005E+03  0.5920777E+03  0.5863265E+03  0.5783337E+03  0.5839441E+03  0.5901367E+03  0.5897385E+03  0.5879650E+03  0.5813406E+03  0.5721727E+03  0.5704213E+03  0.5668613E+03  0.5671342E+03  0.5657252E+03  0.5661860E+03  0.5648531E+03  0.5652519E+03  0.5637594E+03  0.5641027E+03  0.5625023E+03  0.5627985E+03  0.5611473E+03  0.5612960E+03  0.5596045E+03  0.5590696E+03  0.5573275E+03  0.5560654E+03  0.5551245E+03  0.5564051E+03  0.5567008E+03  0.5591347E+03  0.5586523E+03  0.5606831E+03  0.5634275E+03  0.5633360E+03  0.5616131E+03  0.5634240E+03  0.5659743E+03  0.7233856E+03  0.7196368E+03  0.7158879E+03  0.7190652E+03  0.7222425E+03  0.7142496E+03  0.7062568E+03  0.7124494E+03  0.7186421E+03  0.7168687E+03  0.7150953E+03  0.7059274E+03  0.6967595E+03  0.6931994E+03  0.6896394E+03  0.6882304E+03  0.6868215E+03  0.6854886E+03  0.6841558E+03  0.6826633E+03  0.6811709E+03  0.6795705E+03  0.6779701E+03  0.6763189E+03  0.6746677E+03  0.6729762E+03  0.6712847E+03  0.6695426E+03  0.6678005E+03  0.6668596E+03  0.6659187E+03  0.6662144E+03  0.6665101E+03  0.6660277E+03  0.6655453E+03  0.6682897E+03  0.6710341E+03  0.6693112E+03  0.6675883E+03  0.6701387E+03  0.6726891E+03  0.8421977E+03  0.8384488E+03  0.8332971E+03  0.8364743E+03  0.8400108E+03  0.8320179E+03  0.8220321E+03  0.8282248E+03  0.8348569E+03  0.8330834E+03  0.8299850E+03  0.8208172E+03  0.8092895E+03  0.8057295E+03  0.8004206E+03  0.7990116E+03  0.7959440E+03  0.7946111E+03  0.7915129E+03  0.7900204E+03  0.7866735E+03  0.7850731E+03  0.7815731E+03  0.7799219E+03  0.7763728E+03  0.7746813E+03  0.7711955E+03  0.7694534E+03  0.7664892E+03  0.7655483E+03  0.7647329E+03  0.7650286E+03  0.7641950E+03  0.7637126E+03  0.7603521E+03  0.7630964E+03  0.7663070E+03  0.7645841E+03  0.7613260E+03  0.7638763E+03  0.7671284E+03  0.9610098E+03  0.9558580E+03  0.9507062E+03  0.9542426E+03  0.9577791E+03  0.9477933E+03  0.9378075E+03  0.9444396E+03  0.9510716E+03  0.9479732E+03  0.9448748E+03  0.9333472E+03  0.9218196E+03  0.9165107E+03  0.9112018E+03  0.9081341E+03  0.9050665E+03  0.9019683E+03  0.8988700E+03  0.8955231E+03  0.8921762E+03  0.8886762E+03  0.8851762E+03  0.8816270E+03  0.8780778E+03  0.8745921E+03  0.8711064E+03  0.8681422E+03  0.8651780E+03  0.8643625E+03  0.8635470E+03  0.8627135E+03  0.8618799E+03  0.8585193E+03  0.8551588E+03  0.8583694E+03  0.8615799E+03  0.8583218E+03  0.8550636E+03  0.8583156E+03  0.8615677E+03  0.1066713E+04  0.1061561E+04  0.1055241E+04  0.1058778E+04  0.1062648E+04  0.1052662E+04  0.1040965E+04  0.1047597E+04  0.1054610E+04  0.1051511E+04  0.1047236E+04  0.1035709E+04  0.1022082E+04  0.1016773E+04  0.1009826E+04  0.1006759E+04  0.1002098E+04  0.9989999E+03  0.9942068E+03  0.9908599E+03  0.9857395E+03  0.9822395E+03  0.9769288E+03  0.9733796E+03  0.9680266E+03  0.9645409E+03  0.9593508E+03  0.9563866E+03  0.9522324E+03  0.9514169E+03  0.9505923E+03  0.9497587E+03  0.9477323E+03  0.9443718E+03  0.9382624E+03  0.9414730E+03  0.9449995E+03  0.9417413E+03  0.9371180E+03  0.9403700E+03  0.9442061E+03  0.1172416E+04  0.1166096E+04  0.1159777E+04  0.1163647E+04  0.1167517E+04  0.1155820E+04  0.1144122E+04  0.1151135E+04  0.1158148E+04  0.1153873E+04  0.1149597E+04  0.1135971E+04  0.1122344E+04  0.1115397E+04  0.1108451E+04  0.1103790E+04  0.1099130E+04  0.1094337E+04  0.1089544E+04  0.1084423E+04  0.1079303E+04  0.1073992E+04  0.1068681E+04  0.1063328E+04  0.1057975E+04  0.1052785E+04  0.1047595E+04  0.1043441E+04  0.1039287E+04  0.1038462E+04  0.1037638E+04  0.1035611E+04  0.1033585E+04  0.1027475E+04  0.1021366E+04  0.1024893E+04  0.1028419E+04  0.1023796E+04  0.1019172E+04  0.1023008E+04  0.1026844E+04  0.1264698E+04  0.1258379E+04  0.1251179E+04  0.1255050E+04  0.1259566E+04  0.1247869E+04  0.1235419E+04  0.1242431E+04  0.1250549E+04  0.1246274E+04  0.1241546E+04  0.1227919E+04  0.1212723E+04  0.1205777E+04  0.1197389E+04  0.1192729E+04  0.1186563E+04  0.1181770E+04  0.1175363E+04  0.1170243E+04  0.1163437E+04  0.1158127E+04  0.1151100E+04  0.1145747E+04  0.1138687E+04  0.1133497E+04  0.1126693E+04  0.1122539E+04  0.1117229E+04  0.1116404E+04  0.1115451E+04  0.1113425E+04  0.1110176E+04  0.1104066E+04  0.1095382E+04  0.1098909E+04  0.1102648E+04  0.1098025E+04  0.1092114E+04  0.1095950E+04  0.1099084E+04  0.1356980E+04  0.1349781E+04  0.1342582E+04  0.1347099E+04  0.1351615E+04  0.1339165E+04  0.1326715E+04  0.1334833E+04  0.1342951E+04  0.1338222E+04  0.1333494E+04  0.1318298E+04  0.1303103E+04  0.1294716E+04  0.1286328E+04  0.1280162E+04  0.1273997E+04  0.1267590E+04  0.1261182E+04  0.1254377E+04  0.1247572E+04  0.1240545E+04  0.1233518E+04  0.1226458E+04  0.1219398E+04  0.1212594E+04  0.1205790E+04  0.1200481E+04  0.1195171E+04  0.1194218E+04  0.1193265E+04  0.1190016E+04  0.1186767E+04  0.1178083E+04  0.1169399E+04  0.1173138E+04  0.1176877E+04  0.1170967E+04  0.1165056E+04  0.1168190E+04  0.1171324E+04  0.1435690E+04  0.1428490E+04  0.1421490E+04  0.1426006E+04  0.1432619E+04  0.1420169E+04  0.1408900E+04  0.1417018E+04  0.1427905E+04  0.1423176E+04  0.1419612E+04  0.1404417E+04  0.1388704E+04  0.1380316E+04  0.1370819E+04  0.1364654E+04  0.1357055E+04  0.1350647E+04  0.1342664E+04  0.1335858E+04  0.1327409E+04  0.1320382E+04  0.1311682E+04  0.1304622E+04  0.1295898E+04  0.1289094E+04  0.1280712E+04  0.1275402E+04  0.1268921E+04  0.1267969E+04  0.1266735E+04  0.1263486E+04  0.1258973E+04  0.1250289E+04  0.1239200E+04  0.1242940E+04  0.1246669E+04  0.1240758E+04  0.1232449E+04  0.1235583E+04  0.1233291E+04  0.1514399E+04  0.1507398E+04  0.1500398E+04  0.1507010E+04  0.1513622E+04  0.1502353E+04  0.1491085E+04  0.1501972E+04  0.1512858E+04  0.1509295E+04  0.1505731E+04  0.1490017E+04  0.1474304E+04  0.1464807E+04  0.1455311E+04  0.1447712E+04  0.1440113E+04  0.1432129E+04  0.1424145E+04  0.1415695E+04  0.1407246E+04  0.1398546E+04  0.1389846E+04  0.1381122E+04  0.1372398E+04  0.1364016E+04  0.1355634E+04  0.1349153E+04  0.1342672E+04  0.1341439E+04  0.1340206E+04  0.1335692E+04  0.1331179E+04  0.1320090E+04  0.1309002E+04  0.1312731E+04  0.1316460E+04  0.1308151E+04  0.1299842E+04  0.1297550E+04  0.1295259E+04  0.1579557E+04  0.1572557E+04  0.1565781E+04  0.1572394E+04  0.1577276E+04  0.1566007E+04  0.1550403E+04  0.1561290E+04  0.1572083E+04  0.1568519E+04  0.1566934E+04  0.1551221E+04  0.1536416E+04  0.1526920E+04  0.1516927E+04  0.1509328E+04  0.1500545E+04  0.1492561E+04  0.1483238E+04  0.1474788E+04  0.1464962E+04  0.1456262E+04  0.1446178E+04  0.1437454E+04  0.1427371E+04  0.1418989E+04  0.1409337E+04  0.1402856E+04  0.1395466E+04  0.1394233E+04  0.1392856E+04  0.1388342E+04  0.1382811E+04  0.1371722E+04  0.1358550E+04  0.1362279E+04  0.1364836E+04  0.1356527E+04  0.1341401E+04  0.1339109E+04  0.1335301E+04  0.1644716E+04  0.1637941E+04  0.1631165E+04  0.1636048E+04  0.1640930E+04  0.1625325E+04  0.1609721E+04  0.1620514E+04  0.1631308E+04  0.1629722E+04  0.1628137E+04  0.1613333E+04  0.1598528E+04  0.1588536E+04  0.1578543E+04  0.1569760E+04  0.1560977E+04  0.1551654E+04  0.1542331E+04  0.1532504E+04  0.1522677E+04  0.1512594E+04  0.1502511E+04  0.1492427E+04  0.1482344E+04  0.1472691E+04  0.1463039E+04  0.1455650E+04  0.1448261E+04  0.1446883E+04  0.1445506E+04  0.1439974E+04  0.1434442E+04  0.1421270E+04  0.1408098E+04  0.1410656E+04  0.1413213E+04  0.1398086E+04  0.1382959E+04  0.1379151E+04  0.1375342E+04  0.1694011E+04  0.1687236E+04  0.1677381E+04  0.1682263E+04  0.1687823E+04  0.1672218E+04  0.1650619E+04  0.1661412E+04  0.1664499E+04  0.1662913E+04  0.1660530E+04  0.1645725E+04  0.1632682E+04  0.1622689E+04  0.1612722E+04  0.1603939E+04  0.1594277E+04  0.1584953E+04  0.1574628E+04  0.1564801E+04  0.1553975E+04  0.1543892E+04  0.1532834E+04  0.1522750E+04  0.1511738E+04  0.1502085E+04  0.1491601E+04  0.1484212E+04  0.1476315E+04  0.1474937E+04  0.1473696E+04  0.1468164E+04  0.1461887E+04  0.1448715E+04  0.1432747E+04  0.1435304E+04  0.1432233E+04  0.1417106E+04  0.1399653E+04  0.1395844E+04  0.1420164E+04  0.1743306E+04  0.1733451E+04  0.1723596E+04  0.1729156E+04  0.1734715E+04  0.1713116E+04  0.1691516E+04  0.1694603E+04  0.1697689E+04  0.1695306E+04  0.1692922E+04  0.1679879E+04  0.1666835E+04  0.1656868E+04  0.1646902E+04  0.1637239E+04  0.1627576E+04  0.1617251E+04  0.1606925E+04  0.1596099E+04  0.1585273E+04  0.1574215E+04  0.1563157E+04  0.1552144E+04  0.1541132E+04  0.1530647E+04  0.1520163E+04  0.1512266E+04  0.1504369E+04  0.1503128E+04  0.1501887E+04  0.1495609E+04  0.1489332E+04  0.1473364E+04  0.1457396E+04  0.1454325E+04  0.1451253E+04  0.1433800E+04  0.1416346E+04  0.1440666E+04  0.1464986E+04  0.1783100E+04  0.1773244E+04  0.1757873E+04  0.1763433E+04  0.1776874E+04  0.1755275E+04  0.1744753E+04  0.1747839E+04  0.1745278E+04  0.1742894E+04  0.1736323E+04  0.1723280E+04  0.1711742E+04  0.1701775E+04  0.1691607E+04  0.1681944E+04  0.1671295E+04  0.1660969E+04  0.1649582E+04  0.1638755E+04  0.1626884E+04  0.1615826E+04  0.1603761E+04  0.1592748E+04  0.1580791E+04  0.1570307E+04  0.1558991E+04  0.1551094E+04  0.1542672E+04  0.1541431E+04  0.1540106E+04  0.1533828E+04  0.1525577E+04  0.1509609E+04  0.1486451E+04  0.1483380E+04  0.1478890E+04  0.1461437E+04  0.1471119E+04  0.1495439E+04  0.1480178E+04  0.1822893E+04  0.1807522E+04  0.1792151E+04  0.1805592E+04  0.1819033E+04  0.1808511E+04  0.1797989E+04  0.1795428E+04  0.1792866E+04  0.1786295E+04  0.1779724E+04  0.1768187E+04  0.1756649E+04  0.1746481E+04  0.1736312E+04  0.1725663E+04  0.1715014E+04  0.1703626E+04  0.1692238E+04  0.1680366E+04  0.1668494E+04  0.1656429E+04  0.1644364E+04  0.1632408E+04  0.1620451E+04  0.1609135E+04  0.1597819E+04  0.1589398E+04  0.1580976E+04  0.1579650E+04  0.1578324E+04  0.1570073E+04  0.1561822E+04  0.1538664E+04  0.1515506E+04  0.1511017E+04  0.1506527E+04  0.1516209E+04  0.1525892E+04  0.1510631E+04  0.1495370E+04  0.1851733E+04  0.1836362E+04  0.1827441E+04  0.1840882E+04  0.1824413E+04  0.1813890E+04  0.1810965E+04  0.1808404E+04  0.1806106E+04  0.1799535E+04  0.1790510E+04  0.1778973E+04  0.1768774E+04  0.1758605E+04  0.1748267E+04  0.1737618E+04  0.1726432E+04  0.1715044E+04  0.1703148E+04  0.1691276E+04  0.1678958E+04  0.1666893E+04  0.1654453E+04  0.1642496E+04  0.1630247E+04  0.1618932E+04  0.1607437E+04  0.1599015E+04  0.1590557E+04  0.1589231E+04  0.1587052E+04  0.1578801E+04  0.1564520E+04  0.1541362E+04  0.1515821E+04  0.1511331E+04  0.1534634E+04  0.1544317E+04  0.1507467E+04  0.1492206E+04  0.1563730E+04  0.1880573E+04  0.1871652E+04  0.1862731E+04  0.1846262E+04  0.1829792E+04  0.1826867E+04  0.1823942E+04  0.1821644E+04  0.1819346E+04  0.1810321E+04  0.1801296E+04  0.1791097E+04  0.1780898E+04  0.1770560E+04  0.1760223E+04  0.1749036E+04  0.1737850E+04  0.1725954E+04  0.1714058E+04  0.1701740E+04  0.1689422E+04  0.1676982E+04  0.1664542E+04  0.1652293E+04  0.1640044E+04  0.1628549E+04  0.1617054E+04  0.1608596E+04  0.1600137E+04  0.1597958E+04  0.1595779E+04  0.1581498E+04  0.1567217E+04  0.1541676E+04  0.1516135E+04  0.1539438E+04  0.1562742E+04  0.1525892E+04  0.1489042E+04  0.1560567E+04  0.1632091E+04  0.1818277E+04  0.1809356E+04  0.1878000E+04  0.1861531E+04  0.1851532E+04  0.1848607E+04  0.1840234E+04  0.1837937E+04  0.1832656E+04  0.1823631E+04  0.1815020E+04  0.1804821E+04  0.1795192E+04  0.1784855E+04  0.1774179E+04  0.1762993E+04  0.1751398E+04  0.1739502E+04  0.1727266E+04  0.1714948E+04  0.1702370E+04  0.1689930E+04  0.1677318E+04  0.1665069E+04  0.1652743E+04  0.1641248E+04  0.1629669E+04  0.1621210E+04  0.1611666E+04  0.1609486E+04  0.1602087E+04  0.1587806E+04  0.1571649E+04  0.1546108E+04  0.1547156E+04  0.1570459E+04  0.1554180E+04  0.1517330E+04  0.1566977E+04  0.1638502E+04  0.1350800E+04  0.1755982E+04  0.1824626E+04  0.1893270E+04  0.1883271E+04  0.1873272E+04  0.1864899E+04  0.1856527E+04  0.1851246E+04  0.1845965E+04  0.1837354E+04  0.1828744E+04  0.1819115E+04  0.1809486E+04  0.1798811E+04  0.1788135E+04  0.1776541E+04  0.1764946E+04  0.1752710E+04  0.1740473E+04  0.1727896E+04  0.1715318E+04  0.1702706E+04  0.1690095E+04  0.1677769E+04  0.1665442E+04  0.1653863E+04  0.1642284E+04  0.1632739E+04  0.1623194E+04  0.1615795E+04  0.1608396E+04  0.1592238E+04  0.1576081E+04  0.1577129E+04  0.1578177E+04  0.1561897E+04  0.1545618E+04  0.1595265E+04  0.1644912E+04  0.1357211E+04  0.1069510E+04
         </DataArray>
         </PointData>
      </Piece>
     </UnstructuredGrid>
</VTKFile>
