1    1.000   20.000 0 0   0
6    3.500    0.750    0.000    0.250  80
x                                                                               
3   23.750    0.875 0 0   0
2   24.500    0.875 0 0   0
2   24.250    1.000 0 0   0
2   24.250    0.750 0 0   0
2   24.500    0.875 0 0   0
6    0.875    3.500   90.000    0.250  80
y                                                                               
3    0.750   23.750 0 0   0
2    0.750   24.500 0 0   0
2    0.625   24.250 0 0   0
2    0.875   24.250 0 0   0
2    0.750   24.500 0 0   0
3   10.152   10.011 0 0   0
2   10.152   10.011 0 0   0
2   10.152   10.011 0 0   0
2   10.152   10.011 0 0   0
6   10.139    9.991    0.000    0.150   1
1
3   10.152   10.011 0 0   0
2   10.152   10.011 0 0   0
2   10.152   10.011 0 0   0
2   10.152   10.011 0 0   0
2   10.152   10.011 0 0   0
3   11.637   11.530 0 0   0
2   11.637   11.530 0 0   0
2   11.584   11.580 0 0   0
2   11.539   11.622 0 0   0
2   11.439   11.706 0 0   0
2   11.437   11.708 0 0   0
2   11.435   11.709 0 0   0
2   11.330   11.784 0 0   0
2   11.253   11.833 0 0   0
2   11.220   11.854 0 0   0
2   11.184   11.874 0 0   0
2   11.105   11.916 0 0   0
2   11.012   11.960 0 0   0
2   10.987   11.972 0 0   0
2   10.969   11.979 0 0   0
2   10.864   12.020 0 0   0
2   10.776   12.050 0 0   0
2   10.738   12.062 0 0   0
2   10.639   12.088 0 0   0
2   10.607   12.096 0 0   0
2   10.596   12.098 0 0   0
2   10.472   12.122 0 0   0
2   10.428   12.129 0 0   0
2   10.333   12.141 0 0   0
2   10.267   12.147 0 0   0
2   10.188   12.151 0 0   0
2   10.113   12.153 0 0   0
2   10.039   12.153 0 0   0
2    9.964   12.150 0 0   0
2    9.884   12.144 0 0   0
2    9.821   12.138 0 0   0
2    9.722   12.124 0 0   0
2    9.682   12.118 0 0   0
2    9.553   12.091 0 0   0
2    9.548   12.090 0 0   0
2    9.535   12.086 0 0   0
2    9.419   12.054 0 0   0
2    9.373   12.039 0 0   0
2    9.294   12.011 0 0   0
2    9.181   11.967 0 0   0
2    9.172   11.963 0 0   0
2    9.159   11.957 0 0   0
2    9.055   11.906 0 0   0
2    8.968   11.859 0 0   0
2    8.941   11.843 0 0   0
2    8.915   11.827 0 0   0
2    8.832   11.773 0 0   0
2    8.727   11.698 0 0   0
2    8.726   11.697 0 0   0
2    8.724   11.695 0 0   0
2    8.625   11.611 0 0   0
2    8.578   11.568 0 0   0
2    8.528   11.519 0 0   0
2    8.452   11.438 0 0   0
2    8.436   11.420 0 0   0
2    8.361   11.328 0 0   0
2    8.348   11.312 0 0   0
2    8.346   11.309 0 0   0
2    8.267   11.194 0 0   0
2    8.257   11.179 0 0   0
2    8.191   11.067 0 0   0
2    8.182   11.050 0 0   0
2    8.121   10.928 0 0   0
2    8.117   10.920 0 0   0
2    8.096   10.870 0 0   0
2    8.064   10.791 0 0   0
2    8.059   10.777 0 0   0
2    8.020   10.662 0 0   0
2    8.005   10.610 0 0   0
2    7.985   10.532 0 0   0
2    7.962   10.427 0 0   0
2    7.957   10.403 0 0   0
2    7.950   10.359 0 0   0
2    7.938   10.273 0 0   0
2    7.933   10.219 0 0   0
2    7.926   10.144 0 0   0
2    7.922   10.051 0 0   0
2    7.922   10.015 0 0   0
2    7.922    9.979 0 0   0
2    7.925    9.885 0 0   0
2    7.930    9.806 0 0   0
2    7.935    9.756 0 0   0
2    7.945    9.681 0 0   0
2    7.952    9.626 0 0   0
2    7.958    9.595 0 0   0
2    7.978    9.497 0 0   0
2    8.000    9.408 0 0   0
2    8.012    9.367 0 0   0
2    8.052    9.239 0 0   0
2    8.053    9.237 0 0   0
2    8.057    9.227 0 0   0
2    8.105    9.108 0 0   0
2    8.114    9.087 0 0   0
2    8.167    8.978 0 0   0
2    8.183    8.948 0 0   0
2    8.241    8.848 0 0   0
2    8.259    8.819 0 0   0
2    8.327    8.719 0 0   0
2    8.340    8.700 0 0   0
2    8.420    8.599 0 0   0
2    8.427    8.590 0 0   0
2    8.428    8.589 0 0   0
2    8.519    8.490 0 0   0
6    8.539    8.442    0.000    0.150   1
2
3    8.519    8.490 0 0   0
2    8.550    8.459 0 0   0
2    8.615    8.398 0 0   0
2    8.695    8.329 0 0   0
2    8.716    8.312 0 0   0
2    8.750    8.286 0 0   0
2    8.821    8.235 0 0   0
2    8.875    8.199 0 0   0
2    8.930    8.164 0 0   0
2    8.990    8.129 0 0   0
2    9.043    8.100 0 0   0
2    9.107    8.068 0 0   0
2    9.161    8.043 0 0   0
2    9.199    8.027 0 0   0
2    9.282    7.993 0 0   0
2    9.389    7.955 0 0   0
2    9.407    7.950 0 0   0
2    9.453    7.937 0 0   0
2    9.536    7.914 0 0   0
2    9.565    7.907 0 0   0
2    9.670    7.885 0 0   0
2    9.731    7.875 0 0   0
2    9.807    7.864 0 0   0
2    9.889    7.856 0 0   0
2    9.949    7.851 0 0   0
2   10.040    7.847 0 0   0
2   10.096    7.847 0 0   0
2   10.185    7.849 0 0   0
2   10.249    7.852 0 0   0
2   10.325    7.859 0 0   0
2   10.407    7.868 0 0   0
2   10.460    7.876 0 0   0
2   10.572    7.897 0 0   0
2   10.590    7.900 0 0   0
2   10.640    7.913 0 0   0
2   10.717    7.932 0 0   0
2   10.748    7.942 0 0   0
2   10.839    7.971 0 0   0
2   10.934    8.007 0 0   0
2   10.957    8.016 0 0   0
2   10.990    8.030 0 0   0
2   11.072    8.068 0 0   0
2   11.140    8.103 0 0   0
2   11.183    8.126 0 0   0
2   11.225    8.150 0 0   0
2   11.291    8.191 0 0   0
2   11.375    8.248 0 0   0
2   11.395    8.262 0 0   0
2   11.408    8.271 0 0   0
2   11.496    8.342 0 0   0
2   11.555    8.393 0 0   0
2   11.593    8.428 0 0   0
2   11.681    8.517 0 0   0
2   11.689    8.524 0 0   0
2   11.726    8.568 0 0   0
2   11.779    8.630 0 0   0
2   11.787    8.641 0 0   0
2   11.867    8.749 0 0   0
2   11.880    8.768 0 0   0
2   11.950    8.880 0 0   0
2   11.960    8.897 0 0   0
2   12.027    9.024 0 0   0
2   12.030    9.031 0 0   0
2   12.054    9.085 0 0   0
2   12.089    9.166 0 0   0
2   12.094    9.179 0 0   0
2   12.136    9.298 0 0   0
2   12.149    9.342 0 0   0
2   12.174    9.431 0 0   0
2   12.195    9.520 0 0   0
2   12.202    9.555 0 0   0
2   12.215    9.627 0 0   0
2   12.223    9.680 0 0   0
2   12.227    9.710 0 0   0
2   12.236    9.795 0 0   0
2   12.244    9.900 0 0   0
2   12.244    9.911 0 0   0
2   12.245    9.922 0 0   0
2   12.245   10.017 0 0   0
2   12.244   10.096 0 0   0
2   12.243   10.123 0 0   0
2   12.241   10.146 0 0   0
2   12.234   10.231 0 0   0
2   12.224   10.319 0 0   0
2   12.221   10.340 0 0   0
2   12.218   10.360 0 0   0
2   12.199   10.460 0 0   0
2   12.173   10.578 0 0   0
2   12.173   10.579 0 0   0
2   12.172   10.580 0 0   0
2   12.135   10.703 0 0   0
2   12.117   10.759 0 0   0
2   12.090   10.830 0 0   0
2   12.051   10.922 0 0   0
2   12.037   10.955 0 0   0
2   11.980   11.068 0 0   0
2   11.974   11.079 0 0   0
2   11.902   11.199 0 0   0
2   11.899   11.204 0 0   0
2   11.819   11.319 0 0   0
2   11.811   11.329 0 0   0
2   11.730   11.429 0 0   0
2   11.707   11.455 0 0   0
2   11.637   11.530 0 0   0
3    9.147   12.945 0 0   0
2    9.147   12.945 0 0   0
2    9.066   12.922 0 0   0
2    8.965   12.889 0 0   0
2    8.940   12.880 0 0   0
2    8.894   12.863 0 0   0
2    8.817   12.834 0 0   0
2    8.772   12.815 0 0   0
2    8.697   12.783 0 0   0
2    8.592   12.734 0 0   0
2    8.579   12.727 0 0   0
2    8.568   12.722 0 0   0
2    8.464   12.666 0 0   0
2    8.357   12.604 0 0   0
2    8.352   12.601 0 0   0
2    8.346   12.597 0 0   0
2    8.243   12.529 0 0   0
2    8.166   12.474 0 0   0
2    8.137   12.453 0 0   0
2    8.094   12.419 0 0   0
2    8.035   12.372 0 0   0
2    8.003   12.344 0 0   0
2    7.935   12.285 0 0   0
2    7.862   12.215 0 0   0
2    7.839   12.192 0 0   0
2    7.773   12.122 0 0   0
2    7.746   12.094 0 0   0
2    7.738   12.085 0 0   0
2    7.657   11.989 0 0   0
2    7.631   11.955 0 0   0
2    7.572   11.878 0 0   0
2    7.536   11.826 0 0   0
2    7.491   11.760 0 0   0
2    7.451   11.696 0 0   0
2    7.414   11.634 0 0   0
2    7.377   11.567 0 0   0
2    7.342   11.501 0 0   0
2    7.310   11.438 0 0   0
2    7.274   11.360 0 0   0
2    7.252   11.308 0 0   0
2    7.212   11.210 0 0   0
2    7.200   11.179 0 0   0
2    7.155   11.051 0 0   0
2    7.155   11.050 0 0   0
2    7.154   11.049 0 0   0
2    7.116   10.921 0 0   0
2    7.105   10.879 0 0   0
2    7.084   10.792 0 0   0
2    7.062   10.696 0 0   0
2    7.056   10.663 0 0   0
2    7.044   10.600 0 0   0
2    7.033   10.534 0 0   0
2    7.028   10.497 0 0   0
2    7.016   10.405 0 0   0
2    7.003   10.281 0 0   0
2    7.003   10.276 0 0   0
2    7.002   10.269 0 0   0
2    6.996   10.147 0 0   0
2    6.993   10.042 0 0   0
2    6.992   10.018 0 0   0
2    6.992    9.993 0 0   0
2    6.994    9.889 0 0   0
2    7.000    9.771 0 0   0
2    7.000    9.759 0 0   0
2    7.001    9.750 0 0   0
2    7.012    9.630 0 0   0
2    7.024    9.530 0 0   0
2    7.028    9.500 0 0   0
2    7.036    9.449 0 0   0
2    7.049    9.371 0 0   0
2    7.057    9.329 0 0   0
2    7.076    9.241 0 0   0
2    7.099    9.143 0 0   0
2    7.107    9.111 0 0   0
2    7.133    9.021 0 0   0
2    7.145    8.982 0 0   0
2    7.149    8.969 0 0   0
2    7.189    8.852 0 0   0
2    7.205    8.808 0 0   0
2    7.239    8.722 0 0   0
2    7.267    8.656 0 0   0
2    7.296    8.592 0 0   0
2    7.334    8.513 0 0   0
2    7.361    8.462 0 0   0
2    7.406    8.379 0 0   0
2    7.434    8.332 0 0   0
2    7.483    8.253 0 0   0
2    7.517    8.202 0 0   0
2    7.564    8.134 0 0   0
2    7.610    8.072 0 0   0
2    7.649    8.022 0 0   0
2    7.715    7.942 0 0   0
2    7.737    7.917 0 0   0
2    7.815    7.833 0 0   0
2    7.830    7.817 0 0   0
2    7.835    7.812 0 0   0
2    7.926    7.724 0 0   0
2    7.973    7.682 0 0   0
2    8.025    7.637 0 0   0
2    8.123    7.558 0 0   0
2    8.127    7.554 0 0   0
2    8.130    7.552 0 0   0
2    8.233    7.478 0 0   0
2    8.317    7.422 0 0   0
2    8.341    7.406 0 0   0
2    8.369    7.390 0 0   0
2    8.453    7.340 0 0   0
2    8.542    7.292 0 0   0
2    8.568    7.279 0 0   0
2    8.589    7.268 0 0   0
2    8.685    7.223 0 0   0
2    8.791    7.176 0 0   0
2    8.805    7.171 0 0   0
2    8.829    7.161 0 0   0
2    8.928    7.124 0 0   0
2    8.981    7.106 0 0   0
2    9.054    7.082 0 0   0
2    9.162    7.051 0 0   0
2    9.183    7.045 0 0   0
2    9.245    7.029 0 0   0
2    9.314    7.013 0 0   0
2    9.335    7.008 0 0   0
2    9.448    6.986 0 0   0
2    9.501    6.977 0 0   0
2    9.585    6.963 0 0   0
2    9.662    6.953 0 0   0
2    9.724    6.946 0 0   0
2    9.818    6.938 0 0   0
2    9.867    6.935 0 0   0
2    9.968    6.930 0 0   0
2   10.012    6.928 0 0   0
2   10.115    6.928 0 0   0
2   10.161    6.928 0 0   0
2   10.259    6.931 0 0   0
2   10.313    6.935 0 0   0
2   10.398    6.941 0 0   0
2   10.469    6.948 0 0   0
2   10.534    6.955 0 0   0
2   10.628    6.968 0 0   0
2   10.667    6.974 0 0   0
2   10.792    6.997 0 0   0
2   10.797    6.998 0 0   0
2   10.814    7.001 0 0   0
2   10.924    7.026 0 0   0
2   10.961    7.036 0 0   0
2   11.047    7.059 0 0   0
2   11.136    7.086 0 0   0
2   11.169    7.096 0 0   0
6   11.142    7.089    0.000    0.150   1
3
3   11.169    7.096 0 0   0
2   11.230    7.117 0 0   0
2   11.286    7.138 0 0   0
2   11.319    7.150 0 0   0
2   11.402    7.184 0 0   0
2   11.511    7.231 0 0   0
2   11.515    7.233 0 0   0
2   11.520    7.236 0 0   0
2   11.625    7.288 0 0   0
2   11.717    7.338 0 0   0
2   11.732    7.347 0 0   0
2   11.746    7.355 0 0   0
2   11.837    7.411 0 0   0
2   11.934    7.474 0 0   0
2   11.939    7.478 0 0   0
2   11.947    7.484 0 0   0
2   12.038    7.551 0 0   0
2   12.093    7.594 0 0   0
2   12.134    7.629 0 0   0
2   12.221    7.705 0 0   0
2   12.228    7.711 0 0   0
2   12.231    7.714 0 0   0
2   12.318    7.799 0 0   0
2   12.351    7.833 0 0   0
2   12.405    7.892 0 0   0
2   12.456    7.951 0 0   0
2   12.488    7.990 0 0   0
2   12.550    8.069 0 0   0
2   12.568    8.093 0 0   0
2   12.632    8.184 0 0   0
2   12.643    8.200 0 0   0
2   12.706    8.300 0 0   0
2   12.715    8.314 0 0   0
2   12.772    8.413 0 0   0
2   12.781    8.430 0 0   0
2   12.830    8.527 0 0   0
2   12.842    8.552 0 0   0
2   12.883    8.641 0 0   0
2   12.899    8.678 0 0   0
2   12.931    8.756 0 0   0
2   12.951    8.809 0 0   0
2   12.974    8.873 0 0   0
2   12.999    8.950 0 0   0
2   13.012    8.990 0 0   0
2   13.043    9.099 0 0   0
2   13.046    9.110 0 0   0
2   13.053    9.141 0 0   0
2   13.075    9.228 0 0   0
2   13.082    9.261 0 0   0
2   13.099    9.349 0 0   0
2   13.114    9.434 0 0   0
2   13.119    9.469 0 0   0
2   13.128    9.534 0 0   0
2   13.135    9.588 0 0   0
2   13.139    9.620 0 0   0
2   13.147    9.708 0 0   0
2   13.155    9.819 0 0   0
2   13.155    9.827 0 0   0
2   13.155    9.837 0 0   0
2   13.158    9.946 0 0   0
2   13.159   10.038 0 0   0
2   13.158   10.065 0 0   0
2   13.158   10.094 0 0   0
2   13.154   10.183 0 0   0
2   13.148   10.277 0 0   0
2   13.146   10.301 0 0   0
2   13.144   10.322 0 0   0
2   13.134   10.419 0 0   0
2   13.120   10.530 0 0   0
2   13.119   10.538 0 0   0
2   13.117   10.549 0 0   0
2   13.098   10.655 0 0   0
2   13.085   10.722 0 0   0
2   13.074   10.774 0 0   0
2   13.050   10.875 0 0   0
2   13.045   10.893 0 0   0
2   13.043   10.901 0 0   0
2   13.011   11.012 0 0   0
2   12.994   11.067 0 0   0
2   12.972   11.131 0 0   0
2   12.939   11.223 0 0   0
2   12.928   11.251 0 0   0
2   12.880   11.368 0 0   0
2   12.878   11.372 0 0   0
2   12.878   11.373 0 0   0
2   12.821   11.493 0 0   0
2   12.812   11.511 0 0   0
2   12.756   11.615 0 0   0
2   12.740   11.643 0 0   0
2   12.684   11.737 0 0   0
2   12.665   11.767 0 0   0
2   12.602   11.860 0 0   0
2   12.585   11.885 0 0   0
2   12.511   11.983 0 0   0
2   12.501   11.996 0 0   0
2   12.440   12.069 0 0   0
2   12.412   12.101 0 0   0
2   12.407   12.107 0 0   0
2   12.320   12.200 0 0   0
2   12.287   12.232 0 0   0
2   12.224   12.293 0 0   0
2   12.151   12.357 0 0   0
2   12.125   12.380 0 0   0
2   12.071   12.423 0 0   0
2   12.022   12.462 0 0   0
2   11.992   12.483 0 0   0
2   11.915   12.538 0 0   0
2   11.807   12.609 0 0   0
2   11.807   12.610 0 0   0
2   11.806   12.610 0 0   0
2   11.694   12.675 0 0   0
2   11.581   12.735 0 0   0
2   11.579   12.736 0 0   0
2   11.576   12.738 0 0   0
2   11.461   12.791 0 0   0
2   11.376   12.828 0 0   0
2   11.340   12.842 0 0   0
2   11.278   12.865 0 0   0
2   11.216   12.888 0 0   0
2   11.183   12.899 0 0   0
2   11.089   12.929 0 0   0
2   11.000   12.954 0 0   0
2   10.960   12.965 0 0   0
2   10.838   12.994 0 0   0
2   10.828   12.996 0 0   0
2   10.824   12.997 0 0   0
2   10.692   13.022 0 0   0
2   10.656   13.028 0 0   0
2   10.554   13.043 0 0   0
2   10.493   13.050 0 0   0
2   10.413   13.058 0 0   0
2   10.334   13.064 0 0   0
2   10.269   13.068 0 0   0
2   10.180   13.071 0 0   0
2   10.121   13.072 0 0   0
2   10.030   13.072 0 0   0
2    9.970   13.070 0 0   0
2    9.883   13.066 0 0   0
2    9.815   13.062 0 0   0
2    9.739   13.055 0 0   0
2    9.656   13.046 0 0   0
2    9.599   13.039 0 0   0
2    9.492   13.022 0 0   0
2    9.461   13.017 0 0   0
2    9.339   12.993 0 0   0
2    9.327   12.991 0 0   0
2    9.323   12.990 0 0   0
2    9.195   12.958 0 0   0
2    9.147   12.945 0 0   0
3    9.481   13.760 0 0   0
2    9.481   13.760 0 0   0
2    9.574   13.770 0 0   0
2    9.622   13.776 0 0   0
2    9.628   13.776 0 0   0
2    9.765   13.787 0 0   0
2    9.786   13.789 0 0   0
2    9.911   13.795 0 0   0
2    9.940   13.796 0 0   0
2   10.059   13.798 0 0   0
2   10.091   13.798 0 0   0
2   10.210   13.797 0 0   0
2   10.240   13.796 0 0   0
2   10.364   13.791 0 0   0
2   10.386   13.789 0 0   0
2   10.520   13.779 0 0   0
2   10.530   13.779 0 0   0
2   10.607   13.771 0 0   0
2   10.671   13.764 0 0   0
2   10.680   13.763 0 0   0
2   10.810   13.744 0 0   0
2   10.844   13.739 0 0   0
2   10.947   13.722 0 0   0
2   11.011   13.709 0 0   0
2   11.082   13.695 0 0   0
2   11.183   13.672 0 0   0
2   11.215   13.664 0 0   0
2   11.302   13.641 0 0   0
2   11.345   13.630 0 0   0
2   11.361   13.625 0 0   0
2   11.473   13.591 0 0   0
2   11.545   13.567 0 0   0
2   11.599   13.549 0 0   0
2   11.698   13.512 0 0   0
2   11.722   13.503 0 0   0
2   11.736   13.497 0 0   0
2   11.843   13.453 0 0   0
2   11.939   13.409 0 0   0
2   11.962   13.398 0 0   0
2   11.992   13.384 0 0   0
2   12.079   13.340 0 0   0
2   12.155   13.298 0 0   0
2   12.193   13.277 0 0   0
2   12.229   13.255 0 0   0
2   12.304   13.210 0 0   0
2   12.392   13.152 0 0   0
2   12.413   13.138 0 0   0
2   12.428   13.127 0 0   0
2   12.519   13.062 0 0   0
2   12.598   13.000 0 0   0
2   12.622   12.981 0 0   0
2   12.668   12.941 0 0   0
2   12.722   12.895 0 0   0
2   12.747   12.873 0 0   0
2   12.819   12.805 0 0   0
2   12.877   12.747 0 0   0
2   12.913   12.709 0 0   0
2   12.994   12.620 0 0   0
2   13.004   12.609 0 0   0
2   13.054   12.549 0 0   0
2   13.091   12.504 0 0   0
2   13.097   12.495 0 0   0
2   13.174   12.393 0 0   0
2   13.190   12.370 0 0   0
2   13.253   12.277 0 0   0
2   13.273   12.246 0 0   0
2   13.329   12.157 0 0   0
2   13.349   12.122 0 0   0
2   13.401   12.029 0 0   0
2   13.416   11.999 0 0   0
2   13.467   11.899 0 0   0
2   13.478   11.877 0 0   0
2   13.531   11.761 0 0   0
2   13.533   11.756 0 0   0
2   13.545   11.727 0 0   0
2   13.582   11.635 0 0   0
2   13.589   11.618 0 0   0
2   13.627   11.515 0 0   0
2   13.644   11.467 0 0   0
2   13.667   11.396 0 0   0
2   13.693   11.312 0 0   0
2   13.703   11.278 0 0   0
2   13.728   11.187 0 0   0
2   13.735   11.159 0 0   0
2   13.738   11.148 0 0   0
2   13.763   11.042 0 0   0
2   13.777   10.976 0 0   0
2   13.788   10.924 0 0   0
2   13.806   10.829 0 0   0
2   13.810   10.807 0 0   0
2   13.812   10.794 0 0   0
2   13.828   10.690 0 0   0
2   13.840   10.599 0 0   0
2   13.843   10.572 0 0   0
2   13.847   10.537 0 0   0
2   13.855   10.455 0 0   0
2   13.861   10.388 0 0   0
2   13.865   10.336 0 0   0
2   13.869   10.280 0 0   0
2   13.872   10.218 0 0   0
2   13.874   10.156 0 0   0
2   13.876   10.098 0 0   0
2   13.876   10.044 0 0   0
2   13.877    9.978 0 0   0
2   13.876    9.902 0 0   0
2   13.875    9.857 0 0   0
2   13.873    9.821 0 0   0
2   13.869    9.736 0 0   0
2   13.862    9.620 0 0   0
2   13.862    9.613 0 0   0
2   13.861    9.607 0 0   0
2   13.850    9.491 0 0   0
2   13.840    9.406 0 0   0
2   13.836    9.369 0 0   0
2   13.827    9.307 0 0   0
2   13.818    9.246 0 0   0
2   13.813    9.212 0 0   0
2   13.797    9.125 0 0   0
2   13.779    9.031 0 0   0
2   13.773    9.004 0 0   0
2   13.760    8.947 0 0   0
2   13.746    8.885 0 0   0
2   13.739    8.858 0 0   0
2   13.715    8.766 0 0   0
2   13.695    8.697 0 0   0
2   13.680    8.647 0 0   0
2   13.648    8.544 0 0   0
2   13.642    8.529 0 0   0
2   13.619    8.463 0 0   0
2   13.600    8.410 0 0   0
2   13.596    8.399 0 0   0
2   13.553    8.291 0 0   0
2   13.540    8.261 0 0   0
2   13.500    8.172 0 0   0
2   13.480    8.129 0 0   0
2   13.443    8.052 0 0   0
2   13.418    8.003 0 0   0
2   13.378    7.931 0 0   0
2   13.351    7.882 0 0   0
2   13.308    7.810 0 0   0
2   13.281    7.766 0 0   0
2   13.230    7.688 0 0   0
2   13.207    7.655 0 0   0
2   13.144    7.567 0 0   0
2   13.131    7.549 0 0   0
2   13.061    7.460 0 0   0
2   13.051    7.447 0 0   0
2   13.048    7.444 0 0   0
2   12.968    7.350 0 0   0
2   12.942    7.322 0 0   0
2   12.882    7.258 0 0   0
2   12.824    7.201 0 0   0
2   12.793    7.170 0 0   0
2   12.720    7.103 0 0   0
2   12.701    7.087 0 0   0
2   12.693    7.079 0 0   0
2   12.607    7.008 0 0   0
2   12.543    6.957 0 0   0
2   12.511    6.933 0 0   0
2   12.463    6.898 0 0   0
2   12.412    6.862 0 0   0
2   12.373    6.835 0 0   0
2   12.311    6.795 0 0   0
2   12.238    6.751 0 0   0
2   12.207    6.732 0 0   0
2   12.177    6.715 0 0   0
2   12.102    6.673 0 0   0
2   12.033    6.637 0 0   0
2   11.994    6.617 0 0   0
2   11.944    6.594 0 0   0
2   11.883    6.565 0 0   0
2   11.839    6.546 0 0   0
2   11.771    6.517 0 0   0
2   11.657    6.472 0 0   0
2   11.656    6.472 0 0   0
2   11.655    6.471 0 0   0
2   11.538    6.430 0 0   0
2   11.477    6.411 0 0   0
2   11.418    6.392 0 0   0
2   11.304    6.359 0 0   0
2   11.296    6.357 0 0   0
2   11.276    6.352 0 0   0
2   11.172    6.326 0 0   0
2   11.136    6.317 0 0   0
2   11.045    6.298 0 0   0
6   10.959    6.275    0.000    0.150   1
4
3   11.045    6.298 0 0   0
2   10.971    6.283 0 0   0
2   10.916    6.273 0 0   0
2   10.809    6.256 0 0   0
2   10.785    6.252 0 0   0
2   10.652    6.234 0 0   0
2   10.650    6.234 0 0   0
2   10.650    6.234 0 0   0
2   10.514    6.220 0 0   0
2   10.494    6.219 0 0   0
2   10.374    6.211 0 0   0
2   10.340    6.209 0 0   0
2   10.232    6.204 0 0   0
2   10.189    6.203 0 0   0
2   10.088    6.202 0 0   0
2   10.041    6.203 0 0   0
2    9.940    6.205 0 0   0
2    9.894    6.206 0 0   0
2    9.789    6.212 0 0   0
2    9.749    6.214 0 0   0
2    9.635    6.224 0 0   0
2    9.607    6.226 0 0   0
2    9.477    6.241 0 0   0
2    9.467    6.242 0 0   0
2    9.405    6.251 0 0   0
2    9.329    6.262 0 0   0
2    9.315    6.264 0 0   0
2    9.193    6.286 0 0   0
2    9.149    6.295 0 0   0
2    9.059    6.314 0 0   0
2    8.978    6.333 0 0   0
2    8.927    6.345 0 0   0
2    8.803    6.379 0 0   0
2    8.798    6.380 0 0   0
2    8.785    6.384 0 0   0
2    8.670    6.419 0 0   0
2    8.620    6.436 0 0   0
2    8.545    6.462 0 0   0
2    8.431    6.506 0 0   0
2    8.422    6.509 0 0   0
2    8.408    6.515 0 0   0
2    8.301    6.560 0 0   0
2    8.231    6.592 0 0   0
2    8.183    6.614 0 0   0
2    8.122    6.645 0 0   0
2    8.067    6.673 0 0   0
2    8.019    6.700 0 0   0
2    7.953    6.736 0 0   0
2    7.889    6.775 0 0   0
2    7.842    6.803 0 0   0
2    7.790    6.838 0 0   0
2    7.734    6.875 0 0   0
2    7.691    6.905 0 0   0
2    7.628    6.951 0 0   0
2    7.533    7.025 0 0   0
2    7.525    7.031 0 0   0
2    7.520    7.035 0 0   0
2    7.425    7.117 0 0   0
2    7.371    7.165 0 0   0
2    7.327    7.207 0 0   0
2    7.239    7.296 0 0   0
2    7.233    7.302 0 0   0
2    7.214    7.323 0 0   0
2    7.141    7.402 0 0   0
2    7.121    7.426 0 0   0
2    7.053    7.508 0 0   0
2    7.016    7.556 0 0   0
2    6.969    7.619 0 0   0
2    6.921    7.687 0 0   0
2    6.888    7.736 0 0   0
2    6.836    7.817 0 0   0
2    6.810    7.859 0 0   0
2    6.759    7.948 0 0   0
2    6.736    7.988 0 0   0
2    6.689    8.078 0 0   0
2    6.666    8.125 0 0   0
2    6.627    8.208 0 0   0
2    6.600    8.268 0 0   0
2    6.571    8.338 0 0   0
2    6.538    8.420 0 0   0
2    6.520    8.468 0 0   0
2    6.481    8.579 0 0   0
2    6.475    8.598 0 0   0
2    6.454    8.665 0 0   0
2    6.434    8.728 0 0   0
2    6.429    8.748 0 0   0
2    6.399    8.858 0 0   0
2    6.382    8.926 0 0   0
2    6.368    8.988 0 0   0
2    6.341    9.115 0 0   0
2    6.341    9.117 0 0   0
2    6.340    9.123 0 0   0
2    6.318    9.247 0 0   0
2    6.307    9.316 0 0   0
2    6.299    9.377 0 0   0
2    6.287    9.474 0 0   0
2    6.283    9.506 0 0   0
2    6.281    9.529 0 0   0
2    6.272    9.636 0 0   0
2    6.264    9.756 0 0   0
2    6.263    9.765 0 0   0
2    6.263    9.776 0 0   0
2    6.259    9.894 0 0   0
2    6.258   10.004 0 0   0
2    6.258   10.023 0 0   0
2    6.258   10.042 0 0   0
2    6.261   10.152 0 0   0
2    6.266   10.273 0 0   0
2    6.266   10.280 0 0   0
2    6.266   10.287 0 0   0
2    6.276   10.409 0 0   0
2    6.285   10.511 0 0   0
2    6.288   10.537 0 0   0
2    6.293   10.578 0 0   0
2    6.305   10.666 0 0   0
2    6.313   10.720 0 0   0
2    6.325   10.794 0 0   0
2    6.347   10.916 0 0   0
2    6.348   10.922 0 0   0
2    6.351   10.936 0 0   0
2    6.377   11.051 0 0   0
2    6.389   11.101 0 0   0
2    6.409   11.179 0 0   0
2    6.435   11.275 0 0   0
2    6.445   11.308 0 0   0
2    6.481   11.419 0 0   0
2    6.486   11.437 0 0   0
2    6.488   11.441 0 0   0
2    6.532   11.565 0 0   0
2    6.545   11.598 0 0   0
2    6.584   11.694 0 0   0
2    6.607   11.748 0 0   0
2    6.641   11.823 0 0   0
2    6.673   11.889 0 0   0
2    6.705   11.952 0 0   0
2    6.743   12.025 0 0   0
2    6.775   12.081 0 0   0
2    6.817   12.153 0 0   0
2    6.853   12.211 0 0   0
2    6.895   12.275 0 0   0
2    6.940   12.340 0 0   0
2    6.977   12.392 0 0   0
2    7.036   12.470 0 0   0
2    7.062   12.502 0 0   0
2    7.143   12.600 0 0   0
2    7.150   12.608 0 0   0
2    7.173   12.633 0 0   0
2    7.241   12.707 0 0   0
2    7.264   12.730 0 0   0
2    7.336   12.802 0 0   0
2    7.399   12.860 0 0   0
2    7.434   12.892 0 0   0
2    7.504   12.951 0 0   0
2    7.534   12.977 0 0   0
2    7.552   12.991 0 0   0
2    7.638   13.057 0 0   0
2    7.727   13.121 0 0   0
2    7.744   13.133 0 0   0
2    7.766   13.147 0 0   0
2    7.853   13.204 0 0   0
2    7.932   13.251 0 0   0
2    7.964   13.270 0 0   0
2    7.997   13.288 0 0   0
2    8.078   13.333 0 0   0
2    8.174   13.381 0 0   0
2    8.194   13.391 0 0   0
2    8.210   13.399 0 0   0
2    8.313   13.445 0 0   0
2    8.411   13.486 0 0   0
2    8.434   13.496 0 0   0
2    8.474   13.511 0 0   0
2    8.557   13.542 0 0   0
2    8.602   13.557 0 0   0
2    8.683   13.585 0 0   0
2    8.786   13.616 0 0   0
2    8.810   13.623 0 0   0
2    8.874   13.641 0 0   0
2    8.940   13.658 0 0   0
2    8.963   13.664 0 0   0
2    9.072   13.689 0 0   0
2    9.136   13.702 0 0   0
2    9.206   13.717 0 0   0
2    9.304   13.734 0 0   0
2    9.343   13.740 0 0   0
2    9.468   13.758 0 0   0
2    9.481   13.760 0 0   0
3   10.005   14.427 0 0   0
2   10.005   14.427 0 0   0
2    9.995   14.427 0 0   0
2    9.853   14.424 0 0   0
2    9.847   14.423 0 0   0
2    9.742   14.418 0 0   0
2    9.701   14.416 0 0   0
2    9.699   14.416 0 0   0
2    9.557   14.406 0 0   0
2    9.542   14.404 0 0   0
2    9.415   14.392 0 0   0
2    9.383   14.388 0 0   0
2    9.275   14.375 0 0   0
2    9.221   14.368 0 0   0
2    9.136   14.355 0 0   0
2    9.056   14.342 0 0   0
2    9.000   14.332 0 0   0
2    8.888   14.311 0 0   0
2    8.865   14.307 0 0   0
2    8.781   14.289 0 0   0
2    8.731   14.278 0 0   0
2    8.717   14.274 0 0   0
2    8.600   14.245 0 0   0
2    8.541   14.230 0 0   0
2    8.470   14.210 0 0   0
2    8.361   14.177 0 0   0
2    8.342   14.172 0 0   0
2    8.302   14.159 0 0   0
2    8.217   14.130 0 0   0
2    8.175   14.115 0 0   0
2    8.093   14.085 0 0   0
2    7.983   14.042 0 0   0
2    7.971   14.037 0 0   0
2    7.952   14.029 0 0   0
2    7.851   13.985 0 0   0
2    7.782   13.952 0 0   0
2    7.733   13.929 0 0   0
2    7.672   13.898 0 0   0
2    7.617   13.870 0 0   0
2    7.570   13.844 0 0   0
2    7.503   13.808 0 0   0
2    7.437   13.768 0 0   0
2    7.392   13.741 0 0   0
2    7.342   13.709 0 0   0
2    7.283   13.670 0 0   0
2    7.236   13.637 0 0   0
2    7.176   13.595 0 0   0
2    7.092   13.532 0 0   0
2    7.072   13.516 0 0   0
2    7.060   13.506 0 0   0
2    6.971   13.433 0 0   0
2    6.906   13.375 0 0   0
2    6.873   13.346 0 0   0
2    6.799   13.275 0 0   0
2    6.777   13.253 0 0   0
2    6.768   13.244 0 0   0
2    6.684   13.156 0 0   0
2    6.645   13.113 0 0   0
2    6.594   13.054 0 0   0
2    6.535   12.983 0 0   0
2    6.507   12.948 0 0   0
2    6.435   12.852 0 0   0
2    6.423   12.837 0 0   0
2    6.344   12.722 0 0   0
2    6.343   12.720 0 0   0
2    6.328   12.697 0 0   0
2    6.266   12.598 0 0   0
2    6.263   12.592 0 0   0
2    6.193   12.471 0 0   0
2    6.189   12.463 0 0   0
2    6.123   12.338 0 0   0
2    6.121   12.333 0 0   0
2    6.095   12.279 0 0   0
2    6.060   12.205 0 0   0
2    6.057   12.198 0 0   0
2    6.004   12.076 0 0   0
2    5.994   12.052 0 0   0
2    5.953   11.948 0 0   0
2    5.935   11.901 0 0   0
2    5.907   11.819 0 0   0
2    5.881   11.742 0 0   0
2    5.865   11.691 0 0   0
2    5.830   11.576 0 0   0
2    5.826   11.563 0 0   0
2    5.816   11.525 0 0   0
2    5.792   11.435 0 0   0
2    5.784   11.401 0 0   0
2    5.762   11.306 0 0   0
2    5.742   11.219 0 0   0
2    5.734   11.178 0 0   0
2    5.718   11.092 0 0   0
2    5.710   11.050 0 0   0
2    5.706   11.029 0 0   0
2    5.689   10.922 0 0   0
2    5.675   10.829 0 0   0
2    5.671   10.794 0 0   0
2    5.664   10.740 0 0   0
2    5.655   10.667 0 0   0
2    5.650   10.617 0 0   0
2    5.643   10.540 0 0   0
2    5.635   10.437 0 0   0
2    5.633   10.413 0 0   0
2    5.632   10.394 0 0   0
2    5.626   10.286 0 0   0
2    5.622   10.163 0 0   0
2    5.621   10.158 0 0   0
2    5.621   10.153 0 0   0
2    5.620   10.030 0 0   0
2    5.620    9.911 0 0   0
2    5.620    9.902 0 0   0
2    5.620    9.892 0 0   0
2    5.624    9.773 0 0   0
2    5.628    9.672 0 0   0
2    5.630    9.644 0 0   0
2    5.632    9.607 0 0   0
2    5.639    9.514 0 0   0
2    5.644    9.447 0 0   0
2    5.650    9.383 0 0   0
2    5.661    9.286 0 0   0
2    5.665    9.252 0 0   0
2    5.668    9.229 0 0   0
2    5.683    9.119 0 0   0
2    5.698    9.017 0 0   0
2    5.703    8.987 0 0   0
2    5.713    8.936 0 0   0
2    5.727    8.858 0 0   0
2    5.736    8.810 0 0   0
2    5.754    8.728 0 0   0
2    5.778    8.621 0 0   0
2    5.783    8.602 0 0   0
2    5.795    8.555 0 0   0
2    5.816    8.474 0 0   0
2    5.825    8.444 0 0   0
2    5.854    8.345 0 0   0
2    5.874    8.278 0 0   0
2    5.895    8.215 0 0   0
2    5.929    8.117 0 0   0
2    5.941    8.085 0 0   0
2    5.988    7.962 0 0   0
2    5.991    7.955 0 0   0
2    6.015    7.899 0 0   0
2    6.046    7.825 0 0   0
2    6.051    7.815 0 0   0
2    6.107    7.695 0 0   0
2    6.117    7.675 0 0   0
2    6.173    7.566 0 0   0
2    6.186    7.541 0 0   0
2    6.247    7.436 0 0   0
2    6.259    7.414 0 0   0
2    6.327    7.305 0 0   0
2    6.336    7.292 0 0   0
2    6.407    7.187 0 0   0
2    6.415    7.175 0 0   0
2    6.416    7.174 0 0   0
2    6.498    7.063 0 0   0
2    6.515    7.042 0 0   0
2    6.585    6.956 0 0   0
2    6.624    6.911 0 0   0
2    6.674    6.854 0 0   0
2    6.745    6.780 0 0   0
2    6.767    6.757 0 0   0
2    6.824    6.701 0 0   0
2    6.862    6.664 0 0   0
2    6.879    6.649 0 0   0
2    6.961    6.576 0 0   0
2    7.030    6.518 0 0   0
2    7.062    6.492 0 0   0
2    7.115    6.451 0 0   0
2    7.166    6.413 0 0   0
2    7.201    6.388 0 0   0
2    7.272    6.337 0 0   0
2    7.365    6.277 0 0   0
2    7.381    6.266 0 0   0
2    7.395    6.257 0 0   0
2    7.492    6.199 0 0   0
2    7.591    6.144 0 0   0
2    7.606    6.136 0 0   0
2    7.622    6.127 0 0   0
2    7.721    6.076 0 0   0
2    7.802    6.038 0 0   0
2    7.839    6.021 0 0   0
2    7.891    5.997 0 0   0
2    7.959    5.968 0 0   0
2    8.003    5.951 0 0   0
2    8.081    5.920 0 0   0
2    8.195    5.878 0 0   0
2    8.205    5.874 0 0   0
2    8.224    5.867 0 0   0
2    8.330    5.832 0 0   0
2    8.380    5.817 0 0   0
2    8.458    5.794 0 0   0
2    8.559    5.766 0 0   0
2    8.587    5.758 0 0   0
2    8.671    5.737 0 0   0
2    8.719    5.725 0 0   0
2    8.734    5.722 0 0   0
2    8.852    5.696 0 0   0
2    8.904    5.686 0 0   0
2    8.986    5.670 0 0   0
2    9.071    5.656 0 0   0
2    9.123    5.647 0 0   0
2    9.234    5.631 0 0   0
2    9.261    5.627 0 0   0
2    9.395    5.611 0 0   0
2    9.401    5.610 0 0   0
2    9.455    5.604 0 0   0
2    9.542    5.596 0 0   0
2    9.552    5.595 0 0   0
2    9.685    5.585 0 0   0
2    9.706    5.584 0 0   0
2    9.830    5.578 0 0   0
2    9.858    5.577 0 0   0
2    9.977    5.574 0 0   0
2   10.008    5.573 0 0   0
2   10.125    5.573 0 0   0
2   10.155    5.573 0 0   0
2   10.275    5.575 0 0   0
2   10.301    5.576 0 0   0
6   10.324    5.564    0.000    0.150   1
5
3   10.301    5.576 0 0   0
2   10.427    5.581 0 0   0
2   10.443    5.582 0 0   0
2   10.580    5.591 0 0   0
2   10.584    5.591 0 0   0
2   10.620    5.595 0 0   0
2   10.723    5.604 0 0   0
2   10.736    5.605 0 0   0
2   10.860    5.619 0 0   0
2   10.893    5.624 0 0   0
2   10.995    5.638 0 0   0
2   11.053    5.647 0 0   0
2   11.128    5.659 0 0   0
2   11.214    5.674 0 0   0
2   11.258    5.683 0 0   0
2   11.378    5.707 0 0   0
2   11.388    5.709 0 0   0
2   11.421    5.717 0 0   0
2   11.514    5.739 0 0   0
2   11.543    5.747 0 0   0
2   11.639    5.772 0 0   0
2   11.711    5.792 0 0   0
2   11.761    5.807 0 0   0
2   11.881    5.845 0 0   0
2   11.881    5.845 0 0   0
2   11.881    5.845 0 0   0
2   11.999    5.886 0 0   0
2   12.054    5.907 0 0   0
2   12.115    5.930 0 0   0
2   12.220    5.973 0 0   0
2   12.227    5.976 0 0   0
2   12.231    5.978 0 0   0
2   12.337    6.025 0 0   0
2   12.413    6.062 0 0   0
2   12.444    6.077 0 0   0
2   12.482    6.097 0 0   0
2   12.549    6.132 0 0   0
2   12.608    6.165 0 0   0
2   12.653    6.190 0 0   0
2   12.698    6.217 0 0   0
2   12.755    6.252 0 0   0
2   12.819    6.294 0 0   0
2   12.855    6.317 0 0   0
2   12.883    6.336 0 0   0
2   12.954    6.387 0 0   0
2   13.048    6.458 0 0   0
2   13.051    6.460 0 0   0
2   13.056    6.464 0 0   0
2   13.146    6.538 0 0   0
2   13.194    6.580 0 0   0
2   13.239    6.620 0 0   0
2   13.326    6.703 0 0   0
2   13.329    6.706 0 0   0
2   13.337    6.713 0 0   0
2   13.417    6.796 0 0   0
2   13.446    6.828 0 0   0
2   13.502    6.891 0 0   0
2   13.554    6.952 0 0   0
2   13.584    6.989 0 0   0
2   13.653    7.078 0 0   0
2   13.664    7.092 0 0   0
2   13.723    7.176 0 0   0
2   13.740    7.199 0 0   0
2   13.742    7.203 0 0   0
2   13.813    7.311 0 0   0
2   13.824    7.328 0 0   0
2   13.882    7.426 0 0   0
2   13.897    7.453 0 0   0
2   13.948    7.545 0 0   0
2   13.965    7.577 0 0   0
2   14.011    7.668 0 0   0
2   14.025    7.699 0 0   0
2   14.070    7.795 0 0   0
2   14.081    7.821 0 0   0
2   14.125    7.926 0 0   0
2   14.130    7.939 0 0   0
2   14.165    8.030 0 0   0
2   14.176    8.058 0 0   0
2   14.177    8.062 0 0   0
2   14.216    8.174 0 0   0
2   14.227    8.204 0 0   0
2   14.253    8.289 0 0   0
2   14.273    8.353 0 0   0
2   14.287    8.401 0 0   0
2   14.310    8.485 0 0   0
2   14.316    8.509 0 0   0
2   14.327    8.554 0 0   0
2   14.343    8.621 0 0   0
2   14.355    8.671 0 0   0
2   14.367    8.728 0 0   0
2   14.384    8.808 0 0   0
2   14.393    8.857 0 0   0
2   14.400    8.890 0 0   0
2   14.415    8.981 0 0   0
2   14.434    9.099 0 0   0
2   14.435    9.110 0 0   0
2   14.437    9.125 0 0   0
2   14.453    9.243 0 0   0
2   14.462    9.322 0 0   0
2   14.467    9.374 0 0   0
2   14.474    9.445 0 0   0
2   14.479    9.504 0 0   0
2   14.482    9.546 0 0   0
2   14.487    9.634 0 0   0
2   14.493    9.748 0 0   0
2   14.494    9.767 0 0   0
2   14.494    9.781 0 0   0
2   14.497    9.896 0 0   0
2   14.498   10.005 0 0   0
2   14.498   10.026 0 0   0
2   14.498   10.056 0 0   0
2   14.496   10.149 0 0   0
2   14.494   10.210 0 0   0
2   14.492   10.271 0 0   0
2   14.489   10.342 0 0   0
2   14.486   10.385 0 0   0
2   14.484   10.425 0 0   0
2   14.479   10.497 0 0   0
2   14.473   10.568 0 0   0
2   14.469   10.608 0 0   0
2   14.464   10.657 0 0   0
2   14.457   10.721 0 0   0
2   14.451   10.769 0 0   0
2   14.443   10.834 0 0   0
2   14.428   10.938 0 0   0
2   14.427   10.948 0 0   0
2   14.426   10.954 0 0   0
2   14.408   11.063 0 0   0
2   14.396   11.132 0 0   0
2   14.387   11.178 0 0   0
2   14.367   11.276 0 0   0
2   14.363   11.294 0 0   0
2   14.361   11.302 0 0   0
2   14.336   11.410 0 0   0
2   14.322   11.465 0 0   0
2   14.306   11.527 0 0   0
2   14.280   11.622 0 0   0
2   14.274   11.644 0 0   0
2   14.249   11.725 0 0   0
2   14.237   11.763 0 0   0
2   14.234   11.773 0 0   0
2   14.198   11.881 0 0   0
2   14.185   11.918 0 0   0
2   14.153   12.001 0 0   0
2   14.131   12.060 0 0   0
2   14.105   12.122 0 0   0
2   14.074   12.195 0 0   0
2   14.052   12.245 0 0   0
2   14.012   12.329 0 0   0
2   13.993   12.368 0 0   0
2   13.947   12.458 0 0   0
2   13.927   12.494 0 0   0
2   13.877   12.583 0 0   0
2   13.855   12.620 0 0   0
2   13.803   12.705 0 0   0
2   13.775   12.748 0 0   0
2   13.725   12.823 0 0   0
2   13.688   12.875 0 0   0
2   13.643   12.937 0 0   0
2   13.591   13.003 0 0   0
2   13.557   13.045 0 0   0
2   13.485   13.130 0 0   0
2   13.468   13.149 0 0   0
2   13.409   13.212 0 0   0
2   13.376   13.248 0 0   0
2   13.366   13.258 0 0   0
2   13.281   13.341 0 0   0
2   13.233   13.386 0 0   0
2   13.183   13.431 0 0   0
2   13.084   13.514 0 0   0
2   13.082   13.516 0 0   0
2   13.078   13.518 0 0   0
2   12.978   13.596 0 0   0
2   12.913   13.642 0 0   0
2   12.872   13.672 0 0   0
2   12.816   13.708 0 0   0
2   12.763   13.743 0 0   0
2   12.718   13.771 0 0   0
2   12.652   13.811 0 0   0
2   12.583   13.849 0 0   0
2   12.538   13.874 0 0   0
2   12.489   13.900 0 0   0
2   12.423   13.934 0 0   0
2   12.368   13.960 0 0   0
2   12.305   13.990 0 0   0
2   12.214   14.030 0 0   0
2   12.185   14.042 0 0   0
2   12.165   14.050 0 0   0
2   12.062   14.091 0 0   0
2   11.972   14.124 0 0   0
2   11.938   14.136 0 0   0
2   11.869   14.159 0 0   0
2   11.812   14.178 0 0   0
2   11.786   14.186 0 0   0
2   11.684   14.216 0 0   0
2   11.606   14.237 0 0   0
2   11.554   14.251 0 0   0
2   11.430   14.281 0 0   0
2   11.423   14.283 0 0   0
2   11.397   14.289 0 0   0
2   11.289   14.312 0 0   0
2   11.259   14.318 0 0   0
2   11.153   14.337 0 0   0
2   11.091   14.347 0 0   0
2   11.016   14.360 0 0   0
2   10.927   14.372 0 0   0
2   10.877   14.379 0 0   0
2   10.765   14.392 0 0   0
2   10.737   14.395 0 0   0
2   10.607   14.407 0 0   0
2   10.594   14.408 0 0   0
2   10.450   14.418 0 0   0
2   10.450   14.418 0 0   0
2   10.446   14.418 0 0   0
2   10.304   14.424 0 0   0
2   10.296   14.425 0 0   0
2   10.156   14.428 0 0   0
2   10.145   14.428 0 0   0
2   10.005   14.427 0 0   0
3   10.335   14.997 0 0   0
2   10.335   14.997 0 0   0
2   10.264   14.998 0 0   0
2   10.187   15.000 0 0   0
2   10.113   15.000 0 0   0
2   10.037   15.000 0 0   0
2    9.964   14.999 0 0   0
2    9.885   14.998 0 0   0
2    9.816   14.996 0 0   0
2    9.732   14.992 0 0   0
2    9.669   14.989 0 0   0
2    9.578   14.984 0 0   0
2    9.524   14.981 0 0   0
2    9.421   14.973 0 0   0
2    9.381   14.970 0 0   0
2    9.263   14.959 0 0   0
2    9.239   14.956 0 0   0
2    9.103   14.941 0 0   0
2    9.098   14.940 0 0   0
2    9.069   14.936 0 0   0
2    8.959   14.922 0 0   0
2    8.940   14.919 0 0   0
2    8.821   14.900 0 0   0
2    8.775   14.892 0 0   0
2    8.684   14.877 0 0   0
2    8.607   14.862 0 0   0
2    8.550   14.851 0 0   0
2    8.437   14.827 0 0   0
2    8.416   14.822 0 0   0
2    8.350   14.807 0 0   0
2    8.284   14.791 0 0   0
2    8.263   14.785 0 0   0
2    8.154   14.757 0 0   0
2    8.085   14.737 0 0   0
2    8.025   14.720 0 0   0
2    7.903   14.682 0 0   0
2    7.898   14.680 0 0   0
2    7.887   14.677 0 0   0
2    7.773   14.638 0 0   0
2    7.716   14.617 0 0   0
2    7.649   14.592 0 0   0
2    7.534   14.546 0 0   0
2    7.527   14.544 0 0   0
2    7.523   14.542 0 0   0
2    7.407   14.492 0 0   0
2    7.321   14.451 0 0   0
2    7.289   14.436 0 0   0
2    7.248   14.416 0 0   0
2    7.173   14.378 0 0   0
2    7.110   14.343 0 0   0
2    7.059   14.316 0 0   0
2    7.006   14.285 0 0   0
2    6.947   14.250 0 0   0
2    6.885   14.210 0 0   0
2    6.838   14.180 0 0   0
2    6.798   14.153 0 0   0
2    6.731   14.107 0 0   0
2    6.642   14.041 0 0   0
2    6.626   14.029 0 0   0
2    6.616   14.021 0 0   0
2    6.524   13.948 0 0   0
2    6.455   13.888 0 0   0
2    6.425   13.862 0 0   0
2    6.364   13.805 0 0   0
2    6.328   13.772 0 0   0
2    6.312   13.756 0 0   0
2    6.234   13.677 0 0   0
2    6.185   13.624 0 0   0
2    6.144   13.578 0 0   0
2    6.070   13.492 0 0   0
2    6.056   13.475 0 0   0
2    5.996   13.398 0 0   0
2    5.971   13.367 0 0   0
2    5.966   13.360 0 0   0
2    5.890   13.254 0 0   0
2    5.873   13.229 0 0   0
2    5.812   13.136 0 0   0
2    5.789   13.098 0 0   0
2    5.737   13.013 0 0   0
2    5.712   12.968 0 0   0
2    5.665   12.885 0 0   0
2    5.641   12.839 0 0   0
2    5.597   12.751 0 0   0
2    5.577   12.710 0 0   0
2    5.532   12.613 0 0   0
2    5.519   12.582 0 0   0
2    5.471   12.468 0 0   0
2    5.465   12.453 0 0   0
2    5.432   12.368 0 0   0
2    5.416   12.326 0 0   0
2    5.413   12.318 0 0   0
2    5.371   12.198 0 0   0
2    5.358   12.161 0 0   0
2    5.329   12.070 0 0   0
2    5.307   11.999 0 0   0
2    5.291   11.943 0 0   0
2    5.260   11.829 0 0   0
2    5.257   11.815 0 0   0
2    5.247   11.778 0 0   0
2    5.225   11.687 0 0   0
2    5.217   11.652 0 0   0
2    5.197   11.560 0 0   0
2    5.177   11.466 0 0   0
2    5.170   11.431 0 0   0
2    5.158   11.365 0 0   0
2    5.147   11.302 0 0   0
2    5.141   11.267 0 0   0
2    5.126   11.171 0 0   0
2    5.110   11.062 0 0   0
2    5.107   11.039 0 0   0
2    5.101   10.995 0 0   0
2    5.091   10.911 0 0   0
2    5.086   10.869 0 0   0
2    5.077   10.783 0 0   0
2    5.066   10.665 0 0   0
2    5.066   10.660 0 0   0
2    5.065   10.652 0 0   0
2    5.057   10.541 0 0   0
2    5.051   10.453 0 0   0
2    5.050   10.420 0 0   0
2    5.048   10.387 0 0   0
2    5.044   10.298 0 0   0
2    5.041   10.206 0 0   0
2    5.041   10.171 0 0   0
2    5.040   10.140 0 0   0
2    5.039   10.046 0 0   0
2    5.039    9.923 0 0   0
2    5.039    9.912 0 0   0
2    5.039    9.904 0 0   0
2    5.042    9.782 0 0   0
2    5.046    9.665 0 0   0
2    5.046    9.654 0 0   0
2    5.047    9.640 0 0   0
2    5.053    9.518 0 0   0
2    5.060    9.413 0 0   0
2    5.060    9.413 0 0   0
2    5.060    9.412 0 0   0
2    5.070    9.294 0 0   0
2    5.076    9.225 0 0   0
2    5.081    9.177 0 0   0
2    5.091    9.086 0 0   0
2    5.095    9.055 0 0   0
2    5.110    8.936 0 0   0
2    5.112    8.922 0 0   0
2    5.130    8.796 0 0   0
2    5.132    8.786 0 0   0
2    5.153    8.662 0 0   0
2    5.154    8.657 0 0   0
2    5.178    8.527 0 0   0
2    5.178    8.527 0 0   0
2    5.178    8.527 0 0   0
2    5.206    8.396 0 0   0
2    5.210    8.379 0 0   0
2    5.237    8.265 0 0   0
2    5.244    8.234 0 0   0
2    5.276    8.115 0 0   0
2    5.288    8.067 0 0   0
2    5.320    7.960 0 0   0
2    5.334    7.915 0 0   0
2    5.358    7.840 0 0   0
2    5.368    7.808 0 0   0
2    5.382    7.770 0 0   0
2    5.414    7.679 0 0   0
2    5.427    7.643 0 0   0
2    5.455    7.572 0 0   0
2    5.472    7.528 0 0   0
2    5.503    7.455 0 0   0
2    5.530    7.392 0 0   0
2    5.559    7.329 0 0   0
2    5.588    7.266 0 0   0
2    5.621    7.201 0 0   0
2    5.654    7.137 0 0   0
2    5.692    7.067 0 0   0
2    5.722    7.013 0 0   0
2    5.769    6.934 0 0   0
2    5.796    6.890 0 0   0
2    5.855    6.798 0 0   0
2    5.873    6.771 0 0   0
2    5.949    6.664 0 0   0
2    5.955    6.656 0 0   0
2    5.984    6.618 0 0   0
2    6.040    6.545 0 0   0
2    6.053    6.529 0 0   0
2    6.128    6.439 0 0   0
2    6.167    6.396 0 0   0
2    6.220    6.338 0 0   0
2    6.292    6.264 0 0   0
2    6.315    6.241 0 0   0
2    6.368    6.191 0 0   0
2    6.412    6.150 0 0   0
2    6.433    6.132 0 0   0
2    6.512    6.063 0 0   0
2    6.589    6.001 0 0   0
2    6.614    5.980 0 0   0
2    6.655    5.950 0 0   0
2    6.719    5.902 0 0   0
2    6.765    5.870 0 0   0
2    6.826    5.828 0 0   0
2    6.903    5.779 0 0   0
2    6.936    5.757 0 0   0
2    6.966    5.740 0 0   0
2    7.048    5.691 0 0   0
2    7.129    5.646 0 0   0
2    7.162    5.629 0 0   0
2    7.198    5.610 0 0   0
2    7.277    5.569 0 0   0
2    7.341    5.540 0 0   0
2    7.395    5.514 0 0   0
2    7.473    5.480 0 0   0
2    7.515    5.462 0 0   0
2    7.542    5.451 0 0   0
2    7.637    5.413 0 0   0
2    7.736    5.376 0 0   0
2    7.761    5.367 0 0   0
2    7.809    5.350 0 0   0
2    7.886    5.324 0 0   0
2    7.923    5.312 0 0   0
2    8.013    5.284 0 0   0
2    8.104    5.258 0 0   0
2    8.141    5.247 0 0   0
2    8.242    5.220 0 0   0
2    8.272    5.213 0 0   0
2    8.282    5.210 0 0   0
2    8.403    5.181 0 0   0
2    8.455    5.170 0 0   0
2    8.537    5.152 0 0   0
2    8.625    5.135 0 0   0
2    8.671    5.126 0 0   0
2    8.793    5.105 0 0   0
2    8.808    5.102 0 0   0
2    8.884    5.090 0 0   0
2    8.945    5.081 0 0   0
2    8.957    5.079 0 0   0
2    9.084    5.062 0 0   0
2    9.118    5.058 0 0   0
2    9.224    5.046 0 0   0
2    9.278    5.040 0 0   0
2    9.366    5.032 0 0   0
2    9.435    5.026 0 0   0
2    9.509    5.021 0 0   0
2    9.590    5.015 0 0   0
2    9.654    5.012 0 0   0
2    9.744    5.007 0 0   0
2    9.799    5.005 0 0   0
2    9.895    5.002 0 0   0
6    9.885    4.987    0.000    0.150   1
6
3    9.895    5.002 0 0   0
2    9.947    5.001 0 0   0
2   10.045    5.000 0 0   0
2   10.095    5.000 0 0   0
2   10.192    5.001 0 0   0
2   10.245    5.002 0 0   0
2   10.339    5.004 0 0   0
2   10.396    5.006 0 0   0
2   10.483    5.009 0 0   0
2   10.549    5.013 0 0   0
2   10.626    5.017 0 0   0
2   10.703    5.023 0 0   0
2   10.768    5.028 0 0   0
2   10.859    5.036 0 0   0
2   10.908    5.041 0 0   0
2   11.016    5.052 0 0   0
2   11.047    5.056 0 0   0
2   11.175    5.072 0 0   0
2   11.184    5.074 0 0   0
2   11.234    5.081 0 0   0
2   11.320    5.094 0 0   0
2   11.336    5.096 0 0   0
2   11.454    5.117 0 0   0
2   11.498    5.125 0 0   0
2   11.587    5.142 0 0   0
2   11.662    5.158 0 0   0
2   11.719    5.170 0 0   0
2   11.827    5.195 0 0   0
2   11.849    5.200 0 0   0
2   11.922    5.219 0 0   0
2   11.979    5.233 0 0   0
2   11.995    5.238 0 0   0
2   12.105    5.269 0 0   0
2   12.161    5.286 0 0   0
2   12.233    5.308 0 0   0
2   12.325    5.339 0 0   0
2   12.354    5.349 0 0   0
2   12.443    5.381 0 0   0
2   12.474    5.393 0 0   0
2   12.485    5.397 0 0   0
2   12.578    5.434 0 0   0
2   12.609    5.446 0 0   0
2   12.681    5.477 0 0   0
2   12.757    5.511 0 0   0
2   12.776    5.519 0 0   0
2   12.791    5.527 0 0   0
2   12.861    5.561 0 0   0
2   12.962    5.612 0 0   0
2   12.968    5.615 0 0   0
2   12.972    5.617 0 0   0
2   13.068    5.670 0 0   0
2   13.164    5.726 0 0   0
2   13.172    5.731 0 0   0
2   13.182    5.737 0 0   0
2   13.274    5.796 0 0   0
2   13.340    5.841 0 0   0
2   13.376    5.866 0 0   0
2   13.429    5.904 0 0   0
2   13.475    5.938 0 0   0
2   13.504    5.961 0 0   0
2   13.573    6.016 0 0   0
2   13.652    6.083 0 0   0
2   13.669    6.097 0 0   0
2   13.704    6.130 0 0   0
2   13.762    6.183 0 0   0
2   13.787    6.208 0 0   0
2   13.852    6.273 0 0   0
2   13.910    6.334 0 0   0
2   13.940    6.368 0 0   0
2   14.021    6.461 0 0   0
2   14.025    6.466 0 0   0
2   14.041    6.486 0 0   0
2   14.108    6.569 0 0   0
2   14.123    6.590 0 0   0
2   14.187    6.677 0 0   0
2   14.216    6.719 0 0   0
2   14.263    6.789 0 0   0
2   14.302    6.850 0 0   0
2   14.335    6.904 0 0   0
2   14.380    6.981 0 0   0
2   14.404    7.024 0 0   0
2   14.452    7.113 0 0   0
2   14.470    7.147 0 0   0
2   14.517    7.244 0 0   0
2   14.530    7.271 0 0   0
2   14.577    7.375 0 0   0
2   14.588    7.399 0 0   0
2   14.631    7.503 0 0   0
2   14.640    7.525 0 0   0
2   14.680    7.632 0 0   0
2   14.688    7.654 0 0   0
2   14.724    7.755 0 0   0
2   14.731    7.777 0 0   0
2   14.764    7.880 0 0   0
2   14.770    7.900 0 0   0
2   14.802    8.008 0 0   0
2   14.805    8.018 0 0   0
2   14.829    8.106 0 0   0
2   14.838    8.138 0 0   0
2   14.838    8.141 0 0   0
2   14.871    8.271 0 0   0
2   14.875    8.289 0 0   0
2   14.901    8.407 0 0   0
2   14.907    8.435 0 0   0
2   14.933    8.565 0 0   0
2   14.935    8.580 0 0   0
2   14.954    8.687 0 0   0
2   14.961    8.725 0 0   0
2   14.962    8.731 0 0   0
2   14.981    8.858 0 0   0
2   14.988    8.907 0 0   0
2   14.999    8.991 0 0   0
2   15.013    9.107 0 0   0
2   15.014    9.117 0 0   0
2   15.016    9.138 0 0   0
2   15.025    9.231 0 0   0
2   15.036    9.363 0 0   0
2   15.037    9.367 0 0   0
2   15.037    9.371 0 0   0
2   15.045    9.498 0 0   0
2   15.053    9.636 0 0   0
2   15.053    9.642 0 0   0
2   15.053    9.653 0 0   0
2   15.058    9.796 0 0   0
2   15.060    9.879 0 0   0
2   15.060    9.925 0 0   0
2   15.060    9.977 0 0   0
2   15.060   10.061 0 0   0
2   15.059   10.157 0 0   0
2   15.059   10.177 0 0   0
2   15.058   10.191 0 0   0
2   15.055   10.295 0 0   0
2   15.052   10.373 0 0   0
2   15.051   10.400 0 0   0
2   15.048   10.457 0 0   0
2   15.045   10.508 0 0   0
2   15.044   10.533 0 0   0
2   15.038   10.619 0 0   0
2   15.032   10.696 0 0   0
2   15.029   10.728 0 0   0
2   15.023   10.787 0 0   0
2   15.018   10.842 0 0   0
2   15.015   10.873 0 0   0
2   15.005   10.956 0 0   0
2   14.993   11.052 0 0   0
2   14.991   11.072 0 0   0
2   14.985   11.110 0 0   0
2   14.974   11.187 0 0   0
2   14.968   11.228 0 0   0
2   14.956   11.302 0 0   0
2   14.939   11.399 0 0   0
2   14.936   11.418 0 0   0
2   14.928   11.460 0 0   0
2   14.913   11.534 0 0   0
2   14.907   11.565 0 0   0
2   14.889   11.649 0 0   0
2   14.872   11.725 0 0   0
2   14.862   11.766 0 0   0
2   14.833   11.880 0 0   0
2   14.833   11.882 0 0   0
2   14.833   11.882 0 0   0
2   14.801   11.997 0 0   0
2   14.790   12.033 0 0   0
2   14.766   12.113 0 0   0
2   14.746   12.177 0 0   0
2   14.730   12.227 0 0   0
2   14.700   12.314 0 0   0
2   14.690   12.342 0 0   0
2   14.653   12.442 0 0   0
2   14.646   12.458 0 0   0
2   14.603   12.564 0 0   0
2   14.599   12.575 0 0   0
2   14.550   12.686 0 0   0
2   14.534   12.721 0 0   0
2   14.494   12.804 0 0   0
2   14.465   12.861 0 0   0
2   14.421   12.947 0 0   0
2   14.392   12.998 0 0   0
2   14.338   13.092 0 0   0
2   14.313   13.133 0 0   0
2   14.259   13.218 0 0   0
2   14.230   13.261 0 0   0
2   14.176   13.339 0 0   0
2   14.139   13.389 0 0   0
2   14.091   13.452 0 0   0
2   14.040   13.517 0 0   0
2   14.004   13.560 0 0   0
2   13.930   13.644 0 0   0
2   13.914   13.662 0 0   0
2   13.857   13.722 0 0   0
2   13.821   13.759 0 0   0
2   13.809   13.771 0 0   0
2   13.725   13.852 0 0   0
2   13.672   13.899 0 0   0
2   13.626   13.940 0 0   0
2   13.535   14.015 0 0   0
2   13.525   14.023 0 0   0
2   13.519   14.028 0 0   0
2   13.421   14.103 0 0   0
2   13.344   14.157 0 0   0
2   13.314   14.178 0 0   0
2   13.276   14.202 0 0   0
2   13.206   14.248 0 0   0
2   13.143   14.286 0 0   0
2   13.094   14.315 0 0   0
2   13.045   14.343 0 0   0
2   12.980   14.379 0 0   0
2   12.908   14.416 0 0   0
2   12.865   14.438 0 0   0
2   12.830   14.455 0 0   0
2   12.747   14.494 0 0   0
2   12.628   14.546 0 0   0
2   12.627   14.547 0 0   0
2   12.626   14.547 0 0   0
2   12.505   14.596 0 0   0
2   12.432   14.623 0 0   0
2   12.381   14.642 0 0   0
2   12.280   14.676 0 0   0
2   12.256   14.685 0 0   0
2   12.244   14.688 0 0   0
2   12.129   14.725 0 0   0
2   12.062   14.744 0 0   0
2   12.000   14.761 0 0   0
2   11.884   14.792 0 0   0
2   11.869   14.796 0 0   0
2   11.824   14.806 0 0   0
2   11.737   14.827 0 0   0
2   11.710   14.833 0 0   0
2   11.604   14.855 0 0   0
2   11.540   14.868 0 0   0
2   11.468   14.881 0 0   0
2   11.373   14.898 0 0   0
2   11.332   14.905 0 0   0
2   11.208   14.923 0 0   0
2   11.194   14.925 0 0   0
2   11.110   14.936 0 0   0
2   11.054   14.944 0 0   0
2   11.045   14.945 0 0   0
2   10.913   14.959 0 0   0
2   10.885   14.962 0 0   0
2   10.771   14.972 0 0   0
2   10.727   14.976 0 0   0
2   10.627   14.983 0 0   0
2   10.571   14.986 0 0   0
2   10.482   14.991 0 0   0
2   10.417   14.994 0 0   0
2   10.335   14.997 0 0   0
3   10.639   15.522 0 0   0
2   10.639   15.522 0 0   0
2   10.559   15.525 0 0   0
2   10.493   15.528 0 0   0
2   10.406   15.531 0 0   0
2   10.345   15.532 0 0   0
2   10.254   15.534 0 0   0
2   10.197   15.535 0 0   0
2   10.103   15.535 0 0   0
2   10.047   15.535 0 0   0
2    9.954   15.535 0 0   0
2    9.896   15.534 0 0   0
2    9.805   15.532 0 0   0
2    9.744   15.530 0 0   0
2    9.658   15.527 0 0   0
2    9.590   15.524 0 0   0
2    9.512   15.520 0 0   0
2    9.435   15.516 0 0   0
2    9.367   15.511 0 0   0
2    9.279   15.505 0 0   0
2    9.223   15.501 0 0   0
2    9.122   15.492 0 0   0
2    9.080   15.488 0 0   0
2    8.963   15.476 0 0   0
2    8.939   15.474 0 0   0
2    8.802   15.458 0 0   0
2    8.798   15.457 0 0   0
2    8.776   15.455 0 0   0
2    8.659   15.439 0 0   0
2    8.639   15.436 0 0   0
2    8.521   15.418 0 0   0
2    8.475   15.411 0 0   0
2    8.384   15.396 0 0   0
2    8.308   15.382 0 0   0
2    8.248   15.371 0 0   0
2    8.139   15.349 0 0   0
2    8.114   15.344 0 0   0
2    8.024   15.325 0 0   0
2    7.981   15.315 0 0   0
2    7.968   15.312 0 0   0
2    7.849   15.284 0 0   0
2    7.793   15.269 0 0   0
2    7.718   15.250 0 0   0
2    7.615   15.220 0 0   0
2    7.590   15.213 0 0   0
2    7.529   15.195 0 0   0
2    7.462   15.174 0 0   0
2    7.433   15.165 0 0   0
2    7.336   15.133 0 0   0
2    7.246   15.100 0 0   0
2    7.212   15.088 0 0   0
2    7.150   15.064 0 0   0
2    7.089   15.041 0 0   0
2    7.054   15.026 0 0   0
2    6.969   14.990 0 0   0
2    6.855   14.939 0 0   0
2    6.850   14.936 0 0   0
2    6.842   14.933 0 0   0
2    6.732   14.879 0 0   0
2    6.646   14.834 0 0   0
2    6.618   14.819 0 0   0
2    6.586   14.801 0 0   0
2    6.505   14.755 0 0   0
2    6.426   14.707 0 0   0
2    6.394   14.687 0 0   0
2    6.365   14.668 0 0   0
2    6.286   14.616 0 0   0
2    6.191   14.548 0 0   0
2    6.180   14.540 0 0   0
2    6.172   14.534 0 0   0
2    6.077   14.461 0 0   0
2    6.003   14.399 0 0   0
2    5.977   14.377 0 0   0
2    5.928   14.333 0 0   0
2    5.879   14.289 0 0   0
2    5.854   14.265 0 0   0
2    5.784   14.197 0 0   0
2    5.721   14.130 0 0   0
2    5.693   14.100 0 0   0
2    5.612   14.007 0 0   0
2    5.605   13.999 0 0   0
2    5.603   13.996 0 0   0
2    5.520   13.893 0 0   0
2    5.497   13.863 0 0   0
2    5.438   13.784 0 0   0
2    5.402   13.730 0 0   0
2    5.360   13.669 0 0   0
2    5.315   13.599 0 0   0
2    5.285   13.549 0 0   0
2    5.237   13.468 0 0   0
2    5.212   13.424 0 0   0
2    5.166   13.338 0 0   0
2    5.144   13.295 0 0   0
2    5.102   13.209 0 0   0
2    5.078   13.161 0 0   0
2    5.043   13.081 0 0   0
2    5.017   13.022 0 0   0
2    4.989   12.954 0 0   0
2    4.958   12.876 0 0   0
2    4.939   12.827 0 0   0
2    4.902   12.725 0 0   0
2    4.893   12.700 0 0   0
2    4.859   12.596 0 0   0
2    4.851   12.573 0 0   0
2    4.849   12.568 0 0   0
2    4.812   12.446 0 0   0
2    4.799   12.401 0 0   0
2    4.776   12.319 0 0   0
2    4.752   12.228 0 0   0
2    4.742   12.189 0 0   0
2    4.722   12.106 0 0   0
2    4.710   12.055 0 0   0
2    4.705   12.035 0 0   0
2    4.683   11.930 0 0   0
2    4.671   11.872 0 0   0
2    4.657   11.802 0 0   0
2    4.643   11.725 0 0   0
2    4.637   11.691 0 0   0
2    4.628   11.642 0 0   0
2    4.617   11.577 0 0   0
2    4.611   11.536 0 0   0
2    4.599   11.458 0 0   0
2    4.587   11.374 0 0   0
2    4.582   11.342 0 0   0
2    4.577   11.305 0 0   0
2    4.567   11.217 0 0   0
2    4.559   11.152 0 0   0
2    4.552   11.089 0 0   0
2    4.542   10.986 0 0   0
2    4.540   10.964 0 0   0
2    4.539   10.954 0 0   0
2    4.529   10.839 0 0   0
2    4.523   10.767 0 0   0
2    4.520   10.719 0 0   0
2    4.513   10.615 0 0   0
2    4.512   10.600 0 0   0
2    4.512   10.593 0 0   0
2    4.506   10.478 0 0   0
2    4.503   10.400 0 0   0
2    4.502   10.358 0 0   0
2    4.500   10.286 0 0   0
2    4.498   10.232 0 0   0
2    4.498   10.201 0 0   0
2    4.496   10.106 0 0   0
2    4.496   10.005 0 0   0
2    4.496    9.974 0 0   0
2    4.496    9.920 0 0   0
2    4.497    9.842 0 0   0
2    4.498    9.800 0 0   0
2    4.500    9.703 0 0   0
2    4.503    9.602 0 0   0
2    4.505    9.562 0 0   0
2    4.511    9.424 0 0   0
2    4.511    9.418 0 0   0
2    4.511    9.416 0 0   0
2    4.520    9.274 0 0   0
2    4.523    9.240 0 0   0
2    4.531    9.133 0 0   0
2    4.536    9.077 0 0   0
2    4.544    8.990 0 0   0
2    4.551    8.917 0 0   0
2    4.559    8.852 0 0   0
2    4.569    8.762 0 0   0
2    4.575    8.714 0 0   0
2    4.589    8.609 0 0   0
2    4.594    8.577 0 0   0
2    4.611    8.459 0 0   0
2    4.614    8.441 0 0   0
2    4.636    8.310 0 0   0
2    4.638    8.303 0 0   0
2    4.659    8.188 0 0   0
2    4.663    8.165 0 0   0
2    4.664    8.163 0 0   0
2    4.692    8.025 0 0   0
2    4.693    8.020 0 0   0
2    4.724    7.885 0 0   0
2    4.725    7.879 0 0   0
2    4.759    7.743 0 0   0
2    4.760    7.741 0 0   0
2    4.770    7.704 0 0   0
2    4.796    7.607 0 0   0
2    4.798    7.602 0 0   0
2    4.836    7.473 0 0   0
2    4.841    7.458 0 0   0
2    4.879    7.341 0 0   0
2    4.887    7.317 0 0   0
2    4.926    7.209 0 0   0
2    4.941    7.170 0 0   0
2    4.977    7.075 0 0   0
2    4.997    7.026 0 0   0
2    5.032    6.942 0 0   0
2    5.064    6.872 0 0   0
2    5.094    6.805 0 0   0
2    5.136    6.721 0 0   0
2    5.162    6.670 0 0   0
2    5.219    6.565 0 0   0
2    5.237    6.532 0 0   0
2    5.305    6.417 0 0   0
2    5.318    6.396 0 0   0
2    5.396    6.278 0 0   0
2    5.403    6.268 0 0   0
2    5.461    6.187 0 0   0
2    5.491    6.145 0 0   0
2    5.495    6.140 0 0   0
2    5.580    6.031 0 0   0
2    5.601    6.006 0 0   0
2    5.673    5.923 0 0   0
2    5.719    5.873 0 0   0
2    5.766    5.822 0 0   0
2    5.847    5.742 0 0   0
2    5.863    5.726 0 0   0
2    5.901    5.692 0 0   0
2    5.962    5.636 0 0   0
2    5.991    5.611 0 0   0
2    6.064    5.550 0 0   0
2    6.153    5.481 0 0   0
2    6.168    5.469 0 0   0
2    6.190    5.453 0 0   0
2    6.274    5.393 0 0   0
2    6.336    5.351 0 0   0
2    6.382    5.320 0 0   0
2    6.437    5.287 0 0   0
2    6.493    5.252 0 0   0
2    6.547    5.221 0 0   0
2    6.606    5.188 0 0   0
2    6.661    5.158 0 0   0
2    6.721    5.127 0 0   0
2    6.793    5.091 0 0   0
2    6.838    5.069 0 0   0
2    6.872    5.054 0 0   0
2    6.956    5.015 0 0   0
2    7.073    4.966 0 0   0
2    7.077    4.964 0 0   0
2    7.084    4.962 0 0   0
2    7.200    4.917 0 0   0
2    7.265    4.893 0 0   0
2    7.324    4.872 0 0   0
2    7.443    4.832 0 0   0
2    7.449    4.830 0 0   0
2    7.453    4.829 0 0   0
2    7.577    4.791 0 0   0
2    7.634    4.774 0 0   0
2    7.706    4.754 0 0   0
2    7.812    4.726 0 0   0
2    7.836    4.720 0 0   0
2    7.907    4.703 0 0   0
2    7.968    4.688 0 0   0
2    7.987    4.684 0 0   0
2    8.101    4.659 0 0   0
2    8.158    4.647 0 0   0
2    8.235    4.632 0 0   0
2    8.327    4.615 0 0   0
2    8.371    4.607 0 0   0
2    8.494    4.586 0 0   0
2    8.507    4.584 0 0   0
2    8.579    4.573 0 0   0
2    8.645    4.563 0 0   0
2    8.658    4.562 0 0   0
2    8.785    4.545 0 0   0
2    8.820    4.540 0 0   0
2    8.925    4.528 0 0   0
2    8.980    4.522 0 0   0
2    9.066    4.513 0 0   0
2    9.139    4.507 0 0   0
2    9.209    4.501 0 0   0
2    9.296    4.494 0 0   0
2    9.352    4.490 0 0   0
2    9.451    4.484 0 0   0
2    9.497    4.481 0 0   0
2    9.605    4.476 0 0   0
2    9.643    4.474 0 0   0
2    9.758    4.470 0 0   0
6    9.738    4.454    0.000    0.150   1
7
3    9.758    4.470 0 0   0
2    9.789    4.469 0 0   0
2    9.909    4.466 0 0   0
2    9.937    4.466 0 0   0
2   10.059    4.465 0 0   0
2   10.086    4.465 0 0   0
2   10.208    4.465 0 0   0
2   10.236    4.466 0 0   0
2   10.355    4.468 0 0   0
2   10.388    4.469 0 0   0
2   10.501    4.472 0 0   0
2   10.540    4.474 0 0   0
2   10.647    4.479 0 0   0
2   10.694    4.482 0 0   0
2   10.791    4.487 0 0   0
2   10.848    4.491 0 0   0
2   10.934    4.498 0 0   0
2   11.005    4.504 0 0   0
2   11.075    4.510 0 0   0
2   11.162    4.518 0 0   0
2   11.216    4.524 0 0   0
2   11.321    4.536 0 0   0
2   11.356    4.540 0 0   0
2   11.482    4.556 0 0   0
2   11.495    4.558 0 0   0
2   11.575    4.570 0 0   0
2   11.634    4.579 0 0   0
2   11.644    4.580 0 0   0
2   11.771    4.601 0 0   0
2   11.808    4.608 0 0   0
2   11.908    4.626 0 0   0
2   11.976    4.640 0 0   0
2   12.043    4.653 0 0   0
2   12.144    4.676 0 0   0
2   12.179    4.683 0 0   0
2   12.300    4.712 0 0   0
2   12.314    4.716 0 0   0
2   12.318    4.717 0 0   0
2   12.452    4.752 0 0   0
2   12.498    4.765 0 0   0
2   12.586    4.791 0 0   0
2   12.688    4.823 0 0   0
2   12.721    4.833 0 0   0
2   12.786    4.856 0 0   0
2   12.855    4.879 0 0   0
2   12.893    4.894 0 0   0
2   12.983    4.927 0 0   0
2   13.105    4.977 0 0   0
2   13.110    4.979 0 0   0
2   13.113    4.980 0 0   0
2   13.230    5.031 0 0   0
2   13.341    5.084 0 0   0
2   13.348    5.088 0 0   0
2   13.355    5.091 0 0   0
2   13.462    5.146 0 0   0
2   13.574    5.209 0 0   0
2   13.575    5.209 0 0   0
2   13.576    5.210 0 0   0
2   13.684    5.275 0 0   0
2   13.769    5.330 0 0   0
2   13.791    5.344 0 0   0
2   13.821    5.366 0 0   0
2   13.895    5.417 0 0   0
2   13.944    5.454 0 0   0
2   13.998    5.495 0 0   0
2   14.090    5.571 0 0   0
2   14.097    5.576 0 0   0
2   14.101    5.580 0 0   0
2   14.194    5.662 0 0   0
2   14.240    5.707 0 0   0
2   14.287    5.752 0 0   0
2   14.366    5.834 0 0   0
2   14.378    5.847 0 0   0
2   14.416    5.889 0 0   0
2   14.466    5.946 0 0   0
2   14.481    5.964 0 0   0
2   14.552    6.051 0 0   0
2   14.584    6.094 0 0   0
2   14.634    6.160 0 0   0
2   14.679    6.225 0 0   0
2   14.713    6.274 0 0   0
2   14.766    6.358 0 0   0
2   14.789    6.394 0 0   0
2   14.846    6.491 0 0   0
2   14.862    6.520 0 0   0
2   14.919    6.626 0 0   0
2   14.933    6.653 0 0   0
2   14.987    6.764 0 0   0
2   15.000    6.791 0 0   0
2   15.051    6.907 0 0   0
2   15.069    6.947 0 0   0
2   15.111    7.051 0 0   0
2   15.126    7.090 0 0   0
2   15.172    7.214 0 0   0
2   15.178    7.231 0 0   0
2   15.221    7.359 0 0   0
2   15.225    7.371 0 0   0
2   15.266    7.505 0 0   0
2   15.267    7.508 0 0   0
2   15.305    7.644 0 0   0
2   15.305    7.646 0 0   0
2   15.340    7.783 0 0   0
2   15.341    7.785 0 0   0
2   15.372    7.919 0 0   0
2   15.374    7.925 0 0   0
2   15.402    8.055 0 0   0
2   15.405    8.069 0 0   0
2   15.428    8.191 0 0   0
2   15.433    8.215 0 0   0
2   15.452    8.325 0 0   0
2   15.459    8.365 0 0   0
2   15.473    8.458 0 0   0
2   15.482    8.518 0 0   0
2   15.492    8.591 0 0   0
2   15.503    8.673 0 0   0
2   15.509    8.721 0 0   0
2   15.522    8.831 0 0   0
2   15.524    8.851 0 0   0
2   15.534    8.944 0 0   0
2   15.538    8.979 0 0   0
2   15.538    8.988 0 0   0
2   15.549    9.107 0 0   0
2   15.552    9.145 0 0   0
2   15.558    9.235 0 0   0
2   15.563    9.304 0 0   0
2   15.567    9.364 0 0   0
2   15.572    9.466 0 0   0
2   15.574    9.496 0 0   0
2   15.578    9.596 0 0   0
2   15.579    9.625 0 0   0
2   15.579    9.635 0 0   0
2   15.582    9.754 0 0   0
2   15.584    9.818 0 0   0
2   15.584    9.881 0 0   0
2   15.585    9.994 0 0   0
2   15.585   10.002 0 0   0
2   15.585   10.017 0 0   0
2   15.584   10.124 0 0   0
2   15.584   10.177 0 0   0
2   15.583   10.236 0 0   0
2   15.580   10.349 0 0   0
2   15.580   10.352 0 0   0
2   15.579   10.358 0 0   0
2   15.576   10.457 0 0   0
2   15.574   10.496 0 0   0
2   15.571   10.568 0 0   0
2   15.567   10.635 0 0   0
2   15.565   10.663 0 0   0
2   15.559   10.757 0 0   0
2   15.559   10.758 0 0   0
2   15.559   10.759 0 0   0
2   15.552   10.856 0 0   0
2   15.549   10.896 0 0   0
2   15.543   10.954 0 0   0
2   15.533   11.072 0 0   0
2   15.532   11.081 0 0   0
2   15.531   11.088 0 0   0
2   15.519   11.200 0 0   0
2   15.509   11.283 0 0   0
2   15.505   11.312 0 0   0
2   15.500   11.354 0 0   0
2   15.490   11.427 0 0   0
2   15.483   11.475 0 0   0
2   15.476   11.527 0 0   0
2   15.461   11.619 0 0   0
2   15.459   11.634 0 0   0
2   15.458   11.640 0 0   0
2   15.445   11.716 0 0   0
2   15.437   11.760 0 0   0
2   15.437   11.764 0 0   0
2   15.435   11.774 0 0   0
2   15.414   11.882 0 0   0
2   15.406   11.926 0 0   0
2   15.388   12.008 0 0   0
2   15.362   12.128 0 0   0
2   15.361   12.133 0 0   0
2   15.358   12.144 0 0   0
2   15.333   12.248 0 0   0
2   15.318   12.307 0 0   0
2   15.303   12.363 0 0   0
2   15.276   12.460 0 0   0
2   15.274   12.467 0 0   0
2   15.273   12.470 0 0   0
2   15.242   12.573 0 0   0
2   15.229   12.616 0 0   0
2   15.211   12.671 0 0   0
2   15.184   12.752 0 0   0
2   15.177   12.770 0 0   0
2   15.155   12.833 0 0   0
2   15.141   12.870 0 0   0
2   15.137   12.881 0 0   0
2   15.103   12.969 0 0   0
2   15.090   13.003 0 0   0
2   15.060   13.075 0 0   0
2   15.036   13.130 0 0   0
2   15.013   13.181 0 0   0
2   14.980   13.253 0 0   0
2   14.957   13.298 0 0   0
2   14.915   13.381 0 0   0
2   14.898   13.414 0 0   0
2   14.846   13.509 0 0   0
2   14.830   13.536 0 0   0
2   14.772   13.634 0 0   0
2   14.756   13.659 0 0   0
2   14.695   13.753 0 0   0
2   14.675   13.782 0 0   0
2   14.615   13.867 0 0   0
2   14.585   13.906 0 0   0
2   14.531   13.975 0 0   0
2   14.486   14.030 0 0   0
2   14.445   14.080 0 0   0
2   14.375   14.156 0 0   0
2   14.355   14.179 0 0   0
2   14.291   14.243 0 0   0
2   14.262   14.273 0 0   0
2   14.251   14.283 0 0   0
2   14.167   14.363 0 0   0
2   14.112   14.411 0 0   0
2   14.068   14.449 0 0   0
2   13.988   14.513 0 0   0
2   13.966   14.530 0 0   0
2   13.953   14.540 0 0   0
2   13.862   14.607 0 0   0
2   13.770   14.670 0 0   0
2   13.755   14.680 0 0   0
2   13.737   14.692 0 0   0
2   13.645   14.750 0 0   0
2   13.557   14.801 0 0   0
2   13.533   14.815 0 0   0
2   13.510   14.827 0 0   0
2   13.419   14.877 0 0   0
2   13.308   14.932 0 0   0
2   13.302   14.935 0 0   0
2   13.298   14.937 0 0   0
2   13.184   14.990 0 0   0
2   13.096   15.027 0 0   0
2   13.063   15.041 0 0   0
2   13.008   15.063 0 0   0
2   12.941   15.089 0 0   0
2   12.903   15.103 0 0   0
2   12.817   15.135 0 0   0
2   12.715   15.168 0 0   0
2   12.691   15.177 0 0   0
2   12.636   15.194 0 0   0
2   12.563   15.216 0 0   0
2   12.533   15.225 0 0   0
2   12.434   15.253 0 0   0
2   12.355   15.274 0 0   0
2   12.304   15.287 0 0   0
2   12.180   15.317 0 0   0
2   12.172   15.319 0 0   0
2   12.147   15.324 0 0   0
2   12.039   15.348 0 0   0
2   12.008   15.354 0 0   0
2   11.904   15.375 0 0   0
2   11.839   15.387 0 0   0
2   11.768   15.400 0 0   0
2   11.673   15.415 0 0   0
2   11.631   15.422 0 0   0
2   11.508   15.440 0 0   0
2   11.493   15.442 0 0   0
2   11.402   15.454 0 0   0
2   11.354   15.461 0 0   0
2   11.346   15.462 0 0   0
2   11.213   15.477 0 0   0
2   11.186   15.480 0 0   0
2   11.071   15.491 0 0   0
2   11.027   15.495 0 0   0
2   10.928   15.503 0 0   0
2   10.869   15.507 0 0   0
2   10.784   15.513 0 0   0
2   10.714   15.518 0 0   0
2   10.639   15.522 0 0   0
3   10.929   16.022 0 0   0
2   10.929   16.022 0 0   0
2   10.870   16.025 0 0   0
2   10.783   16.030 0 0   0
2   10.715   16.033 0 0   0
2   10.636   16.036 0 0   0
2   10.562   16.038 0 0   0
2   10.489   16.040 0 0   0
2   10.410   16.042 0 0   0
2   10.341   16.043 0 0   0
2   10.258   16.045 0 0   0
2   10.192   16.045 0 0   0
2   10.108   16.045 0 0   0
2   10.042   16.045 0 0   0
2    9.958   16.045 0 0   0
2    9.891   16.044 0 0   0
2    9.809   16.043 0 0   0
2    9.740   16.041 0 0   0
2    9.661   16.039 0 0   0
2    9.587   16.037 0 0   0
2    9.514   16.035 0 0   0
2    9.434   16.031 0 0   0
2    9.368   16.028 0 0   0
2    9.279   16.024 0 0   0
2    9.222   16.021 0 0   0
2    9.124   16.014 0 0   0
2    9.078   16.011 0 0   0
2    8.968   16.003 0 0   0
2    8.934   16.001 0 0   0
2    8.810   15.990 0 0   0
2    8.791   15.989 0 0   0
2    8.652   15.975 0 0   0
2    8.649   15.975 0 0   0
2    8.626   15.973 0 0   0
2    8.507   15.960 0 0   0
2    8.492   15.958 0 0   0
2    8.367   15.943 0 0   0
2    8.330   15.938 0 0   0
2    8.228   15.925 0 0   0
2    8.167   15.916 0 0   0
2    8.089   15.905 0 0   0
2    8.003   15.891 0 0   0
2    7.952   15.883 0 0   0
2    7.836   15.863 0 0   0
2    7.816   15.859 0 0   0
2    7.730   15.843 0 0   0
2    7.680   15.834 0 0   0
2    7.668   15.831 0 0   0
2    7.546   15.806 0 0   0
2    7.497   15.795 0 0   0
2    7.414   15.776 0 0   0
2    7.324   15.755 0 0   0
2    7.282   15.745 0 0   0
2    7.161   15.713 0 0   0
2    7.152   15.711 0 0   0
2    7.148   15.710 0 0   0
2    7.023   15.674 0 0   0
2    6.968   15.657 0 0   0
2    6.895   15.635 0 0   0
2    6.785   15.598 0 0   0
2    6.769   15.593 0 0   0
2    6.737   15.582 0 0   0
2    6.645   15.549 0 0   0
2    6.596   15.530 0 0   0
2    6.522   15.501 0 0   0
2    6.402   15.451 0 0   0
2    6.401   15.451 0 0   0
2    6.400   15.450 0 0   0
2    6.282   15.397 0 0   0
2    6.198   15.356 0 0   0
2    6.164   15.340 0 0   0
2    6.122   15.317 0 0   0
2    6.049   15.279 0 0   0
2    5.986   15.242 0 0   0
2    5.936   15.214 0 0   0
2    5.884   15.182 0 0   0
2    5.825   15.145 0 0   0
2    5.761   15.101 0 0   0
2    5.717   15.072 0 0   0
2    5.680   15.045 0 0   0
2    5.611   14.994 0 0   0
2    5.517   14.919 0 0   0
2    5.509   14.912 0 0   0
2    5.503   14.908 0 0   0
2    5.409   14.826 0 0   0
2    5.348   14.768 0 0   0
2    5.312   14.735 0 0   0
2    5.244   14.665 0 0   0
2    5.220   14.641 0 0   0
2    5.210   14.629 0 0   0
2    5.131   14.541 0 0   0
2    5.090   14.492 0 0   0
2    5.047   14.439 0 0   0
2    4.984   14.355 0 0   0
2    4.966   14.331 0 0   0
2    4.890   14.222 0 0   0
2    4.889   14.220 0 0   0
2    4.880   14.206 0 0   0
2    4.815   14.103 0 0   0
2    4.806   14.089 0 0   0
2    4.744   13.982 0 0   0
2    4.731   13.959 0 0   0
2    4.676   13.855 0 0   0
2    4.663   13.829 0 0   0
2    4.611   13.722 0 0   0
2    4.601   13.700 0 0   0
2    4.550   13.584 0 0   0
2    4.544   13.571 0 0   0
2    4.495   13.449 0 0   0
2    4.492   13.443 0 0   0
2    4.492   13.442 0 0   0
2    4.445   13.315 0 0   0
2    4.438   13.295 0 0   0
2    4.402   13.190 0 0   0
2    4.387   13.147 0 0   0
2    4.362   13.065 0 0   0
2    4.340   12.991 0 0   0
2    4.325   12.941 0 0   0
2    4.294   12.828 0 0   0
2    4.291   12.817 0 0   0
2    4.284   12.789 0 0   0
2    4.260   12.695 0 0   0
2    4.252   12.662 0 0   0
2    4.230   12.565 0 0   0
2    4.216   12.502 0 0   0
2    4.208   12.462 0 0   0
2    4.190   12.376 0 0   0
2    4.184   12.345 0 0   0
2    4.170   12.273 0 0   0
2    4.154   12.189 0 0   0
2    4.152   12.177 0 0   0
2    4.148   12.151 0 0   0
2    4.132   12.058 0 0   0
2    4.124   12.008 0 0   0
2    4.114   11.941 0 0   0
2    4.097   11.828 0 0   0
2    4.097   11.824 0 0   0
2    4.096   11.817 0 0   0
2    4.081   11.705 0 0   0
2    4.073   11.645 0 0   0
2    4.066   11.585 0 0   0
2    4.054   11.479 0 0   0
2    4.053   11.467 0 0   0
2    4.052   11.460 0 0   0
2    4.040   11.345 0 0   0
2    4.034   11.270 0 0   0
2    4.029   11.223 0 0   0
2    4.022   11.135 0 0   0
2    4.019   11.100 0 0   0
2    4.018   11.081 0 0   0
2    4.010   10.976 0 0   0
2    4.005   10.895 0 0   0
2    4.002   10.851 0 0   0
2    3.997   10.759 0 0   0
2    3.996   10.726 0 0   0
2    3.995   10.710 0 0   0
2    3.990   10.600 0 0   0
2    3.987   10.525 0 0   0
2    3.985   10.474 0 0   0
2    3.982   10.361 0 0   0
2    3.982   10.346 0 0   0
2    3.982   10.339 0 0   0
2    3.979   10.218 0 0   0
2    3.979   10.157 0 0   0
2    3.978   10.088 0 0   0
2    3.978    9.971 0 0   0
2    3.978    9.958 0 0   0
2    3.978    9.925 0 0   0
2    3.979    9.826 0 0   0
2    3.979    9.789 0 0   0
2    3.981    9.694 0 0   0
2    3.983    9.608 0 0   0
2    3.984    9.560 0 0   0
2    3.989    9.431 0 0   0
2    3.989    9.426 0 0   0
2    3.990    9.408 0 0   0
2    3.995    9.290 0 0   0
2    3.996    9.257 0 0   0
2    4.002    9.155 0 0   0
2    4.006    9.086 0 0   0
2    4.011    9.020 0 0   0
2    4.018    8.919 0 0   0
2    4.021    8.884 0 0   0
2    4.031    8.754 0 0   0
2    4.032    8.749 0 0   0
2    4.034    8.720 0 0   0
2    4.045    8.613 0 0   0
2    4.046    8.594 0 0   0
2    4.059    8.479 0 0   0
2    4.064    8.436 0 0   0
2    4.075    8.343 0 0   0
2    4.082    8.282 0 0   0
2    4.092    8.208 0 0   0
2    4.103    8.130 0 0   0
2    4.112    8.072 0 0   0
2    4.126    7.982 0 0   0
2    4.133    7.936 0 0   0
2    4.150    7.836 0 0   0
2    4.157    7.799 0 0   0
2    4.176    7.693 0 0   0
2    4.183    7.660 0 0   0
2    4.204    7.553 0 0   0
2    4.211    7.520 0 0   0
2    4.235    7.414 0 0   0
2    4.244    7.375 0 0   0
2    4.267    7.277 0 0   0
2    4.280    7.229 0 0   0
2    4.303    7.138 0 0   0
2    4.322    7.073 0 0   0
2    4.342    7.001 0 0   0
2    4.368    6.917 0 0   0
2    4.386    6.857 0 0   0
2    4.427    6.736 0 0   0
2    4.434    6.714 0 0   0
2    4.484    6.579 0 0   0
2    4.486    6.574 0 0   0
2    4.538    6.444 0 0   0
2    4.546    6.426 0 0   0
2    4.577    6.355 0 0   0
2    4.591    6.323 0 0   0
2    4.594    6.315 0 0   0
2    4.647    6.204 0 0   0
2    4.653    6.192 0 0   0
2    4.678    6.143 0 0   0
2    4.703    6.093 0 0   0
2    4.710    6.080 0 0   0
2    4.772    5.969 0 0   0
2    4.783    5.950 0 0   0
2    4.848    5.843 0 0   0
2    4.863    5.819 0 0   0
2    4.930    5.720 0 0   0
2    4.947    5.695 0 0   0
2    5.023    5.593 0 0   0
2    5.034    5.579 0 0   0
2    5.116    5.478 0 0   0
2    5.122    5.470 0 0   0
2    5.123    5.469 0 0   0
2    5.213    5.367 0 0   0
2    5.237    5.342 0 0   0
2    5.307    5.271 0 0   0
2    5.364    5.216 0 0   0
2    5.403    5.179 0 0   0
2    5.493    5.101 0 0   0
2    5.503    5.092 0 0   0
2    5.508    5.088 0 0   0
2    5.605    5.010 0 0   0
2    5.673    4.960 0 0   0
2    5.710    4.933 0 0   0
2    5.762    4.899 0 0   0
2    5.818    4.860 0 0   0
2    5.864    4.831 0 0   0
2    5.927    4.792 0 0   0
2    5.997    4.752 0 0   0
2    6.040    4.727 0 0   0
2    6.085    4.702 0 0   0
2    6.154    4.666 0 0   0
2    6.213    4.637 0 0   0
2    6.271    4.608 0 0   0
2    6.348    4.573 0 0   0
2    6.390    4.554 0 0   0
2    6.418    4.543 0 0   0
2    6.510    4.503 0 0   0
2    6.614    4.463 0 0   0
2    6.633    4.456 0 0   0
2    6.667    4.443 0 0   0
2    6.757    4.411 0 0   0
2    6.803    4.396 0 0   0
2    6.882    4.369 0 0   0
2    6.987    4.337 0 0   0
2    7.010    4.330 0 0   0
2    7.066    4.314 0 0   0
2    7.139    4.293 0 0   0
2    7.167    4.286 0 0   0
2    7.269    4.259 0 0   0
2    7.343    4.241 0 0   0
2    7.400    4.227 0 0   0
2    7.516    4.201 0 0   0
2    7.533    4.197 0 0   0
2    7.593    4.185 0 0   0
2    7.667    4.169 0 0   0
2    7.687    4.166 0 0   0
2    7.802    4.144 0 0   0
2    7.855    4.134 0 0   0
2    7.938    4.120 0 0   0
2    8.021    4.107 0 0   0
2    8.076    4.098 0 0   0
2    8.186    4.082 0 0   0
2    8.214    4.077 0 0   0
2    8.349    4.059 0 0   0
2    8.353    4.059 0 0   0
2    8.382    4.055 0 0   0
2    8.493    4.042 0 0   0
2    8.510    4.040 0 0   0
2    8.634    4.027 0 0   0
2    8.670    4.023 0 0   0
2    8.776    4.013 0 0   0
2    8.828    4.009 0 0   0
2    8.919    4.001 0 0   0
2    8.985    3.996 0 0   0
2    9.063    3.990 0 0   0
2    9.142    3.985 0 0   0
2    9.207    3.981 0 0   0
6    9.218    3.963    0.000    0.150   1
8
3    9.207    3.981 0 0   0
2    9.297    3.976 0 0   0
2    9.353    3.973 0 0   0
2    9.451    3.968 0 0   0
2    9.499    3.966 0 0   0
2    9.604    3.963 0 0   0
2    9.646    3.961 0 0   0
2    9.756    3.959 0 0   0
2    9.794    3.958 0 0   0
2    9.907    3.956 0 0   0
2    9.942    3.956 0 0   0
2   10.057    3.955 0 0   0
2   10.092    3.955 0 0   0
2   10.207    3.955 0 0   0
2   10.242    3.956 0 0   0
2   10.355    3.957 0 0   0
2   10.393    3.958 0 0   0
2   10.503    3.960 0 0   0
2   10.545    3.962 0 0   0
2   10.649    3.965 0 0   0
2   10.698    3.967 0 0   0
2   10.795    3.971 0 0   0
2   10.852    3.974 0 0   0
2   10.941    3.979 0 0   0
2   11.007    3.983 0 0   0
2   11.085    3.988 0 0   0
2   11.162    3.993 0 0   0
2   11.229    3.998 0 0   0
2   11.320    4.006 0 0   0
2   11.372    4.010 0 0   0
2   11.478    4.020 0 0   0
2   11.514    4.024 0 0   0
2   11.637    4.037 0 0   0
2   11.656    4.039 0 0   0
2   11.783    4.054 0 0   0
2   11.796    4.056 0 0   0
2   11.798    4.056 0 0   0
2   11.937    4.074 0 0   0
2   11.962    4.078 0 0   0
2   12.076    4.095 0 0   0
2   12.126    4.103 0 0   0
2   12.214    4.117 0 0   0
2   12.294    4.131 0 0   0
2   12.352    4.141 0 0   0
2   12.464    4.163 0 0   0
2   12.489    4.168 0 0   0
2   12.583    4.187 0 0   0
2   12.624    4.196 0 0   0
2   12.636    4.199 0 0   0
2   12.759    4.227 0 0   0
2   12.814    4.241 0 0   0
2   12.892    4.260 0 0   0
2   12.995    4.288 0 0   0
2   13.024    4.295 0 0   0
2   13.091    4.315 0 0   0
2   13.154    4.333 0 0   0
2   13.182    4.343 0 0   0
2   13.282    4.374 0 0   0
2   13.373    4.406 0 0   0
2   13.408    4.418 0 0   0
2   13.468    4.440 0 0   0
2   13.532    4.464 0 0   0
2   13.571    4.480 0 0   0
2   13.654    4.513 0 0   0
2   13.771    4.564 0 0   0
2   13.773    4.565 0 0   0
2   13.775    4.566 0 0   0
2   13.891    4.621 0 0   0
2   13.990    4.672 0 0   0
2   14.005    4.680 0 0   0
2   14.022    4.689 0 0   0
2   14.118    4.743 0 0   0
2   14.218    4.804 0 0   0
2   14.228    4.810 0 0   0
2   14.237    4.816 0 0   0
2   14.336    4.881 0 0   0
2   14.424    4.944 0 0   0
2   14.441    4.956 0 0   0
2   14.467    4.977 0 0   0
2   14.544    5.036 0 0   0
2   14.587    5.073 0 0   0
2   14.643    5.120 0 0   0
2   14.731    5.202 0 0   0
2   14.739    5.209 0 0   0
2   14.760    5.231 0 0   0
2   14.833    5.303 0 0   0
2   14.859    5.332 0 0   0
2   14.923    5.403 0 0   0
2   14.973    5.462 0 0   0
2   15.010    5.507 0 0   0
2   15.076    5.594 0 0   0
2   15.094    5.617 0 0   0
2   15.169    5.725 0 0   0
2   15.174    5.732 0 0   0
2   15.219    5.804 0 0   0
2   15.250    5.852 0 0   0
2   15.253    5.857 0 0   0
2   15.323    5.978 0 0   0
2   15.329    5.988 0 0   0
2   15.393    6.109 0 0   0
2   15.398    6.119 0 0   0
2   15.458    6.243 0 0   0
2   15.460    6.249 0 0   0
2   15.497    6.333 0 0   0
2   15.517    6.379 0 0   0
2   15.519    6.383 0 0   0
2   15.568    6.505 0 0   0
2   15.573    6.517 0 0   0
2   15.615    6.631 0 0   0
2   15.623    6.654 0 0   0
2   15.655    6.749 0 0   0
2   15.666    6.779 0 0   0
2   15.695    6.872 0 0   0
2   15.704    6.900 0 0   0
2   15.734    7.004 0 0   0
2   15.741    7.027 0 0   0
2   15.770    7.136 0 0   0
2   15.775    7.157 0 0   0
2   15.804    7.274 0 0   0
2   15.809    7.293 0 0   0
2   15.835    7.409 0 0   0
2   15.841    7.432 0 0   0
2   15.864    7.545 0 0   0
2   15.870    7.575 0 0   0
2   15.890    7.679 0 0   0
2   15.898    7.720 0 0   0
2   15.914    7.813 0 0   0
2   15.924    7.869 0 0   0
2   15.935    7.945 0 0   0
2   15.947    8.020 0 0   0
2   15.955    8.077 0 0   0
2   15.969    8.174 0 0   0
2   15.973    8.209 0 0   0
2   15.989    8.331 0 0   0
2   15.990    8.340 0 0   0
2   15.995    8.380 0 0   0
2   16.005    8.471 0 0   0
2   16.007    8.491 0 0   0
2   16.018    8.602 0 0   0
2   16.023    8.652 0 0   0
2   16.030    8.732 0 0   0
2   16.037    8.815 0 0   0
2   16.041    8.863 0 0   0
2   16.049    8.979 0 0   0
2   16.050    8.993 0 0   0
2   16.053    9.042 0 0   0
2   16.058    9.122 0 0   0
2   16.060    9.144 0 0   0
2   16.065    9.251 0 0   0
2   16.068    9.311 0 0   0
2   16.071    9.380 0 0   0
2   16.075    9.479 0 0   0
2   16.076    9.508 0 0   0
2   16.078    9.599 0 0   0
2   16.079    9.636 0 0   0
2   16.080    9.648 0 0   0
2   16.082    9.763 0 0   0
2   16.083    9.819 0 0   0
2   16.083    9.890 0 0   0
2   16.084    9.990 0 0   0
2   16.084   10.016 0 0   0
2   16.083   10.088 0 0   0
2   16.083   10.142 0 0   0
2   16.083   10.162 0 0   0
2   16.081   10.267 0 0   0
2   16.080   10.334 0 0   0
2   16.079   10.391 0 0   0
2   16.075   10.507 0 0   0
2   16.075   10.517 0 0   0
2   16.074   10.546 0 0   0
2   16.070   10.645 0 0   0
2   16.069   10.677 0 0   0
2   16.064   10.773 0 0   0
2   16.059   10.859 0 0   0
2   16.057   10.904 0 0   0
2   16.050   11.008 0 0   0
2   16.049   11.034 0 0   0
2   16.048   11.047 0 0   0
2   16.039   11.163 0 0   0
2   16.032   11.250 0 0   0
2   16.028   11.291 0 0   0
2   16.023   11.352 0 0   0
2   16.017   11.413 0 0   0
2   16.013   11.453 0 0   0
2   16.004   11.535 0 0   0
2   15.991   11.649 0 0   0
2   15.991   11.656 0 0   0
2   15.989   11.669 0 0   0
2   15.976   11.775 0 0   0
2   15.967   11.842 0 0   0
2   15.959   11.896 0 0   0
2   15.947   11.983 0 0   0
2   15.942   12.016 0 0   0
2   15.938   12.039 0 0   0
2   15.923   12.136 0 0   0
2   15.903   12.248 0 0   0
2   15.902   12.255 0 0   0
2   15.901   12.265 0 0   0
2   15.881   12.372 0 0   0
2   15.863   12.458 0 0   0
2   15.858   12.488 0 0   0
2   15.850   12.523 0 0   0
2   15.834   12.597 0 0   0
2   15.821   12.653 0 0   0
2   15.809   12.708 0 0   0
2   15.781   12.821 0 0   0
2   15.778   12.833 0 0   0
2   15.776   12.841 0 0   0
2   15.749   12.943 0 0   0
2   15.738   12.980 0 0   0
2   15.708   13.087 0 0   0
2   15.705   13.097 0 0   0
2   15.703   13.102 0 0   0
2   15.665   13.224 0 0   0
2   15.640   13.299 0 0   0
2   15.626   13.339 0 0   0
2   15.609   13.384 0 0   0
2   15.585   13.452 0 0   0
2   15.566   13.501 0 0   0
2   15.538   13.572 0 0   0
2   15.499   13.665 0 0   0
2   15.486   13.695 0 0   0
2   15.432   13.812 0 0   0
2   15.431   13.813 0 0   0
2   15.426   13.823 0 0   0
2   15.372   13.931 0 0   0
2   15.363   13.949 0 0   0
2   15.309   14.048 0 0   0
2   15.294   14.075 0 0   0
2   15.239   14.166 0 0   0
2   15.222   14.195 0 0   0
2   15.162   14.286 0 0   0
2   15.147   14.309 0 0   0
2   15.076   14.408 0 0   0
2   15.069   14.418 0 0   0
2   15.028   14.470 0 0   0
2   14.987   14.522 0 0   0
2   14.979   14.532 0 0   0
2   14.902   14.622 0 0   0
2   14.869   14.658 0 0   0
2   14.813   14.718 0 0   0
2   14.743   14.787 0 0   0
2   14.721   14.809 0 0   0
2   14.671   14.854 0 0   0
2   14.624   14.897 0 0   0
2   14.600   14.917 0 0   0
2   14.525   14.979 0 0   0
2   14.434   15.049 0 0   0
2   14.422   15.058 0 0   0
2   14.406   15.070 0 0   0
2   14.317   15.133 0 0   0
2   14.242   15.181 0 0   0
2   14.208   15.203 0 0   0
2   14.172   15.224 0 0   0
2   14.097   15.270 0 0   0
2   14.015   15.315 0 0   0
2   13.983   15.332 0 0   0
2   13.956   15.346 0 0   0
2   13.867   15.391 0 0   0
2   13.750   15.445 0 0   0
2   13.748   15.446 0 0   0
2   13.745   15.447 0 0   0
2   13.628   15.498 0 0   0
2   13.555   15.527 0 0   0
2   13.506   15.547 0 0   0
2   13.415   15.580 0 0   0
2   13.382   15.592 0 0   0
2   13.365   15.598 0 0   0
2   13.256   15.635 0 0   0
2   13.181   15.658 0 0   0
2   13.129   15.674 0 0   0
2   13.000   15.711 0 0   0
2   13.000   15.711 0 0   0
2   12.999   15.712 0 0   0
2   12.870   15.746 0 0   0
2   12.824   15.757 0 0   0
2   12.738   15.778 0 0   0
2   12.651   15.798 0 0   0
2   12.606   15.808 0 0   0
2   12.480   15.834 0 0   0
2   12.472   15.836 0 0   0
2   12.438   15.843 0 0   0
2   12.336   15.862 0 0   0
2   12.312   15.866 0 0   0
2   12.200   15.886 0 0   0
2   12.145   15.894 0 0   0
2   12.063   15.908 0 0   0
2   11.981   15.919 0 0   0
2   11.924   15.928 0 0   0
2   11.818   15.941 0 0   0
2   11.785   15.946 0 0   0
2   11.657   15.961 0 0   0
2   11.644   15.963 0 0   0
2   11.551   15.973 0 0   0
2   11.503   15.978 0 0   0
2   11.497   15.978 0 0   0
2   11.361   15.991 0 0   0
2   11.338   15.993 0 0   0
2   11.218   16.003 0 0   0
2   11.181   16.006 0 0   0
2   11.074   16.013 0 0   0
2   11.025   16.016 0 0   0
2   10.929   16.022 0 0   0
3   11.212   16.512 0 0   0
2   11.212   16.512 0 0   0
2   11.187   16.513 0 0   0
2   11.066   16.518 0 0   0
2   11.033   16.520 0 0   0
2   10.919   16.524 0 0   0
2   10.880   16.525 0 0   0
2   10.772   16.529 0 0   0
2   10.727   16.530 0 0   0
2   10.624   16.533 0 0   0
2   10.575   16.534 0 0   0
2   10.476   16.536 0 0   0
2   10.424   16.537 0 0   0
2   10.327   16.538 0 0   0
2   10.273   16.538 0 0   0
2   10.178   16.539 0 0   0
2   10.122   16.539 0 0   0
2   10.028   16.539 0 0   0
2    9.972   16.539 0 0   0
2    9.877   16.538 0 0   0
2    9.823   16.537 0 0   0
2    9.726   16.536 0 0   0
2    9.674   16.535 0 0   0
2    9.574   16.533 0 0   0
2    9.526   16.532 0 0   0
2    9.422   16.529 0 0   0
2    9.378   16.528 0 0   0
2    9.269   16.524 0 0   0
2    9.231   16.523 0 0   0
2    9.116   16.518 0 0   0
2    9.085   16.517 0 0   0
2    8.962   16.511 0 0   0
2    8.939   16.510 0 0   0
2    8.807   16.503 0 0   0
2    8.793   16.502 0 0   0
2    8.651   16.493 0 0   0
2    8.649   16.493 0 0   0
2    8.614   16.491 0 0   0
2    8.504   16.483 0 0   0
2    8.495   16.483 0 0   0
2    8.361   16.472 0 0   0
2    8.338   16.470 0 0   0
2    8.218   16.460 0 0   0
2    8.180   16.456 0 0   0
2    8.076   16.447 0 0   0
2    8.021   16.441 0 0   0
2    7.934   16.432 0 0   0
2    7.861   16.423 0 0   0
2    7.793   16.416 0 0   0
2    7.700   16.404 0 0   0
2    7.653   16.399 0 0   0
2    7.537   16.383 0 0   0
2    7.514   16.380 0 0   0
2    7.388   16.361 0 0   0
2    7.376   16.359 0 0   0
2    7.374   16.359 0 0   0
2    7.239   16.338 0 0   0
2    7.208   16.332 0 0   0
2    7.102   16.314 0 0   0
2    7.041   16.302 0 0   0
2    6.967   16.289 0 0   0
2    6.872   16.270 0 0   0
2    6.832   16.262 0 0   0
2    6.701   16.233 0 0   0
2    6.699   16.233 0 0   0
2    6.694   16.231 0 0   0
2    6.567   16.201 0 0   0
2    6.527   16.190 0 0   0
2    6.436   16.168 0 0   0
2    6.349   16.143 0 0   0
2    6.307   16.132 0 0   0
2    6.204   16.100 0 0   0
2    6.179   16.093 0 0   0
2    6.168   16.089 0 0   0
2    6.052   16.051 0 0   0
2    5.981   16.025 0 0   0
2    5.928   16.006 0 0   0
2    5.831   15.969 0 0   0
2    5.805   15.958 0 0   0
2    5.789   15.951 0 0   0
2    5.683   15.907 0 0   0
2    5.587   15.862 0 0   0
2    5.563   15.851 0 0   0
2    5.531   15.835 0 0   0
2    5.444   15.791 0 0   0
2    5.372   15.750 0 0   0
2    5.328   15.727 0 0   0
2    5.285   15.700 0 0   0
2    5.214   15.657 0 0   0
2    5.135   15.603 0 0   0
2    5.103   15.582 0 0   0
2    5.076   15.562 0 0   0
2    4.990   15.499 0 0   0
2    4.893   15.419 0 0   0
2    4.881   15.409 0 0   0
2    4.864   15.393 0 0   0
2    4.775   15.313 0 0   0
2    4.731   15.269 0 0   0
2    4.672   15.210 0 0   0
2    4.595   15.122 0 0   0
2    4.583   15.109 0 0   0
2    4.574   15.098 0 0   0
2    4.497   15.003 0 0   0
2    4.455   14.946 0 0   0
2    4.422   14.901 0 0   0
2    4.355   14.800 0 0   0
2    4.351   14.795 0 0   0
2    4.339   14.774 0 0   0
2    4.287   14.690 0 0   0
2    4.273   14.665 0 0   0
2    4.225   14.581 0 0   0
2    4.203   14.538 0 0   0
2    4.170   14.473 0 0   0
2    4.144   14.419 0 0   0
2    4.114   14.355 0 0   0
2    4.094   14.309 0 0   0
2    4.058   14.226 0 0   0
2    4.045   14.193 0 0   0
2    4.002   14.082 0 0   0
2    4.000   14.078 0 0   0
2    3.997   14.069 0 0   0
2    3.957   13.957 0 0   0
2    3.943   13.915 0 0   0
2    3.917   13.836 0 0   0
2    3.884   13.727 0 0   0
2    3.874   13.694 0 0   0
2    3.860   13.642 0 0   0
2    3.838   13.564 0 0   0
2    3.823   13.505 0 0   0
2    3.808   13.445 0 0   0
2    3.797   13.397 0 0   0
2    3.778   13.321 0 0   0
2    3.758   13.231 0 0   0
2    3.755   13.216 0 0   0
2    3.752   13.202 0 0   0
2    3.732   13.104 0 0   0
2    3.711   12.999 0 0   0
2    3.710   12.990 0 0   0
2    3.708   12.982 0 0   0
2    3.689   12.877 0 0   0
2    3.669   12.758 0 0   0
2    3.668   12.754 0 0   0
2    3.668   12.751 0 0   0
2    3.650   12.635 0 0   0
2    3.637   12.547 0 0   0
2    3.632   12.510 0 0   0
2    3.623   12.444 0 0   0
2    3.614   12.382 0 0   0
2    3.610   12.349 0 0   0
2    3.598   12.254 0 0   0
2    3.588   12.159 0 0   0
2    3.584   12.126 0 0   0
2    3.576   12.055 0 0   0
2    3.570   11.999 0 0   0
2    3.568   11.974 0 0   0
2    3.558   11.871 0 0   0
2    3.551   11.788 0 0   0
2    3.547   11.744 0 0   0
2    3.539   11.646 0 0   0
2    3.536   11.618 0 0   0
2    3.535   11.605 0 0   0
2    3.527   11.491 0 0   0
2    3.523   11.423 0 0   0
2    3.519   11.365 0 0   0
2    3.511   11.241 0 0   0
2    3.511   11.239 0 0   0
2    3.511   11.233 0 0   0
2    3.504   11.112 0 0   0
2    3.502   11.062 0 0   0
2    3.498   10.986 0 0   0
2    3.494   10.883 0 0   0
2    3.493   10.859 0 0   0
2    3.491   10.802 0 0   0
2    3.488   10.733 0 0   0
2    3.488   10.704 0 0   0
2    3.485   10.606 0 0   0
2    3.483   10.524 0 0   0
2    3.482   10.478 0 0   0
2    3.480   10.364 0 0   0
2    3.479   10.350 0 0   0
2    3.479   10.344 0 0   0
2    3.478   10.220 0 0   0
2    3.477   10.164 0 0   0
2    3.477   10.090 0 0   0
2    3.477    9.984 0 0   0
2    3.477    9.959 0 0   0
2    3.477    9.891 0 0   0
2    3.477    9.828 0 0   0
2    3.477    9.804 0 0   0
2    3.479    9.696 0 0   0
2    3.480    9.627 0 0   0
2    3.481    9.563 0 0   0
2    3.483    9.450 0 0   0
2    3.484    9.431 0 0   0
2    3.485    9.368 0 0   0
2    3.487    9.298 0 0   0
2    3.488    9.277 0 0   0
2    3.492    9.165 0 0   0
2    3.494    9.106 0 0   0
2    3.497    9.033 0 0   0
2    3.502    8.937 0 0   0
2    3.504    8.901 0 0   0
2    3.510    8.768 0 0   0
2    3.511    8.768 0 0   0
2    3.511    8.766 0 0   0
2    3.519    8.636 0 0   0
2    3.521    8.601 0 0   0
2    3.528    8.504 0 0   0
2    3.532    8.436 0 0   0
2    3.537    8.373 0 0   0
2    3.545    8.272 0 0   0
2    3.548    8.241 0 0   0
2    3.559    8.113 0 0   0
2    3.560    8.111 0 0   0
2    3.561    8.098 0 0   0
2    3.573    7.980 0 0   0
2    3.575    7.956 0 0   0
2    3.587    7.850 0 0   0
2    3.591    7.806 0 0   0
2    3.602    7.720 0 0   0
2    3.609    7.660 0 0   0
2    3.618    7.593 0 0   0
2    3.627    7.520 0 0   0
2    3.636    7.463 0 0   0
2    3.646    7.389 0 0   0
2    3.655    7.333 0 0   0
2    3.667    7.256 0 0   0
2    3.677    7.196 0 0   0
2    3.688    7.129 0 0   0
2    3.702    7.052 0 0   0
2    3.712    6.997 0 0   0
2    3.731    6.904 0 0   0
2    3.737    6.868 0 0   0
2    3.763    6.749 0 0   0
2    3.765    6.738 0 0   0
2    3.776    6.691 0 0   0
2    3.794    6.610 0 0   0
2    3.799    6.591 0 0   0
2    3.825    6.485 0 0   0
2    3.840    6.431 0 0   0
2    3.858    6.361 0 0   0
2    3.884    6.273 0 0   0
2    3.892    6.244 0 0   0
2    3.920    6.156 0 0   0
2    3.930    6.124 0 0   0
2    3.934    6.113 0 0   0
2    3.972    6.000 0 0   0
2    3.989    5.955 0 0   0
2    4.015    5.881 0 0   0
2    4.062    5.767 0 0   0
2    4.068    5.750 0 0   0
2    4.080    5.724 0 0   0
2    4.124    5.622 0 0   0
2    4.146    5.577 0 0   0
2    4.180    5.506 0 0   0
2    4.217    5.436 0 0   0
2    4.248    5.378 0 0   0
2    4.283    5.317 0 0   0
2    4.312    5.267 0 0   0
2    4.358    5.195 0 0   0
2    4.383    5.156 0 0   0
2    4.440    5.075 0 0   0
2    4.460    5.046 0 0   0
2    4.534    4.951 0 0   0
2    4.541    4.942 0 0   0
2    4.570    4.908 0 0   0
2    4.627    4.841 0 0   0
2    4.641    4.826 0 0   0
2    4.716    4.745 0 0   0
2    4.764    4.699 0 0   0
2    4.810    4.654 0 0   0
2    4.904    4.571 0 0   0
2    4.907    4.569 0 0   0
2    4.912    4.565 0 0   0
2    5.008    4.487 0 0   0
2    5.069    4.443 0 0   0
2    5.112    4.411 0 0   0
2    5.170    4.373 0 0   0
2    5.219    4.340 0 0   0
2    5.262    4.314 0 0   0
2    5.329    4.273 0 0   0
2    5.398    4.235 0 0   0
2    5.442    4.210 0 0   0
2    5.493    4.184 0 0   0
2    5.558    4.152 0 0   0
2    5.609    4.128 0 0   0
2    5.675    4.097 0 0   0
2    5.774    4.055 0 0   0
2    5.796    4.045 0 0   0
2    5.809    4.040 0 0   0
2    5.918    3.997 0 0   0
2    6.001    3.968 0 0   0
2    6.042    3.953 0 0   0
2    6.125    3.925 0 0   0
2    6.167    3.911 0 0   0
2    6.187    3.905 0 0   0
2    6.295    3.872 0 0   0
2    6.368    3.852 0 0   0
2    6.424    3.836 0 0   0
2    6.545    3.805 0 0   0
2    6.554    3.802 0 0   0
2    6.581    3.796 0 0   0
2    6.686    3.770 0 0   0
2    6.719    3.764 0 0   0
2    6.819    3.741 0 0   0
2    6.890    3.727 0 0   0
2    6.953    3.714 0 0   0
2    7.059    3.694 0 0   0
2    7.088    3.688 0 0   0
2    7.217    3.666 0 0   0
2    7.225    3.665 0 0   0
2    7.226    3.665 0 0   0
2    7.362    3.643 0 0   0
2    7.392    3.639 0 0   0
2    7.500    3.622 0 0   0
2    7.555    3.615 0 0   0
2    7.639    3.603 0 0   0
2    7.718    3.594 0 0   0
2    7.779    3.586 0 0   0
2    7.879    3.575 0 0   0
2    7.920    3.570 0 0   0
2    8.039    3.558 0 0   0
2    8.061    3.555 0 0   0
2    8.198    3.542 0 0   0
2    8.204    3.542 0 0   0
2    8.255    3.537 0 0   0
2    8.346    3.529 0 0   0
2    8.356    3.529 0 0   0
2    8.490    3.518 0 0   0
2    8.513    3.517 0 0   0
2    8.634    3.508 0 0   0
2    8.669    3.506 0 0   0
2    8.779    3.499 0 0   0
2    8.825    3.496 0 0   0
6    8.840    3.479    0.000    0.150   1
9
3    8.825    3.496 0 0   0
2    8.924    3.491 0 0   0
2    8.979    3.488 0 0   0
2    9.070    3.484 0 0   0
2    9.133    3.481 0 0   0
2    9.216    3.478 0 0   0
2    9.287    3.475 0 0   0
2    9.363    3.473 0 0   0
2    9.439    3.471 0 0   0
2    9.511    3.469 0 0   0
2    9.591    3.467 0 0   0
2    9.659    3.465 0 0   0
2    9.743    3.464 0 0   0
2    9.807    3.463 0 0   0
2    9.894    3.462 0 0   0
2    9.956    3.462 0 0   0
2   10.044    3.461 0 0   0
2   10.106    3.461 0 0   0
2   10.194    3.462 0 0   0
2   10.256    3.462 0 0   0
2   10.343    3.463 0 0   0
2   10.407    3.464 0 0   0
2   10.492    3.465 0 0   0
2   10.559    3.466 0 0   0
2   10.640    3.468 0 0   0
2   10.711    3.470 0 0   0
2   10.787    3.472 0 0   0
2   10.863    3.474 0 0   0
2   10.934    3.477 0 0   0
2   11.017    3.480 0 0   0
2   11.081    3.482 0 0   0
2   11.171    3.487 0 0   0
2   11.227    3.489 0 0   0
2   11.326    3.495 0 0   0
2   11.372    3.497 0 0   0
2   11.481    3.504 0 0   0
2   11.517    3.506 0 0   0
2   11.638    3.515 0 0   0
2   11.662    3.516 0 0   0
2   11.795    3.527 0 0   0
2   11.805    3.528 0 0   0
2   11.908    3.536 0 0   0
2   11.949    3.540 0 0   0
2   11.953    3.540 0 0   0
2   12.091    3.554 0 0   0
2   12.113    3.556 0 0   0
2   12.233    3.568 0 0   0
2   12.273    3.573 0 0   0
2   12.374    3.585 0 0   0
2   12.435    3.593 0 0   0
2   12.515    3.602 0 0   0
2   12.599    3.614 0 0   0
2   12.655    3.621 0 0   0
2   12.764    3.638 0 0   0
2   12.793    3.642 0 0   0
2   12.930    3.665 0 0   0
2   12.931    3.665 0 0   0
2   12.934    3.665 0 0   0
2   13.068    3.689 0 0   0
2   13.100    3.695 0 0   0
2   13.203    3.715 0 0   0
2   13.271    3.729 0 0   0
2   13.337    3.743 0 0   0
2   13.444    3.768 0 0   0
2   13.470    3.773 0 0   0
2   13.547    3.792 0 0   0
2   13.602    3.806 0 0   0
2   13.621    3.811 0 0   0
2   13.732    3.840 0 0   0
2   13.801    3.861 0 0   0
2   13.860    3.878 0 0   0
2   13.985    3.918 0 0   0
2   13.987    3.918 0 0   0
2   13.989    3.919 0 0   0
2   14.111    3.961 0 0   0
2   14.175    3.986 0 0   0
2   14.234    4.008 0 0   0
2   14.331    4.047 0 0   0
2   14.355    4.057 0 0   0
2   14.371    4.065 0 0   0
2   14.474    4.111 0 0   0
2   14.577    4.162 0 0   0
2   14.590    4.168 0 0   0
2   14.605    4.176 0 0   0
2   14.704    4.229 0 0   0
2   14.798    4.285 0 0   0
2   14.815    4.295 0 0   0
2   14.831    4.305 0 0   0
2   14.924    4.365 0 0   0
2   15.022    4.435 0 0   0
2   15.029    4.441 0 0   0
2   15.041    4.450 0 0   0
2   15.132    4.521 0 0   0
2   15.184    4.565 0 0   0
2   15.231    4.607 0 0   0
2   15.324    4.696 0 0   0
2   15.327    4.699 0 0   0
2   15.337    4.710 0 0   0
2   15.421    4.798 0 0   0
2   15.447    4.828 0 0   0
2   15.510    4.902 0 0   0
2   15.555    4.960 0 0   0
2   15.597    5.015 0 0   0
2   15.651    5.094 0 0   0
2   15.680    5.135 0 0   0
2   15.739    5.229 0 0   0
2   15.759    5.262 0 0   0
2   15.817    5.366 0 0   0
2   15.833    5.395 0 0   0
2   15.886    5.501 0 0   0
2   15.897    5.523 0 0   0
2   15.948    5.636 0 0   0
2   15.957    5.656 0 0   0
2   15.997    5.751 0 0   0
2   16.002    5.764 0 0   0
2   16.040    5.863 0 0   0
2   16.049    5.885 0 0   0
2   16.077    5.964 0 0   0
2   16.100    6.033 0 0   0
2   16.109    6.060 0 0   0
2   16.149    6.187 0 0   0
2   16.149    6.189 0 0   0
2   16.195    6.348 0 0   0
2   16.195    6.349 0 0   0
2   16.211    6.412 0 0   0
2   16.232    6.491 0 0   0
2   16.232    6.493 0 0   0
2   16.241    6.530 0 0   0
2   16.265    6.634 0 0   0
2   16.267    6.639 0 0   0
2   16.296    6.775 0 0   0
2   16.298    6.785 0 0   0
2   16.323    6.911 0 0   0
2   16.327    6.931 0 0   0
2   16.348    7.049 0 0   0
2   16.353    7.077 0 0   0
2   16.370    7.183 0 0   0
2   16.378    7.224 0 0   0
2   16.391    7.317 0 0   0
2   16.400    7.372 0 0   0
2   16.410    7.448 0 0   0
2   16.420    7.521 0 0   0
2   16.427    7.578 0 0   0
2   16.439    7.671 0 0   0
2   16.443    7.705 0 0   0
2   16.457    7.825 0 0   0
2   16.457    7.832 0 0   0
2   16.460    7.857 0 0   0
2   16.470    7.957 0 0   0
2   16.473    7.984 0 0   0
2   16.482    8.082 0 0   0
2   16.489    8.147 0 0   0
2   16.494    8.210 0 0   0
2   16.503    8.322 0 0   0
2   16.504    8.337 0 0   0
2   16.508    8.386 0 0   0
2   16.514    8.468 0 0   0
2   16.515    8.493 0 0   0
2   16.522    8.602 0 0   0
2   16.527    8.669 0 0   0
2   16.530    8.735 0 0   0
2   16.536    8.839 0 0   0
2   16.537    8.868 0 0   0
2   16.542    8.968 0 0   0
2   16.544    8.998 0 0   0
2   16.544    9.007 0 0   0
2   16.549    9.129 0 0   0
2   16.550    9.176 0 0   0
2   16.553    9.258 0 0   0
2   16.556    9.344 0 0   0
2   16.557    9.386 0 0   0
2   16.560    9.513 0 0   0
2   16.560    9.515 0 0   0
2   16.560    9.521 0 0   0
2   16.562    9.643 0 0   0
2   16.563    9.682 0 0   0
2   16.564    9.772 0 0   0
2   16.564    9.852 0 0   0
2   16.565    9.900 0 0   0
2   16.565   10.023 0 0   0
2   16.565   10.029 0 0   0
2   16.565   10.046 0 0   0
2   16.564   10.158 0 0   0
2   16.564   10.197 0 0   0
2   16.563   10.286 0 0   0
2   16.562   10.374 0 0   0
2   16.561   10.415 0 0   0
2   16.559   10.525 0 0   0
2   16.559   10.544 0 0   0
2   16.559   10.551 0 0   0
2   16.555   10.673 0 0   0
2   16.554   10.732 0 0   0
2   16.551   10.801 0 0   0
2   16.547   10.912 0 0   0
2   16.547   10.929 0 0   0
2   16.545   10.968 0 0   0
2   16.541   11.056 0 0   0
2   16.539   11.094 0 0   0
2   16.535   11.182 0 0   0
2   16.530   11.278 0 0   0
2   16.528   11.308 0 0   0
2   16.524   11.371 0 0   0
2   16.520   11.433 0 0   0
2   16.518   11.462 0 0   0
2   16.512   11.558 0 0   0
2   16.505   11.648 0 0   0
2   16.503   11.682 0 0   0
2   16.497   11.751 0 0   0
2   16.493   11.806 0 0   0
2   16.490   11.834 0 0   0
2   16.482   11.930 0 0   0
2   16.472   12.023 0 0   0
2   16.470   12.053 0 0   0
2   16.464   12.110 0 0   0
2   16.457   12.176 0 0   0
2   16.452   12.212 0 0   0
2   16.443   12.298 0 0   0
2   16.430   12.404 0 0   0
2   16.428   12.420 0 0   0
2   16.424   12.449 0 0   0
2   16.412   12.541 0 0   0
2   16.404   12.598 0 0   0
2   16.395   12.662 0 0   0
2   16.379   12.766 0 0   0
2   16.376   12.783 0 0   0
2   16.375   12.793 0 0   0
2   16.357   12.902 0 0   0
2   16.340   12.995 0 0   0
2   16.336   13.021 0 0   0
2   16.329   13.056 0 0   0
2   16.313   13.140 0 0   0
2   16.299   13.206 0 0   0
2   16.289   13.258 0 0   0
2   16.276   13.319 0 0   0
2   16.263   13.375 0 0   0
2   16.251   13.427 0 0   0
2   16.236   13.491 0 0   0
2   16.220   13.556 0 0   0
2   16.207   13.606 0 0   0
2   16.192   13.660 0 0   0
2   16.176   13.719 0 0   0
2   16.161   13.771 0 0   0
2   16.144   13.831 0 0   0
2   16.122   13.899 0 0   0
2   16.110   13.939 0 0   0
2   16.098   13.974 0 0   0
2   16.074   14.046 0 0   0
2   16.046   14.121 0 0   0
2   16.043   14.131 0 0   0
2   16.040   14.139 0 0   0
2   16.004   14.232 0 0   0
2   15.983   14.283 0 0   0
2   15.963   14.331 0 0   0
2   15.940   14.384 0 0   0
2   15.911   14.447 0 0   0
2   15.882   14.507 0 0   0
2   15.854   14.565 0 0   0
2   15.823   14.623 0 0   0
2   15.792   14.680 0 0   0
2   15.755   14.744 0 0   0
2   15.726   14.792 0 0   0
2   15.679   14.866 0 0   0
2   15.658   14.899 0 0   0
2   15.589   14.995 0 0   0
2   15.584   15.003 0 0   0
2   15.564   15.028 0 0   0
2   15.507   15.103 0 0   0
2   15.487   15.126 0 0   0
2   15.423   15.201 0 0   0
2   15.360   15.268 0 0   0
2   15.335   15.294 0 0   0
2   15.284   15.343 0 0   0
2   15.239   15.386 0 0   0
2   15.214   15.409 0 0   0
2   15.138   15.475 0 0   0
2   15.039   15.552 0 0   0
2   15.031   15.558 0 0   0
2   15.021   15.566 0 0   0
2   14.923   15.636 0 0   0
2   14.838   15.691 0 0   0
2   14.812   15.707 0 0   0
2   14.786   15.723 0 0   0
2   14.697   15.775 0 0   0
2   14.598   15.828 0 0   0
2   14.581   15.837 0 0   0
2   14.567   15.844 0 0   0
2   14.462   15.895 0 0   0
2   14.364   15.938 0 0   0
2   14.342   15.949 0 0   0
2   14.306   15.964 0 0   0
2   14.219   15.999 0 0   0
2   14.170   16.016 0 0   0
2   14.095   16.045 0 0   0
2   13.983   16.083 0 0   0
2   13.969   16.088 0 0   0
2   13.939   16.097 0 0   0
2   13.842   16.128 0 0   0
2   13.801   16.139 0 0   0
2   13.713   16.165 0 0   0
2   13.623   16.188 0 0   0
2   13.583   16.200 0 0   0
2   13.458   16.230 0 0   0
2   13.451   16.232 0 0   0
2   13.449   16.232 0 0   0
2   13.318   16.262 0 0   0
2   13.277   16.270 0 0   0
2   13.184   16.289 0 0   0
2   13.108   16.303 0 0   0
2   13.049   16.315 0 0   0
2   12.941   16.334 0 0   0
2   12.912   16.339 0 0   0
2   12.775   16.361 0 0   0
2   12.775   16.361 0 0   0
2   12.775   16.361 0 0   0
2   12.637   16.381 0 0   0
2   12.611   16.385 0 0   0
2   12.498   16.400 0 0   0
2   12.449   16.406 0 0   0
2   12.358   16.418 0 0   0
2   12.288   16.425 0 0   0
2   12.217   16.434 0 0   0
2   12.128   16.443 0 0   0
2   12.075   16.448 0 0   0
2   11.969   16.458 0 0   0
2   11.933   16.462 0 0   0
2   11.811   16.472 0 0   0
2   11.790   16.474 0 0   0
2   11.654   16.484 0 0   0
2   11.647   16.485 0 0   0
2   11.562   16.491 0 0   0
2   11.502   16.495 0 0   0
2   11.497   16.495 0 0   0
2   11.358   16.504 0 0   0
2   11.342   16.505 0 0   0
2   11.212   16.512 0 0   0
3    4.019    4.077 0 0   0
2    4.019    4.077 0 0   0
2    3.989    4.111 0 0   0
2    3.930    4.176 0 0   0
2    3.913    4.198 0 0   0
2    3.846    4.283 0 0   0
2    3.814    4.328 0 0   0
2    3.768    4.396 0 0   0
2    3.730    4.457 0 0   0
2    3.695    4.516 0 0   0
2    3.658    4.584 0 0   0
2    3.627    4.642 0 0   0
2    3.595    4.711 0 0   0
2    3.564    4.778 0 0   0
2    3.539    4.838 0 0   0
2    3.503    4.925 0 0   0
2    3.487    4.972 0 0   0
2    3.451    5.071 0 0   0
2    3.438    5.112 0 0   0
2    3.405    5.215 0 0   0
2    3.395    5.251 0 0   0
2    3.364    5.362 0 0   0
2    3.357    5.391 0 0   0
2    3.327    5.508 0 0   0
2    3.321    5.537 0 0   0
2    3.294    5.651 0 0   0
2    3.287    5.691 0 0   0
2    3.265    5.794 0 0   0
2    3.255    5.849 0 0   0
2    3.238    5.934 0 0   0
2    3.227    6.009 0 0   0
2    3.215    6.073 0 0   0
2    3.201    6.165 0 0   0
2    3.194    6.211 0 0   0
2    3.178    6.323 0 0   0
2    3.174    6.349 0 0   0
2    3.158    6.476 0 0   0
2    3.156    6.486 0 0   0
2    3.148    6.559 0 0   0
2    3.140    6.624 0 0   0
2    3.139    6.633 0 0   0
2    3.124    6.761 0 0   0
2    3.122    6.786 0 0   0
2    3.110    6.901 0 0   0
2    3.106    6.946 0 0   0
2    3.097    7.038 0 0   0
2    3.092    7.110 0 0   0
2    3.084    7.191 0 0   0
2    3.077    7.295 0 0   0
2    3.073    7.332 0 0   0
2    3.070    7.373 0 0   0
2    3.064    7.468 0 0   0
2    3.056    7.570 0 0   0
2    3.054    7.617 0 0   0
2    3.046    7.744 0 0   0
2    3.046    7.745 0 0   0
2    3.046    7.745 0 0   0
2    3.038    7.877 0 0   0
2    3.036    7.918 0 0   0
2    3.032    8.007 0 0   0
2    3.027    8.098 0 0   0
2    3.026    8.136 0 0   0
2    3.021    8.232 0 0   0
2    3.020    8.266 0 0   0
2    3.019    8.278 0 0   0
2    3.015    8.395 0 0   0
2    3.012    8.453 0 0   0
2    3.010    8.521 0 0   0
2    3.007    8.632 0 0   0
2    3.006    8.646 0 0   0
2    3.005    8.688 0 0   0
2    3.002    8.775 0 0   0
2    3.001    8.804 0 0   0
2    2.999    8.904 0 0   0
2    2.997    8.974 0 0   0
2    2.996    9.037 0 0   0
2    2.994    9.142 0 0   0
2    2.993    9.170 0 0   0
2    2.991    9.292 0 0   0
2    2.991    9.303 0 0   0
2    2.991    9.306 0 0   0
2    2.989    9.436 0 0   0
2    2.989    9.475 0 0   0
2    2.988    9.567 0 0   0
2    2.987    9.647 0 0   0
2    2.987    9.698 0 0   0
2    2.986    9.826 0 0   0
2    2.986    9.830 0 0   0
2    2.986    9.832 0 0   0
2    2.986    9.963 0 0   0
2    2.986   10.036 0 0   0
2    2.986   10.100 0 0   0
2    2.986   10.217 0 0   0
2    2.986   10.239 0 0   0
2    2.987   10.306 0 0   0
2    2.987   10.367 0 0   0
2    2.987   10.386 0 0   0
2    2.989   10.497 0 0   0
2    2.989   10.558 0 0   0
2    2.990   10.619 0 0   0
2    2.992   10.732 0 0   0
2    2.992   10.738 0 0   0
2    2.992   10.752 0 0   0
2    2.994   10.864 0 0   0
2    2.995   10.906 0 0   0
2    2.996   10.988 0 0   0
2    2.999   11.077 0 0   0
2    3.000   11.118 0 0   0
2    3.003   11.247 0 0   0
2    3.003   11.248 0 0   0
2    3.003   11.251 0 0   0
2    3.007   11.378 0 0   0
2    3.008   11.416 0 0   0
2    3.011   11.509 0 0   0
2    3.014   11.590 0 0   0
2    3.016   11.639 0 0   0
2    3.021   11.767 0 0   0
2    3.021   11.768 0 0   0
2    3.021   11.768 0 0   0
2    3.027   11.900 0 0   0
2    3.030   11.961 0 0   0
2    3.034   12.032 0 0   0
2    3.040   12.159 0 0   0
2    3.041   12.171 0 0   0
2    3.043   12.211 0 0   0
2    3.049   12.308 0 0   0
2    3.051   12.344 0 0   0
2    3.057   12.443 0 0   0
2    3.063   12.516 0 0   0
2    3.067   12.579 0 0   0
2    3.075   12.684 0 0   0
2    3.076   12.702 0 0   0
2    3.082   12.775 0 0   0
2    3.086   12.827 0 0   0
2    3.087   12.839 0 0   0
2    3.095   12.938 0 0   0
2    3.101   12.993 0 0   0
2    3.105   13.045 0 0   0
2    3.115   13.146 0 0   0
2    3.115   13.146 0 0   0
2    3.115   13.147 0 0   0
2    3.126   13.251 0 0   0
2    3.132   13.305 0 0   0
2    3.137   13.350 0 0   0
2    3.148   13.443 0 0   0
2    3.150   13.459 0 0   0
2    3.150   13.465 0 0   0
2    3.154   13.493 0 0   0
2    3.165   13.580 0 0   0
2    3.167   13.598 0 0   0
2    3.178   13.680 0 0   0
2    3.185   13.731 0 0   0
2    3.188   13.746 0 0   0
2    3.206   13.872 0 0   0
2    3.221   13.955 0 0   0
2    3.229   14.009 0 0   0
2    3.249   14.123 0 0   0
2    3.251   14.134 0 0   0
2    3.253   14.141 0 0   0
2    3.276   14.261 0 0   0
2    3.293   14.338 0 0   0
2    3.301   14.377 0 0   0
2    3.316   14.444 0 0   0
2    3.327   14.493 0 0   0
2    3.335   14.524 0 0   0
2    3.353   14.598 0 0   0
2    3.379   14.693 0 0   0
2    3.382   14.703 0 0   0
2    3.385   14.713 0 0   0
2    3.410   14.799 0 0   0
2    3.434   14.874 0 0   0
2    3.440   14.893 0 0   0
2    3.446   14.909 0 0   0
2    3.478   15.006 0 0   0
2    3.496   15.052 0 0   0
2    3.518   15.112 0 0   0
2    3.540   15.167 0 0   0
2    3.567   15.229 0 0   0
2    3.616   15.333 0 0   0
2    3.626   15.353 0 0   0
2    3.661   15.420 0 0   0
2    3.682   15.461 0 0   0
2    3.688   15.472 0 0   0
2    3.747   15.571 0 0   0
2    3.765   15.600 0 0   0
2    3.820   15.680 0 0   0
2    3.845   15.716 0 0   0
2    3.903   15.790 0 0   0
2    3.931   15.825 0 0   0
2    3.998   15.900 0 0   0
2    4.019   15.923 0 0   0
2    4.113   16.014 0 0   0
2    4.117   16.017 0 0   0
2    4.127   16.026 0 0   0
2    4.215   16.102 0 0   0
2    4.249   16.129 0 0   0
2    4.320   16.182 0 0   0
2    4.419   16.247 0 0   0
2    4.429   16.254 0 0   0
2    4.442   16.261 0 0   0
2    4.541   16.321 0 0   0
2    4.632   16.368 0 0   0
2    4.657   16.381 0 0   0
2    4.680   16.391 0 0   0
2    4.776   16.437 0 0   0
2    4.889   16.483 0 0   0
2    4.898   16.487 0 0   0
2    4.912   16.492 0 0   0
2    5.022   16.534 0 0   0
2    5.083   16.553 0 0   0
2    5.149   16.576 0 0   0
2    5.268   16.612 0 0   0
2    5.277   16.614 0 0   0
2    5.298   16.620 0 0   0
2    5.407   16.650 0 0   0
2    5.447   16.659 0 0   0
2    5.538   16.683 0 0   0
2    5.621   16.700 0 0   0
2    5.671   16.713 0 0   0
2    5.792   16.737 0 0   0
2    5.806   16.740 0 0   0
2    5.861   16.750 0 0   0
2    5.938   16.765 0 0   0
2    5.957   16.767 0 0   0
2    6.070   16.787 0 0   0
2    6.118   16.794 0 0   0
2    6.203   16.808 0 0   0
2    6.277   16.818 0 0   0
2    6.338   16.828 0 0   0
2    6.436   16.840 0 0   0
2    6.474   16.846 0 0   0
2    6.594   16.860 0 0   0
2    6.610   16.862 0 0   0
2    6.727   16.875 0 0   0
2    6.748   16.877 0 0   0
2    6.751   16.878 0 0   0
2    6.886   16.892 0 0   0
2    6.907   16.894 0 0   0
2    7.026   16.905 0 0   0
2    7.063   16.908 0 0   0
2    7.166   16.918 0 0   0
2    7.219   16.921 0 0   0
2    7.307   16.929 0 0   0
2    7.373   16.934 0 0   0
2    7.448   16.940 0 0   0
2    7.528   16.945 0 0   0
2    7.590   16.949 0 0   0
2    7.682   16.955 0 0   0
2    7.733   16.958 0 0   0
2    7.836   16.964 0 0   0
2    7.877   16.967 0 0   0
2    7.989   16.972 0 0   0
2    8.021   16.974 0 0   0
2    8.142   16.980 0 0   0
2    8.165   16.981 0 0   0
2    8.295   16.986 0 0   0
2    8.310   16.987 0 0   0
2    8.447   16.993 0 0   0
2    8.456   16.993 0 0   0
2    8.599   16.998 0 0   0
2    8.602   16.998 0 0   0
2    8.661   17.000 0 0   0
2    8.748   17.003 0 0   0
2    8.751   17.003 0 0   0
2    8.895   17.007 0 0   0
2    8.903   17.007 0 0   0
2    9.042   17.010 0 0   0
2    9.054   17.011 0 0   0
2    9.189   17.014 0 0   0
2    9.206   17.014 0 0   0
2    9.337   17.016 0 0   0
2    9.357   17.016 0 0   0
2    9.485   17.018 0 0   0
2    9.507   17.019 0 0   0
2    9.634   17.020 0 0   0
2    9.658   17.020 0 0   0
2    9.783   17.021 0 0   0
2    9.809   17.021 0 0   0
2    9.933   17.022 0 0   0
2    9.959   17.022 0 0   0
2   10.082   17.022 0 0   0
2   10.109   17.022 0 0   0
2   10.232   17.022 0 0   0
2   10.259   17.022 0 0   0
2   10.383   17.021 0 0   0
2   10.408   17.021 0 0   0
2   10.534   17.020 0 0   0
2   10.558   17.020 0 0   0
2   10.685   17.018 0 0   0
2   10.707   17.018 0 0   0
2   10.837   17.016 0 0   0
2   10.856   17.016 0 0   0
2   10.989   17.014 0 0   0
2   11.005   17.013 0 0   0
2   11.142   17.010 0 0   0
2   11.154   17.010 0 0   0
2   11.295   17.007 0 0   0
2   11.303   17.006 0 0   0
2   11.448   17.002 0 0   0
2   11.451   17.002 0 0   0
2   11.517   17.000 0 0   0
2   11.599   16.997 0 0   0
2   11.602   16.997 0 0   0
2   11.747   16.992 0 0   0
2   11.757   16.991 0 0   0
2   11.894   16.986 0 0   0
2   11.912   16.985 0 0   0
2   12.042   16.979 0 0   0
2   12.068   16.978 0 0   0
2   12.189   16.972 0 0   0
2   12.224   16.970 0 0   0
2   12.336   16.964 0 0   0
2   12.381   16.961 0 0   0
2   12.482   16.955 0 0   0
2   12.539   16.951 0 0   0
2   12.628   16.946 0 0   0
2   12.698   16.940 0 0   0
2   12.774   16.935 0 0   0
2   12.858   16.928 0 0   0
2   12.919   16.924 0 0   0
2   13.018   16.915 0 0   0
2   13.064   16.911 0 0   0
2   13.180   16.900 0 0   0
2   13.209   16.897 0 0   0
2   13.343   16.883 0 0   0
2   13.353   16.883 0 0   0
2   13.421   16.875 0 0   0
2   13.497   16.867 0 0   0
2   13.508   16.865 0 0   0
2   13.640   16.849 0 0   0
2   13.675   16.844 0 0   0
2   13.782   16.830 0 0   0
2   13.844   16.820 0 0   0
2   13.924   16.809 0 0   0
2   14.015   16.794 0 0   0
2   14.065   16.787 0 0   0
2   14.189   16.764 0 0   0
2   14.205   16.762 0 0   0
2   14.266   16.750 0 0   0
2   14.342   16.735 0 0   0
2   14.361   16.731 0 0   0
2   14.475   16.707 0 0   0
2   14.533   16.692 0 0   0
2   14.608   16.676 0 0   0
2   14.709   16.648 0 0   0
2   14.739   16.641 0 0   0
2   14.817   16.618 0 0   0
2   14.868   16.604 0 0   0
2   14.889   16.596 0 0   0
2   14.996   16.563 0 0   0
2   15.079   16.532 0 0   0
2   15.122   16.517 0 0   0
2   15.196   16.488 0 0   0
2   15.246   16.467 0 0   0
2   15.279   16.451 0 0   0
2   15.367   16.413 0 0   0
2   15.470   16.360 0 0   0
2   15.486   16.351 0 0   0
2   15.504   16.341 0 0   0
2   15.602   16.285 0 0   0
2   15.675   16.238 0 0   0
2   15.712   16.213 0 0   0
2   15.780   16.161 0 0   0
2   15.821   16.131 0 0   0
2   15.839   16.117 0 0   0
2   15.922   16.046 0 0   0
2   15.964   16.005 0 0   0
2   16.022   15.948 0 0   0
2   16.069   15.896 0 0   0
6   16.024   15.835    0.000    0.150   2
10
3   16.069   15.896 0 0   0
2   16.112   15.846 0 0   0
2   16.158   15.788 0 0   0
2   16.203   15.728 0 0   0
2   16.237   15.680 0 0   0
2   16.284   15.608 0 0   0
2   16.301   15.579 0 0   0
2   16.321   15.544 0 0   0
2   16.346   15.502 0 0   0
2   16.369   15.459 0 0   0
2   16.390   15.418 0 0   0
2   16.425   15.347 0 0   0
2   16.436   15.323 0 0   0
2   16.474   15.239 0 0   0
2   16.479   15.227 0 0   0
2   16.506   15.158 0 0   0
2   16.530   15.098 0 0   0
2   16.534   15.088 0 0   0
2   16.574   14.974 0 0   0
2   16.584   14.946 0 0   0
2   16.601   14.893 0 0   0
2   16.622   14.822 0 0   0
2   16.635   14.772 0 0   0
2   16.661   14.684 0 0   0
2   16.678   14.619 0 0   0
2   16.690   14.571 0 0   0
2   16.709   14.489 0 0   0
2   16.716   14.458 0 0   0
2   16.722   14.433 0 0   0
2   16.740   14.349 0 0   0
2   16.759   14.252 0 0   0
2   16.761   14.241 0 0   0
2   16.763   14.229 0 0   0
2   16.782   14.131 0 0   0
2   16.793   14.060 0 0   0
2   16.801   14.019 0 0   0
2   16.811   13.958 0 0   0
2   16.820   13.902 0 0   0
2   16.824   13.868 0 0   0
2   16.837   13.785 0 0   0
2   16.851   13.677 0 0   0
2   16.854   13.660 0 0   0
2   16.857   13.632 0 0   0
2   16.869   13.539 0 0   0
2   16.875   13.482 0 0   0
2   16.883   13.419 0 0   0
2   16.893   13.326 0 0   0
2   16.897   13.296 0 0   0
2   16.899   13.274 0 0   0
2   16.908   13.187 0 0   0
2   16.917   13.087 0 0   0
2   16.918   13.075 0 0   0
2   16.919   13.068 0 0   0
2   16.928   12.962 0 0   0
2   16.931   12.925 0 0   0
2   16.938   12.845 0 0   0
2   16.945   12.748 0 0   0
2   16.948   12.718 0 0   0
2   16.953   12.647 0 0   0
2   16.957   12.590 0 0   0
2   16.959   12.565 0 0   0
2   16.966   12.463 0 0   0
2   16.971   12.372 0 0   0
2   16.973   12.337 0 0   0
2   16.978   12.258 0 0   0
2   16.980   12.211 0 0   0
2   16.981   12.191 0 0   0
2   16.987   12.084 0 0   0
2   16.990   12.014 0 0   0
2   16.993   11.956 0 0   0
2   16.998   11.842 0 0   0
2   16.999   11.828 0 0   0
2   17.001   11.790 0 0   0
2   17.004   11.700 0 0   0
2   17.005   11.669 0 0   0
2   17.009   11.571 0 0   0
2   17.011   11.495 0 0   0
2   17.013   11.448 0 0   0
2   17.017   11.330 0 0   0
2   17.017   11.323 0 0   0
2   17.017   11.320 0 0   0
2   17.020   11.205 0 0   0
2   17.021   11.144 0 0   0
2   17.023   11.085 0 0   0
2   17.025   10.972 0 0   0
2   17.026   10.956 0 0   0
2   17.027   10.907 0 0   0
2   17.028   10.829 0 0   0
2   17.029   10.802 0 0   0
2   17.030   10.690 0 0   0
2   17.031   10.621 0 0   0
2   17.032   10.555 0 0   0
2   17.033   10.436 0 0   0
2   17.033   10.424 0 0   0
2   17.034   10.415 0 0   0
2   17.034   10.293 0 0   0
2   17.035   10.232 0 0   0
2   17.035   10.164 0 0   0
2   17.035   10.060 0 0   0
2   17.035   10.035 0 0   0
2   17.035    9.943 0 0   0
2   17.035    9.903 0 0   0
2   17.035    9.893 0 0   0
2   17.035    9.772 0 0   0
2   17.035    9.730 0 0   0
2   17.034    9.640 0 0   0
2   17.033    9.565 0 0   0
2   17.033    9.510 0 0   0
2   17.032    9.398 0 0   0
2   17.031    9.385 0 0   0
2   17.031    9.346 0 0   0
2   17.029    9.259 0 0   0
2   17.029    9.231 0 0   0
2   17.027    9.140 0 0   0
2   17.026    9.064 0 0   0
2   17.025    9.018 0 0   0
2   17.023    8.901 0 0   0
2   17.022    8.886 0 0   0
2   17.020    8.814 0 0   0
2   17.019    8.755 0 0   0
2   17.019    8.743 0 0   0
2   17.014    8.603 0 0   0
2   17.013    8.563 0 0   0
2   17.009    8.449 0 0   0
2   17.008    8.395 0 0   0
2   17.004    8.290 0 0   0
2   17.003    8.282 0 0   0
2   17.003    8.264 0 0   0
2   16.998    8.151 0 0   0
2   16.993    8.048 0 0   0
2   16.993    8.046 0 0   0
2   16.993    8.040 0 0   0
2   16.988    7.944 0 0   0
2   16.986    7.895 0 0   0
2   16.983    7.845 0 0   0
2   16.978    7.748 0 0   0
2   16.977    7.739 0 0   0
2   16.977    7.736 0 0   0
2   16.971    7.630 0 0   0
2   16.971    7.622 0 0   0
2   16.964    7.512 0 0   0
2   16.962    7.481 0 0   0
2   16.955    7.380 0 0   0
2   16.952    7.341 0 0   0
2   16.945    7.249 0 0   0
2   16.941    7.189 0 0   0
2   16.934    7.106 0 0   0
2   16.928    7.035 0 0   0
2   16.922    6.966 0 0   0
2   16.914    6.874 0 0   0
2   16.908    6.823 0 0   0
2   16.897    6.709 0 0   0
2   16.894    6.681 0 0   0
2   16.879    6.547 0 0   0
2   16.879    6.544 0 0   0
2   16.877    6.528 0 0   0
2   16.862    6.407 0 0   0
2   16.860    6.385 0 0   0
2   16.844    6.271 0 0   0
2   16.839    6.233 0 0   0
2   16.825    6.136 0 0   0
2   16.818    6.085 0 0   0
2   16.804    6.002 0 0   0
2   16.794    5.940 0 0   0
2   16.781    5.870 0 0   0
2   16.769    5.796 0 0   0
2   16.757    5.739 0 0   0
2   16.741    5.655 0 0   0
2   16.731    5.613 0 0   0
2   16.708    5.503 0 0   0
2   16.702    5.481 0 0   0
2   16.682    5.401 0 0   0
2   16.672    5.360 0 0   0
2   16.669    5.345 0 0   0
2   16.629    5.202 0 0   0
2   16.618    5.162 0 0   0
2   16.586    5.062 0 0   0
2   16.553    4.965 0 0   0
2   16.541    4.933 0 0   0
2   16.520    4.880 0 0   0
2   16.490    4.801 0 0   0
2   16.473    4.758 0 0   0
2   16.439    4.684 0 0   0
2   16.402    4.606 0 0   0
2   16.379    4.561 0 0   0
2   16.332    4.474 0 0   0
2   16.312    4.440 0 0   0
2   16.256    4.349 0 0   0
2   16.232    4.315 0 0   0
2   16.177    4.236 0 0   0
2   16.139    4.189 0 0   0
2   16.091    4.129 0 0   0
2   16.028    4.061 0 0   0
2   16.001    4.032 0 0   0
2   15.934    3.969 0 0   0
2   15.906    3.942 0 0   0
2   15.893    3.930 0 0   0
2   15.807    3.858 0 0   0
2   15.727    3.800 0 0   0
2   15.703    3.782 0 0   0
2   15.673    3.763 0 0   0
2   15.595    3.712 0 0   0
2   15.519    3.668 0 0   0
2   15.484    3.648 0 0   0
2   15.452    3.633 0 0   0
2   15.369    3.589 0 0   0
2   15.252    3.536 0 0   0
2   15.250    3.536 0 0   0
2   15.249    3.535 0 0   0
2   15.130    3.486 0 0   0
2   15.059    3.462 0 0   0
2   15.006    3.441 0 0   0
2   14.893    3.405 0 0   0
2   14.880    3.401 0 0   0
2   14.875    3.399 0 0   0
2   14.752    3.363 0 0   0
2   14.696    3.349 0 0   0
2   14.622    3.329 0 0   0
2   14.521    3.305 0 0   0
2   14.491    3.297 0 0   0
2   14.387    3.275 0 0   0
2   14.358    3.269 0 0   0
2   14.349    3.267 0 0   0
2   14.223    3.242 0 0   0
2   14.181    3.235 0 0   0
2   14.087    3.217 0 0   0
2   14.014    3.206 0 0   0
2   13.950    3.195 0 0   0
2   13.849    3.181 0 0   0
2   13.812    3.175 0 0   0
2   13.685    3.158 0 0   0
2   13.673    3.156 0 0   0
2   13.598    3.146 0 0   0
2   13.533    3.138 0 0   0
2   13.523    3.137 0 0   0
2   13.393    3.122 0 0   0
2   13.363    3.119 0 0   0
2   13.251    3.107 0 0   0
2   13.203    3.103 0 0   0
2   13.109    3.093 0 0   0
2   13.044    3.088 0 0   0
2   12.966    3.081 0 0   0
2   12.885    3.075 0 0   0
2   12.823    3.069 0 0   0
2   12.728    3.062 0 0   0
2   12.679    3.058 0 0   0
2   12.571    3.051 0 0   0
2   12.534    3.049 0 0   0
2   12.415    3.041 0 0   0
2   12.389    3.040 0 0   0
2   12.259    3.032 0 0   0
2   12.244    3.031 0 0   0
2   12.104    3.024 0 0   0
2   12.098    3.024 0 0   0
2   11.980    3.018 0 0   0
2   11.952    3.017 0 0   0
2   11.950    3.017 0 0   0
2   11.805    3.011 0 0   0
2   11.796    3.010 0 0   0
2   11.658    3.005 0 0   0
2   11.643    3.005 0 0   0
2   11.511    3.000 0 0   0
2   11.489    2.999 0 0   0
2   11.364    2.996 0 0   0
2   11.337    2.995 0 0   0
2   11.216    2.992 0 0   0
2   11.184    2.991 0 0   0
2   11.068    2.988 0 0   0
2   11.032    2.988 0 0   0
2   10.919    2.985 0 0   0
2   10.881    2.985 0 0   0
2   10.771    2.983 0 0   0
2   10.729    2.983 0 0   0
2   10.622    2.981 0 0   0
2   10.578    2.981 0 0   0
2   10.473    2.980 0 0   0
2   10.427    2.979 0 0   0
2   10.323    2.979 0 0   0
2   10.277    2.979 0 0   0
2   10.174    2.978 0 0   0
2   10.127    2.978 0 0   0
2   10.024    2.978 0 0   0
2    9.977    2.978 0 0   0
2    9.874    2.979 0 0   0
2    9.827    2.979 0 0   0
2    9.723    2.980 0 0   0
2    9.678    2.980 0 0   0
2    9.572    2.981 0 0   0
2    9.529    2.982 0 0   0
2    9.421    2.983 0 0   0
2    9.380    2.984 0 0   0
2    9.270    2.985 0 0   0
2    9.231    2.986 0 0   0
2    9.118    2.988 0 0   0
2    9.083    2.989 0 0   0
2    8.966    2.992 0 0   0
2    8.935    2.992 0 0   0
2    8.814    2.996 0 0   0
2    8.787    2.996 0 0   0
2    8.661    3.000 0 0   0
2    8.640    3.001 0 0   0
2    8.508    3.006 0 0   0
2    8.493    3.006 0 0   0
2    8.355    3.011 0 0   0
2    8.346    3.012 0 0   0
2    8.201    3.018 0 0   0
2    8.200    3.018 0 0   0
2    8.182    3.019 0 0   0
2    8.054    3.025 0 0   0
2    8.047    3.025 0 0   0
2    7.908    3.032 0 0   0
2    7.892    3.033 0 0   0
2    7.763    3.040 0 0   0
2    7.737    3.042 0 0   0
2    7.618    3.049 0 0   0
2    7.581    3.052 0 0   0
2    7.474    3.059 0 0   0
2    7.425    3.063 0 0   0
2    7.330    3.069 0 0   0
2    7.268    3.075 0 0   0
2    7.186    3.081 0 0   0
2    7.110    3.088 0 0   0
2    7.044    3.093 0 0   0
2    6.951    3.103 0 0   0
2    6.901    3.107 0 0   0
2    6.792    3.118 0 0   0
2    6.760    3.121 0 0   0
2    6.632    3.136 0 0   0
2    6.619    3.137 0 0   0
2    6.531    3.148 0 0   0
2    6.479    3.154 0 0   0
2    6.471    3.156 0 0   0
2    6.339    3.173 0 0   0
2    6.308    3.178 0 0   0
2    6.201    3.192 0 0   0
2    6.144    3.202 0 0   0
2    6.063    3.214 0 0   0
2    5.978    3.230 0 0   0
2    5.927    3.237 0 0   0
2    5.810    3.260 0 0   0
2    5.792    3.263 0 0   0
2    5.722    3.278 0 0   0
2    5.658    3.291 0 0   0
2    5.640    3.295 0 0   0
2    5.525    3.321 0 0   0
2    5.467    3.336 0 0   0
2    5.394    3.353 0 0   0
2    5.291    3.383 0 0   0
2    5.265    3.389 0 0   0
2    5.202    3.408 0 0   0
2    5.138    3.428 0 0   0
2    5.109    3.438 0 0   0
2    5.012    3.470 0 0   0
2    4.922    3.505 0 0   0
2    4.889    3.516 0 0   0
2    4.834    3.539 0 0   0
2    4.769    3.567 0 0   0
2    4.726    3.588 0 0   0
2    4.651    3.622 0 0   0
2    4.558    3.671 0 0   0
2    4.536    3.683 0 0   0
2    4.516    3.695 0 0   0
2    4.424    3.748 0 0   0
2    4.343    3.803 0 0   0
2    4.317    3.821 0 0   0
2    4.283    3.847 0 0   0
2    4.213    3.899 0 0   0
2    4.171    3.935 0 0   0
2    4.114    3.984 0 0   0
2    4.030    4.067 0 0   0
2    4.019    4.077 0 0   0
3    2.500    2.500 0 0   0
2    2.650    2.500 0 0   0
2    2.800    2.500 0 0   0
2    2.950    2.500 0 0   0
2    3.100    2.500 0 0   0
2    3.250    2.500 0 0   0
2    3.400    2.500 0 0   0
2    3.550    2.500 0 0   0
2    3.700    2.500 0 0   0
2    3.850    2.500 0 0   0
2    4.000    2.500 0 0   0
2    4.150    2.500 0 0   0
2    4.300    2.500 0 0   0
2    4.450    2.500 0 0   0
2    4.600    2.500 0 0   0
2    4.750    2.500 0 0   0
2    4.900    2.500 0 0   0
2    5.050    2.500 0 0   0
2    5.200    2.500 0 0   0
2    5.350    2.500 0 0   0
2    5.500    2.500 0 0   0
2    5.650    2.500 0 0   0
2    5.800    2.500 0 0   0
2    5.950    2.500 0 0   0
2    6.100    2.500 0 0   0
2    6.250    2.500 0 0   0
2    6.400    2.500 0 0   0
2    6.550    2.500 0 0   0
2    6.700    2.500 0 0   0
2    6.850    2.500 0 0   0
2    7.000    2.500 0 0   0
2    7.150    2.500 0 0   0
2    7.300    2.500 0 0   0
2    7.450    2.500 0 0   0
2    7.600    2.500 0 0   0
2    7.750    2.500 0 0   0
2    7.900    2.500 0 0   0
2    8.050    2.500 0 0   0
2    8.200    2.500 0 0   0
2    8.350    2.500 0 0   0
2    8.500    2.500 0 0   0
2    8.650    2.500 0 0   0
2    8.800    2.500 0 0   0
2    8.950    2.500 0 0   0
2    9.100    2.500 0 0   0
2    9.250    2.500 0 0   0
2    9.400    2.500 0 0   0
2    9.550    2.500 0 0   0
2    9.700    2.500 0 0   0
2    9.850    2.500 0 0   0
2   10.000    2.500 0 0   0
2   10.150    2.500 0 0   0
2   10.300    2.500 0 0   0
2   10.450    2.500 0 0   0
2   10.600    2.500 0 0   0
2   10.750    2.500 0 0   0
2   10.900    2.500 0 0   0
2   11.050    2.500 0 0   0
2   11.200    2.500 0 0   0
2   11.350    2.500 0 0   0
2   11.500    2.500 0 0   0
2   11.650    2.500 0 0   0
2   11.800    2.500 0 0   0
2   11.950    2.500 0 0   0
2   12.100    2.500 0 0   0
2   12.250    2.500 0 0   0
2   12.400    2.500 0 0   0
2   12.550    2.500 0 0   0
2   12.700    2.500 0 0   0
2   12.850    2.500 0 0   0
2   13.000    2.500 0 0   0
2   13.150    2.500 0 0   0
2   13.300    2.500 0 0   0
2   13.450    2.500 0 0   0
2   13.600    2.500 0 0   0
2   13.750    2.500 0 0   0
2   13.900    2.500 0 0   0
2   14.050    2.500 0 0   0
2   14.200    2.500 0 0   0
2   14.350    2.500 0 0   0
2   14.500    2.500 0 0   0
2   14.650    2.500 0 0   0
2   14.800    2.500 0 0   0
2   14.950    2.500 0 0   0
2   15.100    2.500 0 0   0
2   15.250    2.500 0 0   0
2   15.400    2.500 0 0   0
2   15.550    2.500 0 0   0
2   15.700    2.500 0 0   0
2   15.850    2.500 0 0   0
2   16.000    2.500 0 0   0
2   16.150    2.500 0 0   0
2   16.300    2.500 0 0   0
2   16.450    2.500 0 0   0
2   16.600    2.500 0 0   0
2   16.750    2.500 0 0   0
2   16.900    2.500 0 0   0
2   17.050    2.500 0 0   0
2   17.200    2.500 0 0   0
2   17.350    2.500 0 0   0
2   17.500    2.500 0 0   0
3   17.500    2.500 0 0   0
2   17.500    2.648 0 0   0
2   17.500    2.797 0 0   0
2   17.500    2.945 0 0   0
2   17.500    3.094 0 0   0
2   17.500    3.242 0 0   0
2   17.500    3.391 0 0   0
2   17.500    3.539 0 0   0
2   17.500    3.688 0 0   0
2   17.500    3.836 0 0   0
2   17.500    3.984 0 0   0
2   17.500    4.133 0 0   0
2   17.500    4.281 0 0   0
2   17.500    4.430 0 0   0
2   17.500    4.578 0 0   0
2   17.500    4.727 0 0   0
2   17.500    4.875 0 0   0
2   17.500    5.023 0 0   0
2   17.500    5.172 0 0   0
2   17.500    5.320 0 0   0
2   17.500    5.469 0 0   0
2   17.500    5.617 0 0   0
2   17.500    5.766 0 0   0
2   17.500    5.914 0 0   0
2   17.500    6.062 0 0   0
2   17.500    6.211 0 0   0
2   17.500    6.359 0 0   0
2   17.500    6.508 0 0   0
2   17.500    6.656 0 0   0
2   17.500    6.805 0 0   0
2   17.500    6.953 0 0   0
2   17.500    7.102 0 0   0
2   17.500    7.250 0 0   0
2   17.500    7.398 0 0   0
2   17.500    7.547 0 0   0
2   17.500    7.695 0 0   0
2   17.500    7.844 0 0   0
2   17.500    7.992 0 0   0
2   17.500    8.141 0 0   0
2   17.500    8.289 0 0   0
2   17.500    8.438 0 0   0
2   17.500    8.586 0 0   0
2   17.500    8.734 0 0   0
2   17.500    8.883 0 0   0
2   17.500    9.031 0 0   0
2   17.500    9.180 0 0   0
2   17.500    9.328 0 0   0
2   17.500    9.477 0 0   0
2   17.500    9.625 0 0   0
2   17.500    9.773 0 0   0
2   17.500    9.922 0 0   0
2   17.500   10.070 0 0   0
2   17.500   10.219 0 0   0
2   17.500   10.367 0 0   0
2   17.500   10.516 0 0   0
2   17.500   10.664 0 0   0
2   17.500   10.812 0 0   0
2   17.500   10.961 0 0   0
2   17.500   11.109 0 0   0
2   17.500   11.258 0 0   0
2   17.500   11.406 0 0   0
2   17.500   11.555 0 0   0
2   17.500   11.703 0 0   0
2   17.500   11.852 0 0   0
2   17.500   12.000 0 0   0
2   17.500   12.148 0 0   0
2   17.500   12.297 0 0   0
2   17.500   12.445 0 0   0
2   17.500   12.594 0 0   0
2   17.500   12.742 0 0   0
2   17.500   12.891 0 0   0
2   17.500   13.039 0 0   0
2   17.500   13.188 0 0   0
2   17.500   13.336 0 0   0
2   17.500   13.484 0 0   0
2   17.500   13.633 0 0   0
2   17.500   13.781 0 0   0
2   17.500   13.930 0 0   0
2   17.500   14.078 0 0   0
2   17.500   14.227 0 0   0
2   17.500   14.375 0 0   0
2   17.500   14.523 0 0   0
2   17.500   14.672 0 0   0
2   17.500   14.820 0 0   0
2   17.500   14.969 0 0   0
2   17.500   15.117 0 0   0
2   17.500   15.266 0 0   0
2   17.500   15.414 0 0   0
2   17.500   15.562 0 0   0
2   17.500   15.711 0 0   0
2   17.500   15.859 0 0   0
2   17.500   16.008 0 0   0
2   17.500   16.156 0 0   0
2   17.500   16.305 0 0   0
2   17.500   16.453 0 0   0
2   17.500   16.602 0 0   0
2   17.500   16.750 0 0   0
3   17.500   16.750 0 0   0
2   17.500   16.875 0 0   0
2   17.500   17.000 0 0   0
2   17.500   17.125 0 0   0
2   17.500   17.250 0 0   0
2   17.500   17.375 0 0   0
2   17.500   17.500 0 0   0
3   17.500   17.500 0 0   0
2   17.375   17.500 0 0   0
2   17.250   17.500 0 0   0
2   17.125   17.500 0 0   0
2   17.000   17.500 0 0   0
2   16.875   17.500 0 0   0
2   16.750   17.500 0 0   0
3   16.750   17.500 0 0   0
2   16.600   17.500 0 0   0
2   16.450   17.500 0 0   0
2   16.300   17.500 0 0   0
2   16.150   17.500 0 0   0
2   16.000   17.500 0 0   0
2   15.850   17.500 0 0   0
2   15.700   17.500 0 0   0
2   15.550   17.500 0 0   0
2   15.400   17.500 0 0   0
2   15.250   17.500 0 0   0
2   15.100   17.500 0 0   0
2   14.950   17.500 0 0   0
2   14.800   17.500 0 0   0
2   14.650   17.500 0 0   0
2   14.500   17.500 0 0   0
2   14.350   17.500 0 0   0
2   14.200   17.500 0 0   0
2   14.050   17.500 0 0   0
2   13.900   17.500 0 0   0
2   13.750   17.500 0 0   0
2   13.600   17.500 0 0   0
2   13.450   17.500 0 0   0
2   13.300   17.500 0 0   0
2   13.150   17.500 0 0   0
2   13.000   17.500 0 0   0
2   12.850   17.500 0 0   0
2   12.700   17.500 0 0   0
2   12.550   17.500 0 0   0
2   12.400   17.500 0 0   0
2   12.250   17.500 0 0   0
2   12.100   17.500 0 0   0
2   11.950   17.500 0 0   0
2   11.800   17.500 0 0   0
2   11.650   17.500 0 0   0
2   11.500   17.500 0 0   0
2   11.350   17.500 0 0   0
2   11.200   17.500 0 0   0
2   11.050   17.500 0 0   0
2   10.900   17.500 0 0   0
2   10.750   17.500 0 0   0
2   10.600   17.500 0 0   0
2   10.450   17.500 0 0   0
2   10.300   17.500 0 0   0
2   10.150   17.500 0 0   0
2   10.000   17.500 0 0   0
2    9.850   17.500 0 0   0
2    9.700   17.500 0 0   0
2    9.550   17.500 0 0   0
2    9.400   17.500 0 0   0
2    9.250   17.500 0 0   0
2    9.100   17.500 0 0   0
2    8.950   17.500 0 0   0
2    8.800   17.500 0 0   0
2    8.650   17.500 0 0   0
2    8.500   17.500 0 0   0
2    8.350   17.500 0 0   0
2    8.200   17.500 0 0   0
2    8.050   17.500 0 0   0
2    7.900   17.500 0 0   0
2    7.750   17.500 0 0   0
2    7.600   17.500 0 0   0
2    7.450   17.500 0 0   0
2    7.300   17.500 0 0   0
2    7.150   17.500 0 0   0
2    7.000   17.500 0 0   0
2    6.850   17.500 0 0   0
2    6.700   17.500 0 0   0
2    6.550   17.500 0 0   0
2    6.400   17.500 0 0   0
2    6.250   17.500 0 0   0
2    6.100   17.500 0 0   0
2    5.950   17.500 0 0   0
2    5.800   17.500 0 0   0
2    5.650   17.500 0 0   0
2    5.500   17.500 0 0   0
2    5.350   17.500 0 0   0
2    5.200   17.500 0 0   0
2    5.050   17.500 0 0   0
2    4.900   17.500 0 0   0
2    4.750   17.500 0 0   0
2    4.600   17.500 0 0   0
2    4.450   17.500 0 0   0
2    4.300   17.500 0 0   0
2    4.150   17.500 0 0   0
2    4.000   17.500 0 0   0
2    3.850   17.500 0 0   0
2    3.700   17.500 0 0   0
2    3.550   17.500 0 0   0
2    3.400   17.500 0 0   0
2    3.250   17.500 0 0   0
3    3.250   17.500 0 0   0
2    3.125   17.500 0 0   0
2    3.000   17.500 0 0   0
2    2.875   17.500 0 0   0
2    2.750   17.500 0 0   0
2    2.625   17.500 0 0   0
2    2.500   17.500 0 0   0
3    2.500   17.500 0 0   0
2    2.500   17.375 0 0   0
2    2.500   17.250 0 0   0
2    2.500   17.125 0 0   0
2    2.500   17.000 0 0   0
2    2.500   16.875 0 0   0
2    2.500   16.750 0 0   0
3    2.500   16.750 0 0   0
2    2.500   16.602 0 0   0
2    2.500   16.453 0 0   0
2    2.500   16.305 0 0   0
2    2.500   16.156 0 0   0
2    2.500   16.008 0 0   0
2    2.500   15.859 0 0   0
2    2.500   15.711 0 0   0
2    2.500   15.562 0 0   0
2    2.500   15.414 0 0   0
2    2.500   15.266 0 0   0
2    2.500   15.117 0 0   0
2    2.500   14.969 0 0   0
2    2.500   14.820 0 0   0
2    2.500   14.672 0 0   0
2    2.500   14.523 0 0   0
2    2.500   14.375 0 0   0
2    2.500   14.227 0 0   0
2    2.500   14.078 0 0   0
2    2.500   13.930 0 0   0
2    2.500   13.781 0 0   0
2    2.500   13.633 0 0   0
2    2.500   13.484 0 0   0
2    2.500   13.336 0 0   0
2    2.500   13.188 0 0   0
2    2.500   13.039 0 0   0
2    2.500   12.891 0 0   0
2    2.500   12.742 0 0   0
2    2.500   12.594 0 0   0
2    2.500   12.445 0 0   0
2    2.500   12.297 0 0   0
2    2.500   12.148 0 0   0
2    2.500   12.000 0 0   0
2    2.500   11.852 0 0   0
2    2.500   11.703 0 0   0
2    2.500   11.555 0 0   0
2    2.500   11.406 0 0   0
2    2.500   11.258 0 0   0
2    2.500   11.109 0 0   0
2    2.500   10.961 0 0   0
2    2.500   10.812 0 0   0
2    2.500   10.664 0 0   0
2    2.500   10.516 0 0   0
2    2.500   10.367 0 0   0
2    2.500   10.219 0 0   0
2    2.500   10.070 0 0   0
2    2.500    9.922 0 0   0
2    2.500    9.773 0 0   0
2    2.500    9.625 0 0   0
2    2.500    9.477 0 0   0
2    2.500    9.328 0 0   0
2    2.500    9.180 0 0   0
2    2.500    9.031 0 0   0
2    2.500    8.883 0 0   0
2    2.500    8.734 0 0   0
2    2.500    8.586 0 0   0
2    2.500    8.438 0 0   0
2    2.500    8.289 0 0   0
2    2.500    8.141 0 0   0
2    2.500    7.992 0 0   0
2    2.500    7.844 0 0   0
2    2.500    7.695 0 0   0
2    2.500    7.547 0 0   0
2    2.500    7.398 0 0   0
2    2.500    7.250 0 0   0
2    2.500    7.102 0 0   0
2    2.500    6.953 0 0   0
2    2.500    6.805 0 0   0
2    2.500    6.656 0 0   0
2    2.500    6.508 0 0   0
2    2.500    6.359 0 0   0
2    2.500    6.211 0 0   0
2    2.500    6.062 0 0   0
2    2.500    5.914 0 0   0
2    2.500    5.766 0 0   0
2    2.500    5.617 0 0   0
2    2.500    5.469 0 0   0
2    2.500    5.320 0 0   0
2    2.500    5.172 0 0   0
2    2.500    5.023 0 0   0
2    2.500    4.875 0 0   0
2    2.500    4.727 0 0   0
2    2.500    4.578 0 0   0
2    2.500    4.430 0 0   0
2    2.500    4.281 0 0   0
2    2.500    4.133 0 0   0
2    2.500    3.984 0 0   0
2    2.500    3.836 0 0   0
2    2.500    3.688 0 0   0
2    2.500    3.539 0 0   0
2    2.500    3.391 0 0   0
2    2.500    3.242 0 0   0
2    2.500    3.094 0 0   0
2    2.500    2.945 0 0   0
2    2.500    2.797 0 0   0
2    2.500    2.648 0 0   0
2    2.500    2.500 0 0   0
3    2.500    2.500 0 0   0
2    2.650    2.500 0 0   0
2    2.800    2.500 0 0   0
2    2.950    2.500 0 0   0
2    3.100    2.500 0 0   0
2    3.250    2.500 0 0   0
2    3.400    2.500 0 0   0
2    3.550    2.500 0 0   0
2    3.700    2.500 0 0   0
2    3.850    2.500 0 0   0
2    4.000    2.500 0 0   0
2    4.150    2.500 0 0   0
2    4.300    2.500 0 0   0
2    4.450    2.500 0 0   0
2    4.600    2.500 0 0   0
2    4.750    2.500 0 0   0
2    4.900    2.500 0 0   0
2    5.050    2.500 0 0   0
2    5.200    2.500 0 0   0
2    5.350    2.500 0 0   0
2    5.500    2.500 0 0   0
2    5.650    2.500 0 0   0
2    5.800    2.500 0 0   0
2    5.950    2.500 0 0   0
2    6.100    2.500 0 0   0
2    6.250    2.500 0 0   0
2    6.400    2.500 0 0   0
2    6.550    2.500 0 0   0
2    6.700    2.500 0 0   0
2    6.850    2.500 0 0   0
2    7.000    2.500 0 0   0
2    7.150    2.500 0 0   0
2    7.300    2.500 0 0   0
2    7.450    2.500 0 0   0
2    7.600    2.500 0 0   0
2    7.750    2.500 0 0   0
2    7.900    2.500 0 0   0
2    8.050    2.500 0 0   0
2    8.200    2.500 0 0   0
2    8.350    2.500 0 0   0
2    8.500    2.500 0 0   0
2    8.650    2.500 0 0   0
2    8.800    2.500 0 0   0
2    8.950    2.500 0 0   0
2    9.100    2.500 0 0   0
2    9.250    2.500 0 0   0
2    9.400    2.500 0 0   0
2    9.550    2.500 0 0   0
2    9.700    2.500 0 0   0
2    9.850    2.500 0 0   0
2   10.000    2.500 0 0   0
2   10.150    2.500 0 0   0
2   10.300    2.500 0 0   0
2   10.450    2.500 0 0   0
2   10.600    2.500 0 0   0
2   10.750    2.500 0 0   0
2   10.900    2.500 0 0   0
2   11.050    2.500 0 0   0
2   11.200    2.500 0 0   0
2   11.350    2.500 0 0   0
2   11.500    2.500 0 0   0
2   11.650    2.500 0 0   0
2   11.800    2.500 0 0   0
2   11.950    2.500 0 0   0
2   12.100    2.500 0 0   0
2   12.250    2.500 0 0   0
2   12.400    2.500 0 0   0
2   12.550    2.500 0 0   0
2   12.700    2.500 0 0   0
2   12.850    2.500 0 0   0
2   13.000    2.500 0 0   0
2   13.150    2.500 0 0   0
2   13.300    2.500 0 0   0
2   13.450    2.500 0 0   0
2   13.600    2.500 0 0   0
2   13.750    2.500 0 0   0
2   13.900    2.500 0 0   0
2   14.050    2.500 0 0   0
2   14.200    2.500 0 0   0
2   14.350    2.500 0 0   0
2   14.500    2.500 0 0   0
2   14.650    2.500 0 0   0
2   14.800    2.500 0 0   0
2   14.950    2.500 0 0   0
2   15.100    2.500 0 0   0
2   15.250    2.500 0 0   0
2   15.400    2.500 0 0   0
2   15.550    2.500 0 0   0
2   15.700    2.500 0 0   0
2   15.850    2.500 0 0   0
2   16.000    2.500 0 0   0
2   16.150    2.500 0 0   0
2   16.300    2.500 0 0   0
2   16.450    2.500 0 0   0
2   16.600    2.500 0 0   0
2   16.750    2.500 0 0   0
2   16.900    2.500 0 0   0
2   17.050    2.500 0 0   0
2   17.200    2.500 0 0   0
2   17.350    2.500 0 0   0
2   17.500    2.500 0 0   0
3   17.500   17.500 0 0   0
2   17.375   17.500 0 0   0
2   17.250   17.500 0 0   0
2   17.125   17.500 0 0   0
2   17.000   17.500 0 0   0
2   16.875   17.500 0 0   0
2   16.750   17.500 0 0   0
2   16.750   17.500 0 0   0
2   16.600   17.500 0 0   0
2   16.450   17.500 0 0   0
2   16.300   17.500 0 0   0
2   16.150   17.500 0 0   0
2   16.000   17.500 0 0   0
2   15.850   17.500 0 0   0
2   15.700   17.500 0 0   0
2   15.550   17.500 0 0   0
2   15.400   17.500 0 0   0
2   15.250   17.500 0 0   0
2   15.100   17.500 0 0   0
2   14.950   17.500 0 0   0
2   14.800   17.500 0 0   0
2   14.650   17.500 0 0   0
2   14.500   17.500 0 0   0
2   14.350   17.500 0 0   0
2   14.200   17.500 0 0   0
2   14.050   17.500 0 0   0
2   13.900   17.500 0 0   0
2   13.750   17.500 0 0   0
2   13.600   17.500 0 0   0
2   13.450   17.500 0 0   0
2   13.300   17.500 0 0   0
2   13.150   17.500 0 0   0
2   13.000   17.500 0 0   0
2   12.850   17.500 0 0   0
2   12.700   17.500 0 0   0
2   12.550   17.500 0 0   0
2   12.400   17.500 0 0   0
2   12.250   17.500 0 0   0
2   12.100   17.500 0 0   0
2   11.950   17.500 0 0   0
2   11.800   17.500 0 0   0
2   11.650   17.500 0 0   0
2   11.500   17.500 0 0   0
2   11.350   17.500 0 0   0
2   11.200   17.500 0 0   0
2   11.050   17.500 0 0   0
2   10.900   17.500 0 0   0
2   10.750   17.500 0 0   0
2   10.600   17.500 0 0   0
2   10.450   17.500 0 0   0
2   10.300   17.500 0 0   0
2   10.150   17.500 0 0   0
2   10.000   17.500 0 0   0
2    9.850   17.500 0 0   0
2    9.700   17.500 0 0   0
2    9.550   17.500 0 0   0
2    9.400   17.500 0 0   0
2    9.250   17.500 0 0   0
2    9.100   17.500 0 0   0
2    8.950   17.500 0 0   0
2    8.800   17.500 0 0   0
2    8.650   17.500 0 0   0
2    8.500   17.500 0 0   0
2    8.350   17.500 0 0   0
2    8.200   17.500 0 0   0
2    8.050   17.500 0 0   0
2    7.900   17.500 0 0   0
2    7.750   17.500 0 0   0
2    7.600   17.500 0 0   0
2    7.450   17.500 0 0   0
2    7.300   17.500 0 0   0
2    7.150   17.500 0 0   0
2    7.000   17.500 0 0   0
2    6.850   17.500 0 0   0
2    6.700   17.500 0 0   0
2    6.550   17.500 0 0   0
2    6.400   17.500 0 0   0
2    6.250   17.500 0 0   0
2    6.100   17.500 0 0   0
2    5.950   17.500 0 0   0
2    5.800   17.500 0 0   0
2    5.650   17.500 0 0   0
2    5.500   17.500 0 0   0
2    5.350   17.500 0 0   0
2    5.200   17.500 0 0   0
2    5.050   17.500 0 0   0
2    4.900   17.500 0 0   0
2    4.750   17.500 0 0   0
2    4.600   17.500 0 0   0
2    4.450   17.500 0 0   0
2    4.300   17.500 0 0   0
2    4.150   17.500 0 0   0
2    4.000   17.500 0 0   0
2    3.850   17.500 0 0   0
2    3.700   17.500 0 0   0
2    3.550   17.500 0 0   0
2    3.400   17.500 0 0   0
2    3.250   17.500 0 0   0
2    3.250   17.500 0 0   0
2    3.125   17.500 0 0   0
2    3.000   17.500 0 0   0
2    2.875   17.500 0 0   0
2    2.750   17.500 0 0   0
2    2.625   17.500 0 0   0
2    2.500   17.500 0 0   0
3   17.500    2.500 0 0   0
2   17.500    2.648 0 0   0
2   17.500    2.797 0 0   0
2   17.500    2.945 0 0   0
2   17.500    3.094 0 0   0
2   17.500    3.242 0 0   0
2   17.500    3.391 0 0   0
2   17.500    3.539 0 0   0
2   17.500    3.688 0 0   0
2   17.500    3.836 0 0   0
2   17.500    3.984 0 0   0
2   17.500    4.133 0 0   0
2   17.500    4.281 0 0   0
2   17.500    4.430 0 0   0
2   17.500    4.578 0 0   0
2   17.500    4.727 0 0   0
2   17.500    4.875 0 0   0
2   17.500    5.023 0 0   0
2   17.500    5.172 0 0   0
2   17.500    5.320 0 0   0
2   17.500    5.469 0 0   0
2   17.500    5.617 0 0   0
2   17.500    5.766 0 0   0
2   17.500    5.914 0 0   0
2   17.500    6.062 0 0   0
2   17.500    6.211 0 0   0
2   17.500    6.359 0 0   0
2   17.500    6.508 0 0   0
2   17.500    6.656 0 0   0
2   17.500    6.805 0 0   0
2   17.500    6.953 0 0   0
2   17.500    7.102 0 0   0
2   17.500    7.250 0 0   0
2   17.500    7.398 0 0   0
2   17.500    7.547 0 0   0
2   17.500    7.695 0 0   0
2   17.500    7.844 0 0   0
2   17.500    7.992 0 0   0
2   17.500    8.141 0 0   0
2   17.500    8.289 0 0   0
2   17.500    8.438 0 0   0
2   17.500    8.586 0 0   0
2   17.500    8.734 0 0   0
2   17.500    8.883 0 0   0
2   17.500    9.031 0 0   0
2   17.500    9.180 0 0   0
2   17.500    9.328 0 0   0
2   17.500    9.477 0 0   0
2   17.500    9.625 0 0   0
2   17.500    9.773 0 0   0
2   17.500    9.922 0 0   0
2   17.500   10.070 0 0   0
2   17.500   10.219 0 0   0
2   17.500   10.367 0 0   0
2   17.500   10.516 0 0   0
2   17.500   10.664 0 0   0
2   17.500   10.812 0 0   0
2   17.500   10.961 0 0   0
2   17.500   11.109 0 0   0
2   17.500   11.258 0 0   0
2   17.500   11.406 0 0   0
2   17.500   11.555 0 0   0
2   17.500   11.703 0 0   0
2   17.500   11.852 0 0   0
2   17.500   12.000 0 0   0
2   17.500   12.148 0 0   0
2   17.500   12.297 0 0   0
2   17.500   12.445 0 0   0
2   17.500   12.594 0 0   0
2   17.500   12.742 0 0   0
2   17.500   12.891 0 0   0
2   17.500   13.039 0 0   0
2   17.500   13.188 0 0   0
2   17.500   13.336 0 0   0
2   17.500   13.484 0 0   0
2   17.500   13.633 0 0   0
2   17.500   13.781 0 0   0
2   17.500   13.930 0 0   0
2   17.500   14.078 0 0   0
2   17.500   14.227 0 0   0
2   17.500   14.375 0 0   0
2   17.500   14.523 0 0   0
2   17.500   14.672 0 0   0
2   17.500   14.820 0 0   0
2   17.500   14.969 0 0   0
2   17.500   15.117 0 0   0
2   17.500   15.266 0 0   0
2   17.500   15.414 0 0   0
2   17.500   15.562 0 0   0
2   17.500   15.711 0 0   0
2   17.500   15.859 0 0   0
2   17.500   16.008 0 0   0
2   17.500   16.156 0 0   0
2   17.500   16.305 0 0   0
2   17.500   16.453 0 0   0
2   17.500   16.602 0 0   0
2   17.500   16.750 0 0   0
2   17.500   16.750 0 0   0
2   17.500   16.875 0 0   0
2   17.500   17.000 0 0   0
2   17.500   17.125 0 0   0
2   17.500   17.250 0 0   0
2   17.500   17.375 0 0   0
2   17.500   17.500 0 0   0
3    2.500   17.500 0 0   0
2    2.500   17.375 0 0   0
2    2.500   17.250 0 0   0
2    2.500   17.125 0 0   0
2    2.500   17.000 0 0   0
2    2.500   16.875 0 0   0
2    2.500   16.750 0 0   0
2    2.500   16.750 0 0   0
2    2.500   16.602 0 0   0
2    2.500   16.453 0 0   0
2    2.500   16.305 0 0   0
2    2.500   16.156 0 0   0
2    2.500   16.008 0 0   0
2    2.500   15.859 0 0   0
2    2.500   15.711 0 0   0
2    2.500   15.562 0 0   0
2    2.500   15.414 0 0   0
2    2.500   15.266 0 0   0
2    2.500   15.117 0 0   0
2    2.500   14.969 0 0   0
2    2.500   14.820 0 0   0
2    2.500   14.672 0 0   0
2    2.500   14.523 0 0   0
2    2.500   14.375 0 0   0
2    2.500   14.227 0 0   0
2    2.500   14.078 0 0   0
2    2.500   13.930 0 0   0
2    2.500   13.781 0 0   0
2    2.500   13.633 0 0   0
2    2.500   13.484 0 0   0
2    2.500   13.336 0 0   0
2    2.500   13.188 0 0   0
2    2.500   13.039 0 0   0
2    2.500   12.891 0 0   0
2    2.500   12.742 0 0   0
2    2.500   12.594 0 0   0
2    2.500   12.445 0 0   0
2    2.500   12.297 0 0   0
2    2.500   12.148 0 0   0
2    2.500   12.000 0 0   0
2    2.500   11.852 0 0   0
2    2.500   11.703 0 0   0
2    2.500   11.555 0 0   0
2    2.500   11.406 0 0   0
2    2.500   11.258 0 0   0
2    2.500   11.109 0 0   0
2    2.500   10.961 0 0   0
2    2.500   10.812 0 0   0
2    2.500   10.664 0 0   0
2    2.500   10.516 0 0   0
2    2.500   10.367 0 0   0
2    2.500   10.219 0 0   0
2    2.500   10.070 0 0   0
2    2.500    9.922 0 0   0
2    2.500    9.773 0 0   0
2    2.500    9.625 0 0   0
2    2.500    9.477 0 0   0
2    2.500    9.328 0 0   0
2    2.500    9.180 0 0   0
2    2.500    9.031 0 0   0
2    2.500    8.883 0 0   0
2    2.500    8.734 0 0   0
2    2.500    8.586 0 0   0
2    2.500    8.438 0 0   0
2    2.500    8.289 0 0   0
2    2.500    8.141 0 0   0
2    2.500    7.992 0 0   0
2    2.500    7.844 0 0   0
2    2.500    7.695 0 0   0
2    2.500    7.547 0 0   0
2    2.500    7.398 0 0   0
2    2.500    7.250 0 0   0
2    2.500    7.102 0 0   0
2    2.500    6.953 0 0   0
2    2.500    6.805 0 0   0
2    2.500    6.656 0 0   0
2    2.500    6.508 0 0   0
2    2.500    6.359 0 0   0
2    2.500    6.211 0 0   0
2    2.500    6.062 0 0   0
2    2.500    5.914 0 0   0
2    2.500    5.766 0 0   0
2    2.500    5.617 0 0   0
2    2.500    5.469 0 0   0
2    2.500    5.320 0 0   0
2    2.500    5.172 0 0   0
2    2.500    5.023 0 0   0
2    2.500    4.875 0 0   0
2    2.500    4.727 0 0   0
2    2.500    4.578 0 0   0
2    2.500    4.430 0 0   0
2    2.500    4.281 0 0   0
2    2.500    4.133 0 0   0
2    2.500    3.984 0 0   0
2    2.500    3.836 0 0   0
2    2.500    3.688 0 0   0
2    2.500    3.539 0 0   0
2    2.500    3.391 0 0   0
2    2.500    3.242 0 0   0
2    2.500    3.094 0 0   0
2    2.500    2.945 0 0   0
2    2.500    2.797 0 0   0
2    2.500    2.648 0 0   0
2    2.500    2.500 0 0   0
3    2.500   16.750 0 0   0
2    2.625   16.750 0 0   0
2    2.750   16.750 0 0   0
2    2.875   16.750 0 0   0
2    3.000   16.750 0 0   0
2    3.125   16.750 0 0   0
2    3.250   16.750 0 0   0
2    3.250   16.750 0 0   0
2    3.400   16.750 0 0   0
2    3.550   16.750 0 0   0
2    3.700   16.750 0 0   0
2    3.850   16.750 0 0   0
2    4.000   16.750 0 0   0
2    4.150   16.750 0 0   0
2    4.300   16.750 0 0   0
2    4.450   16.750 0 0   0
2    4.600   16.750 0 0   0
2    4.750   16.750 0 0   0
2    4.900   16.750 0 0   0
2    5.050   16.750 0 0   0
2    5.200   16.750 0 0   0
2    5.350   16.750 0 0   0
2    5.500   16.750 0 0   0
2    5.650   16.750 0 0   0
2    5.800   16.750 0 0   0
2    5.950   16.750 0 0   0
2    6.100   16.750 0 0   0
2    6.250   16.750 0 0   0
2    6.400   16.750 0 0   0
2    6.550   16.750 0 0   0
2    6.700   16.750 0 0   0
2    6.850   16.750 0 0   0
2    7.000   16.750 0 0   0
2    7.150   16.750 0 0   0
2    7.300   16.750 0 0   0
2    7.450   16.750 0 0   0
2    7.600   16.750 0 0   0
2    7.750   16.750 0 0   0
2    7.900   16.750 0 0   0
2    8.050   16.750 0 0   0
2    8.200   16.750 0 0   0
2    8.350   16.750 0 0   0
2    8.500   16.750 0 0   0
2    8.650   16.750 0 0   0
2    8.800   16.750 0 0   0
2    8.950   16.750 0 0   0
2    9.100   16.750 0 0   0
2    9.250   16.750 0 0   0
2    9.400   16.750 0 0   0
2    9.550   16.750 0 0   0
2    9.700   16.750 0 0   0
2    9.850   16.750 0 0   0
2   10.000   16.750 0 0   0
2   10.150   16.750 0 0   0
2   10.300   16.750 0 0   0
2   10.450   16.750 0 0   0
2   10.600   16.750 0 0   0
2   10.750   16.750 0 0   0
2   10.900   16.750 0 0   0
2   11.050   16.750 0 0   0
2   11.200   16.750 0 0   0
2   11.350   16.750 0 0   0
2   11.500   16.750 0 0   0
2   11.650   16.750 0 0   0
2   11.800   16.750 0 0   0
2   11.950   16.750 0 0   0
2   12.100   16.750 0 0   0
2   12.250   16.750 0 0   0
2   12.400   16.750 0 0   0
2   12.550   16.750 0 0   0
2   12.700   16.750 0 0   0
2   12.850   16.750 0 0   0
2   13.000   16.750 0 0   0
2   13.150   16.750 0 0   0
2   13.300   16.750 0 0   0
2   13.450   16.750 0 0   0
2   13.600   16.750 0 0   0
2   13.750   16.750 0 0   0
2   13.900   16.750 0 0   0
2   14.050   16.750 0 0   0
2   14.200   16.750 0 0   0
2   14.350   16.750 0 0   0
2   14.500   16.750 0 0   0
2   14.650   16.750 0 0   0
2   14.800   16.750 0 0   0
2   14.950   16.750 0 0   0
2   15.100   16.750 0 0   0
2   15.250   16.750 0 0   0
2   15.400   16.750 0 0   0
2   15.550   16.750 0 0   0
2   15.700   16.750 0 0   0
2   15.850   16.750 0 0   0
2   16.000   16.750 0 0   0
2   16.150   16.750 0 0   0
2   16.300   16.750 0 0   0
2   16.450   16.750 0 0   0
2   16.600   16.750 0 0   0
2   16.750   16.750 0 0   0
2   16.750   16.750 0 0   0
2   16.875   16.750 0 0   0
2   17.000   16.750 0 0   0
2   17.125   16.750 0 0   0
2   17.250   16.750 0 0   0
2   17.375   16.750 0 0   0
2   17.500   16.750 0 0   0
6   20.000    1.000    0.000    0.250  18
scalex:     15.000
6   20.000    1.500    0.000    0.250  18
scaley:     15.000
6   18.300    8.800    0.000    0.150   6
LEVELS
6   18.000    2.700    0.000    0.250  14
 1  -7.815E+00
6   18.000    3.200    0.000    0.250  14
 2  -7.033E+00
6   18.000    3.700    0.000    0.250  14
 3  -6.252E+00
6   18.000    4.200    0.000    0.250  14
 4  -5.470E+00
6   18.000    4.700    0.000    0.250  14
 5  -4.689E+00
6   18.000    5.200    0.000    0.250  14
 6  -3.907E+00
6   18.000    5.700    0.000    0.250  14
 7  -3.126E+00
6   18.000    6.200    0.000    0.250  14
 8  -2.344E+00
6   18.000    6.700    0.000    0.250  14
 9  -1.563E+00
6   18.000    7.200    0.000    0.250  14
10  -7.814E-01
6   18.000    7.700    0.000    0.250  14
11   5.566E-05
6    1.000    0.250    0.000    0.300   7
STREAM:
5    0.000    0.000 0 0   0
