1    1.000   20.000 0 0   0
6    3.500    0.750    0.000    0.250  80
x                                                                               
3   23.750    0.875 0 0   0
2   24.500    0.875 0 0   0
2   24.250    1.000 0 0   0
2   24.250    0.750 0 0   0
2   24.500    0.875 0 0   0
6    0.875    3.500   90.000    0.250  80
y                                                                               
3    0.750   23.750 0 0   0
2    0.750   24.500 0 0   0
2    0.625   24.250 0 0   0
2    0.875   24.250 0 0   0
2    0.750   24.500 0 0   0
3    2.500   12.180 0 0   0
2    2.500   12.180 0 0   0
2    2.500   12.180 0 0   0
2    2.500   12.180 0 0   0
2    2.500   12.180 0 0   0
3    2.500   10.109 0 0   0
2    2.500   10.109 0 0   0
2    2.653   10.115 0 0   0
2    2.906   10.129 0 0   0
2    3.131   10.150 0 0   0
2    3.328   10.177 0 0   0
2    3.695   10.242 0 0   0
2    3.731   10.250 0 0   0
2    3.788   10.266 0 0   0
2    4.094   10.373 0 0   0
2    4.305   10.456 0 0   0
2    4.399   10.497 0 0   0
2    4.477   10.538 0 0   0
2    4.701   10.679 0 0   0
2    4.929   10.834 0 0   0
2    4.962   10.861 0 0   0
2    5.188   11.099 0 0   0
2    5.355   11.304 0 0   0
2    5.404   11.376 0 0   0
2    5.467   11.487 0 0   0
2    5.526   11.614 0 0   0
2    5.578   11.750 0 0   0
2    5.614   11.867 0 0   0
2    5.639   11.976 0 0   0
2    5.655   12.085 0 0   0
2    5.662   12.180 0 0   0
2    5.664   12.318 0 0   0
2    5.660   12.394 0 0   0
2    5.646   12.517 0 0   0
2    5.639   12.555 0 0   0
2    5.617   12.648 0 0   0
2    5.602   12.706 0 0   0
2    5.596   12.725 0 0   0
2    5.548   12.853 0 0   0
2    5.528   12.901 0 0   0
2    5.481   12.994 0 0   0
2    5.431   13.085 0 0   0
2    5.409   13.121 0 0   0
2    5.367   13.183 0 0   0
2    5.328   13.237 0 0   0
2    5.303   13.271 0 0   0
2    5.244   13.342 0 0   0
2    5.177   13.417 0 0   0
2    5.154   13.442 0 0   0
6    5.147   13.422    0.000    0.150   1
2
3    5.154   13.442 0 0   0
2    5.130   13.466 0 0   0
2    5.060   13.532 0 0   0
2    5.002   13.585 0 0   0
2    4.963   13.618 0 0   0
2    4.907   13.664 0 0   0
2    4.864   13.696 0 0   0
2    4.840   13.714 0 0   0
2    4.759   13.770 0 0   0
2    4.680   13.823 0 0   0
2    4.655   13.839 0 0   0
2    4.597   13.874 0 0   0
2    4.544   13.905 0 0   0
2    4.523   13.916 0 0   0
2    4.431   13.964 0 0   0
2    4.364   13.998 0 0   0
2    4.315   14.022 0 0   0
2    4.213   14.068 0 0   0
2    4.201   14.073 0 0   0
2    4.160   14.090 0 0   0
2    4.080   14.122 0 0   0
2    4.059   14.130 0 0   0
2    3.961   14.164 0 0   0
2    3.915   14.180 0 0   0
2    3.838   14.205 0 0   0
2    3.767   14.226 0 0   0
2    3.717   14.240 0 0   0
2    3.625   14.265 0 0   0
2    3.591   14.273 0 0   0
2    3.481   14.299 0 0   0
2    3.466   14.302 0 0   0
2    3.340   14.328 0 0   0
2    3.338   14.328 0 0   0
2    3.325   14.330 0 0   0
2    3.210   14.349 0 0   0
2    3.198   14.351 0 0   0
2    3.077   14.367 0 0   0
2    3.059   14.370 0 0   0
2    2.945   14.381 0 0   0
2    2.918   14.384 0 0   0
2    2.809   14.392 0 0   0
2    2.779   14.394 0 0   0
2    2.672   14.399 0 0   0
2    2.639   14.400 0 0   0
2    2.531   14.402 0 0   0
2    2.500   14.403 0 0   0
3    2.500    9.154 0 0   0
2    2.500    9.154 0 0   0
2    2.603    9.156 0 0   0
2    2.916    9.163 0 0   0
2    2.957    9.165 0 0   0
2    3.367    9.190 0 0   0
2    3.491    9.201 0 0   0
2    3.775    9.234 0 0   0
2    4.095    9.280 0 0   0
2    4.196    9.296 0 0   0
2    4.317    9.322 0 0   0
2    4.581    9.394 0 0   0
2    4.926    9.503 0 0   0
2    4.971    9.518 0 0   0
2    4.997    9.529 0 0   0
2    5.329    9.690 0 0   0
2    5.493    9.780 0 0   0
2    5.632    9.868 0 0   0
2    5.804    9.985 0 0   0
2    5.883   10.044 0 0   0
2    6.008   10.151 0 0   0
2    6.203   10.329 0 0   0
2    6.266   10.392 0 0   0
2    6.430   10.577 0 0   0
2    6.502   10.666 0 0   0
2    6.631   10.844 0 0   0
2    6.777   11.064 0 0   0
2    6.779   11.068 0 0   0
2    6.900   11.302 0 0   0
2    6.904   11.310 0 0   0
2    6.909   11.321 0 0   0
2    6.985   11.520 0 0   0
2    7.061   11.738 0 0   0
2    7.061   11.739 0 0   0
2    7.061   11.739 0 0   0
2    7.103   11.929 0 0   0
2    7.110   11.970 0 0   0
2    7.131   12.128 0 0   0
2    7.138   12.211 0 0   0
2    7.141   12.285 0 0   0
2    7.141   12.388 0 0   0
2    7.140   12.448 0 0   0
2    7.138   12.484 0 0   0
2    7.124   12.613 0 0   0
2    7.109   12.709 0 0   0
2    7.095   12.783 0 0   0
2    7.066   12.900 0 0   0
2    7.050   12.954 0 0   0
2    7.010   13.072 0 0   0
2    6.987   13.134 0 0   0
2    6.963   13.191 0 0   0
2    6.936   13.251 0 0   0
2    6.921   13.283 0 0   0
2    6.904   13.315 0 0   0
2    6.875   13.369 0 0   0
2    6.850   13.413 0 0   0
2    6.795   13.505 0 0   0
2    6.760   13.557 0 0   0
2    6.683   13.667 0 0   0
2    6.667   13.689 0 0   0
2    6.660   13.699 0 0   0
2    6.572   13.804 0 0   0
2    6.486   13.904 0 0   0
2    6.476   13.915 0 0   0
2    6.466   13.924 0 0   0
2    6.378   14.012 0 0   0
2    6.283   14.103 0 0   0
6    6.284   14.074    0.000    0.150   1
3
3    6.283   14.103 0 0   0
2    6.278   14.107 0 0   0
2    6.272   14.113 0 0   0
2    6.178   14.192 0 0   0
2    6.121   14.238 0 0   0
2    6.076   14.274 0 0   0
2    5.995   14.336 0 0   0
2    5.974   14.351 0 0   0
2    5.964   14.358 0 0   0
2    5.870   14.422 0 0   0
2    5.817   14.458 0 0   0
2    5.768   14.489 0 0   0
2    5.670   14.550 0 0   0
2    5.662   14.555 0 0   0
2    5.639   14.568 0 0   0
2    5.558   14.614 0 0   0
2    5.532   14.629 0 0   0
2    5.450   14.673 0 0   0
2    5.393   14.702 0 0   0
2    5.344   14.727 0 0   0
2    5.259   14.768 0 0   0
2    5.236   14.779 0 0   0
2    5.145   14.821 0 0   0
2    5.129   14.828 0 0   0
2    5.125   14.830 0 0   0
2    5.020   14.874 0 0   0
2    4.994   14.884 0 0   0
2    4.911   14.917 0 0   0
2    4.863   14.936 0 0   0
2    4.800   14.959 0 0   0
2    4.735   14.982 0 0   0
2    4.691   14.998 0 0   0
2    4.605   15.027 0 0   0
2    4.579   15.035 0 0   0
2    4.480   15.066 0 0   0
2    4.469   15.069 0 0   0
2    4.388   15.093 0 0   0
2    4.355   15.103 0 0   0
2    4.351   15.104 0 0   0
2    4.244   15.132 0 0   0
2    4.228   15.136 0 0   0
2    4.128   15.161 0 0   0
2    4.100   15.168 0 0   0
2    4.015   15.187 0 0   0
2    3.978   15.195 0 0   0
2    3.899   15.212 0 0   0
2    3.852   15.221 0 0   0
2    3.784   15.234 0 0   0
2    3.729   15.244 0 0   0
2    3.667   15.254 0 0   0
2    3.605   15.265 0 0   0
2    3.551   15.273 0 0   0
2    3.482   15.283 0 0   0
2    3.432   15.289 0 0   0
2    3.358   15.299 0 0   0
2    3.314   15.304 0 0   0
2    3.236   15.312 0 0   0
2    3.194   15.317 0 0   0
2    3.113   15.324 0 0   0
2    3.075   15.327 0 0   0
2    2.991   15.334 0 0   0
2    2.953   15.336 0 0   0
2    2.867   15.341 0 0   0
2    2.831   15.343 0 0   0
2    2.745   15.346 0 0   0
2    2.707   15.347 0 0   0
2    2.622   15.349 0 0   0
2    2.584   15.350 0 0   0
2    2.500   15.350 0 0   0
3    2.500    8.380 0 0   0
2    2.500    8.380 0 0   0
2    2.524    8.380 0 0   0
2    2.939    8.381 0 0   0
2    3.012    8.381 0 0   0
2    3.376    8.384 0 0   0
2    3.513    8.386 0 0   0
2    3.813    8.395 0 0   0
2    4.122    8.408 0 0   0
2    4.254    8.415 0 0   0
2    4.461    8.433 0 0   0
2    4.668    8.462 0 0   0
2    4.875    8.499 0 0   0
2    5.064    8.537 0 0   0
2    5.205    8.574 0 0   0
2    5.418    8.645 0 0   0
2    5.747    8.773 0 0   0
2    5.780    8.788 0 0   0
2    5.886    8.844 0 0   0
2    6.110    8.965 0 0   0
2    6.163    8.997 0 0   0
2    6.445    9.188 0 0   0
2    6.537    9.256 0 0   0
2    6.822    9.488 0 0   0
2    6.853    9.515 0 0   0
2    6.935    9.592 0 0   0
2    7.145    9.801 0 0   0
2    7.316    9.980 0 0   0
2    7.370   10.039 0 0   0
2    7.402   10.077 0 0   0
2    7.574   10.292 0 0   0
2    7.711   10.471 0 0   0
2    7.737   10.506 0 0   0
2    7.783   10.573 0 0   0
2    7.886   10.733 0 0   0
2    7.994   10.907 0 0   0
2    8.005   10.927 0 0   0
2    8.048   11.007 0 0   0
2    8.113   11.130 0 0   0
2    8.135   11.173 0 0   0
2    8.197   11.307 0 0   0
2    8.233   11.390 0 0   0
2    8.273   11.490 0 0   0
2    8.298   11.557 0 0   0
2    8.323   11.630 0 0   0
2    8.340   11.681 0 0   0
2    8.368   11.774 0 0   0
2    8.376   11.804 0 0   0
2    8.405   11.918 0 0   0
2    8.405   11.922 0 0   0
2    8.408   11.934 0 0   0
2    8.429   12.039 0 0   0
2    8.434   12.066 0 0   0
2    8.447   12.150 0 0   0
2    8.455   12.214 0 0   0
2    8.460   12.261 0 0   0
2    8.469   12.367 0 0   0
2    8.469   12.368 0 0   0
2    8.469   12.382 0 0   0
2    8.472   12.505 0 0   0
2    8.472   12.520 0 0   0
2    8.468   12.633 0 0   0
2    8.465   12.680 0 0   0
2    8.457   12.757 0 0   0
2    8.447   12.841 0 0   0
2    8.441   12.873 0 0   0
2    8.429   12.942 0 0   0
2    8.420   12.987 0 0   0
2    8.415   13.009 0 0   0
2    8.393   13.094 0 0   0
2    8.370   13.178 0 0   0
2    8.363   13.200 0 0   0
2    8.354   13.228 0 0   0
2    8.329   13.299 0 0   0
2    8.307   13.357 0 0   0
2    8.291   13.396 0 0   0
2    8.273   13.436 0 0   0
2    8.250   13.488 0 0   0
2    8.226   13.539 0 0   0
2    8.205   13.580 0 0   0
2    8.187   13.614 0 0   0
2    8.159   13.666 0 0   0
2    8.121   13.732 0 0   0
2    8.109   13.751 0 0   0
2    8.100   13.765 0 0   0
2    8.057   13.833 0 0   0
2    8.010   13.903 0 0   0
2    8.003   13.913 0 0   0
2    7.991   13.929 0 0   0
2    7.946   13.990 0 0   0
2    7.920   14.024 0 0   0
2    7.887   14.065 0 0   0
2    7.829   14.138 0 0   0
2    7.828   14.138 0 0   0
2    7.826   14.140 0 0   0
2    7.759   14.216 0 0   0
2    7.723   14.255 0 0   0
2    7.690   14.291 0 0   0
2    7.623   14.360 0 0   0
2    7.618   14.365 0 0   0
2    7.616   14.367 0 0   0
2    7.547   14.433 0 0   0
2    7.515   14.463 0 0   0
6    7.496   14.452    0.000    0.150   1
4
3    7.515   14.463 0 0   0
2    7.472   14.502 0 0   0
2    7.411   14.556 0 0   0
2    7.399   14.567 0 0   0
2    7.362   14.598 0 0   0
2    7.322   14.631 0 0   0
2    7.309   14.641 0 0   0
2    7.246   14.692 0 0   0
2    7.206   14.723 0 0   0
2    7.168   14.752 0 0   0
2    7.106   14.798 0 0   0
2    7.090   14.809 0 0   0
2    7.036   14.848 0 0   0
2    7.010   14.866 0 0   0
2    7.003   14.871 0 0   0
2    6.930   14.920 0 0   0
2    6.904   14.937 0 0   0
2    6.848   14.973 0 0   0
2    6.802   15.003 0 0   0
2    6.767   15.024 0 0   0
2    6.703   15.064 0 0   0
2    6.684   15.075 0 0   0
2    6.602   15.123 0 0   0
2    6.602   15.123 0 0   0
2    6.600   15.124 0 0   0
2    6.517   15.170 0 0   0
2    6.502   15.179 0 0   0
2    6.479   15.190 0 0   0
2    6.402   15.232 0 0   0
2    6.356   15.255 0 0   0
2    6.300   15.284 0 0   0
2    6.237   15.315 0 0   0
2    6.202   15.332 0 0   0
2    6.117   15.373 0 0   0
2    6.100   15.380 0 0   0
2    6.007   15.423 0 0   0
2    6.001   15.425 0 0   0
2    6.001   15.425 0 0   0
2    5.899   15.469 0 0   0
2    5.883   15.476 0 0   0
2    5.799   15.510 0 0   0
2    5.769   15.522 0 0   0
2    5.697   15.551 0 0   0
2    5.654   15.567 0 0   0
2    5.597   15.589 0 0   0
2    5.542   15.609 0 0   0
2    5.495   15.626 0 0   0
2    5.428   15.650 0 0   0
2    5.395   15.661 0 0   0
2    5.316   15.687 0 0   0
2    5.293   15.695 0 0   0
2    5.204   15.723 0 0   0
2    5.192   15.727 0 0   0
2    5.094   15.757 0 0   0
2    5.090   15.758 0 0   0
2    5.045   15.771 0 0   0
2    4.988   15.788 0 0   0
2    4.983   15.789 0 0   0
2    4.886   15.816 0 0   0
2    4.873   15.819 0 0   0
2    4.784   15.843 0 0   0
2    4.763   15.848 0 0   0
2    4.681   15.868 0 0   0
2    4.654   15.875 0 0   0
2    4.579   15.893 0 0   0
2    4.545   15.900 0 0   0
2    4.475   15.916 0 0   0
2    4.437   15.924 0 0   0
2    4.373   15.937 0 0   0
2    4.327   15.947 0 0   0
2    4.269   15.958 0 0   0
2    4.220   15.967 0 0   0
2    4.166   15.977 0 0   0
2    4.110   15.987 0 0   0
2    4.061   15.996 0 0   0
2    4.004   16.005 0 0   0
2    3.958   16.012 0 0   0
2    3.894   16.022 0 0   0
2    3.852   16.028 0 0   0
2    3.788   16.037 0 0   0
2    3.749   16.043 0 0   0
2    3.679   16.052 0 0   0
2    3.642   16.056 0 0   0
2    3.573   16.065 0 0   0
2    3.538   16.068 0 0   0
2    3.464   16.076 0 0   0
2    3.431   16.080 0 0   0
2    3.358   16.087 0 0   0
2    3.327   16.089 0 0   0
2    3.249   16.096 0 0   0
2    3.219   16.098 0 0   0
2    3.144   16.104 0 0   0
2    3.113   16.106 0 0   0
2    3.035   16.110 0 0   0
2    3.005   16.112 0 0   0
2    2.929   16.116 0 0   0
2    2.898   16.117 0 0   0
2    2.820   16.120 0 0   0
2    2.789   16.121 0 0   0
2    2.715   16.123 0 0   0
2    2.682   16.124 0 0   0
2    2.606   16.125 0 0   0
2    2.572   16.125 0 0   0
2    2.500   16.125 0 0   0
3    2.500    7.678 0 0   0
2    2.500    7.678 0 0   0
2    2.702    7.675 0 0   0
2    2.796    7.673 0 0   0
2    3.118    7.660 0 0   0
2    3.226    7.654 0 0   0
2    3.408    7.642 0 0   0
2    3.558    7.631 0 0   0
2    3.811    7.609 0 0   0
2    4.053    7.589 0 0   0
2    4.152    7.578 0 0   0
2    4.230    7.569 0 0   0
2    4.575    7.547 0 0   0
2    4.589    7.547 0 0   0
2    4.598    7.547 0 0   0
2    5.003    7.553 0 0   0
2    5.385    7.583 0 0   0
2    5.427    7.591 0 0   0
2    5.593    7.635 0 0   0
2    5.872    7.713 0 0   0
2    5.928    7.734 0 0   0
2    6.208    7.861 0 0   0
2    6.335    7.929 0 0   0
2    6.532    8.048 0 0   0
2    6.704    8.164 0 0   0
2    6.835    8.258 0 0   0
2    7.036    8.413 0 0   0
2    7.145    8.503 0 0   0
2    7.361    8.689 0 0   0
2    7.457    8.775 0 0   0
2    7.644    8.950 0 0   0
2    7.797    9.100 0 0   0
2    7.926    9.229 0 0   0
2    8.103    9.412 0 0   0
2    8.149    9.461 0 0   0
2    8.255    9.576 0 0   0
2    8.369    9.704 0 0   0
2    8.410    9.751 0 0   0
2    8.546    9.908 0 0   0
2    8.571    9.938 0 0   0
2    8.718   10.117 0 0   0
2    8.733   10.135 0 0   0
2    8.859   10.296 0 0   0
2    8.889   10.335 0 0   0
2    8.996   10.480 0 0   0
2    9.091   10.609 0 0   0
2    9.112   10.639 0 0   0
2    9.217   10.793 0 0   0
2    9.223   10.803 0 0   0
2    9.251   10.847 0 0   0
2    9.302   10.925 0 0   0
2    9.315   10.946 0 0   0
2    9.378   11.049 0 0   0
2    9.407   11.097 0 0   0
2    9.450   11.171 0 0   0
2    9.489   11.241 0 0   0
2    9.519   11.296 0 0   0
2    9.564   11.383 0 0   0
2    9.582   11.420 0 0   0
2    9.630   11.519 0 0   0
2    9.643   11.546 0 0   0
2    9.667   11.602 0 0   0
2    9.698   11.672 0 0   0
2    9.723   11.733 0 0   0
2    9.749   11.800 0 0   0
2    9.788   11.909 0 0   0
2    9.795   11.927 0 0   0
2    9.799   11.939 0 0   0
2    9.835   12.059 0 0   0
2    9.855   12.133 0 0   0
2    9.869   12.191 0 0   0
2    9.893   12.305 0 0   0
2    9.897   12.326 0 0   0
2    9.916   12.451 0 0   0
2    9.918   12.463 0 0   0
2    9.918   12.466 0 0   0
2    9.931   12.605 0 0   0
2    9.931   12.613 0 0   0
2    9.935   12.750 0 0   0
2    9.935   12.752 0 0   0
2    9.934   12.767 0 0   0
2    9.930   12.882 0 0   0
2    9.928   12.900 0 0   0
2    9.912   13.049 0 0   0
2    9.911   13.055 0 0   0
2    9.882   13.203 0 0   0
2    9.879   13.217 0 0   0
2    9.845   13.343 0 0   0
2    9.833   13.385 0 0   0
2    9.804   13.468 0 0   0
2    9.767   13.564 0 0   0
2    9.757   13.587 0 0   0
2    9.743   13.618 0 0   0
2    9.708   13.695 0 0   0
2    9.680   13.751 0 0   0
2    9.654   13.800 0 0   0
2    9.629   13.846 0 0   0
2    9.599   13.897 0 0   0
2    9.564   13.954 0 0   0
2    9.541   13.990 0 0   0
2    9.525   14.015 0 0   0
2    9.482   14.077 0 0   0
2    9.423   14.160 0 0   0
2    9.420   14.164 0 0   0
2    9.416   14.169 0 0   0
2    9.358   14.243 0 0   0
2    9.327   14.281 0 0   0
2    9.293   14.323 0 0   0
2    9.231   14.395 0 0   0
2    9.228   14.398 0 0   0
2    9.222   14.406 0 0   0
2    9.155   14.478 0 0   0
2    9.126   14.508 0 0   0
2    9.082   14.554 0 0   0
2    9.020   14.616 0 0   0
2    9.006   14.629 0 0   0
2    8.971   14.663 0 0   0
2    8.933   14.699 0 0   0
2    8.920   14.710 0 0   0
2    8.855   14.768 0 0   0
2    8.819   14.800 0 0   0
2    8.780   14.834 0 0   0
2    8.722   14.883 0 0   0
2    8.703   14.899 0 0   0
2    8.635   14.954 0 0   0
2    8.627   14.961 0 0   0
2    8.625   14.962 0 0   0
2    8.549   15.021 0 0   0
2    8.530   15.035 0 0   0
2    8.473   15.078 0 0   0
2    8.435   15.106 0 0   0
2    8.394   15.136 0 0   0
2    8.342   15.172 0 0   0
6    8.327   15.155    0.000    0.150   1
5
3    8.342   15.172 0 0   0
2    8.317   15.190 0 0   0
2    8.247   15.238 0 0   0
2    8.237   15.244 0 0   0
2    8.183   15.280 0 0   0
2    8.160   15.296 0 0   0
2    8.156   15.298 0 0   0
2    8.079   15.348 0 0   0
2    8.063   15.358 0 0   0
2    8.001   15.396 0 0   0
2    7.972   15.414 0 0   0
2    7.920   15.445 0 0   0
2    7.880   15.469 0 0   0
2    7.841   15.492 0 0   0
2    7.790   15.522 0 0   0
2    7.760   15.539 0 0   0
2    7.698   15.574 0 0   0
2    7.680   15.583 0 0   0
2    7.608   15.623 0 0   0
2    7.599   15.628 0 0   0
2    7.528   15.665 0 0   0
2    7.518   15.670 0 0   0
2    7.517   15.671 0 0   0
2    7.437   15.712 0 0   0
2    7.427   15.717 0 0   0
2    7.355   15.753 0 0   0
2    7.336   15.763 0 0   0
2    7.273   15.793 0 0   0
2    7.247   15.806 0 0   0
2    7.191   15.832 0 0   0
2    7.156   15.849 0 0   0
2    7.108   15.871 0 0   0
2    7.067   15.889 0 0   0
2    7.026   15.907 0 0   0
2    6.975   15.930 0 0   0
2    6.942   15.944 0 0   0
2    6.887   15.968 0 0   0
2    6.860   15.979 0 0   0
2    6.795   16.007 0 0   0
2    6.776   16.015 0 0   0
2    6.707   16.043 0 0   0
2    6.693   16.048 0 0   0
2    6.615   16.079 0 0   0
2    6.608   16.082 0 0   0
2    6.527   16.113 0 0   0
2    6.525   16.114 0 0   0
2    6.499   16.124 0 0   0
2    6.439   16.146 0 0   0
2    6.435   16.147 0 0   0
2    6.356   16.176 0 0   0
2    6.347   16.179 0 0   0
2    6.270   16.206 0 0   0
2    6.256   16.211 0 0   0
2    6.186   16.235 0 0   0
2    6.167   16.242 0 0   0
2    6.147   16.248 0 0   0
2    6.079   16.271 0 0   0
2    6.053   16.279 0 0   0
2    5.987   16.300 0 0   0
2    5.957   16.310 0 0   0
2    5.898   16.328 0 0   0
2    5.863   16.339 0 0   0
2    5.807   16.356 0 0   0
2    5.768   16.367 0 0   0
2    5.718   16.382 0 0   0
2    5.675   16.394 0 0   0
2    5.626   16.407 0 0   0
2    5.579   16.420 0 0   0
2    5.537   16.432 0 0   0
2    5.486   16.445 0 0   0
2    5.445   16.456 0 0   0
2    5.391   16.470 0 0   0
2    5.356   16.479 0 0   0
2    5.298   16.493 0 0   0
2    5.264   16.502 0 0   0
2    5.204   16.516 0 0   0
2    5.174   16.523 0 0   0
2    5.111   16.538 0 0   0
2    5.083   16.544 0 0   0
2    5.016   16.559 0 0   0
2    4.992   16.564 0 0   0
2    4.924   16.579 0 0   0
2    4.901   16.583 0 0   0
2    4.830   16.598 0 0   0
2    4.810   16.602 0 0   0
2    4.737   16.616 0 0   0
2    4.718   16.620 0 0   0
2    4.643   16.634 0 0   0
2    4.628   16.637 0 0   0
2    4.550   16.650 0 0   0
2    4.536   16.653 0 0   0
2    4.456   16.666 0 0   0
2    4.445   16.668 0 0   0
2    4.363   16.682 0 0   0
2    4.353   16.683 0 0   0
2    4.270   16.696 0 0   0
2    4.261   16.697 0 0   0
2    4.177   16.710 0 0   0
2    4.169   16.711 0 0   0
2    4.084   16.722 0 0   0
2    4.077   16.723 0 0   0
2    3.991   16.734 0 0   0
2    3.985   16.735 0 0   0
2    3.897   16.746 0 0   0
2    3.893   16.746 0 0   0
2    3.805   16.756 0 0   0
2    3.801   16.757 0 0   0
2    3.711   16.766 0 0   0
2    3.708   16.767 0 0   0
2    3.618   16.775 0 0   0
2    3.616   16.776 0 0   0
2    3.525   16.784 0 0   0
2    3.523   16.784 0 0   0
2    3.432   16.791 0 0   0
2    3.430   16.791 0 0   0
2    3.339   16.798 0 0   0
2    3.337   16.798 0 0   0
2    3.246   16.804 0 0   0
2    3.244   16.804 0 0   0
2    3.153   16.810 0 0   0
2    3.151   16.810 0 0   0
2    3.060   16.814 0 0   0
2    3.057   16.815 0 0   0
2    2.966   16.818 0 0   0
2    2.964   16.819 0 0   0
2    2.873   16.822 0 0   0
2    2.870   16.822 0 0   0
2    2.780   16.824 0 0   0
2    2.776   16.824 0 0   0
2    2.687   16.826 0 0   0
2    2.682   16.826 0 0   0
2    2.593   16.827 0 0   0
2    2.588   16.827 0 0   0
2    2.500   16.827 0 0   0
3    7.005    2.500 0 0   0
2    7.005    2.500 0 0   0
2    7.005    2.500 0 0   0
3    6.989    2.873 0 0   0
2    6.989    2.873 0 0   0
2    6.979    2.982 0 0   0
2    6.979    2.982 0 0   0
2    6.973    3.031 0 0   0
3    6.934    3.295 0 0   0
2    6.934    3.295 0 0   0
2    6.933    3.300 0 0   0
2    6.933    3.300 0 0   0
2    6.931    3.309 0 0   0
3    6.885    3.527 0 0   0
2    6.885    3.527 0 0   0
2    6.865    3.614 0 0   0
2    6.865    3.614 0 0   0
2    6.840    3.705 0 0   0
3    6.785    3.888 0 0   0
2    6.785    3.888 0 0   0
2    6.774    3.923 0 0   0
2    6.774    3.923 0 0   0
2    6.764    3.952 0 0   0
3    6.564    4.442 0 0   0
2    6.564    4.442 0 0   0
2    6.528    4.516 0 0   0
6    6.544    4.468    0.000    0.150   1
6
3    6.528    4.516 0 0   0
2    6.528    4.516 0 0   0
2    6.454    4.659 0 0   0
2    6.454    4.659 0 0   0
2    6.395    4.763 0 0   0
3    6.023    5.307 0 0   0
2    6.023    5.307 0 0   0
2    6.007    5.327 0 0   0
6    6.017    5.289    0.000    0.150   1
6
3    6.007    5.327 0 0   0
2    6.007    5.327 0 0   0
2    5.904    5.450 0 0   0
2    5.904    5.450 0 0   0
2    5.806    5.559 0 0   0
3    5.687    5.684 0 0   0
2    5.687    5.684 0 0   0
2    5.687    5.685 0 0   0
2    5.795    5.795 0 0   0
2    5.907    5.907 0 0   0
2    5.907    5.907 0 0   0
2    5.907    5.907 0 0   0
2    6.131    6.131 0 0   0
2    6.359    6.359 0 0   0
2    6.359    6.359 0 0   0
2    6.359    6.359 0 0   0
2    6.633    6.633 0 0   0
2    6.916    6.916 0 0   0
2    6.916    6.916 0 0   0
2    6.916    6.916 0 0   0
2    7.195    7.194 0 0   0
2    7.207    7.206 0 0   0
2    7.487    7.487 0 0   0
2    7.487    7.487 0 0   0
2    7.487    7.487 0 0   0
2    7.487    7.487 0 0   0
2    7.766    7.767 0 0   0
2    7.777    7.777 0 0   0
2    8.066    8.066 0 0   0
2    8.066    8.066 0 0   0
2    8.330    8.330 0 0   0
2    8.352    8.352 0 0   0
2    8.609    8.609 0 0   0
2    8.609    8.609 0 0   0
2    8.609    8.609 0 0   0
2    8.609    8.609 0 0   0
2    8.834    8.835 0 0   0
2    8.861    8.861 0 0   0
2    9.066    9.066 0 0   0
2    9.066    9.066 0 0   0
2    9.066    9.066 0 0   0
2    9.066    9.066 0 0   0
2    9.257    9.257 0 0   0
2    9.452    9.452 0 0   0
2    9.452    9.452 0 0   0
2    9.452    9.452 0 0   0
2    9.612    9.612 0 0   0
2    9.774    9.774 0 0   0
2    9.774    9.774 0 0   0
2    9.774    9.774 0 0   0
2    9.914    9.913 0 0   0
2    9.931    9.930 0 0   0
2   10.055   10.055 0 0   0
2   10.055   10.055 0 0   0
2   10.156   10.156 0 0   0
2   10.259   10.259 0 0   0
2   10.259   10.259 0 0   0
2   10.259   10.259 0 0   0
2   10.357   10.357 0 0   0
2   10.457   10.457 0 0   0
2   10.457   10.457 0 0   0
2   10.457   10.457 0 0   0
2   10.553   10.553 0 0   0
2   10.650   10.650 0 0   0
2   10.650   10.650 0 0   0
2   10.650   10.650 0 0   0
2   10.743   10.743 0 0   0
6   10.663   10.710    0.000    0.150   1
6
3   10.743   10.743 0 0   0
2   10.743   10.743 0 0   0
2   10.837   10.837 0 0   0
2   10.837   10.837 0 0   0
2   10.928   10.928 0 0   0
2   10.928   10.928 0 0   0
2   11.018   11.018 0 0   0
2   11.018   11.018 0 0   0
2   11.107   11.107 0 0   0
2   11.107   11.107 0 0   0
2   11.195   11.195 0 0   0
2   11.195   11.195 0 0   0
2   11.281   11.281 0 0   0
2   11.281   11.281 0 0   0
2   11.367   11.367 0 0   0
2   11.367   11.367 0 0   0
2   11.450   11.450 0 0   0
2   11.450   11.450 0 0   0
2   11.534   11.534 0 0   0
2   11.534   11.534 0 0   0
2   11.615   11.615 0 0   0
2   11.696   11.696 0 0   0
2   11.696   11.696 0 0   0
2   11.696   11.696 0 0   0
2   11.775   11.775 0 0   0
2   11.854   11.854 0 0   0
2   11.854   11.854 0 0   0
2   11.854   11.854 0 0   0
2   11.931   11.931 0 0   0
2   12.008   12.008 0 0   0
2   12.008   12.008 0 0   0
2   12.008   12.008 0 0   0
2   12.083   12.083 0 0   0
2   12.158   12.158 0 0   0
2   12.158   12.158 0 0   0
2   12.158   12.158 0 0   0
2   12.231   12.231 0 0   0
2   12.231   12.231 0 0   0
2   12.304   12.304 0 0   0
2   12.304   12.304 0 0   0
2   12.375   12.375 0 0   0
2   12.375   12.375 0 0   0
2   12.447   12.447 0 0   0
2   12.447   12.447 0 0   0
2   12.516   12.516 0 0   0
2   12.516   12.516 0 0   0
2   12.585   12.585 0 0   0
2   12.585   12.585 0 0   0
2   12.653   12.653 0 0   0
2   12.720   12.720 0 0   0
2   12.720   12.720 0 0   0
2   12.720   12.720 0 0   0
2   12.786   12.786 0 0   0
2   12.852   12.852 0 0   0
2   12.852   12.852 0 0   0
2   12.852   12.852 0 0   0
2   12.917   12.917 0 0   0
2   12.917   12.917 0 0   0
2   12.981   12.981 0 0   0
2   12.981   12.981 0 0   0
2   13.044   13.044 0 0   0
2   13.044   13.044 0 0   0
2   13.107   13.107 0 0   0
3    5.559    5.806 0 0   0
2    5.559    5.806 0 0   0
2    5.450    5.904 0 0   0
6    5.452    5.875    0.000    0.150   1
6
3    5.450    5.904 0 0   0
2    5.450    5.904 0 0   0
2    5.327    6.007 0 0   0
2    5.327    6.007 0 0   0
2    5.307    6.023 0 0   0
3    4.763    6.395 0 0   0
2    4.763    6.395 0 0   0
2    4.659    6.454 0 0   0
6    4.650    6.431    0.000    0.150   1
6
3    4.659    6.454 0 0   0
2    4.659    6.454 0 0   0
2    4.516    6.528 0 0   0
2    4.516    6.528 0 0   0
2    4.442    6.564 0 0   0
3    3.952    6.764 0 0   0
2    3.952    6.764 0 0   0
2    3.923    6.774 0 0   0
2    3.923    6.774 0 0   0
2    3.888    6.785 0 0   0
3    3.705    6.840 0 0   0
2    3.705    6.840 0 0   0
2    3.614    6.865 0 0   0
2    3.614    6.865 0 0   0
2    3.527    6.885 0 0   0
3    3.309    6.931 0 0   0
2    3.309    6.931 0 0   0
2    3.300    6.933 0 0   0
2    3.300    6.933 0 0   0
2    3.295    6.934 0 0   0
3    3.031    6.973 0 0   0
2    3.031    6.973 0 0   0
2    2.982    6.979 0 0   0
2    2.982    6.979 0 0   0
2    2.873    6.989 0 0   0
3    2.500   17.500 0 0   0
2    2.500   17.500 0 0   0
2    2.579   17.500 0 0   0
2    2.579   17.500 0 0   0
2    2.632   17.499 0 0   0
3    2.771   17.498 0 0   0
2    2.771   17.498 0 0   0
2    2.814   17.497 0 0   0
6    2.778   17.482    0.000    0.150   1
6
3    2.814   17.497 0 0   0
2    2.814   17.497 0 0   0
2    2.893   17.495 0 0   0
2    2.893   17.495 0 0   0
2    2.944   17.493 0 0   0
3    3.100   17.488 0 0   0
2    3.100   17.488 0 0   0
2    3.128   17.487 0 0   0
2    3.128   17.487 0 0   0
2    3.162   17.485 0 0   0
3    3.573   17.462 0 0   0
2    3.573   17.462 0 0   0
2    3.599   17.460 0 0   0
2    3.599   17.460 0 0   0
2    3.621   17.458 0 0   0
3    3.801   17.443 0 0   0
2    3.801   17.443 0 0   0
2    3.833   17.441 0 0   0
2    3.833   17.441 0 0   0
2    3.912   17.433 0 0   0
2    3.912   17.433 0 0   0
2    3.990   17.426 0 0   0
6    3.958   17.411    0.000    0.150   1
6
3    3.990   17.426 0 0   0
2    3.990   17.426 0 0   0
2    4.068   17.418 0 0   0
2    4.068   17.418 0 0   0
2    4.146   17.409 0 0   0
2    4.146   17.409 0 0   0
2    4.224   17.401 0 0   0
2    4.224   17.401 0 0   0
2    4.289   17.393 0 0   0
3    4.419   17.377 0 0   0
2    4.419   17.377 0 0   0
2    4.458   17.372 0 0   0
2    4.458   17.372 0 0   0
6    4.467   17.351    0.000    0.150   1
6
3    4.458   17.372 0 0   0
2    4.536   17.361 0 0   0
2    4.536   17.361 0 0   0
2    4.614   17.350 0 0   0
2    4.614   17.350 0 0   0
2    4.659   17.344 0 0   0
3    4.907   17.306 0 0   0
2    4.907   17.306 0 0   0
2    4.924   17.303 0 0   0
2    4.924   17.303 0 0   0
2    4.953   17.298 0 0   0
3    5.061   17.280 0 0   0
2    5.061   17.280 0 0   0
2    5.079   17.277 0 0   0
2    5.079   17.277 0 0   0
2    5.156   17.263 0 0   0
6    5.129   17.247    0.000    0.150   1
6
3    5.156   17.263 0 0   0
2    5.156   17.263 0 0   0
2    5.234   17.249 0 0   0
2    5.234   17.249 0 0   0
2    5.311   17.234 0 0   0
2    5.311   17.234 0 0   0
2    5.342   17.228 0 0   0
3    5.435   17.210 0 0   0
2    5.435   17.210 0 0   0
2    5.465   17.204 0 0   0
2    5.542   17.188 0 0   0
2    5.542   17.188 0 0   0
6    5.555   17.164    0.000    0.150   1
6
3    5.542   17.188 0 0   0
2    5.619   17.172 0 0   0
2    5.619   17.172 0 0   0
2    5.695   17.156 0 0   0
2    5.695   17.156 0 0   0
2    5.706   17.153 0 0   0
3    5.802   17.132 0 0   0
2    5.802   17.132 0 0   0
2    5.849   17.121 0 0   0
6    5.825   17.105    0.000    0.150   1
6
3    5.849   17.121 0 0   0
2    5.849   17.121 0 0   0
2    5.925   17.104 0 0   0
2    5.925   17.104 0 0   0
2    5.932   17.102 0 0   0
3    6.047   17.074 0 0   0
2    6.047   17.074 0 0   0
2    6.078   17.067 0 0   0
2    6.078   17.067 0 0   0
2    6.107   17.060 0 0   0
3    6.208   17.034 0 0   0
2    6.208   17.034 0 0   0
2    6.230   17.029 0 0   0
2    6.230   17.029 0 0   0
2    6.252   17.023 0 0   0
3    6.365   16.993 0 0   0
2    6.365   16.993 0 0   0
2    6.382   16.989 0 0   0
2    6.382   16.989 0 0   0
2    6.393   16.986 0 0   0
3    6.575   16.936 0 0   0
2    6.575   16.936 0 0   0
2    6.609   16.926 0 0   0
6    6.588   16.909    0.000    0.150   1
6
3    6.609   16.926 0 0   0
2    6.609   16.926 0 0   0
2    6.685   16.904 0 0   0
2    6.685   16.904 0 0   0
2    6.751   16.885 0 0   0
3    6.784   16.875 0 0   0
2    6.784   16.875 0 0   0
2    6.835   16.860 0 0   0
2    6.835   16.860 0 0   0
2    6.911   16.837 0 0   0
6    6.891   16.819    0.000    0.150   1
6
3    6.911   16.837 0 0   0
2    6.911   16.837 0 0   0
2    6.986   16.814 0 0   0
2    6.986   16.814 0 0   0
2    7.060   16.790 0 0   0
2    7.060   16.790 0 0   0
2    7.061   16.790 0 0   0
3    7.148   16.762 0 0   0
2    7.148   16.762 0 0   0
2    7.210   16.741 0 0   0
2    7.210   16.741 0 0   0
6    7.229   16.711    0.000    0.150   1
6
3    7.210   16.741 0 0   0
2    7.284   16.717 0 0   0
2    7.284   16.717 0 0   0
2    7.359   16.691 0 0   0
2    7.359   16.691 0 0   0
2    7.383   16.683 0 0   0
3    7.576   16.615 0 0   0
2    7.576   16.615 0 0   0
2    7.581   16.613 0 0   0
2    7.581   16.613 0 0   0
2    7.585   16.612 0 0   0
3    7.784   16.538 0 0   0
2    7.784   16.538 0 0   0
2    7.802   16.532 0 0   0
6    7.786   16.513    0.000    0.150   1
6
3    7.802   16.532 0 0   0
2    7.802   16.532 0 0   0
2    7.876   16.504 0 0   0
2    7.876   16.504 0 0   0
2    7.912   16.490 0 0   0
3    7.990   16.459 0 0   0
2    7.990   16.459 0 0   0
2    8.022   16.447 0 0   0
2    8.022   16.447 0 0   0
2    8.085   16.421 0 0   0
3    8.112   16.411 0 0   0
2    8.112   16.411 0 0   0
2    8.168   16.388 0 0   0
6    8.153   16.369    0.000    0.150   1
6
3    8.168   16.388 0 0   0
2    8.168   16.388 0 0   0
2    8.240   16.358 0 0   0
2    8.240   16.358 0 0   0
2    8.265   16.348 0 0   0
3    8.383   16.298 0 0   0
2    8.383   16.298 0 0   0
2    8.385   16.297 0 0   0
2    8.385   16.297 0 0   0
2    8.400   16.291 0 0   0
3    8.651   16.181 0 0   0
2    8.651   16.181 0 0   0
2    8.673   16.171 0 0   0
2    8.673   16.171 0 0   0
2    8.697   16.160 0 0   0
3    9.134   15.953 0 0   0
2    9.134   15.953 0 0   0
2    9.170   15.936 0 0   0
2    9.170   15.936 0 0   0
2    9.209   15.916 0 0   0
3    9.365   15.837 0 0   0
2    9.365   15.837 0 0   0
2    9.380   15.829 0 0   0
2    9.380   15.829 0 0   0
2    9.394   15.822 0 0   0
3    9.484   15.775 0 0   0
2    9.484   15.775 0 0   0
2    9.519   15.756 0 0   0
6    9.510   15.735    0.000    0.150   1
6
3    9.519   15.756 0 0   0
2    9.519   15.756 0 0   0
2    9.588   15.720 0 0   0
2    9.588   15.720 0 0   0
2    9.620   15.702 0 0   0
3    9.829   15.587 0 0   0
2    9.829   15.587 0 0   0
2    9.864   15.568 0 0   0
2    9.864   15.568 0 0   0
2    9.882   15.558 0 0   0
3   10.033   15.471 0 0   0
2   10.033   15.471 0 0   0
2   10.068   15.451 0 0   0
6   10.061   15.428    0.000    0.150   1
6
3   10.068   15.451 0 0   0
2   10.068   15.451 0 0   0
2   10.136   15.411 0 0   0
2   10.136   15.411 0 0   0
2   10.138   15.410 0 0   0
3   10.232   15.353 0 0   0
2   10.232   15.353 0 0   0
2   10.270   15.330 0 0   0
2   10.270   15.330 0 0   0
6   10.298   15.286    0.000    0.150   1
6
3   10.270   15.330 0 0   0
2   10.337   15.290 0 0   0
2   10.337   15.290 0 0   0
2   10.404   15.248 0 0   0
2   10.404   15.248 0 0   0
2   10.452   15.219 0 0   0
3   10.552   15.156 0 0   0
2   10.552   15.156 0 0   0
2   10.604   15.123 0 0   0
2   10.604   15.123 0 0   0
6   10.632   15.077    0.000    0.150   1
6
3   10.604   15.123 0 0   0
2   10.670   15.080 0 0   0
2   10.670   15.080 0 0   0
2   10.735   15.037 0 0   0
2   10.735   15.037 0 0   0
2   10.763   15.019 0 0   0
3   10.837   14.970 0 0   0
2   10.837   14.970 0 0   0
2   10.866   14.950 0 0   0
2   10.866   14.950 0 0   0
2   10.931   14.906 0 0   0
6   10.960   14.859    0.000    0.150   1
6
3   10.931   14.906 0 0   0
2   10.996   14.862 0 0   0
2   10.996   14.862 0 0   0
2   11.061   14.817 0 0   0
2   11.061   14.817 0 0   0
2   11.102   14.788 0 0   0
3   11.146   14.757 0 0   0
2   11.146   14.757 0 0   0
2   11.189   14.727 0 0   0
6   11.186   14.701    0.000    0.150   1
6
3   11.189   14.727 0 0   0
2   11.189   14.727 0 0   0
2   11.253   14.681 0 0   0
2   11.253   14.681 0 0   0
2   11.287   14.656 0 0   0
3   11.383   14.587 0 0   0
2   11.383   14.587 0 0   0
2   11.443   14.542 0 0   0
2   11.443   14.542 0 0   0
2   11.506   14.495 0 0   0
2   11.506   14.495 0 0   0
6   11.536   14.444    0.000    0.150   1
6
3   11.506   14.495 0 0   0
2   11.569   14.448 0 0   0
2   11.569   14.448 0 0   0
2   11.631   14.400 0 0   0
2   11.631   14.400 0 0   0
2   11.694   14.352 0 0   0
2   11.694   14.352 0 0   0
2   11.724   14.328 0 0   0
3   11.957   14.144 0 0   0
2   11.957   14.144 0 0   0
2   12.001   14.108 0 0   0
6   12.001   14.079    0.000    0.150   1
6
3   12.001   14.108 0 0   0
2   12.001   14.108 0 0   0
2   12.061   14.058 0 0   0
2   12.061   14.058 0 0   0
2   12.121   14.008 0 0   0
3   12.244   13.905 0 0   0
2   12.244   13.905 0 0   0
2   12.301   13.855 0 0   0
2   12.301   13.855 0 0   0
2   12.339   13.822 0 0   0
3   12.391   13.776 0 0   0
2   12.391   13.776 0 0   0
2   12.420   13.752 0 0   0
2   12.420   13.752 0 0   0
2   12.464   13.713 0 0   0
3   12.490   13.689 0 0   0
2   12.490   13.689 0 0   0
2   12.537   13.647 0 0   0
2   12.537   13.647 0 0   0
2   12.595   13.594 0 0   0
6   12.598   13.564    0.000    0.150   1
6
3   12.595   13.594 0 0   0
2   12.595   13.594 0 0   0
2   12.653   13.541 0 0   0
2   12.653   13.541 0 0   0
2   12.711   13.488 0 0   0
2   12.711   13.488 0 0   0
2   12.718   13.481 0 0   0
3   12.875   13.333 0 0   0
2   12.875   13.333 0 0   0
2   12.882   13.326 0 0   0
2   12.882   13.326 0 0   0
6   12.915   13.267    0.000    0.150   1
6
3   12.882   13.326 0 0   0
2   12.939   13.272 0 0   0
2   12.939   13.272 0 0   0
2   12.995   13.217 0 0   0
2   12.995   13.217 0 0   0
2   13.032   13.181 0 0   0
3   13.181   13.032 0 0   0
2   13.181   13.032 0 0   0
2   13.217   12.995 0 0   0
2   13.217   12.995 0 0   0
6   13.250   12.934    0.000    0.150   1
6
3   13.217   12.995 0 0   0
2   13.272   12.939 0 0   0
2   13.272   12.939 0 0   0
2   13.326   12.882 0 0   0
2   13.326   12.882 0 0   0
2   13.333   12.875 0 0   0
3   13.481   12.718 0 0   0
2   13.481   12.718 0 0   0
2   13.488   12.711 0 0   0
2   13.488   12.711 0 0   0
2   13.541   12.653 0 0   0
6   13.548   12.619    0.000    0.150   1
6
3   13.541   12.653 0 0   0
2   13.541   12.653 0 0   0
2   13.594   12.595 0 0   0
2   13.594   12.595 0 0   0
2   13.647   12.537 0 0   0
2   13.647   12.537 0 0   0
2   13.689   12.490 0 0   0
3   13.713   12.464 0 0   0
2   13.713   12.464 0 0   0
2   13.752   12.420 0 0   0
2   13.752   12.420 0 0   0
2   13.776   12.391 0 0   0
3   13.822   12.339 0 0   0
2   13.822   12.339 0 0   0
2   13.855   12.301 0 0   0
2   13.855   12.301 0 0   0
2   13.905   12.244 0 0   0
3   14.008   12.121 0 0   0
2   14.008   12.121 0 0   0
2   14.058   12.061 0 0   0
6   14.066   12.025    0.000    0.150   1
6
3   14.058   12.061 0 0   0
2   14.058   12.061 0 0   0
2   14.108   12.001 0 0   0
2   14.108   12.001 0 0   0
2   14.144   11.957 0 0   0
3   14.328   11.724 0 0   0
2   14.328   11.724 0 0   0
2   14.352   11.694 0 0   0
2   14.352   11.694 0 0   0
2   14.400   11.631 0 0   0
2   14.400   11.631 0 0   0
6   14.434   11.562    0.000    0.150   1
6
3   14.400   11.631 0 0   0
2   14.448   11.569 0 0   0
2   14.448   11.569 0 0   0
2   14.495   11.506 0 0   0
2   14.495   11.506 0 0   0
2   14.542   11.443 0 0   0
2   14.542   11.443 0 0   0
2   14.587   11.383 0 0   0
3   14.656   11.287 0 0   0
2   14.656   11.287 0 0   0
2   14.681   11.253 0 0   0
6   14.692   11.213    0.000    0.150   1
6
3   14.681   11.253 0 0   0
2   14.681   11.253 0 0   0
2   14.727   11.189 0 0   0
2   14.727   11.189 0 0   0
2   14.757   11.146 0 0   0
3   14.788   11.102 0 0   0
2   14.788   11.102 0 0   0
2   14.817   11.061 0 0   0
2   14.817   11.061 0 0   0
2   14.862   10.996 0 0   0
6   14.874   10.955    0.000    0.150   1
6
3   14.862   10.996 0 0   0
2   14.862   10.996 0 0   0
2   14.906   10.931 0 0   0
2   14.950   10.866 0 0   0
2   14.950   10.866 0 0   0
2   14.970   10.837 0 0   0
3   15.019   10.763 0 0   0
2   15.019   10.763 0 0   0
2   15.037   10.735 0 0   0
2   15.037   10.735 0 0   0
6   15.071   10.660    0.000    0.150   1
6
3   15.037   10.735 0 0   0
2   15.080   10.670 0 0   0
2   15.080   10.670 0 0   0
2   15.123   10.604 0 0   0
2   15.123   10.604 0 0   0
2   15.156   10.552 0 0   0
3   15.219   10.452 0 0   0
2   15.219   10.452 0 0   0
2   15.248   10.404 0 0   0
2   15.248   10.404 0 0   0
6   15.283   10.327    0.000    0.150   1
6
3   15.248   10.404 0 0   0
2   15.290   10.337 0 0   0
2   15.290   10.337 0 0   0
2   15.330   10.270 0 0   0
2   15.330   10.270 0 0   0
2   15.353   10.232 0 0   0
3   15.410   10.138 0 0   0
2   15.410   10.138 0 0   0
2   15.411   10.136 0 0   0
6   15.425   10.091    0.000    0.150   1
6
3   15.411   10.136 0 0   0
2   15.411   10.136 0 0   0
2   15.451   10.068 0 0   0
2   15.451   10.068 0 0   0
2   15.471   10.033 0 0   0
3   15.558    9.882 0 0   0
2   15.558    9.882 0 0   0
2   15.568    9.864 0 0   0
2   15.568    9.864 0 0   0
2   15.587    9.829 0 0   0
3   15.702    9.620 0 0   0
2   15.702    9.620 0 0   0
2   15.720    9.588 0 0   0
6   15.735    9.542    0.000    0.150   1
6
3   15.720    9.588 0 0   0
2   15.720    9.588 0 0   0
2   15.756    9.519 0 0   0
2   15.756    9.519 0 0   0
2   15.775    9.484 0 0   0
3   15.822    9.394 0 0   0
2   15.822    9.394 0 0   0
2   15.829    9.380 0 0   0
2   15.829    9.380 0 0   0
2   15.837    9.365 0 0   0
3   15.916    9.209 0 0   0
2   15.916    9.209 0 0   0
2   15.936    9.170 0 0   0
2   15.936    9.170 0 0   0
2   15.953    9.134 0 0   0
3   16.160    8.697 0 0   0
2   16.160    8.697 0 0   0
2   16.171    8.673 0 0   0
2   16.171    8.673 0 0   0
2   16.181    8.651 0 0   0
3   16.291    8.400 0 0   0
2   16.291    8.400 0 0   0
2   16.297    8.385 0 0   0
2   16.297    8.385 0 0   0
2   16.298    8.383 0 0   0
3   16.348    8.265 0 0   0
2   16.348    8.265 0 0   0
2   16.358    8.240 0 0   0
6   16.376    8.188    0.000    0.150   1
6
3   16.358    8.240 0 0   0
2   16.358    8.240 0 0   0
2   16.388    8.168 0 0   0
2   16.388    8.168 0 0   0
2   16.411    8.112 0 0   0
3   16.421    8.085 0 0   0
2   16.421    8.085 0 0   0
2   16.447    8.022 0 0   0
2   16.447    8.022 0 0   0
2   16.459    7.990 0 0   0
3   16.490    7.912 0 0   0
2   16.490    7.912 0 0   0
2   16.504    7.876 0 0   0
6   16.522    7.822    0.000    0.150   1
6
3   16.504    7.876 0 0   0
2   16.504    7.876 0 0   0
2   16.532    7.802 0 0   0
2   16.532    7.802 0 0   0
2   16.538    7.784 0 0   0
3   16.612    7.585 0 0   0
2   16.612    7.585 0 0   0
2   16.613    7.581 0 0   0
2   16.613    7.581 0 0   0
2   16.615    7.576 0 0   0
3   16.683    7.383 0 0   0
2   16.683    7.383 0 0   0
2   16.691    7.359 0 0   0
2   16.691    7.359 0 0   0
6   16.723    7.266    0.000    0.150   1
6
3   16.691    7.359 0 0   0
2   16.717    7.284 0 0   0
2   16.717    7.284 0 0   0
2   16.741    7.210 0 0   0
2   16.741    7.210 0 0   0
2   16.762    7.148 0 0   0
3   16.790    7.061 0 0   0
2   16.790    7.061 0 0   0
2   16.790    7.060 0 0   0
2   16.790    7.060 0 0   0
2   16.814    6.986 0 0   0
6   16.833    6.929    0.000    0.150   1
6
3   16.814    6.986 0 0   0
2   16.814    6.986 0 0   0
2   16.837    6.911 0 0   0
2   16.837    6.911 0 0   0
2   16.860    6.835 0 0   0
2   16.860    6.835 0 0   0
2   16.875    6.784 0 0   0
3   16.885    6.751 0 0   0
2   16.885    6.751 0 0   0
2   16.904    6.685 0 0   0
6   16.925    6.627    0.000    0.150   1
6
3   16.904    6.685 0 0   0
2   16.904    6.685 0 0   0
2   16.926    6.609 0 0   0
2   16.926    6.609 0 0   0
2   16.936    6.575 0 0   0
3   16.986    6.393 0 0   0
2   16.986    6.393 0 0   0
2   16.989    6.382 0 0   0
2   16.989    6.382 0 0   0
2   16.993    6.365 0 0   0
3   17.023    6.252 0 0   0
2   17.023    6.252 0 0   0
2   17.029    6.230 0 0   0
2   17.029    6.230 0 0   0
2   17.034    6.208 0 0   0
3   17.060    6.107 0 0   0
2   17.060    6.107 0 0   0
2   17.067    6.078 0 0   0
2   17.067    6.078 0 0   0
2   17.074    6.047 0 0   0
3   17.102    5.932 0 0   0
2   17.102    5.932 0 0   0
2   17.104    5.925 0 0   0
6   17.125    5.864    0.000    0.150   1
6
3   17.104    5.925 0 0   0
2   17.104    5.925 0 0   0
2   17.121    5.849 0 0   0
2   17.121    5.849 0 0   0
2   17.132    5.802 0 0   0
3   17.153    5.706 0 0   0
2   17.153    5.706 0 0   0
2   17.156    5.695 0 0   0
2   17.156    5.695 0 0   0
2   17.172    5.619 0 0   0
6   17.193    5.556    0.000    0.150   1
6
3   17.172    5.619 0 0   0
2   17.172    5.619 0 0   0
2   17.188    5.542 0 0   0
2   17.188    5.542 0 0   0
2   17.204    5.465 0 0   0
2   17.210    5.435 0 0   0
3   17.228    5.342 0 0   0
2   17.228    5.342 0 0   0
2   17.234    5.311 0 0   0
2   17.234    5.311 0 0   0
2   17.249    5.234 0 0   0
6   17.270    5.169    0.000    0.150   1
6
3   17.249    5.234 0 0   0
2   17.249    5.234 0 0   0
2   17.263    5.156 0 0   0
2   17.263    5.156 0 0   0
2   17.277    5.079 0 0   0
2   17.277    5.079 0 0   0
2   17.280    5.061 0 0   0
3   17.298    4.953 0 0   0
2   17.298    4.953 0 0   0
2   17.303    4.924 0 0   0
2   17.303    4.924 0 0   0
2   17.306    4.907 0 0   0
3   17.344    4.659 0 0   0
2   17.344    4.659 0 0   0
2   17.350    4.614 0 0   0
2   17.350    4.614 0 0   0
6   17.378    4.508    0.000    0.150   1
6
3   17.350    4.614 0 0   0
2   17.361    4.536 0 0   0
2   17.361    4.536 0 0   0
2   17.372    4.458 0 0   0
2   17.372    4.458 0 0   0
2   17.377    4.419 0 0   0
3   17.393    4.289 0 0   0
2   17.393    4.289 0 0   0
2   17.401    4.224 0 0   0
2   17.401    4.224 0 0   0
2   17.409    4.146 0 0   0
2   17.409    4.146 0 0   0
2   17.418    4.068 0 0   0
6   17.440    3.999    0.000    0.150   1
6
3   17.418    4.068 0 0   0
2   17.418    4.068 0 0   0
2   17.426    3.990 0 0   0
2   17.426    3.990 0 0   0
2   17.433    3.912 0 0   0
2   17.433    3.912 0 0   0
2   17.441    3.833 0 0   0
2   17.441    3.833 0 0   0
2   17.443    3.801 0 0   0
3   17.458    3.621 0 0   0
2   17.458    3.621 0 0   0
2   17.460    3.599 0 0   0
2   17.460    3.599 0 0   0
2   17.462    3.573 0 0   0
3   17.485    3.162 0 0   0
2   17.485    3.162 0 0   0
2   17.487    3.128 0 0   0
2   17.487    3.128 0 0   0
2   17.488    3.100 0 0   0
3   17.493    2.944 0 0   0
2   17.493    2.944 0 0   0
2   17.495    2.893 0 0   0
6   17.517    2.819    0.000    0.150   1
6
3   17.495    2.893 0 0   0
2   17.495    2.893 0 0   0
2   17.497    2.814 0 0   0
2   17.497    2.814 0 0   0
2   17.498    2.771 0 0   0
3   17.499    2.632 0 0   0
2   17.499    2.632 0 0   0
2   17.500    2.579 0 0   0
2   17.500    2.579 0 0   0
2   17.500    2.500 0 0   0
3    7.678    2.500 0 0   0
2    7.678    2.500 0 0   0
2    7.675    2.702 0 0   0
2    7.673    2.796 0 0   0
2    7.660    3.118 0 0   0
2    7.654    3.226 0 0   0
2    7.642    3.408 0 0   0
2    7.631    3.558 0 0   0
2    7.609    3.811 0 0   0
2    7.589    4.053 0 0   0
2    7.578    4.152 0 0   0
2    7.569    4.230 0 0   0
2    7.547    4.575 0 0   0
2    7.547    4.589 0 0   0
2    7.547    4.598 0 0   0
2    7.553    5.003 0 0   0
2    7.583    5.385 0 0   0
2    7.591    5.427 0 0   0
2    7.635    5.593 0 0   0
2    7.713    5.872 0 0   0
2    7.734    5.928 0 0   0
2    7.861    6.208 0 0   0
2    7.929    6.335 0 0   0
2    8.048    6.532 0 0   0
2    8.164    6.704 0 0   0
2    8.258    6.835 0 0   0
2    8.413    7.036 0 0   0
2    8.503    7.145 0 0   0
2    8.689    7.361 0 0   0
2    8.775    7.457 0 0   0
2    8.950    7.644 0 0   0
2    9.100    7.797 0 0   0
2    9.229    7.926 0 0   0
2    9.412    8.103 0 0   0
2    9.461    8.149 0 0   0
2    9.576    8.255 0 0   0
2    9.704    8.369 0 0   0
2    9.751    8.410 0 0   0
2    9.908    8.546 0 0   0
2    9.938    8.571 0 0   0
2   10.117    8.718 0 0   0
2   10.135    8.733 0 0   0
2   10.296    8.859 0 0   0
2   10.335    8.889 0 0   0
2   10.480    8.996 0 0   0
2   10.609    9.091 0 0   0
2   10.639    9.112 0 0   0
2   10.793    9.217 0 0   0
2   10.803    9.223 0 0   0
2   10.847    9.251 0 0   0
2   10.925    9.302 0 0   0
2   10.946    9.315 0 0   0
2   11.049    9.378 0 0   0
2   11.097    9.407 0 0   0
2   11.171    9.450 0 0   0
2   11.241    9.489 0 0   0
2   11.296    9.519 0 0   0
2   11.383    9.564 0 0   0
2   11.420    9.582 0 0   0
2   11.519    9.630 0 0   0
2   11.546    9.643 0 0   0
2   11.602    9.667 0 0   0
2   11.672    9.698 0 0   0
2   11.733    9.723 0 0   0
2   11.800    9.749 0 0   0
2   11.909    9.788 0 0   0
2   11.927    9.795 0 0   0
2   11.939    9.799 0 0   0
2   12.059    9.835 0 0   0
2   12.133    9.855 0 0   0
2   12.191    9.869 0 0   0
2   12.305    9.893 0 0   0
2   12.326    9.897 0 0   0
2   12.451    9.916 0 0   0
2   12.463    9.918 0 0   0
2   12.466    9.918 0 0   0
2   12.605    9.931 0 0   0
2   12.613    9.931 0 0   0
2   12.750    9.935 0 0   0
2   12.752    9.935 0 0   0
2   12.767    9.934 0 0   0
2   12.882    9.930 0 0   0
2   12.900    9.928 0 0   0
2   13.049    9.912 0 0   0
2   13.055    9.911 0 0   0
2   13.203    9.882 0 0   0
2   13.217    9.879 0 0   0
2   13.343    9.845 0 0   0
2   13.385    9.833 0 0   0
2   13.468    9.804 0 0   0
2   13.564    9.767 0 0   0
2   13.587    9.757 0 0   0
2   13.618    9.743 0 0   0
2   13.695    9.708 0 0   0
2   13.751    9.680 0 0   0
2   13.800    9.654 0 0   0
2   13.846    9.629 0 0   0
2   13.897    9.599 0 0   0
2   13.954    9.564 0 0   0
2   13.990    9.541 0 0   0
2   14.015    9.525 0 0   0
2   14.077    9.482 0 0   0
2   14.160    9.423 0 0   0
2   14.164    9.420 0 0   0
2   14.169    9.416 0 0   0
2   14.243    9.358 0 0   0
2   14.281    9.327 0 0   0
2   14.323    9.293 0 0   0
2   14.395    9.231 0 0   0
2   14.398    9.228 0 0   0
2   14.406    9.222 0 0   0
2   14.478    9.155 0 0   0
2   14.508    9.126 0 0   0
2   14.554    9.082 0 0   0
2   14.616    9.020 0 0   0
2   14.629    9.006 0 0   0
2   14.663    8.971 0 0   0
2   14.699    8.933 0 0   0
2   14.710    8.920 0 0   0
2   14.768    8.855 0 0   0
2   14.800    8.819 0 0   0
2   14.834    8.780 0 0   0
2   14.883    8.722 0 0   0
2   14.899    8.703 0 0   0
2   14.954    8.635 0 0   0
2   14.961    8.627 0 0   0
2   14.962    8.625 0 0   0
2   15.021    8.549 0 0   0
2   15.035    8.530 0 0   0
2   15.078    8.473 0 0   0
2   15.106    8.435 0 0   0
2   15.136    8.394 0 0   0
2   15.172    8.342 0 0   0
6   15.193    8.289    0.000    0.150   1
7
3   15.172    8.342 0 0   0
2   15.190    8.317 0 0   0
2   15.238    8.247 0 0   0
2   15.244    8.237 0 0   0
2   15.280    8.183 0 0   0
2   15.296    8.160 0 0   0
2   15.298    8.156 0 0   0
2   15.348    8.079 0 0   0
2   15.358    8.063 0 0   0
2   15.396    8.001 0 0   0
2   15.414    7.972 0 0   0
2   15.445    7.920 0 0   0
2   15.469    7.880 0 0   0
2   15.492    7.841 0 0   0
2   15.522    7.790 0 0   0
2   15.539    7.760 0 0   0
2   15.574    7.698 0 0   0
2   15.583    7.680 0 0   0
2   15.623    7.608 0 0   0
2   15.628    7.599 0 0   0
2   15.665    7.528 0 0   0
2   15.670    7.518 0 0   0
2   15.671    7.517 0 0   0
2   15.712    7.437 0 0   0
2   15.717    7.427 0 0   0
2   15.753    7.355 0 0   0
2   15.763    7.336 0 0   0
2   15.793    7.273 0 0   0
2   15.806    7.247 0 0   0
2   15.832    7.191 0 0   0
2   15.849    7.156 0 0   0
2   15.871    7.108 0 0   0
2   15.889    7.067 0 0   0
2   15.907    7.026 0 0   0
2   15.930    6.975 0 0   0
2   15.944    6.942 0 0   0
2   15.968    6.887 0 0   0
2   15.979    6.860 0 0   0
2   16.007    6.795 0 0   0
2   16.015    6.776 0 0   0
2   16.043    6.707 0 0   0
2   16.048    6.693 0 0   0
2   16.079    6.615 0 0   0
2   16.082    6.608 0 0   0
2   16.113    6.527 0 0   0
2   16.114    6.525 0 0   0
2   16.124    6.499 0 0   0
2   16.146    6.439 0 0   0
2   16.147    6.435 0 0   0
2   16.176    6.356 0 0   0
2   16.179    6.347 0 0   0
2   16.206    6.270 0 0   0
2   16.211    6.256 0 0   0
2   16.235    6.186 0 0   0
2   16.242    6.167 0 0   0
2   16.248    6.147 0 0   0
2   16.271    6.079 0 0   0
2   16.279    6.053 0 0   0
2   16.300    5.987 0 0   0
2   16.310    5.957 0 0   0
2   16.328    5.898 0 0   0
2   16.339    5.863 0 0   0
2   16.356    5.807 0 0   0
2   16.367    5.768 0 0   0
2   16.382    5.718 0 0   0
2   16.394    5.675 0 0   0
2   16.407    5.626 0 0   0
2   16.420    5.579 0 0   0
2   16.432    5.537 0 0   0
2   16.445    5.486 0 0   0
2   16.456    5.445 0 0   0
2   16.470    5.391 0 0   0
2   16.479    5.356 0 0   0
2   16.493    5.298 0 0   0
2   16.502    5.264 0 0   0
2   16.516    5.204 0 0   0
2   16.523    5.174 0 0   0
2   16.538    5.111 0 0   0
2   16.544    5.083 0 0   0
2   16.559    5.016 0 0   0
2   16.564    4.992 0 0   0
2   16.579    4.924 0 0   0
2   16.583    4.901 0 0   0
2   16.598    4.830 0 0   0
2   16.602    4.810 0 0   0
2   16.616    4.737 0 0   0
2   16.620    4.718 0 0   0
2   16.634    4.643 0 0   0
2   16.637    4.628 0 0   0
2   16.650    4.550 0 0   0
2   16.653    4.536 0 0   0
2   16.666    4.456 0 0   0
2   16.668    4.445 0 0   0
2   16.682    4.363 0 0   0
2   16.683    4.353 0 0   0
2   16.696    4.270 0 0   0
2   16.697    4.261 0 0   0
2   16.710    4.177 0 0   0
2   16.711    4.169 0 0   0
2   16.722    4.084 0 0   0
2   16.723    4.077 0 0   0
2   16.734    3.991 0 0   0
2   16.735    3.985 0 0   0
2   16.746    3.897 0 0   0
2   16.746    3.893 0 0   0
2   16.756    3.805 0 0   0
2   16.757    3.801 0 0   0
2   16.766    3.711 0 0   0
2   16.767    3.708 0 0   0
2   16.775    3.618 0 0   0
2   16.776    3.616 0 0   0
2   16.784    3.525 0 0   0
2   16.784    3.523 0 0   0
2   16.791    3.432 0 0   0
2   16.791    3.430 0 0   0
2   16.798    3.339 0 0   0
2   16.798    3.337 0 0   0
2   16.804    3.246 0 0   0
2   16.804    3.244 0 0   0
2   16.810    3.153 0 0   0
2   16.810    3.151 0 0   0
2   16.814    3.060 0 0   0
2   16.815    3.057 0 0   0
2   16.818    2.966 0 0   0
2   16.819    2.964 0 0   0
2   16.822    2.873 0 0   0
2   16.822    2.870 0 0   0
2   16.824    2.780 0 0   0
2   16.824    2.776 0 0   0
2   16.826    2.687 0 0   0
2   16.826    2.682 0 0   0
2   16.827    2.593 0 0   0
2   16.827    2.588 0 0   0
2   16.827    2.500 0 0   0
3    8.380    2.500 0 0   0
2    8.380    2.500 0 0   0
2    8.380    2.524 0 0   0
2    8.381    2.939 0 0   0
2    8.381    3.012 0 0   0
2    8.384    3.376 0 0   0
2    8.386    3.513 0 0   0
2    8.395    3.813 0 0   0
2    8.408    4.122 0 0   0
2    8.415    4.254 0 0   0
2    8.433    4.461 0 0   0
2    8.462    4.668 0 0   0
2    8.499    4.875 0 0   0
2    8.537    5.064 0 0   0
2    8.574    5.205 0 0   0
2    8.645    5.418 0 0   0
2    8.773    5.747 0 0   0
2    8.788    5.780 0 0   0
2    8.844    5.886 0 0   0
2    8.965    6.110 0 0   0
2    8.997    6.163 0 0   0
2    9.188    6.445 0 0   0
2    9.256    6.537 0 0   0
2    9.488    6.822 0 0   0
2    9.515    6.853 0 0   0
2    9.592    6.935 0 0   0
2    9.801    7.145 0 0   0
2    9.980    7.316 0 0   0
2   10.039    7.370 0 0   0
2   10.077    7.402 0 0   0
2   10.292    7.574 0 0   0
2   10.471    7.711 0 0   0
2   10.506    7.737 0 0   0
2   10.573    7.783 0 0   0
2   10.733    7.886 0 0   0
2   10.907    7.994 0 0   0
2   10.927    8.005 0 0   0
2   11.007    8.048 0 0   0
2   11.130    8.113 0 0   0
2   11.173    8.135 0 0   0
2   11.307    8.197 0 0   0
2   11.390    8.233 0 0   0
2   11.490    8.273 0 0   0
2   11.557    8.298 0 0   0
2   11.630    8.323 0 0   0
2   11.681    8.340 0 0   0
2   11.774    8.368 0 0   0
2   11.804    8.376 0 0   0
2   11.918    8.405 0 0   0
2   11.922    8.405 0 0   0
2   11.934    8.408 0 0   0
2   12.039    8.429 0 0   0
2   12.066    8.434 0 0   0
2   12.150    8.447 0 0   0
2   12.214    8.455 0 0   0
2   12.261    8.460 0 0   0
2   12.367    8.469 0 0   0
2   12.368    8.469 0 0   0
2   12.382    8.469 0 0   0
2   12.505    8.472 0 0   0
2   12.520    8.472 0 0   0
2   12.633    8.468 0 0   0
2   12.680    8.465 0 0   0
2   12.757    8.457 0 0   0
2   12.841    8.447 0 0   0
2   12.873    8.441 0 0   0
2   12.942    8.429 0 0   0
2   12.987    8.420 0 0   0
2   13.009    8.415 0 0   0
2   13.094    8.393 0 0   0
2   13.178    8.370 0 0   0
2   13.200    8.363 0 0   0
2   13.228    8.354 0 0   0
2   13.299    8.329 0 0   0
2   13.357    8.307 0 0   0
2   13.396    8.291 0 0   0
2   13.436    8.273 0 0   0
2   13.488    8.250 0 0   0
2   13.539    8.226 0 0   0
2   13.580    8.205 0 0   0
2   13.614    8.187 0 0   0
2   13.666    8.159 0 0   0
2   13.732    8.121 0 0   0
2   13.751    8.109 0 0   0
2   13.765    8.100 0 0   0
2   13.833    8.057 0 0   0
2   13.903    8.010 0 0   0
2   13.913    8.003 0 0   0
2   13.929    7.991 0 0   0
2   13.990    7.946 0 0   0
2   14.024    7.920 0 0   0
2   14.065    7.887 0 0   0
2   14.138    7.829 0 0   0
2   14.138    7.828 0 0   0
2   14.140    7.826 0 0   0
2   14.216    7.759 0 0   0
2   14.255    7.723 0 0   0
2   14.291    7.690 0 0   0
2   14.360    7.623 0 0   0
2   14.365    7.618 0 0   0
2   14.367    7.616 0 0   0
2   14.433    7.547 0 0   0
2   14.463    7.515 0 0   0
6   14.489    7.459    0.000    0.150   1
8
3   14.463    7.515 0 0   0
2   14.502    7.472 0 0   0
2   14.556    7.411 0 0   0
2   14.567    7.399 0 0   0
2   14.598    7.362 0 0   0
2   14.631    7.322 0 0   0
2   14.641    7.309 0 0   0
2   14.692    7.246 0 0   0
2   14.723    7.206 0 0   0
2   14.752    7.168 0 0   0
2   14.798    7.106 0 0   0
2   14.809    7.090 0 0   0
2   14.848    7.036 0 0   0
2   14.866    7.010 0 0   0
2   14.871    7.003 0 0   0
2   14.920    6.930 0 0   0
2   14.937    6.904 0 0   0
2   14.973    6.848 0 0   0
2   15.003    6.802 0 0   0
2   15.024    6.767 0 0   0
2   15.064    6.703 0 0   0
2   15.075    6.684 0 0   0
2   15.123    6.602 0 0   0
2   15.123    6.602 0 0   0
2   15.124    6.600 0 0   0
2   15.170    6.517 0 0   0
2   15.179    6.502 0 0   0
2   15.190    6.479 0 0   0
2   15.232    6.402 0 0   0
2   15.255    6.356 0 0   0
2   15.284    6.300 0 0   0
2   15.315    6.237 0 0   0
2   15.332    6.202 0 0   0
2   15.373    6.117 0 0   0
2   15.380    6.100 0 0   0
2   15.423    6.007 0 0   0
2   15.425    6.001 0 0   0
2   15.425    6.001 0 0   0
2   15.469    5.899 0 0   0
2   15.476    5.883 0 0   0
2   15.510    5.799 0 0   0
2   15.522    5.769 0 0   0
2   15.551    5.697 0 0   0
2   15.567    5.654 0 0   0
2   15.589    5.597 0 0   0
2   15.609    5.542 0 0   0
2   15.626    5.495 0 0   0
2   15.650    5.428 0 0   0
2   15.661    5.395 0 0   0
2   15.687    5.316 0 0   0
2   15.695    5.293 0 0   0
2   15.723    5.204 0 0   0
2   15.727    5.192 0 0   0
2   15.757    5.094 0 0   0
2   15.758    5.090 0 0   0
2   15.771    5.045 0 0   0
2   15.788    4.988 0 0   0
2   15.789    4.983 0 0   0
2   15.816    4.886 0 0   0
2   15.819    4.873 0 0   0
2   15.843    4.784 0 0   0
2   15.848    4.763 0 0   0
2   15.868    4.681 0 0   0
2   15.875    4.654 0 0   0
2   15.893    4.579 0 0   0
2   15.900    4.545 0 0   0
2   15.916    4.475 0 0   0
2   15.924    4.437 0 0   0
2   15.937    4.373 0 0   0
2   15.947    4.327 0 0   0
2   15.958    4.269 0 0   0
2   15.967    4.220 0 0   0
2   15.977    4.166 0 0   0
2   15.987    4.110 0 0   0
2   15.996    4.061 0 0   0
2   16.005    4.004 0 0   0
2   16.012    3.958 0 0   0
2   16.022    3.894 0 0   0
2   16.028    3.852 0 0   0
2   16.037    3.788 0 0   0
2   16.043    3.749 0 0   0
2   16.052    3.679 0 0   0
2   16.056    3.642 0 0   0
2   16.065    3.573 0 0   0
2   16.068    3.538 0 0   0
2   16.076    3.464 0 0   0
2   16.080    3.431 0 0   0
2   16.087    3.358 0 0   0
2   16.089    3.327 0 0   0
2   16.096    3.249 0 0   0
2   16.098    3.219 0 0   0
2   16.104    3.144 0 0   0
2   16.106    3.113 0 0   0
2   16.110    3.035 0 0   0
2   16.112    3.005 0 0   0
2   16.116    2.929 0 0   0
2   16.117    2.898 0 0   0
2   16.120    2.820 0 0   0
2   16.121    2.789 0 0   0
2   16.123    2.715 0 0   0
2   16.124    2.682 0 0   0
2   16.125    2.606 0 0   0
2   16.125    2.572 0 0   0
2   16.125    2.500 0 0   0
3    9.154    2.500 0 0   0
2    9.154    2.500 0 0   0
2    9.156    2.603 0 0   0
2    9.163    2.916 0 0   0
2    9.165    2.957 0 0   0
2    9.190    3.367 0 0   0
2    9.201    3.491 0 0   0
2    9.234    3.775 0 0   0
2    9.280    4.095 0 0   0
2    9.296    4.196 0 0   0
2    9.322    4.317 0 0   0
2    9.394    4.581 0 0   0
2    9.503    4.926 0 0   0
2    9.518    4.971 0 0   0
2    9.529    4.997 0 0   0
2    9.690    5.329 0 0   0
2    9.780    5.493 0 0   0
2    9.868    5.632 0 0   0
2    9.985    5.804 0 0   0
2   10.044    5.883 0 0   0
2   10.151    6.008 0 0   0
2   10.329    6.203 0 0   0
2   10.392    6.266 0 0   0
2   10.577    6.430 0 0   0
2   10.666    6.502 0 0   0
2   10.844    6.631 0 0   0
2   11.064    6.777 0 0   0
2   11.068    6.779 0 0   0
2   11.302    6.900 0 0   0
2   11.310    6.904 0 0   0
2   11.321    6.909 0 0   0
2   11.520    6.985 0 0   0
2   11.738    7.061 0 0   0
2   11.739    7.061 0 0   0
2   11.739    7.061 0 0   0
2   11.929    7.103 0 0   0
2   11.970    7.110 0 0   0
2   12.128    7.131 0 0   0
2   12.211    7.138 0 0   0
2   12.285    7.141 0 0   0
2   12.388    7.141 0 0   0
2   12.448    7.140 0 0   0
2   12.484    7.138 0 0   0
2   12.613    7.124 0 0   0
2   12.709    7.109 0 0   0
2   12.783    7.095 0 0   0
2   12.900    7.066 0 0   0
2   12.954    7.050 0 0   0
2   13.072    7.010 0 0   0
2   13.134    6.987 0 0   0
2   13.191    6.963 0 0   0
2   13.251    6.936 0 0   0
2   13.283    6.921 0 0   0
2   13.315    6.904 0 0   0
2   13.369    6.875 0 0   0
2   13.413    6.850 0 0   0
2   13.505    6.795 0 0   0
2   13.557    6.760 0 0   0
2   13.667    6.683 0 0   0
2   13.689    6.667 0 0   0
2   13.699    6.660 0 0   0
2   13.804    6.572 0 0   0
2   13.904    6.486 0 0   0
2   13.915    6.476 0 0   0
2   13.924    6.466 0 0   0
2   14.012    6.378 0 0   0
2   14.103    6.283 0 0   0
6   14.112    6.246    0.000    0.150   1
9
3   14.103    6.283 0 0   0
2   14.107    6.278 0 0   0
2   14.113    6.272 0 0   0
2   14.192    6.178 0 0   0
2   14.238    6.121 0 0   0
2   14.274    6.076 0 0   0
2   14.336    5.995 0 0   0
2   14.351    5.974 0 0   0
2   14.358    5.964 0 0   0
2   14.422    5.870 0 0   0
2   14.458    5.817 0 0   0
2   14.489    5.768 0 0   0
2   14.550    5.670 0 0   0
2   14.555    5.662 0 0   0
2   14.568    5.639 0 0   0
2   14.614    5.558 0 0   0
2   14.629    5.532 0 0   0
2   14.673    5.450 0 0   0
2   14.702    5.393 0 0   0
2   14.727    5.344 0 0   0
2   14.768    5.259 0 0   0
2   14.779    5.236 0 0   0
2   14.821    5.145 0 0   0
2   14.828    5.129 0 0   0
2   14.830    5.125 0 0   0
2   14.874    5.020 0 0   0
2   14.884    4.994 0 0   0
2   14.917    4.911 0 0   0
2   14.936    4.863 0 0   0
2   14.959    4.800 0 0   0
2   14.982    4.735 0 0   0
2   14.998    4.691 0 0   0
2   15.027    4.605 0 0   0
2   15.035    4.579 0 0   0
2   15.066    4.480 0 0   0
2   15.069    4.469 0 0   0
2   15.093    4.388 0 0   0
2   15.103    4.355 0 0   0
2   15.104    4.351 0 0   0
2   15.132    4.244 0 0   0
2   15.136    4.228 0 0   0
2   15.161    4.128 0 0   0
2   15.168    4.100 0 0   0
2   15.187    4.015 0 0   0
2   15.195    3.978 0 0   0
2   15.212    3.899 0 0   0
2   15.221    3.852 0 0   0
2   15.234    3.784 0 0   0
2   15.244    3.729 0 0   0
2   15.254    3.667 0 0   0
2   15.265    3.605 0 0   0
2   15.273    3.551 0 0   0
2   15.283    3.482 0 0   0
2   15.289    3.432 0 0   0
2   15.299    3.358 0 0   0
2   15.304    3.314 0 0   0
2   15.312    3.236 0 0   0
2   15.317    3.194 0 0   0
2   15.324    3.113 0 0   0
2   15.327    3.075 0 0   0
2   15.334    2.991 0 0   0
2   15.336    2.953 0 0   0
2   15.341    2.867 0 0   0
2   15.343    2.831 0 0   0
2   15.346    2.745 0 0   0
2   15.347    2.707 0 0   0
2   15.349    2.622 0 0   0
2   15.350    2.584 0 0   0
2   15.350    2.500 0 0   0
3   10.109    2.500 0 0   0
2   10.109    2.500 0 0   0
2   10.115    2.653 0 0   0
2   10.129    2.906 0 0   0
2   10.150    3.131 0 0   0
2   10.177    3.328 0 0   0
2   10.242    3.695 0 0   0
2   10.250    3.731 0 0   0
2   10.266    3.788 0 0   0
2   10.373    4.094 0 0   0
2   10.456    4.305 0 0   0
2   10.497    4.399 0 0   0
2   10.538    4.477 0 0   0
2   10.679    4.701 0 0   0
2   10.834    4.929 0 0   0
2   10.861    4.962 0 0   0
2   11.099    5.188 0 0   0
2   11.304    5.355 0 0   0
2   11.376    5.404 0 0   0
2   11.487    5.467 0 0   0
2   11.614    5.526 0 0   0
2   11.750    5.578 0 0   0
2   11.867    5.614 0 0   0
2   11.976    5.639 0 0   0
2   12.085    5.655 0 0   0
2   12.180    5.662 0 0   0
2   12.318    5.664 0 0   0
2   12.394    5.660 0 0   0
2   12.517    5.646 0 0   0
2   12.555    5.639 0 0   0
2   12.648    5.617 0 0   0
2   12.706    5.602 0 0   0
2   12.725    5.596 0 0   0
2   12.853    5.548 0 0   0
2   12.901    5.528 0 0   0
2   12.994    5.481 0 0   0
2   13.085    5.431 0 0   0
2   13.121    5.409 0 0   0
2   13.183    5.367 0 0   0
2   13.237    5.328 0 0   0
2   13.271    5.303 0 0   0
2   13.342    5.244 0 0   0
2   13.417    5.177 0 0   0
2   13.442    5.154 0 0   0
6   13.384    5.110    0.000    0.150   2
10
3   13.442    5.154 0 0   0
2   13.466    5.130 0 0   0
2   13.532    5.060 0 0   0
2   13.585    5.002 0 0   0
2   13.618    4.963 0 0   0
2   13.664    4.907 0 0   0
2   13.696    4.864 0 0   0
2   13.714    4.840 0 0   0
2   13.770    4.759 0 0   0
2   13.823    4.680 0 0   0
2   13.839    4.655 0 0   0
2   13.874    4.597 0 0   0
2   13.905    4.544 0 0   0
2   13.916    4.523 0 0   0
2   13.964    4.431 0 0   0
2   13.998    4.364 0 0   0
2   14.022    4.315 0 0   0
2   14.068    4.213 0 0   0
2   14.073    4.201 0 0   0
2   14.090    4.160 0 0   0
2   14.122    4.080 0 0   0
2   14.130    4.059 0 0   0
2   14.164    3.961 0 0   0
2   14.180    3.915 0 0   0
2   14.205    3.838 0 0   0
2   14.226    3.767 0 0   0
2   14.240    3.717 0 0   0
2   14.265    3.625 0 0   0
2   14.273    3.591 0 0   0
2   14.299    3.481 0 0   0
2   14.302    3.466 0 0   0
2   14.328    3.340 0 0   0
2   14.328    3.338 0 0   0
2   14.330    3.325 0 0   0
2   14.349    3.210 0 0   0
2   14.351    3.198 0 0   0
2   14.367    3.077 0 0   0
2   14.370    3.059 0 0   0
2   14.381    2.945 0 0   0
2   14.384    2.918 0 0   0
2   14.392    2.809 0 0   0
2   14.394    2.779 0 0   0
2   14.399    2.672 0 0   0
2   14.400    2.639 0 0   0
2   14.402    2.531 0 0   0
2   14.403    2.500 0 0   0
3   12.180    2.500 0 0   0
2   12.180    2.500 0 0   0
2   12.180    2.500 0 0   0
2   12.180    2.500 0 0   0
2   12.180    2.500 0 0   0
3    7.005    2.500 0 0   0
2    7.002    2.661 0 0   0
2    6.993    2.821 0 0   0
2    6.979    2.982 0 0   0
2    6.959    3.141 0 0   0
2    6.933    3.300 0 0   0
2    6.902    3.458 0 0   0
2    6.865    3.614 0 0   0
2    6.822    3.769 0 0   0
2    6.774    3.923 0 0   0
2    6.721    4.074 0 0   0
2    6.662    4.224 0 0   0
2    6.598    4.371 0 0   0
2    6.528    4.516 0 0   0
2    6.454    4.659 0 0   0
2    6.374    4.799 0 0   0
2    6.290    4.935 0 0   0
2    6.200    5.069 0 0   0
2    6.106    5.200 0 0   0
2    6.007    5.327 0 0   0
2    5.904    5.450 0 0   0
2    5.797    5.570 0 0   0
2    5.685    5.685 0 0   0
2    5.570    5.797 0 0   0
2    5.450    5.904 0 0   0
2    5.327    6.007 0 0   0
2    5.200    6.106 0 0   0
2    5.069    6.200 0 0   0
2    4.935    6.290 0 0   0
2    4.799    6.374 0 0   0
2    4.659    6.454 0 0   0
2    4.516    6.528 0 0   0
2    4.371    6.598 0 0   0
2    4.224    6.662 0 0   0
2    4.074    6.721 0 0   0
2    3.923    6.774 0 0   0
2    3.769    6.822 0 0   0
2    3.614    6.865 0 0   0
2    3.458    6.902 0 0   0
2    3.300    6.933 0 0   0
2    3.141    6.959 0 0   0
2    2.982    6.979 0 0   0
2    2.821    6.993 0 0   0
2    2.661    7.002 0 0   0
2    2.500    7.005 0 0   0
3   17.500    2.500 0 0   0
2   17.500    2.579 0 0   0
2   17.499    2.657 0 0   0
2   17.498    2.736 0 0   0
2   17.497    2.814 0 0   0
2   17.495    2.893 0 0   0
2   17.493    2.971 0 0   0
2   17.490    3.050 0 0   0
2   17.487    3.128 0 0   0
2   17.483    3.207 0 0   0
2   17.479    3.285 0 0   0
2   17.475    3.363 0 0   0
2   17.470    3.442 0 0   0
2   17.465    3.520 0 0   0
2   17.460    3.599 0 0   0
2   17.454    3.677 0 0   0
2   17.447    3.755 0 0   0
2   17.441    3.833 0 0   0
2   17.433    3.912 0 0   0
2   17.426    3.990 0 0   0
2   17.418    4.068 0 0   0
2   17.409    4.146 0 0   0
2   17.401    4.224 0 0   0
2   17.391    4.302 0 0   0
2   17.382    4.380 0 0   0
2   17.372    4.458 0 0   0
2   17.361    4.536 0 0   0
2   17.350    4.614 0 0   0
2   17.339    4.691 0 0   0
2   17.327    4.769 0 0   0
2   17.315    4.847 0 0   0
2   17.303    4.924 0 0   0
2   17.290    5.002 0 0   0
2   17.277    5.079 0 0   0
2   17.263    5.156 0 0   0
2   17.249    5.234 0 0   0
2   17.234    5.311 0 0   0
2   17.219    5.388 0 0   0
2   17.204    5.465 0 0   0
2   17.188    5.542 0 0   0
2   17.172    5.619 0 0   0
2   17.156    5.695 0 0   0
2   17.139    5.772 0 0   0
2   17.121    5.849 0 0   0
2   17.104    5.925 0 0   0
2   17.086    6.002 0 0   0
2   17.067    6.078 0 0   0
2   17.048    6.154 0 0   0
2   17.029    6.230 0 0   0
2   17.009    6.306 0 0   0
2   16.989    6.382 0 0   0
2   16.968    6.458 0 0   0
2   16.947    6.534 0 0   0
2   16.926    6.609 0 0   0
2   16.904    6.685 0 0   0
2   16.882    6.760 0 0   0
2   16.860    6.835 0 0   0
2   16.837    6.911 0 0   0
2   16.814    6.986 0 0   0
2   16.790    7.060 0 0   0
2   16.766    7.135 0 0   0
2   16.741    7.210 0 0   0
2   16.717    7.284 0 0   0
2   16.691    7.359 0 0   0
2   16.666    7.433 0 0   0
2   16.640    7.507 0 0   0
2   16.613    7.581 0 0   0
2   16.586    7.655 0 0   0
2   16.559    7.729 0 0   0
2   16.532    7.802 0 0   0
2   16.504    7.876 0 0   0
2   16.475    7.949 0 0   0
2   16.447    8.022 0 0   0
2   16.418    8.095 0 0   0
2   16.388    8.168 0 0   0
2   16.358    8.240 0 0   0
2   16.328    8.313 0 0   0
2   16.297    8.385 0 0   0
2   16.266    8.457 0 0   0
2   16.235    8.529 0 0   0
2   16.203    8.601 0 0   0
2   16.171    8.673 0 0   0
2   16.139    8.744 0 0   0
2   16.106    8.816 0 0   0
2   16.072    8.887 0 0   0
2   16.039    8.958 0 0   0
2   16.005    9.028 0 0   0
2   15.970    9.099 0 0   0
2   15.936    9.170 0 0   0
2   15.901    9.240 0 0   0
2   15.865    9.310 0 0   0
2   15.829    9.380 0 0   0
2   15.793    9.449 0 0   0
2   15.756    9.519 0 0   0
2   15.720    9.588 0 0   0
2   15.682    9.657 0 0   0
2   15.645    9.726 0 0   0
2   15.607    9.795 0 0   0
2   15.568    9.864 0 0   0
2   15.529    9.932 0 0   0
2   15.490   10.000 0 0   0
2   15.451   10.068 0 0   0
2   15.411   10.136 0 0   0
2   15.371   10.203 0 0   0
2   15.330   10.270 0 0   0
2   15.290   10.337 0 0   0
2   15.248   10.404 0 0   0
2   15.207   10.471 0 0   0
2   15.165   10.537 0 0   0
2   15.123   10.604 0 0   0
2   15.080   10.670 0 0   0
2   15.037   10.735 0 0   0
2   14.994   10.801 0 0   0
2   14.950   10.866 0 0   0
2   14.906   10.931 0 0   0
2   14.862   10.996 0 0   0
2   14.817   11.061 0 0   0
2   14.772   11.125 0 0   0
2   14.727   11.189 0 0   0
2   14.681   11.253 0 0   0
2   14.635   11.317 0 0   0
2   14.589   11.380 0 0   0
2   14.542   11.443 0 0   0
2   14.495   11.506 0 0   0
2   14.448   11.569 0 0   0
2   14.400   11.631 0 0   0
2   14.352   11.694 0 0   0
2   14.304   11.756 0 0   0
2   14.255   11.817 0 0   0
2   14.206   11.879 0 0   0
2   14.157   11.940 0 0   0
2   14.108   12.001 0 0   0
2   14.058   12.061 0 0   0
2   14.007   12.122 0 0   0
2   13.957   12.182 0 0   0
2   13.906   12.242 0 0   0
2   13.855   12.301 0 0   0
2   13.803   12.361 0 0   0
2   13.752   12.420 0 0   0
2   13.700   12.478 0 0   0
2   13.647   12.537 0 0   0
2   13.594   12.595 0 0   0
2   13.541   12.653 0 0   0
2   13.488   12.711 0 0   0
2   13.435   12.768 0 0   0
2   13.381   12.825 0 0   0
2   13.326   12.882 0 0   0
2   13.272   12.939 0 0   0
2   13.217   12.995 0 0   0
2   13.162   13.051 0 0   0
2   13.107   13.107 0 0   0
2   13.051   13.162 0 0   0
2   12.995   13.217 0 0   0
2   12.939   13.272 0 0   0
2   12.882   13.326 0 0   0
2   12.825   13.381 0 0   0
2   12.768   13.435 0 0   0
2   12.711   13.488 0 0   0
2   12.653   13.541 0 0   0
2   12.595   13.594 0 0   0
2   12.537   13.647 0 0   0
2   12.478   13.700 0 0   0
2   12.420   13.752 0 0   0
2   12.361   13.803 0 0   0
2   12.301   13.855 0 0   0
2   12.242   13.906 0 0   0
2   12.182   13.957 0 0   0
2   12.122   14.007 0 0   0
2   12.061   14.058 0 0   0
2   12.001   14.108 0 0   0
2   11.940   14.157 0 0   0
2   11.879   14.206 0 0   0
2   11.817   14.255 0 0   0
2   11.756   14.304 0 0   0
2   11.694   14.352 0 0   0
2   11.631   14.400 0 0   0
2   11.569   14.448 0 0   0
2   11.506   14.495 0 0   0
2   11.443   14.542 0 0   0
2   11.380   14.589 0 0   0
2   11.317   14.635 0 0   0
2   11.253   14.681 0 0   0
2   11.189   14.727 0 0   0
2   11.125   14.772 0 0   0
2   11.061   14.817 0 0   0
2   10.996   14.862 0 0   0
2   10.931   14.906 0 0   0
2   10.866   14.950 0 0   0
2   10.801   14.994 0 0   0
2   10.735   15.037 0 0   0
2   10.670   15.080 0 0   0
2   10.604   15.123 0 0   0
2   10.537   15.165 0 0   0
2   10.471   15.207 0 0   0
2   10.404   15.248 0 0   0
2   10.337   15.290 0 0   0
2   10.270   15.330 0 0   0
2   10.203   15.371 0 0   0
2   10.136   15.411 0 0   0
2   10.068   15.451 0 0   0
2   10.000   15.490 0 0   0
2    9.932   15.529 0 0   0
2    9.864   15.568 0 0   0
2    9.795   15.607 0 0   0
2    9.726   15.645 0 0   0
2    9.657   15.682 0 0   0
2    9.588   15.720 0 0   0
2    9.519   15.756 0 0   0
2    9.449   15.793 0 0   0
2    9.380   15.829 0 0   0
2    9.310   15.865 0 0   0
2    9.240   15.901 0 0   0
2    9.170   15.936 0 0   0
2    9.099   15.970 0 0   0
2    9.028   16.005 0 0   0
2    8.958   16.039 0 0   0
2    8.887   16.072 0 0   0
2    8.816   16.106 0 0   0
2    8.744   16.139 0 0   0
2    8.673   16.171 0 0   0
2    8.601   16.203 0 0   0
2    8.529   16.235 0 0   0
2    8.457   16.266 0 0   0
2    8.385   16.297 0 0   0
2    8.313   16.328 0 0   0
2    8.240   16.358 0 0   0
2    8.168   16.388 0 0   0
2    8.095   16.418 0 0   0
2    8.022   16.447 0 0   0
2    7.949   16.475 0 0   0
2    7.876   16.504 0 0   0
2    7.802   16.532 0 0   0
2    7.729   16.559 0 0   0
2    7.655   16.586 0 0   0
2    7.581   16.613 0 0   0
2    7.507   16.640 0 0   0
2    7.433   16.666 0 0   0
2    7.359   16.691 0 0   0
2    7.284   16.717 0 0   0
2    7.210   16.741 0 0   0
2    7.135   16.766 0 0   0
2    7.060   16.790 0 0   0
2    6.986   16.814 0 0   0
2    6.911   16.837 0 0   0
2    6.835   16.860 0 0   0
2    6.760   16.882 0 0   0
2    6.685   16.904 0 0   0
2    6.609   16.926 0 0   0
2    6.534   16.947 0 0   0
2    6.458   16.968 0 0   0
2    6.382   16.989 0 0   0
2    6.306   17.009 0 0   0
2    6.230   17.029 0 0   0
2    6.154   17.048 0 0   0
2    6.078   17.067 0 0   0
2    6.002   17.086 0 0   0
2    5.925   17.104 0 0   0
2    5.849   17.121 0 0   0
2    5.772   17.139 0 0   0
2    5.695   17.156 0 0   0
2    5.619   17.172 0 0   0
2    5.542   17.188 0 0   0
2    5.465   17.204 0 0   0
2    5.388   17.219 0 0   0
2    5.311   17.234 0 0   0
2    5.234   17.249 0 0   0
2    5.156   17.263 0 0   0
2    5.079   17.277 0 0   0
2    5.002   17.290 0 0   0
2    4.924   17.303 0 0   0
2    4.847   17.315 0 0   0
2    4.769   17.327 0 0   0
2    4.691   17.339 0 0   0
2    4.614   17.350 0 0   0
2    4.536   17.361 0 0   0
2    4.458   17.372 0 0   0
2    4.380   17.382 0 0   0
2    4.302   17.391 0 0   0
2    4.224   17.401 0 0   0
2    4.146   17.409 0 0   0
2    4.068   17.418 0 0   0
2    3.990   17.426 0 0   0
2    3.912   17.433 0 0   0
2    3.833   17.441 0 0   0
2    3.755   17.447 0 0   0
2    3.677   17.454 0 0   0
2    3.599   17.460 0 0   0
2    3.520   17.465 0 0   0
2    3.442   17.470 0 0   0
2    3.363   17.475 0 0   0
2    3.285   17.479 0 0   0
2    3.207   17.483 0 0   0
2    3.128   17.487 0 0   0
2    3.050   17.490 0 0   0
2    2.971   17.493 0 0   0
2    2.893   17.495 0 0   0
2    2.814   17.497 0 0   0
2    2.736   17.498 0 0   0
2    2.657   17.499 0 0   0
2    2.579   17.500 0 0   0
2    2.500   17.500 0 0   0
3    2.500    7.958 0 0   0
2    2.500    7.611 0 0   0
2    2.500    7.265 0 0   0
2    2.500    7.135 0 0   0
2    2.500    7.005 0 0   0
3    2.500   10.372 0 0   0
2    2.500    9.969 0 0   0
2    2.500    9.567 0 0   0
2    2.500    9.165 0 0   0
2    2.500    8.762 0 0   0
2    2.500    8.360 0 0   0
2    2.500    7.958 0 0   0
3    2.500   13.184 0 0   0
2    2.500   13.022 0 0   0
2    2.500   12.860 0 0   0
2    2.500   12.652 0 0   0
2    2.500   12.445 0 0   0
2    2.500   12.180 0 0   0
2    2.500   11.915 0 0   0
2    2.500   11.576 0 0   0
2    2.500   11.237 0 0   0
2    2.500   10.804 0 0   0
2    2.500   10.372 0 0   0
3    2.500   17.500 0 0   0
2    2.500   17.421 0 0   0
2    2.500   17.343 0 0   0
2    2.500   17.261 0 0   0
2    2.500   17.180 0 0   0
2    2.500   17.095 0 0   0
2    2.500   17.010 0 0   0
2    2.500   16.922 0 0   0
2    2.500   16.834 0 0   0
2    2.500   16.742 0 0   0
2    2.500   16.650 0 0   0
2    2.500   16.555 0 0   0
2    2.500   16.460 0 0   0
2    2.500   16.361 0 0   0
2    2.500   16.262 0 0   0
2    2.500   16.159 0 0   0
2    2.500   16.056 0 0   0
2    2.500   15.949 0 0   0
2    2.500   15.843 0 0   0
2    2.500   15.731 0 0   0
2    2.500   15.620 0 0   0
2    2.500   15.505 0 0   0
2    2.500   15.389 0 0   0
2    2.500   15.269 0 0   0
2    2.500   15.150 0 0   0
2    2.500   15.025 0 0   0
2    2.500   14.900 0 0   0
2    2.500   14.771 0 0   0
2    2.500   14.641 0 0   0
2    2.500   14.506 0 0   0
2    2.500   14.372 0 0   0
2    2.500   14.232 0 0   0
2    2.500   14.092 0 0   0
2    2.500   13.946 0 0   0
2    2.500   13.801 0 0   0
2    2.500   13.650 0 0   0
2    2.500   13.498 0 0   0
2    2.500   13.341 0 0   0
2    2.500   13.184 0 0   0
3    7.005    2.500 0 0   0
2    7.135    2.500 0 0   0
2    7.265    2.500 0 0   0
2    7.611    2.500 0 0   0
2    7.958    2.500 0 0   0
3    7.958    2.500 0 0   0
2    8.360    2.500 0 0   0
2    8.762    2.500 0 0   0
2    9.165    2.500 0 0   0
2    9.567    2.500 0 0   0
2    9.969    2.500 0 0   0
2   10.372    2.500 0 0   0
3   10.372    2.500 0 0   0
2   10.804    2.500 0 0   0
2   11.237    2.500 0 0   0
2   11.576    2.500 0 0   0
2   11.915    2.500 0 0   0
2   12.180    2.500 0 0   0
2   12.445    2.500 0 0   0
2   12.652    2.500 0 0   0
2   12.860    2.500 0 0   0
2   13.022    2.500 0 0   0
2   13.184    2.500 0 0   0
3   13.184    2.500 0 0   0
2   13.341    2.500 0 0   0
2   13.498    2.500 0 0   0
2   13.650    2.500 0 0   0
2   13.801    2.500 0 0   0
2   13.946    2.500 0 0   0
2   14.092    2.500 0 0   0
2   14.232    2.500 0 0   0
2   14.372    2.500 0 0   0
2   14.506    2.500 0 0   0
2   14.641    2.500 0 0   0
2   14.771    2.500 0 0   0
2   14.900    2.500 0 0   0
2   15.025    2.500 0 0   0
2   15.150    2.500 0 0   0
2   15.269    2.500 0 0   0
2   15.389    2.500 0 0   0
2   15.505    2.500 0 0   0
2   15.620    2.500 0 0   0
2   15.731    2.500 0 0   0
2   15.843    2.500 0 0   0
2   15.949    2.500 0 0   0
2   16.056    2.500 0 0   0
2   16.159    2.500 0 0   0
2   16.262    2.500 0 0   0
2   16.361    2.500 0 0   0
2   16.460    2.500 0 0   0
2   16.555    2.500 0 0   0
2   16.650    2.500 0 0   0
2   16.742    2.500 0 0   0
2   16.834    2.500 0 0   0
2   16.922    2.500 0 0   0
2   17.010    2.500 0 0   0
2   17.095    2.500 0 0   0
2   17.180    2.500 0 0   0
2   17.261    2.500 0 0   0
2   17.343    2.500 0 0   0
2   17.421    2.500 0 0   0
2   17.500    2.500 0 0   0
3   17.500    2.500 0 0   0
2   17.500    2.579 0 0   0
2   17.499    2.657 0 0   0
2   17.498    2.736 0 0   0
2   17.497    2.814 0 0   0
2   17.495    2.893 0 0   0
2   17.493    2.971 0 0   0
2   17.490    3.050 0 0   0
2   17.487    3.128 0 0   0
2   17.483    3.207 0 0   0
2   17.479    3.285 0 0   0
2   17.475    3.363 0 0   0
2   17.470    3.442 0 0   0
2   17.465    3.520 0 0   0
2   17.460    3.599 0 0   0
2   17.454    3.677 0 0   0
2   17.447    3.755 0 0   0
2   17.441    3.833 0 0   0
2   17.433    3.912 0 0   0
2   17.426    3.990 0 0   0
2   17.418    4.068 0 0   0
2   17.409    4.146 0 0   0
2   17.401    4.224 0 0   0
2   17.391    4.302 0 0   0
2   17.382    4.380 0 0   0
2   17.372    4.458 0 0   0
2   17.361    4.536 0 0   0
2   17.350    4.614 0 0   0
2   17.339    4.691 0 0   0
2   17.327    4.769 0 0   0
2   17.315    4.847 0 0   0
2   17.303    4.924 0 0   0
2   17.290    5.002 0 0   0
2   17.277    5.079 0 0   0
2   17.263    5.156 0 0   0
2   17.249    5.234 0 0   0
2   17.234    5.311 0 0   0
2   17.219    5.388 0 0   0
2   17.204    5.465 0 0   0
2   17.188    5.542 0 0   0
2   17.172    5.619 0 0   0
2   17.156    5.695 0 0   0
2   17.139    5.772 0 0   0
2   17.121    5.849 0 0   0
2   17.104    5.925 0 0   0
2   17.086    6.002 0 0   0
2   17.067    6.078 0 0   0
2   17.048    6.154 0 0   0
2   17.029    6.230 0 0   0
2   17.009    6.306 0 0   0
2   16.989    6.382 0 0   0
2   16.968    6.458 0 0   0
2   16.947    6.534 0 0   0
2   16.926    6.609 0 0   0
2   16.904    6.685 0 0   0
2   16.882    6.760 0 0   0
2   16.860    6.835 0 0   0
2   16.837    6.911 0 0   0
2   16.814    6.986 0 0   0
2   16.790    7.060 0 0   0
2   16.766    7.135 0 0   0
2   16.741    7.210 0 0   0
2   16.717    7.284 0 0   0
2   16.691    7.359 0 0   0
2   16.666    7.433 0 0   0
2   16.640    7.507 0 0   0
2   16.613    7.581 0 0   0
2   16.586    7.655 0 0   0
2   16.559    7.729 0 0   0
2   16.532    7.802 0 0   0
2   16.504    7.876 0 0   0
2   16.475    7.949 0 0   0
2   16.447    8.022 0 0   0
2   16.418    8.095 0 0   0
2   16.388    8.168 0 0   0
2   16.358    8.240 0 0   0
2   16.328    8.313 0 0   0
2   16.297    8.385 0 0   0
2   16.266    8.457 0 0   0
2   16.235    8.529 0 0   0
2   16.203    8.601 0 0   0
2   16.171    8.673 0 0   0
2   16.139    8.744 0 0   0
2   16.106    8.816 0 0   0
2   16.072    8.887 0 0   0
2   16.039    8.958 0 0   0
2   16.005    9.028 0 0   0
2   15.970    9.099 0 0   0
2   15.936    9.170 0 0   0
2   15.901    9.240 0 0   0
2   15.865    9.310 0 0   0
2   15.829    9.380 0 0   0
2   15.793    9.449 0 0   0
2   15.756    9.519 0 0   0
2   15.720    9.588 0 0   0
2   15.682    9.657 0 0   0
2   15.645    9.726 0 0   0
2   15.607    9.795 0 0   0
2   15.568    9.864 0 0   0
2   15.529    9.932 0 0   0
2   15.490   10.000 0 0   0
2   15.451   10.068 0 0   0
2   15.411   10.136 0 0   0
2   15.371   10.203 0 0   0
2   15.330   10.270 0 0   0
2   15.290   10.337 0 0   0
2   15.248   10.404 0 0   0
2   15.207   10.471 0 0   0
2   15.165   10.537 0 0   0
2   15.123   10.604 0 0   0
2   15.080   10.670 0 0   0
2   15.037   10.735 0 0   0
2   14.994   10.801 0 0   0
2   14.950   10.866 0 0   0
2   14.906   10.931 0 0   0
2   14.862   10.996 0 0   0
2   14.817   11.061 0 0   0
2   14.772   11.125 0 0   0
2   14.727   11.189 0 0   0
2   14.681   11.253 0 0   0
2   14.635   11.317 0 0   0
2   14.589   11.380 0 0   0
2   14.542   11.443 0 0   0
2   14.495   11.506 0 0   0
2   14.448   11.569 0 0   0
2   14.400   11.631 0 0   0
2   14.352   11.694 0 0   0
2   14.304   11.756 0 0   0
2   14.255   11.817 0 0   0
2   14.206   11.879 0 0   0
2   14.157   11.940 0 0   0
2   14.108   12.001 0 0   0
2   14.058   12.061 0 0   0
2   14.007   12.122 0 0   0
2   13.957   12.182 0 0   0
2   13.906   12.242 0 0   0
2   13.855   12.301 0 0   0
2   13.803   12.361 0 0   0
2   13.752   12.420 0 0   0
2   13.700   12.478 0 0   0
2   13.647   12.537 0 0   0
2   13.594   12.595 0 0   0
2   13.541   12.653 0 0   0
2   13.488   12.711 0 0   0
2   13.435   12.768 0 0   0
2   13.381   12.825 0 0   0
2   13.326   12.882 0 0   0
2   13.272   12.939 0 0   0
2   13.217   12.995 0 0   0
2   13.162   13.051 0 0   0
2   13.107   13.107 0 0   0
2   13.051   13.162 0 0   0
2   12.995   13.217 0 0   0
2   12.939   13.272 0 0   0
2   12.882   13.326 0 0   0
2   12.825   13.381 0 0   0
2   12.768   13.435 0 0   0
2   12.711   13.488 0 0   0
2   12.653   13.541 0 0   0
2   12.595   13.594 0 0   0
2   12.537   13.647 0 0   0
2   12.478   13.700 0 0   0
2   12.420   13.752 0 0   0
2   12.361   13.803 0 0   0
2   12.301   13.855 0 0   0
2   12.242   13.906 0 0   0
2   12.182   13.957 0 0   0
2   12.122   14.007 0 0   0
2   12.061   14.058 0 0   0
2   12.001   14.108 0 0   0
2   11.940   14.157 0 0   0
2   11.879   14.206 0 0   0
2   11.817   14.255 0 0   0
2   11.756   14.304 0 0   0
2   11.694   14.352 0 0   0
2   11.631   14.400 0 0   0
2   11.569   14.448 0 0   0
2   11.506   14.495 0 0   0
2   11.443   14.542 0 0   0
2   11.380   14.589 0 0   0
2   11.317   14.635 0 0   0
2   11.253   14.681 0 0   0
2   11.189   14.727 0 0   0
2   11.125   14.772 0 0   0
2   11.061   14.817 0 0   0
2   10.996   14.862 0 0   0
2   10.931   14.906 0 0   0
2   10.866   14.950 0 0   0
2   10.801   14.994 0 0   0
2   10.735   15.037 0 0   0
2   10.670   15.080 0 0   0
2   10.604   15.123 0 0   0
2   10.537   15.165 0 0   0
2   10.471   15.207 0 0   0
2   10.404   15.248 0 0   0
2   10.337   15.290 0 0   0
2   10.270   15.330 0 0   0
2   10.203   15.371 0 0   0
2   10.136   15.411 0 0   0
2   10.068   15.451 0 0   0
2   10.000   15.490 0 0   0
2    9.932   15.529 0 0   0
2    9.864   15.568 0 0   0
2    9.795   15.607 0 0   0
2    9.726   15.645 0 0   0
2    9.657   15.682 0 0   0
2    9.588   15.720 0 0   0
2    9.519   15.756 0 0   0
2    9.449   15.793 0 0   0
2    9.380   15.829 0 0   0
2    9.310   15.865 0 0   0
2    9.240   15.901 0 0   0
2    9.170   15.936 0 0   0
2    9.099   15.970 0 0   0
2    9.028   16.005 0 0   0
2    8.958   16.039 0 0   0
2    8.887   16.072 0 0   0
2    8.816   16.106 0 0   0
2    8.744   16.139 0 0   0
2    8.673   16.171 0 0   0
2    8.601   16.203 0 0   0
2    8.529   16.235 0 0   0
2    8.457   16.266 0 0   0
2    8.385   16.297 0 0   0
2    8.313   16.328 0 0   0
2    8.240   16.358 0 0   0
2    8.168   16.388 0 0   0
2    8.095   16.418 0 0   0
2    8.022   16.447 0 0   0
2    7.949   16.475 0 0   0
2    7.876   16.504 0 0   0
2    7.802   16.532 0 0   0
2    7.729   16.559 0 0   0
2    7.655   16.586 0 0   0
2    7.581   16.613 0 0   0
2    7.507   16.640 0 0   0
2    7.433   16.666 0 0   0
2    7.359   16.691 0 0   0
2    7.284   16.717 0 0   0
2    7.210   16.741 0 0   0
2    7.135   16.766 0 0   0
2    7.060   16.790 0 0   0
2    6.986   16.814 0 0   0
2    6.911   16.837 0 0   0
2    6.835   16.860 0 0   0
2    6.760   16.882 0 0   0
2    6.685   16.904 0 0   0
2    6.609   16.926 0 0   0
2    6.534   16.947 0 0   0
2    6.458   16.968 0 0   0
2    6.382   16.989 0 0   0
2    6.306   17.009 0 0   0
2    6.230   17.029 0 0   0
2    6.154   17.048 0 0   0
2    6.078   17.067 0 0   0
2    6.002   17.086 0 0   0
2    5.925   17.104 0 0   0
2    5.849   17.121 0 0   0
2    5.772   17.139 0 0   0
2    5.695   17.156 0 0   0
2    5.619   17.172 0 0   0
2    5.542   17.188 0 0   0
2    5.465   17.204 0 0   0
2    5.388   17.219 0 0   0
2    5.311   17.234 0 0   0
2    5.234   17.249 0 0   0
2    5.156   17.263 0 0   0
2    5.079   17.277 0 0   0
2    5.002   17.290 0 0   0
2    4.924   17.303 0 0   0
2    4.847   17.315 0 0   0
2    4.769   17.327 0 0   0
2    4.691   17.339 0 0   0
2    4.614   17.350 0 0   0
2    4.536   17.361 0 0   0
2    4.458   17.372 0 0   0
2    4.380   17.382 0 0   0
2    4.302   17.391 0 0   0
2    4.224   17.401 0 0   0
2    4.146   17.409 0 0   0
2    4.068   17.418 0 0   0
2    3.990   17.426 0 0   0
2    3.912   17.433 0 0   0
2    3.833   17.441 0 0   0
2    3.755   17.447 0 0   0
2    3.677   17.454 0 0   0
2    3.599   17.460 0 0   0
2    3.520   17.465 0 0   0
2    3.442   17.470 0 0   0
2    3.363   17.475 0 0   0
2    3.285   17.479 0 0   0
2    3.207   17.483 0 0   0
2    3.128   17.487 0 0   0
2    3.050   17.490 0 0   0
2    2.971   17.493 0 0   0
2    2.893   17.495 0 0   0
2    2.814   17.497 0 0   0
2    2.736   17.498 0 0   0
2    2.657   17.499 0 0   0
2    2.579   17.500 0 0   0
2    2.500   17.500 0 0   0
3    7.005    2.500 0 0   0
2    7.002    2.661 0 0   0
2    6.993    2.821 0 0   0
2    6.979    2.982 0 0   0
2    6.959    3.141 0 0   0
2    6.933    3.300 0 0   0
2    6.902    3.458 0 0   0
2    6.865    3.614 0 0   0
2    6.822    3.769 0 0   0
2    6.774    3.923 0 0   0
2    6.721    4.074 0 0   0
2    6.662    4.224 0 0   0
2    6.598    4.371 0 0   0
2    6.528    4.516 0 0   0
2    6.454    4.659 0 0   0
2    6.374    4.799 0 0   0
2    6.290    4.935 0 0   0
2    6.200    5.069 0 0   0
2    6.106    5.200 0 0   0
2    6.007    5.327 0 0   0
2    5.904    5.450 0 0   0
2    5.797    5.570 0 0   0
2    5.685    5.685 0 0   0
2    5.570    5.797 0 0   0
2    5.450    5.904 0 0   0
2    5.327    6.007 0 0   0
2    5.200    6.106 0 0   0
2    5.069    6.200 0 0   0
2    4.935    6.290 0 0   0
2    4.799    6.374 0 0   0
2    4.659    6.454 0 0   0
2    4.516    6.528 0 0   0
2    4.371    6.598 0 0   0
2    4.224    6.662 0 0   0
2    4.074    6.721 0 0   0
2    3.923    6.774 0 0   0
2    3.769    6.822 0 0   0
2    3.614    6.865 0 0   0
2    3.458    6.902 0 0   0
2    3.300    6.933 0 0   0
2    3.141    6.959 0 0   0
2    2.982    6.979 0 0   0
2    2.821    6.993 0 0   0
2    2.661    7.002 0 0   0
2    2.500    7.005 0 0   0
3    7.005    2.500 0 0   0
2    7.135    2.500 0 0   0
2    7.265    2.500 0 0   0
2    7.611    2.500 0 0   0
2    7.958    2.500 0 0   0
2    7.958    2.500 0 0   0
2    8.360    2.500 0 0   0
2    8.762    2.500 0 0   0
2    9.165    2.500 0 0   0
2    9.567    2.500 0 0   0
2    9.969    2.500 0 0   0
2   10.372    2.500 0 0   0
2   10.372    2.500 0 0   0
2   10.804    2.500 0 0   0
2   11.237    2.500 0 0   0
2   11.576    2.500 0 0   0
2   11.915    2.500 0 0   0
2   12.180    2.500 0 0   0
2   12.445    2.500 0 0   0
2   12.652    2.500 0 0   0
2   12.860    2.500 0 0   0
2   13.022    2.500 0 0   0
2   13.184    2.500 0 0   0
2   13.184    2.500 0 0   0
2   13.341    2.500 0 0   0
2   13.498    2.500 0 0   0
2   13.650    2.500 0 0   0
2   13.801    2.500 0 0   0
2   13.946    2.500 0 0   0
2   14.092    2.500 0 0   0
2   14.232    2.500 0 0   0
2   14.372    2.500 0 0   0
2   14.506    2.500 0 0   0
2   14.641    2.500 0 0   0
2   14.771    2.500 0 0   0
2   14.900    2.500 0 0   0
2   15.025    2.500 0 0   0
2   15.150    2.500 0 0   0
2   15.269    2.500 0 0   0
2   15.389    2.500 0 0   0
2   15.505    2.500 0 0   0
2   15.620    2.500 0 0   0
2   15.731    2.500 0 0   0
2   15.843    2.500 0 0   0
2   15.949    2.500 0 0   0
2   16.056    2.500 0 0   0
2   16.159    2.500 0 0   0
2   16.262    2.500 0 0   0
2   16.361    2.500 0 0   0
2   16.460    2.500 0 0   0
2   16.555    2.500 0 0   0
2   16.650    2.500 0 0   0
2   16.742    2.500 0 0   0
2   16.834    2.500 0 0   0
2   16.922    2.500 0 0   0
2   17.010    2.500 0 0   0
2   17.095    2.500 0 0   0
2   17.180    2.500 0 0   0
2   17.261    2.500 0 0   0
2   17.343    2.500 0 0   0
2   17.421    2.500 0 0   0
2   17.500    2.500 0 0   0
3    2.500   13.184 0 0   0
2    2.658   13.183 0 0   0
2    2.817   13.180 0 0   0
2    2.975   13.174 0 0   0
2    3.133   13.166 0 0   0
2    3.291   13.155 0 0   0
2    3.449   13.142 0 0   0
2    3.606   13.127 0 0   0
2    3.764   13.109 0 0   0
2    3.921   13.089 0 0   0
2    4.077   13.067 0 0   0
2    4.234   13.043 0 0   0
2    4.390   13.016 0 0   0
2    4.546   12.987 0 0   0
2    4.701   12.955 0 0   0
2    4.855   12.921 0 0   0
2    5.010   12.885 0 0   0
2    5.163   12.847 0 0   0
2    5.316   12.806 0 0   0
2    5.469   12.764 0 0   0
2    5.620   12.718 0 0   0
2    5.771   12.671 0 0   0
2    5.922   12.622 0 0   0
2    6.071   12.570 0 0   0
2    6.220   12.516 0 0   0
2    6.368   12.459 0 0   0
2    6.515   12.401 0 0   0
2    6.662   12.340 0 0   0
2    6.807   12.278 0 0   0
2    6.952   12.213 0 0   0
2    7.095   12.146 0 0   0
2    7.237   12.077 0 0   0
2    7.379   12.005 0 0   0
2    7.519   11.932 0 0   0
2    7.658   11.857 0 0   0
2    7.796   11.779 0 0   0
2    7.933   11.700 0 0   0
2    8.069   11.618 0 0   0
2    8.204   11.535 0 0   0
2    8.337   11.449 0 0   0
2    8.469   11.362 0 0   0
2    8.599   11.272 0 0   0
2    8.729   11.181 0 0   0
2    8.857   11.088 0 0   0
2    8.983   10.992 0 0   0
2    9.108   10.895 0 0   0
2    9.232   10.797 0 0   0
2    9.354   10.696 0 0   0
2    9.475   10.593 0 0   0
2    9.594   10.489 0 0   0
2    9.712   10.383 0 0   0
2    9.828   10.276 0 0   0
2    9.942   10.166 0 0   0
2   10.055   10.055 0 0   0
2   10.166    9.942 0 0   0
2   10.276    9.828 0 0   0
2   10.383    9.712 0 0   0
2   10.489    9.594 0 0   0
2   10.593    9.475 0 0   0
2   10.696    9.354 0 0   0
2   10.797    9.232 0 0   0
2   10.895    9.108 0 0   0
2   10.992    8.983 0 0   0
2   11.088    8.857 0 0   0
2   11.181    8.729 0 0   0
2   11.272    8.599 0 0   0
2   11.362    8.469 0 0   0
2   11.449    8.337 0 0   0
2   11.535    8.204 0 0   0
2   11.618    8.069 0 0   0
2   11.700    7.933 0 0   0
2   11.779    7.796 0 0   0
2   11.857    7.658 0 0   0
2   11.932    7.519 0 0   0
2   12.005    7.379 0 0   0
2   12.077    7.237 0 0   0
2   12.146    7.095 0 0   0
2   12.213    6.952 0 0   0
2   12.278    6.807 0 0   0
2   12.340    6.662 0 0   0
2   12.401    6.515 0 0   0
2   12.459    6.368 0 0   0
2   12.516    6.220 0 0   0
2   12.570    6.071 0 0   0
2   12.622    5.922 0 0   0
2   12.671    5.771 0 0   0
2   12.718    5.620 0 0   0
2   12.764    5.469 0 0   0
2   12.806    5.316 0 0   0
2   12.847    5.163 0 0   0
2   12.885    5.010 0 0   0
2   12.921    4.855 0 0   0
2   12.955    4.701 0 0   0
2   12.987    4.546 0 0   0
2   13.016    4.390 0 0   0
2   13.043    4.234 0 0   0
2   13.067    4.077 0 0   0
2   13.089    3.921 0 0   0
2   13.109    3.764 0 0   0
2   13.127    3.606 0 0   0
2   13.142    3.449 0 0   0
2   13.155    3.291 0 0   0
2   13.166    3.133 0 0   0
2   13.174    2.975 0 0   0
2   13.180    2.817 0 0   0
2   13.183    2.658 0 0   0
2   13.184    2.500 0 0   0
3    2.500   17.500 0 0   0
2    2.500   17.421 0 0   0
2    2.500   17.343 0 0   0
2    2.500   17.261 0 0   0
2    2.500   17.180 0 0   0
2    2.500   17.095 0 0   0
2    2.500   17.010 0 0   0
2    2.500   16.922 0 0   0
2    2.500   16.834 0 0   0
2    2.500   16.742 0 0   0
2    2.500   16.650 0 0   0
2    2.500   16.555 0 0   0
2    2.500   16.460 0 0   0
2    2.500   16.361 0 0   0
2    2.500   16.262 0 0   0
2    2.500   16.159 0 0   0
2    2.500   16.056 0 0   0
2    2.500   15.949 0 0   0
2    2.500   15.843 0 0   0
2    2.500   15.731 0 0   0
2    2.500   15.620 0 0   0
2    2.500   15.505 0 0   0
2    2.500   15.389 0 0   0
2    2.500   15.269 0 0   0
2    2.500   15.150 0 0   0
2    2.500   15.025 0 0   0
2    2.500   14.900 0 0   0
2    2.500   14.771 0 0   0
2    2.500   14.641 0 0   0
2    2.500   14.506 0 0   0
2    2.500   14.372 0 0   0
2    2.500   14.232 0 0   0
2    2.500   14.092 0 0   0
2    2.500   13.946 0 0   0
2    2.500   13.801 0 0   0
2    2.500   13.650 0 0   0
2    2.500   13.498 0 0   0
2    2.500   13.341 0 0   0
2    2.500   13.184 0 0   0
2    2.500   13.184 0 0   0
2    2.500   13.022 0 0   0
2    2.500   12.860 0 0   0
2    2.500   12.652 0 0   0
2    2.500   12.445 0 0   0
2    2.500   12.180 0 0   0
2    2.500   11.915 0 0   0
2    2.500   11.576 0 0   0
2    2.500   11.237 0 0   0
2    2.500   10.804 0 0   0
2    2.500   10.372 0 0   0
2    2.500   10.372 0 0   0
2    2.500    9.969 0 0   0
2    2.500    9.567 0 0   0
2    2.500    9.165 0 0   0
2    2.500    8.762 0 0   0
2    2.500    8.360 0 0   0
2    2.500    7.958 0 0   0
2    2.500    7.958 0 0   0
2    2.500    7.611 0 0   0
2    2.500    7.265 0 0   0
2    2.500    7.135 0 0   0
2    2.500    7.005 0 0   0
3    7.005    2.500 0 0   0
2    7.002    2.661 0 0   0
2    6.993    2.821 0 0   0
2    6.979    2.982 0 0   0
2    6.959    3.141 0 0   0
2    6.933    3.300 0 0   0
2    6.902    3.458 0 0   0
2    6.865    3.614 0 0   0
2    6.822    3.769 0 0   0
2    6.774    3.923 0 0   0
2    6.721    4.074 0 0   0
2    6.662    4.224 0 0   0
2    6.598    4.371 0 0   0
2    6.528    4.516 0 0   0
2    6.454    4.659 0 0   0
2    6.374    4.799 0 0   0
2    6.290    4.935 0 0   0
2    6.200    5.069 0 0   0
2    6.106    5.200 0 0   0
2    6.007    5.327 0 0   0
2    5.904    5.450 0 0   0
2    5.797    5.570 0 0   0
2    5.685    5.685 0 0   0
2    5.570    5.797 0 0   0
2    5.450    5.904 0 0   0
2    5.327    6.007 0 0   0
2    5.200    6.106 0 0   0
2    5.069    6.200 0 0   0
2    4.935    6.290 0 0   0
2    4.799    6.374 0 0   0
2    4.659    6.454 0 0   0
2    4.516    6.528 0 0   0
2    4.371    6.598 0 0   0
2    4.224    6.662 0 0   0
2    4.074    6.721 0 0   0
2    3.923    6.774 0 0   0
2    3.769    6.822 0 0   0
2    3.614    6.865 0 0   0
2    3.458    6.902 0 0   0
2    3.300    6.933 0 0   0
2    3.141    6.959 0 0   0
2    2.982    6.979 0 0   0
2    2.821    6.993 0 0   0
2    2.661    7.002 0 0   0
2    2.500    7.005 0 0   0
2    2.500    7.005 0 0   0
2    2.500    7.135 0 0   0
2    2.500    7.265 0 0   0
2    2.500    7.611 0 0   0
2    2.500    7.958 0 0   0
2    2.500    7.958 0 0   0
2    2.500    8.360 0 0   0
2    2.500    8.762 0 0   0
2    2.500    9.165 0 0   0
2    2.500    9.567 0 0   0
2    2.500    9.969 0 0   0
2    2.500   10.372 0 0   0
2    2.500   10.372 0 0   0
2    2.500   10.804 0 0   0
2    2.500   11.237 0 0   0
2    2.500   11.576 0 0   0
2    2.500   11.915 0 0   0
2    2.500   12.180 0 0   0
2    2.500   12.445 0 0   0
2    2.500   12.652 0 0   0
2    2.500   12.860 0 0   0
2    2.500   13.022 0 0   0
2    2.500   13.184 0 0   0
2    2.500   13.184 0 0   0
2    2.500   13.341 0 0   0
2    2.500   13.498 0 0   0
2    2.500   13.650 0 0   0
2    2.500   13.801 0 0   0
2    2.500   13.946 0 0   0
2    2.500   14.092 0 0   0
2    2.500   14.232 0 0   0
2    2.500   14.372 0 0   0
2    2.500   14.506 0 0   0
2    2.500   14.641 0 0   0
2    2.500   14.771 0 0   0
2    2.500   14.900 0 0   0
2    2.500   15.025 0 0   0
2    2.500   15.150 0 0   0
2    2.500   15.269 0 0   0
2    2.500   15.389 0 0   0
2    2.500   15.505 0 0   0
2    2.500   15.620 0 0   0
2    2.500   15.731 0 0   0
2    2.500   15.843 0 0   0
2    2.500   15.949 0 0   0
2    2.500   16.056 0 0   0
2    2.500   16.159 0 0   0
2    2.500   16.262 0 0   0
2    2.500   16.361 0 0   0
2    2.500   16.460 0 0   0
2    2.500   16.555 0 0   0
2    2.500   16.650 0 0   0
2    2.500   16.742 0 0   0
2    2.500   16.834 0 0   0
2    2.500   16.922 0 0   0
2    2.500   17.010 0 0   0
2    2.500   17.095 0 0   0
2    2.500   17.180 0 0   0
2    2.500   17.261 0 0   0
2    2.500   17.343 0 0   0
2    2.500   17.421 0 0   0
2    2.500   17.500 0 0   0
2    2.500   17.500 0 0   0
2    2.579   17.500 0 0   0
2    2.657   17.499 0 0   0
2    2.736   17.498 0 0   0
2    2.814   17.497 0 0   0
2    2.893   17.495 0 0   0
2    2.971   17.493 0 0   0
2    3.050   17.490 0 0   0
2    3.128   17.487 0 0   0
2    3.207   17.483 0 0   0
2    3.285   17.479 0 0   0
2    3.363   17.475 0 0   0
2    3.442   17.470 0 0   0
2    3.520   17.465 0 0   0
2    3.599   17.460 0 0   0
2    3.677   17.454 0 0   0
2    3.755   17.447 0 0   0
2    3.833   17.441 0 0   0
2    3.912   17.433 0 0   0
2    3.990   17.426 0 0   0
2    4.068   17.418 0 0   0
2    4.146   17.409 0 0   0
2    4.224   17.401 0 0   0
2    4.302   17.391 0 0   0
2    4.380   17.382 0 0   0
2    4.458   17.372 0 0   0
2    4.536   17.361 0 0   0
2    4.614   17.350 0 0   0
2    4.691   17.339 0 0   0
2    4.769   17.327 0 0   0
2    4.847   17.315 0 0   0
2    4.924   17.303 0 0   0
2    5.002   17.290 0 0   0
2    5.079   17.277 0 0   0
2    5.156   17.263 0 0   0
2    5.234   17.249 0 0   0
2    5.311   17.234 0 0   0
2    5.388   17.219 0 0   0
2    5.465   17.204 0 0   0
2    5.542   17.188 0 0   0
2    5.619   17.172 0 0   0
2    5.695   17.156 0 0   0
2    5.772   17.139 0 0   0
2    5.849   17.121 0 0   0
2    5.925   17.104 0 0   0
2    6.002   17.086 0 0   0
2    6.078   17.067 0 0   0
2    6.154   17.048 0 0   0
2    6.230   17.029 0 0   0
2    6.306   17.009 0 0   0
2    6.382   16.989 0 0   0
2    6.458   16.968 0 0   0
2    6.534   16.947 0 0   0
2    6.609   16.926 0 0   0
2    6.685   16.904 0 0   0
2    6.760   16.882 0 0   0
2    6.835   16.860 0 0   0
2    6.911   16.837 0 0   0
2    6.986   16.814 0 0   0
2    7.060   16.790 0 0   0
2    7.135   16.766 0 0   0
2    7.210   16.741 0 0   0
2    7.284   16.717 0 0   0
2    7.359   16.691 0 0   0
2    7.433   16.666 0 0   0
2    7.507   16.640 0 0   0
2    7.581   16.613 0 0   0
2    7.655   16.586 0 0   0
2    7.729   16.559 0 0   0
2    7.802   16.532 0 0   0
2    7.876   16.504 0 0   0
2    7.949   16.475 0 0   0
2    8.022   16.447 0 0   0
2    8.095   16.418 0 0   0
2    8.168   16.388 0 0   0
2    8.240   16.358 0 0   0
2    8.313   16.328 0 0   0
2    8.385   16.297 0 0   0
2    8.457   16.266 0 0   0
2    8.529   16.235 0 0   0
2    8.601   16.203 0 0   0
2    8.673   16.171 0 0   0
2    8.744   16.139 0 0   0
2    8.816   16.106 0 0   0
2    8.887   16.072 0 0   0
2    8.958   16.039 0 0   0
2    9.028   16.005 0 0   0
2    9.099   15.970 0 0   0
2    9.170   15.936 0 0   0
2    9.240   15.901 0 0   0
2    9.310   15.865 0 0   0
2    9.380   15.829 0 0   0
2    9.449   15.793 0 0   0
2    9.519   15.756 0 0   0
2    9.588   15.720 0 0   0
2    9.657   15.682 0 0   0
2    9.726   15.645 0 0   0
2    9.795   15.607 0 0   0
2    9.864   15.568 0 0   0
2    9.932   15.529 0 0   0
2   10.000   15.490 0 0   0
2   10.068   15.451 0 0   0
2   10.136   15.411 0 0   0
2   10.203   15.371 0 0   0
2   10.270   15.330 0 0   0
2   10.337   15.290 0 0   0
2   10.404   15.248 0 0   0
2   10.471   15.207 0 0   0
2   10.537   15.165 0 0   0
2   10.604   15.123 0 0   0
2   10.670   15.080 0 0   0
2   10.735   15.037 0 0   0
2   10.801   14.994 0 0   0
2   10.866   14.950 0 0   0
2   10.931   14.906 0 0   0
2   10.996   14.862 0 0   0
2   11.061   14.817 0 0   0
2   11.125   14.772 0 0   0
2   11.189   14.727 0 0   0
2   11.253   14.681 0 0   0
2   11.317   14.635 0 0   0
2   11.380   14.589 0 0   0
2   11.443   14.542 0 0   0
2   11.506   14.495 0 0   0
2   11.569   14.448 0 0   0
2   11.631   14.400 0 0   0
2   11.694   14.352 0 0   0
2   11.756   14.304 0 0   0
2   11.817   14.255 0 0   0
2   11.879   14.206 0 0   0
2   11.940   14.157 0 0   0
2   12.001   14.108 0 0   0
2   12.061   14.058 0 0   0
2   12.122   14.007 0 0   0
2   12.182   13.957 0 0   0
2   12.242   13.906 0 0   0
2   12.301   13.855 0 0   0
2   12.361   13.803 0 0   0
2   12.420   13.752 0 0   0
2   12.478   13.700 0 0   0
2   12.537   13.647 0 0   0
2   12.595   13.594 0 0   0
2   12.653   13.541 0 0   0
2   12.711   13.488 0 0   0
2   12.768   13.435 0 0   0
2   12.825   13.381 0 0   0
2   12.882   13.326 0 0   0
2   12.939   13.272 0 0   0
2   12.995   13.217 0 0   0
2   13.051   13.162 0 0   0
2   13.107   13.107 0 0   0
2   13.162   13.051 0 0   0
2   13.217   12.995 0 0   0
2   13.272   12.939 0 0   0
2   13.326   12.882 0 0   0
2   13.381   12.825 0 0   0
2   13.435   12.768 0 0   0
2   13.488   12.711 0 0   0
2   13.541   12.653 0 0   0
2   13.594   12.595 0 0   0
2   13.647   12.537 0 0   0
2   13.700   12.478 0 0   0
2   13.752   12.420 0 0   0
2   13.803   12.361 0 0   0
2   13.855   12.301 0 0   0
2   13.906   12.242 0 0   0
2   13.957   12.182 0 0   0
2   14.007   12.122 0 0   0
2   14.058   12.061 0 0   0
2   14.108   12.001 0 0   0
2   14.157   11.940 0 0   0
2   14.206   11.879 0 0   0
2   14.255   11.817 0 0   0
2   14.304   11.756 0 0   0
2   14.352   11.694 0 0   0
2   14.400   11.631 0 0   0
2   14.448   11.569 0 0   0
2   14.495   11.506 0 0   0
2   14.542   11.443 0 0   0
2   14.589   11.380 0 0   0
2   14.635   11.317 0 0   0
2   14.681   11.253 0 0   0
2   14.727   11.189 0 0   0
2   14.772   11.125 0 0   0
2   14.817   11.061 0 0   0
2   14.862   10.996 0 0   0
2   14.906   10.931 0 0   0
2   14.950   10.866 0 0   0
2   14.994   10.801 0 0   0
2   15.037   10.735 0 0   0
2   15.080   10.670 0 0   0
2   15.123   10.604 0 0   0
2   15.165   10.537 0 0   0
2   15.207   10.471 0 0   0
2   15.248   10.404 0 0   0
2   15.290   10.337 0 0   0
2   15.330   10.270 0 0   0
2   15.371   10.203 0 0   0
2   15.411   10.136 0 0   0
2   15.451   10.068 0 0   0
2   15.490   10.000 0 0   0
2   15.529    9.932 0 0   0
2   15.568    9.864 0 0   0
2   15.607    9.795 0 0   0
2   15.645    9.726 0 0   0
2   15.682    9.657 0 0   0
2   15.720    9.588 0 0   0
2   15.756    9.519 0 0   0
2   15.793    9.449 0 0   0
2   15.829    9.380 0 0   0
2   15.865    9.310 0 0   0
2   15.901    9.240 0 0   0
2   15.936    9.170 0 0   0
2   15.970    9.099 0 0   0
2   16.005    9.028 0 0   0
2   16.039    8.958 0 0   0
2   16.072    8.887 0 0   0
2   16.106    8.816 0 0   0
2   16.139    8.744 0 0   0
2   16.171    8.673 0 0   0
2   16.203    8.601 0 0   0
2   16.235    8.529 0 0   0
2   16.266    8.457 0 0   0
2   16.297    8.385 0 0   0
2   16.328    8.313 0 0   0
2   16.358    8.240 0 0   0
2   16.388    8.168 0 0   0
2   16.418    8.095 0 0   0
2   16.447    8.022 0 0   0
2   16.475    7.949 0 0   0
2   16.504    7.876 0 0   0
2   16.532    7.802 0 0   0
2   16.559    7.729 0 0   0
2   16.586    7.655 0 0   0
2   16.613    7.581 0 0   0
2   16.640    7.507 0 0   0
2   16.666    7.433 0 0   0
2   16.691    7.359 0 0   0
2   16.717    7.284 0 0   0
2   16.741    7.210 0 0   0
2   16.766    7.135 0 0   0
2   16.790    7.060 0 0   0
2   16.814    6.986 0 0   0
2   16.837    6.911 0 0   0
2   16.860    6.835 0 0   0
2   16.882    6.760 0 0   0
2   16.904    6.685 0 0   0
2   16.926    6.609 0 0   0
2   16.947    6.534 0 0   0
2   16.968    6.458 0 0   0
2   16.989    6.382 0 0   0
2   17.009    6.306 0 0   0
2   17.029    6.230 0 0   0
2   17.048    6.154 0 0   0
2   17.067    6.078 0 0   0
2   17.086    6.002 0 0   0
2   17.104    5.925 0 0   0
2   17.121    5.849 0 0   0
2   17.139    5.772 0 0   0
2   17.156    5.695 0 0   0
2   17.172    5.619 0 0   0
2   17.188    5.542 0 0   0
2   17.204    5.465 0 0   0
2   17.219    5.388 0 0   0
2   17.234    5.311 0 0   0
2   17.249    5.234 0 0   0
2   17.263    5.156 0 0   0
2   17.277    5.079 0 0   0
2   17.290    5.002 0 0   0
2   17.303    4.924 0 0   0
2   17.315    4.847 0 0   0
2   17.327    4.769 0 0   0
2   17.339    4.691 0 0   0
2   17.350    4.614 0 0   0
2   17.361    4.536 0 0   0
2   17.372    4.458 0 0   0
2   17.382    4.380 0 0   0
2   17.391    4.302 0 0   0
2   17.401    4.224 0 0   0
2   17.409    4.146 0 0   0
2   17.418    4.068 0 0   0
2   17.426    3.990 0 0   0
2   17.433    3.912 0 0   0
2   17.441    3.833 0 0   0
2   17.447    3.755 0 0   0
2   17.454    3.677 0 0   0
2   17.460    3.599 0 0   0
2   17.465    3.520 0 0   0
2   17.470    3.442 0 0   0
2   17.475    3.363 0 0   0
2   17.479    3.285 0 0   0
2   17.483    3.207 0 0   0
2   17.487    3.128 0 0   0
2   17.490    3.050 0 0   0
2   17.493    2.971 0 0   0
2   17.495    2.893 0 0   0
2   17.497    2.814 0 0   0
2   17.498    2.736 0 0   0
2   17.499    2.657 0 0   0
2   17.500    2.579 0 0   0
2   17.500    2.500 0 0   0
2   17.500    2.500 0 0   0
2   17.421    2.500 0 0   0
2   17.343    2.500 0 0   0
2   17.261    2.500 0 0   0
2   17.180    2.500 0 0   0
2   17.095    2.500 0 0   0
2   17.010    2.500 0 0   0
2   16.922    2.500 0 0   0
2   16.834    2.500 0 0   0
2   16.742    2.500 0 0   0
2   16.650    2.500 0 0   0
2   16.555    2.500 0 0   0
2   16.460    2.500 0 0   0
2   16.361    2.500 0 0   0
2   16.262    2.500 0 0   0
2   16.159    2.500 0 0   0
2   16.056    2.500 0 0   0
2   15.949    2.500 0 0   0
2   15.843    2.500 0 0   0
2   15.731    2.500 0 0   0
2   15.620    2.500 0 0   0
2   15.505    2.500 0 0   0
2   15.389    2.500 0 0   0
2   15.269    2.500 0 0   0
2   15.150    2.500 0 0   0
2   15.025    2.500 0 0   0
2   14.900    2.500 0 0   0
2   14.771    2.500 0 0   0
2   14.641    2.500 0 0   0
2   14.506    2.500 0 0   0
2   14.372    2.500 0 0   0
2   14.232    2.500 0 0   0
2   14.092    2.500 0 0   0
2   13.946    2.500 0 0   0
2   13.801    2.500 0 0   0
2   13.650    2.500 0 0   0
2   13.498    2.500 0 0   0
2   13.341    2.500 0 0   0
2   13.184    2.500 0 0   0
2   13.184    2.500 0 0   0
2   13.022    2.500 0 0   0
2   12.860    2.500 0 0   0
2   12.652    2.500 0 0   0
2   12.445    2.500 0 0   0
2   12.180    2.500 0 0   0
2   11.915    2.500 0 0   0
2   11.576    2.500 0 0   0
2   11.237    2.500 0 0   0
2   10.804    2.500 0 0   0
2   10.372    2.500 0 0   0
2   10.372    2.500 0 0   0
2    9.969    2.500 0 0   0
2    9.567    2.500 0 0   0
2    9.165    2.500 0 0   0
2    8.762    2.500 0 0   0
2    8.360    2.500 0 0   0
2    7.958    2.500 0 0   0
2    7.958    2.500 0 0   0
2    7.611    2.500 0 0   0
2    7.265    2.500 0 0   0
2    7.135    2.500 0 0   0
2    7.005    2.500 0 0   0
5    0.000    0.000 0 0   0
