1    1.000   20.000 0 0   0
6    3.500    0.750    0.000    0.250  80
x                                                                               
3   23.750    0.875 0 0   0
2   24.500    0.875 0 0   0
2   24.250    1.000 0 0   0
2   24.250    0.750 0 0   0
2   24.500    0.875 0 0   0
6    0.875    3.500   90.000    0.250  80
y                                                                               
3    0.750   23.750 0 0   0
2    0.750   24.500 0 0   0
2    0.625   24.250 0 0   0
2    0.875   24.250 0 0   0
2    0.750   24.500 0 0   0
3   14.641    2.500 0 0   0
2   14.641    2.500 0 0   0
2   14.641    2.500 0 0   0
2   14.641    2.500 0 0   0
2   14.641    2.500 0 0   0
3    3.958    7.520 0 0   0
2    3.958    7.520 0 0   0
2    3.797    7.681 0 0   0
2    3.705    7.752 0 0   0
2    3.641    7.833 0 0   0
2    3.499    7.988 0 0   0
2    3.370    8.242 0 0   0
2    3.349    8.273 0 0   0
2    3.343    8.294 0 0   0
2    3.222    8.556 0 0   0
2    3.192    8.711 0 0   0
2    3.135    8.894 0 0   0
2    3.103    9.117 0 0   0
2    3.070    9.265 0 0   0
2    3.045    9.532 0 0   0
2    3.029    9.635 0 0   0
2    3.008    9.934 0 0   0
2    2.999   10.029 0 0   0
2    2.984   10.355 0 0   0
2    2.980   10.437 0 0   0
2    2.971   10.773 0 0   0
2    2.969   10.911 0 0   0
2    2.967   11.206 0 0   0
2    2.968   11.336 0 0   0
2    2.969   11.543 0 0   0
2    2.975   11.761 0 0   0
2    2.976   11.886 0 0   0
2    2.984   12.099 0 0   0
2    2.985   12.151 0 0   0
2    2.993   12.354 0 0   0
2    2.997   12.419 0 0   0
2    2.998   12.443 0 0   0
2    3.008   12.627 0 0   0
2    3.016   12.736 0 0   0
2    3.022   12.837 0 0   0
2    3.031   12.962 0 0   0
2    3.035   13.003 0 0   0
2    3.038   13.039 0 0   0
2    3.049   13.170 0 0   0
2    3.058   13.256 0 0   0
2    3.064   13.324 0 0   0
2    3.077   13.440 0 0   0
2    3.081   13.480 0 0   0
2    3.097   13.619 0 0   0
2    3.098   13.629 0 0   0
2    3.104   13.674 0 0   0
2    3.118   13.778 0 0   0
2    3.122   13.802 0 0   0
2    3.139   13.921 0 0   0
2    3.150   13.982 0 0   0
2    3.162   14.064 0 0   0
2    3.182   14.169 0 0   0
2    3.187   14.201 0 0   0
2    3.204   14.290 0 0   0
2    3.214   14.339 0 0   0
2    3.219   14.358 0 0   0
2    3.243   14.470 0 0   0
2    3.264   14.555 0 0   0
2    3.275   14.603 0 0   0
2    3.299   14.693 0 0   0
2    3.309   14.729 0 0   0
2    3.317   14.753 0 0   0
2    3.347   14.855 0 0   0
2    3.384   14.966 0 0   0
2    3.387   14.976 0 0   0
2    3.392   14.990 0 0   0
2    3.432   15.097 0 0   0
2    3.473   15.194 0 0   0
2    3.481   15.213 0 0   0
2    3.489   15.231 0 0   0
2    3.535   15.328 0 0   0
2    3.579   15.411 0 0   0
2    3.593   15.437 0 0   0
2    3.639   15.512 0 0   0
2    3.660   15.547 0 0   0
2    3.667   15.559 0 0   0
2    3.731   15.650 0 0   0
2    3.753   15.680 0 0   0
2    3.813   15.753 0 0   0
2    3.842   15.787 0 0   0
2    3.903   15.850 0 0   0
2    3.928   15.875 0 0   0
2    4.006   15.946 0 0   0
2    4.016   15.954 0 0   0
2    4.045   15.976 0 0   0
2    4.101   16.021 0 0   0
2    4.121   16.035 0 0   0
2    4.189   16.081 0 0   0
2    4.256   16.121 0 0   0
2    4.274   16.132 0 0   0
2    4.299   16.144 0 0   0
2    4.357   16.176 0 0   0
2    4.408   16.199 0 0   0
2    4.438   16.213 0 0   0
2    4.465   16.224 0 0   0
2    4.521   16.248 0 0   0
2    4.590   16.272 0 0   0
2    4.603   16.277 0 0   0
2    4.612   16.280 0 0   0
2    4.685   16.303 0 0   0
2    4.745   16.320 0 0   0
2    4.766   16.326 0 0   0
2    4.801   16.334 0 0   0
2    4.849   16.346 0 0   0
2    4.873   16.350 0 0   0
2    4.929   16.363 0 0   0
2    4.990   16.373 0 0   0
2    5.011   16.377 0 0   0
2    5.059   16.385 0 0   0
2    5.092   16.390 0 0   0
2    5.106   16.391 0 0   0
2    5.174   16.400 0 0   0
2    5.216   16.404 0 0   0
2    5.254   16.408 0 0   0
2    5.326   16.413 0 0   0
2    5.336   16.414 0 0   0
2    5.371   16.416 0 0   0
2    5.416   16.419 0 0   0
2    5.429   16.419 0 0   0
2    5.498   16.422 0 0   0
2    5.533   16.423 0 0   0
2    5.578   16.424 0 0   0
2    5.633   16.424 0 0   0
2    5.659   16.424 0 0   0
2    5.732   16.422 0 0   0
2    5.739   16.422 0 0   0
2    5.770   16.421 0 0   0
2    5.828   16.419 0 0   0
2    5.842   16.419 0 0   0
2    5.921   16.415 0 0   0
2    5.958   16.412 0 0   0
2    6.014   16.409 0 0   0
2    6.069   16.404 0 0   0
2    6.104   16.401 0 0   0
2    6.180   16.393 0 0   0
2    6.197   16.392 0 0   0
2    6.278   16.383 0 0   0
2    6.284   16.382 0 0   0
2    6.285   16.382 0 0   0
2    6.375   16.371 0 0   0
2    6.391   16.368 0 0   0
2    6.462   16.359 0 0   0
2    6.491   16.354 0 0   0
2    6.551   16.345 0 0   0
2    6.593   16.338 0 0   0
2    6.637   16.331 0 0   0
2    6.690   16.321 0 0   0
2    6.725   16.315 0 0   0
2    6.789   16.303 0 0   0
2    6.810   16.299 0 0   0
2    6.884   16.284 0 0   0
2    6.895   16.282 0 0   0
2    6.979   16.264 0 0   0
2    6.980   16.264 0 0   0
2    6.985   16.263 0 0   0
2    7.064   16.246 0 0   0
2    7.072   16.244 0 0   0
2    7.148   16.226 0 0   0
2    7.165   16.222 0 0   0
2    7.232   16.206 0 0   0
2    7.256   16.200 0 0   0
2    7.314   16.185 0 0   0
2    7.348   16.176 0 0   0
2    7.397   16.163 0 0   0
2    7.436   16.152 0 0   0
2    7.478   16.141 0 0   0
2    7.527   16.127 0 0   0
2    7.561   16.118 0 0   0
2    7.613   16.103 0 0   0
2    7.641   16.095 0 0   0
2    7.702   16.076 0 0   0
2    7.723   16.070 0 0   0
2    7.788   16.050 0 0   0
2    7.803   16.045 0 0   0
2    7.876   16.022 0 0   0
2    7.884   16.019 0 0   0
2    7.959   15.995 0 0   0
2    7.963   15.994 0 0   0
2    8.007   15.979 0 0   0
2    8.044   15.966 0 0   0
2    8.046   15.965 0 0   0
2    8.122   15.939 0 0   0
2    8.129   15.937 0 0   0
2    8.202   15.911 0 0   0
2    8.214   15.906 0 0   0
2    8.279   15.883 0 0   0
2    8.296   15.877 0 0   0
2    8.359   15.853 0 0   0
2    8.380   15.845 0 0   0
2    8.436   15.824 0 0   0
2    8.461   15.814 0 0   0
2    8.515   15.793 0 0   0
2    8.544   15.782 0 0   0
2    8.591   15.763 0 0   0
2    8.624   15.750 0 0   0
2    8.669   15.731 0 0   0
2    8.705   15.716 0 0   0
2    8.745   15.700 0 0   0
2    8.785   15.683 0 0   0
2    8.823   15.667 0 0   0
2    8.866   15.648 0 0   0
2    8.898   15.634 0 0   0
2    8.944   15.614 0 0   0
2    8.994   15.592 0 0   0
2    9.023   15.579 0 0   0
2    9.075   15.555 0 0   0
2    9.102   15.543 0 0   0
2    9.158   15.517 0 0   0
2    9.180   15.507 0 0   0
2    9.238   15.480 0 0   0
2    9.258   15.470 0 0   0
2    9.319   15.441 0 0   0
2    9.335   15.433 0 0   0
2    9.399   15.402 0 0   0
2    9.413   15.395 0 0   0
2    9.479   15.362 0 0   0
2    9.489   15.357 0 0   0
2    9.558   15.323 0 0   0
2    9.566   15.319 0 0   0
2    9.636   15.282 0 0   0
2    9.642   15.280 0 0   0
2    9.714   15.241 0 0   0
2    9.717   15.240 0 0   0
2    9.792   15.200 0 0   0
2    9.792   15.200 0 0   0
2    9.803   15.194 0 0   0
2    9.867   15.160 0 0   0
2    9.869   15.159 0 0   0
2    9.941   15.119 0 0   0
2    9.945   15.117 0 0   0
2   10.014   15.078 0 0   0
2   10.020   15.075 0 0   0
2   10.087   15.037 0 0   0
2   10.095   15.032 0 0   0
2   10.161   14.994 0 0   0
2   10.170   14.989 0 0   0
2   10.233   14.952 0 0   0
2   10.244   14.945 0 0   0
2   10.305   14.909 0 0   0
2   10.318   14.902 0 0   0
2   10.377   14.866 0 0   0
2   10.392   14.857 0 0   0
2   10.449   14.822 0 0   0
2   10.464   14.812 0 0   0
2   10.520   14.778 0 0   0
2   10.538   14.767 0 0   0
2   10.591   14.733 0 0   0
2   10.609   14.722 0 0   0
2   10.628   14.709 0 0   0
2   10.681   14.676 0 0   0
2   10.702   14.662 0 0   0
2   10.753   14.629 0 0   0
2   10.774   14.615 0 0   0
2   10.824   14.582 0 0   0
2   10.847   14.567 0 0   0
2   10.895   14.535 0 0   0
2   10.918   14.519 0 0   0
2   10.965   14.487 0 0   0
2   10.991   14.470 0 0   0
2   11.036   14.439 0 0   0
2   11.061   14.421 0 0   0
2   11.105   14.391 0 0   0
2   11.132   14.371 0 0   0
2   11.175   14.341 0 0   0
2   11.202   14.322 0 0   0
2   11.243   14.292 0 0   0
2   11.272   14.271 0 0   0
2   11.312   14.242 0 0   0
2   11.341   14.221 0 0   0
2   11.380   14.192 0 0   0
2   11.411   14.169 0 0   0
2   11.449   14.141 0 0   0
2   11.479   14.118 0 0   0
2   11.515   14.090 0 0   0
2   11.548   14.066 0 0   0
2   11.584   14.038 0 0   0
2   11.615   14.014 0 0   0
2   11.650   13.987 0 0   0
2   11.683   13.961 0 0   0
2   11.717   13.934 0 0   0
2   11.749   13.909 0 0   0
2   11.782   13.882 0 0   0
2   11.817   13.854 0 0   0
2   11.849   13.828 0 0   0
2   11.882   13.801 0 0   0
2   11.914   13.776 0 0   0
2   11.949   13.747 0 0   0
2   11.980   13.721 0 0   0
2   12.013   13.693 0 0   0
2   12.044   13.667 0 0   0
2   12.079   13.637 0 0   0
2   12.109   13.612 0 0   0
2   12.143   13.583 0 0   0
2   12.172   13.558 0 0   0
2   12.208   13.526 0 0   0
2   12.237   13.501 0 0   0
2   12.271   13.471 0 0   0
2   12.300   13.446 0 0   0
2   12.336   13.414 0 0   0
2   12.363   13.389 0 0   0
2   12.398   13.358 0 0   0
2   12.425   13.333 0 0   0
2   12.462   13.300 0 0   0
2   12.489   13.275 0 0   0
2   12.523   13.243 0 0   0
2   12.550   13.218 0 0   0
2   12.586   13.184 0 0   0
2   12.612   13.160 0 0   0
2   12.647   13.127 0 0   0
2   12.673   13.102 0 0   0
2   12.709   13.067 0 0   0
2   12.735   13.043 0 0   0
2   12.769   13.009 0 0   0
2   12.795   12.984 0 0   0
2   12.831   12.949 0 0   0
2   12.856   12.924 0 0   0
2   12.890   12.890 0 0   0
2   12.924   12.856 0 0   0
2   12.949   12.831 0 0   0
2   12.984   12.795 0 0   0
2   13.009   12.769 0 0   0
2   13.043   12.735 0 0   0
2   13.067   12.709 0 0   0
2   13.102   12.673 0 0   0
2   13.127   12.647 0 0   0
2   13.160   12.612 0 0   0
2   13.184   12.586 0 0   0
2   13.218   12.550 0 0   0
2   13.243   12.523 0 0   0
2   13.275   12.489 0 0   0
2   13.300   12.462 0 0   0
2   13.333   12.425 0 0   0
2   13.358   12.398 0 0   0
6   13.381   12.346    0.000    0.150   1
2
3   13.358   12.398 0 0   0
2   13.389   12.363 0 0   0
2   13.414   12.336 0 0   0
2   13.446   12.300 0 0   0
2   13.471   12.271 0 0   0
2   13.501   12.237 0 0   0
2   13.526   12.208 0 0   0
2   13.558   12.172 0 0   0
2   13.583   12.143 0 0   0
2   13.612   12.109 0 0   0
2   13.637   12.079 0 0   0
2   13.667   12.044 0 0   0
2   13.693   12.013 0 0   0
2   13.721   11.980 0 0   0
2   13.747   11.949 0 0   0
2   13.776   11.914 0 0   0
2   13.801   11.882 0 0   0
2   13.828   11.849 0 0   0
2   13.854   11.817 0 0   0
2   13.882   11.782 0 0   0
2   13.909   11.749 0 0   0
2   13.934   11.717 0 0   0
2   13.961   11.683 0 0   0
2   13.987   11.650 0 0   0
2   14.014   11.615 0 0   0
2   14.038   11.584 0 0   0
2   14.066   11.548 0 0   0
2   14.090   11.515 0 0   0
2   14.118   11.479 0 0   0
2   14.141   11.449 0 0   0
2   14.169   11.411 0 0   0
2   14.192   11.380 0 0   0
2   14.221   11.341 0 0   0
2   14.242   11.312 0 0   0
2   14.271   11.272 0 0   0
2   14.292   11.243 0 0   0
2   14.322   11.202 0 0   0
2   14.341   11.175 0 0   0
2   14.371   11.132 0 0   0
2   14.391   11.105 0 0   0
2   14.421   11.061 0 0   0
2   14.439   11.036 0 0   0
2   14.470   10.991 0 0   0
2   14.487   10.965 0 0   0
2   14.519   10.918 0 0   0
2   14.535   10.895 0 0   0
2   14.567   10.847 0 0   0
2   14.582   10.824 0 0   0
2   14.615   10.774 0 0   0
2   14.629   10.753 0 0   0
2   14.662   10.702 0 0   0
2   14.676   10.681 0 0   0
2   14.709   10.628 0 0   0
2   14.722   10.609 0 0   0
2   14.733   10.591 0 0   0
2   14.767   10.538 0 0   0
2   14.778   10.520 0 0   0
2   14.812   10.464 0 0   0
2   14.822   10.449 0 0   0
2   14.857   10.392 0 0   0
2   14.866   10.377 0 0   0
2   14.902   10.318 0 0   0
2   14.909   10.305 0 0   0
2   14.945   10.244 0 0   0
2   14.952   10.233 0 0   0
2   14.989   10.170 0 0   0
2   14.994   10.161 0 0   0
2   15.032   10.095 0 0   0
2   15.037   10.087 0 0   0
2   15.075   10.020 0 0   0
2   15.078   10.014 0 0   0
2   15.117    9.945 0 0   0
2   15.119    9.941 0 0   0
2   15.159    9.869 0 0   0
2   15.160    9.867 0 0   0
2   15.194    9.804 0 0   0
2   15.200    9.792 0 0   0
2   15.200    9.792 0 0   0
2   15.240    9.717 0 0   0
2   15.241    9.714 0 0   0
2   15.280    9.642 0 0   0
2   15.282    9.636 0 0   0
2   15.319    9.566 0 0   0
2   15.323    9.558 0 0   0
2   15.357    9.489 0 0   0
2   15.362    9.479 0 0   0
2   15.395    9.413 0 0   0
2   15.402    9.399 0 0   0
2   15.433    9.335 0 0   0
2   15.441    9.319 0 0   0
2   15.470    9.258 0 0   0
2   15.480    9.238 0 0   0
2   15.507    9.180 0 0   0
2   15.517    9.158 0 0   0
2   15.543    9.102 0 0   0
2   15.555    9.075 0 0   0
2   15.579    9.023 0 0   0
2   15.592    8.994 0 0   0
2   15.614    8.944 0 0   0
2   15.634    8.898 0 0   0
2   15.648    8.866 0 0   0
2   15.667    8.823 0 0   0
2   15.683    8.785 0 0   0
2   15.700    8.745 0 0   0
2   15.716    8.705 0 0   0
2   15.731    8.669 0 0   0
2   15.750    8.624 0 0   0
2   15.763    8.591 0 0   0
2   15.782    8.544 0 0   0
2   15.793    8.515 0 0   0
2   15.814    8.461 0 0   0
2   15.824    8.436 0 0   0
2   15.845    8.380 0 0   0
2   15.853    8.359 0 0   0
2   15.877    8.296 0 0   0
2   15.883    8.279 0 0   0
2   15.906    8.214 0 0   0
2   15.911    8.202 0 0   0
2   15.937    8.129 0 0   0
2   15.939    8.122 0 0   0
2   15.965    8.046 0 0   0
2   15.966    8.044 0 0   0
2   15.978    8.008 0 0   0
2   15.994    7.963 0 0   0
2   15.995    7.959 0 0   0
2   16.019    7.884 0 0   0
2   16.022    7.876 0 0   0
2   16.045    7.803 0 0   0
2   16.050    7.788 0 0   0
2   16.070    7.723 0 0   0
2   16.076    7.702 0 0   0
2   16.095    7.641 0 0   0
2   16.102    7.613 0 0   0
2   16.118    7.561 0 0   0
2   16.127    7.526 0 0   0
2   16.141    7.478 0 0   0
2   16.152    7.436 0 0   0
2   16.163    7.397 0 0   0
2   16.176    7.347 0 0   0
2   16.185    7.314 0 0   0
2   16.200    7.256 0 0   0
2   16.206    7.232 0 0   0
2   16.222    7.165 0 0   0
2   16.226    7.148 0 0   0
2   16.244    7.072 0 0   0
2   16.246    7.064 0 0   0
2   16.263    6.985 0 0   0
2   16.264    6.980 0 0   0
2   16.264    6.979 0 0   0
2   16.282    6.895 0 0   0
2   16.284    6.884 0 0   0
2   16.299    6.810 0 0   0
2   16.303    6.789 0 0   0
2   16.315    6.725 0 0   0
2   16.321    6.690 0 0   0
2   16.331    6.637 0 0   0
2   16.338    6.593 0 0   0
2   16.345    6.551 0 0   0
2   16.354    6.491 0 0   0
2   16.359    6.462 0 0   0
2   16.368    6.391 0 0   0
2   16.371    6.375 0 0   0
2   16.382    6.285 0 0   0
2   16.382    6.284 0 0   0
2   16.383    6.279 0 0   0
2   16.392    6.197 0 0   0
2   16.393    6.180 0 0   0
2   16.401    6.104 0 0   0
2   16.404    6.069 0 0   0
2   16.408    6.014 0 0   0
2   16.412    5.958 0 0   0
2   16.415    5.921 0 0   0
2   16.418    5.842 0 0   0
2   16.419    5.828 0 0   0
2   16.421    5.770 0 0   0
2   16.422    5.739 0 0   0
2   16.422    5.732 0 0   0
2   16.424    5.659 0 0   0
2   16.423    5.633 0 0   0
2   16.424    5.578 0 0   0
2   16.422    5.533 0 0   0
2   16.422    5.498 0 0   0
2   16.419    5.429 0 0   0
2   16.419    5.416 0 0   0
2   16.416    5.371 0 0   0
2   16.414    5.336 0 0   0
2   16.413    5.325 0 0   0
2   16.408    5.254 0 0   0
2   16.404    5.216 0 0   0
2   16.400    5.174 0 0   0
2   16.391    5.105 0 0   0
2   16.389    5.092 0 0   0
2   16.385    5.060 0 0   0
2   16.377    5.011 0 0   0
2   16.373    4.990 0 0   0
2   16.363    4.929 0 0   0
2   16.350    4.873 0 0   0
2   16.346    4.849 0 0   0
2   16.334    4.801 0 0   0
2   16.325    4.766 0 0   0
2   16.319    4.745 0 0   0
2   16.303    4.685 0 0   0
2   16.279    4.612 0 0   0
2   16.277    4.603 0 0   0
2   16.272    4.590 0 0   0
2   16.247    4.521 0 0   0
2   16.223    4.464 0 0   0
2   16.213    4.438 0 0   0
2   16.199    4.409 0 0   0
2   16.175    4.357 0 0   0
2   16.144    4.299 0 0   0
2   16.132    4.275 0 0   0
2   16.121    4.256 0 0   0
2   16.081    4.189 0 0   0
2   16.035    4.122 0 0   0
2   16.021    4.101 0 0   0
2   15.975    4.043 0 0   0
2   15.954    4.016 0 0   0
2   15.946    4.007 0 0   0
2   15.875    3.928 0 0   0
2   15.850    3.903 0 0   0
2   15.786    3.842 0 0   0
2   15.753    3.814 0 0   0
2   15.680    3.754 0 0   0
2   15.650    3.732 0 0   0
2   15.558    3.668 0 0   0
2   15.547    3.660 0 0   0
2   15.514    3.641 0 0   0
2   15.437    3.594 0 0   0
2   15.410    3.579 0 0   0
2   15.327    3.536 0 0   0
2   15.230    3.489 0 0   0
2   15.213    3.481 0 0   0
2   15.195    3.474 0 0   0
2   15.097    3.433 0 0   0
2   14.989    3.392 0 0   0
2   14.976    3.388 0 0   0
2   14.967    3.385 0 0   0
2   14.855    3.347 0 0   0
2   14.754    3.318 0 0   0
2   14.729    3.310 0 0   0
2   14.692    3.299 0 0   0
2   14.603    3.276 0 0   0
2   14.556    3.265 0 0   0
2   14.470    3.243 0 0   0
2   14.359    3.219 0 0   0
2   14.339    3.214 0 0   0
2   14.288    3.204 0 0   0
2   14.201    3.187 0 0   0
2   14.170    3.182 0 0   0
2   14.064    3.163 0 0   0
2   13.983    3.150 0 0   0
2   13.920    3.139 0 0   0
2   13.803    3.123 0 0   0
2   13.778    3.118 0 0   0
2   13.672    3.104 0 0   0
2   13.629    3.099 0 0   0
2   13.620    3.098 0 0   0
2   13.480    3.081 0 0   0
2   13.441    3.078 0 0   0
2   13.324    3.064 0 0   0
2   13.257    3.059 0 0   0
2   13.170    3.049 0 0   0
2   13.040    3.039 0 0   0
2   13.002    3.035 0 0   0
2   12.961    3.031 0 0   0
2   12.837    3.022 0 0   0
2   12.736    3.017 0 0   0
2   12.627    3.009 0 0   0
2   12.444    2.999 0 0   0
2   12.419    2.997 0 0   0
2   12.352    2.994 0 0   0
2   12.151    2.985 0 0   0
2   12.099    2.984 0 0   0
2   11.886    2.977 0 0   0
2   11.761    2.975 0 0   0
2   11.543    2.970 0 0   0
2   11.337    2.969 0 0   0
2   11.206    2.967 0 0   0
2   10.911    2.970 0 0   0
2   10.773    2.972 0 0   0
2   10.437    2.981 0 0   0
2   10.355    2.985 0 0   0
2   10.029    2.999 0 0   0
2    9.934    3.008 0 0   0
2    9.635    3.030 0 0   0
2    9.532    3.045 0 0   0
2    9.265    3.071 0 0   0
2    9.117    3.103 0 0   0
2    8.895    3.135 0 0   0
2    8.711    3.192 0 0   0
2    8.556    3.222 0 0   0
2    8.294    3.344 0 0   0
2    8.273    3.349 0 0   0
2    8.242    3.370 0 0   0
2    7.989    3.499 0 0   0
2    7.833    3.642 0 0   0
2    7.752    3.706 0 0   0
2    7.682    3.797 0 0   0
2    7.520    3.958 0 0   0
2    7.419    4.104 0 0   0
2    7.316    4.244 0 0   0
2    7.261    4.323 0 0   0
2    7.251    4.341 0 0   0
2    7.043    4.632 0 0   0
2    6.995    4.710 0 0   0
2    6.905    4.831 0 0   0
2    6.839    4.932 0 0   0
2    6.720    5.084 0 0   0
2    6.637    5.201 0 0   0
2    6.578    5.271 0 0   0
2    6.481    5.399 0 0   0
2    6.371    5.532 0 0   0
2    6.319    5.592 0 0   0
2    6.199    5.727 0 0   0
2    6.120    5.812 0 0   0
2    5.993    5.944 0 0   0
2    5.944    5.993 0 0   0
2    5.812    6.120 0 0   0
2    5.727    6.199 0 0   0
2    5.592    6.319 0 0   0
2    5.532    6.371 0 0   0
2    5.399    6.481 0 0   0
2    5.271    6.578 0 0   0
2    5.201    6.637 0 0   0
2    5.084    6.720 0 0   0
2    4.932    6.839 0 0   0
2    4.831    6.905 0 0   0
2    4.710    6.995 0 0   0
2    4.632    7.042 0 0   0
2    4.341    7.250 0 0   0
2    4.323    7.261 0 0   0
2    4.244    7.316 0 0   0
2    4.104    7.419 0 0   0
2    3.958    7.520 0 0   0
3    5.560    6.869 0 0   0
2    5.560    6.869 0 0   0
2    5.341    7.064 0 0   0
2    5.266    7.123 0 0   0
2    5.014    7.342 0 0   0
2    4.986    7.366 0 0   0
2    4.979    7.373 0 0   0
2    4.709    7.604 0 0   0
2    4.608    7.711 0 0   0
2    4.459    7.841 0 0   0
2    4.253    8.084 0 0   0
2    4.237    8.102 0 0   0
2    4.227    8.117 0 0   0
2    4.039    8.353 0 0   0
2    3.917    8.581 0 0   0
2    3.881    8.644 0 0   0
2    3.801    8.838 0 0   0
2    3.736    8.982 0 0   0
2    3.722    9.031 0 0   0
2    3.631    9.318 0 0   0
2    3.600    9.467 0 0   0
2    3.552    9.688 0 0   0
2    3.524    9.886 0 0   0
2    3.498   10.064 0 0   0
2    3.475   10.308 0 0   0
2    3.460   10.503 0 0   0
2    3.448   10.731 0 0   0
2    3.441   10.980 0 0   0
2    3.439   11.158 0 0   0
2    3.442   11.477 0 0   0
2    3.442   11.495 0 0   0
2    3.442   11.508 0 0   0
2    3.456   11.834 0 0   0
2    3.465   11.964 0 0   0
2    3.473   12.100 0 0   0
2    3.489   12.294 0 0   0
2    3.496   12.369 0 0   0
2    3.507   12.458 0 0   0
2    3.520   12.578 0 0   0
2    3.531   12.671 0 0   0
2    3.548   12.789 0 0   0
2    3.571   12.946 0 0   0
2    3.573   12.957 0 0   0
2    3.595   13.080 0 0   0
2    3.603   13.127 0 0   0
2    3.605   13.139 0 0   0
2    3.632   13.278 0 0   0
2    3.647   13.342 0 0   0
2    3.666   13.430 0 0   0
2    3.698   13.561 0 0   0
2    3.701   13.576 0 0   0
2    3.708   13.603 0 0   0
2    3.741   13.721 0 0   0
2    3.763   13.794 0 0   0
2    3.782   13.859 0 0   0
2    3.814   13.956 0 0   0
2    3.828   13.998 0 0   0
2    3.843   14.037 0 0   0
2    3.878   14.131 0 0   0
2    3.909   14.210 0 0   0
2    3.932   14.263 0 0   0
2    3.973   14.351 0 0   0
2    3.990   14.389 0 0   0
2    4.001   14.412 0 0   0
2    4.054   14.515 0 0   0
2    4.096   14.592 0 0   0
2    4.122   14.634 0 0   0
2    4.190   14.742 0 0   0
2    4.197   14.752 0 0   0
2    4.239   14.810 0 0   0
2    4.278   14.865 0 0   0
2    4.285   14.874 0 0   0
2    4.368   14.975 0 0   0
2    4.379   14.988 0 0   0
2    4.465   15.080 0 0   0
2    4.474   15.089 0 0   0
2    4.536   15.148 0 0   0
2    4.568   15.178 0 0   0
2    4.573   15.182 0 0   0
2    4.656   15.251 0 0   0
2    4.690   15.277 0 0   0
2    4.741   15.315 0 0   0
2    4.823   15.370 0 0   0
2    4.829   15.374 0 0   0
2    4.838   15.379 0 0   0
2    4.914   15.425 0 0   0
2    4.967   15.454 0 0   0
2    5.002   15.472 0 0   0
2    5.043   15.492 0 0   0
2    5.088   15.514 0 0   0
2    5.131   15.533 0 0   0
2    5.175   15.551 0 0   0
2    5.214   15.566 0 0   0
2    5.260   15.584 0 0   0
2    5.313   15.602 0 0   0
2    5.347   15.614 0 0   0
2    5.372   15.621 0 0   0
2    5.432   15.640 0 0   0
2    5.515   15.662 0 0   0
2    5.518   15.662 0 0   0
2    5.523   15.664 0 0   0
2    5.603   15.683 0 0   0
2    5.653   15.692 0 0   0
2    5.690   15.700 0 0   0
2    5.757   15.712 0 0   0
2    5.774   15.714 0 0   0
2    5.782   15.715 0 0   0
2    5.860   15.727 0 0   0
2    5.908   15.732 0 0   0
2    5.945   15.737 0 0   0
2    6.029   15.745 0 0   0
2    6.030   15.745 0 0   0
2    6.033   15.745 0 0   0
2    6.139   15.752 0 0   0
2    6.197   15.754 0 0   0
2    6.248   15.757 0 0   0
2    6.348   15.758 0 0   0
2    6.351   15.758 0 0   0
2    6.353   15.758 0 0   0
2    6.458   15.757 0 0   0
2    6.499   15.755 0 0   0
2    6.559   15.754 0 0   0
2    6.636   15.749 0 0   0
2    6.661   15.748 0 0   0
2    6.730   15.744 0 0   0
2    6.760   15.741 0 0   0
2    6.769   15.740 0 0   0
2    6.859   15.732 0 0   0
2    6.894   15.728 0 0   0
2    6.955   15.722 0 0   0
2    7.018   15.713 0 0   0
2    7.052   15.709 0 0   0
2    7.135   15.697 0 0   0
2    7.145   15.696 0 0   0
2    7.184   15.690 0 0   0
2    7.241   15.681 0 0   0
2    7.253   15.678 0 0   0
2    7.332   15.665 0 0   0
2    7.363   15.658 0 0   0
2    7.426   15.647 0 0   0
2    7.474   15.637 0 0   0
2    7.517   15.628 0 0   0
2    7.581   15.614 0 0   0
2    7.608   15.608 0 0   0
2    7.688   15.590 0 0   0
2    7.698   15.588 0 0   0
2    7.758   15.573 0 0   0
2    7.787   15.566 0 0   0
2    7.792   15.565 0 0   0
2    7.876   15.543 0 0   0
2    7.894   15.538 0 0   0
2    7.964   15.519 0 0   0
2    7.995   15.510 0 0   0
2    8.051   15.494 0 0   0
2    8.095   15.481 0 0   0
2    8.139   15.469 0 0   0
2    8.192   15.452 0 0   0
2    8.224   15.442 0 0   0
2    8.290   15.421 0 0   0
2    8.311   15.415 0 0   0
2    8.385   15.390 0 0   0
2    8.395   15.387 0 0   0
2    8.481   15.358 0 0   0
2    8.482   15.357 0 0   0
2    8.486   15.356 0 0   0
2    8.565   15.328 0 0   0
2    8.573   15.325 0 0   0
2    8.650   15.297 0 0   0
2    8.667   15.291 0 0   0
2    8.732   15.266 0 0   0
2    8.757   15.257 0 0   0
2    8.817   15.234 0 0   0
2    8.849   15.221 0 0   0
2    8.898   15.201 0 0   0
2    8.938   15.185 0 0   0
2    8.981   15.167 0 0   0
2    9.028   15.148 0 0   0
2    9.062   15.133 0 0   0
2    9.115   15.111 0 0   0
2    9.144   15.098 0 0   0
2    9.203   15.072 0 0   0
2    9.225   15.063 0 0   0
2    9.290   15.034 0 0   0
2    9.306   15.026 0 0   0
2    9.376   14.994 0 0   0
2    9.385   14.990 0 0   0
2    9.461   14.954 0 0   0
2    9.466   14.952 0 0   0
2    9.523   14.924 0 0   0
2    9.546   14.913 0 0   0
2    9.547   14.913 0 0   0
2    9.628   14.873 0 0   0
2    9.635   14.869 0 0   0
2    9.710   14.832 0 0   0
2    9.722   14.825 0 0   0
2    9.791   14.790 0 0   0
2    9.808   14.781 0 0   0
2    9.872   14.747 0 0   0
2    9.894   14.735 0 0   0
2    9.953   14.704 0 0   0
2    9.978   14.690 0 0   0
2   10.032   14.661 0 0   0
2   10.062   14.644 0 0   0
2   10.112   14.616 0 0   0
2   10.145   14.597 0 0   0
2   10.189   14.572 0 0   0
2   10.228   14.549 0 0   0
2   10.269   14.526 0 0   0
2   10.309   14.502 0 0   0
2   10.345   14.481 0 0   0
2   10.391   14.453 0 0   0
2   10.424   14.434 0 0   0
2   10.470   14.405 0 0   0
2   10.499   14.387 0 0   0
2   10.551   14.355 0 0   0
2   10.577   14.339 0 0   0
2   10.629   14.306 0 0   0
2   10.652   14.292 0 0   0
2   10.709   14.255 0 0   0
2   10.729   14.242 0 0   0
2   10.786   14.205 0 0   0
2   10.802   14.194 0 0   0
2   10.865   14.152 0 0   0
2   10.878   14.143 0 0   0
2   10.940   14.101 0 0   0
2   10.951   14.094 0 0   0
2   11.018   14.048 0 0   0
2   11.026   14.042 0 0   0
2   11.092   13.996 0 0   0
2   11.098   13.991 0 0   0
2   11.168   13.942 0 0   0
2   11.173   13.938 0 0   0
2   11.241   13.889 0 0   0
2   11.244   13.887 0 0   0
2   11.317   13.833 0 0   0
2   11.318   13.833 0 0   0
2   11.338   13.818 0 0   0
2   11.388   13.780 0 0   0
2   11.389   13.780 0 0   0
2   11.461   13.725 0 0   0
2   11.464   13.723 0 0   0
2   11.530   13.671 0 0   0
2   11.534   13.668 0 0   0
2   11.538   13.665 0 0   0
2   11.605   13.613 0 0   0
2   11.610   13.609 0 0   0
2   11.678   13.555 0 0   0
2   11.684   13.550 0 0   0
2   11.747   13.499 0 0   0
2   11.755   13.492 0 0   0
2   11.819   13.440 0 0   0
2   11.828   13.432 0 0   0
2   11.888   13.383 0 0   0
2   11.898   13.374 0 0   0
2   11.959   13.322 0 0   0
2   11.969   13.313 0 0   0
2   12.027   13.264 0 0   0
2   12.038   13.254 0 0   0
2   12.097   13.203 0 0   0
2   12.109   13.193 0 0   0
2   12.163   13.144 0 0   0
2   12.176   13.133 0 0   0
2   12.232   13.082 0 0   0
2   12.245   13.070 0 0   0
2   12.298   13.022 0 0   0
2   12.312   13.009 0 0   0
2   12.366   12.959 0 0   0
2   12.380   12.946 0 0   0
2   12.431   12.898 0 0   0
2   12.445   12.884 0 0   0
2   12.499   12.834 0 0   0
2   12.513   12.820 0 0   0
2   12.563   12.771 0 0   0
2   12.577   12.758 0 0   0
2   12.629   12.706 0 0   0
2   12.643   12.692 0 0   0
2   12.692   12.643 0 0   0
2   12.706   12.629 0 0   0
2   12.758   12.577 0 0   0
2   12.771   12.563 0 0   0
2   12.820   12.513 0 0   0
6   12.832   12.472    0.000    0.150   1
3
3   12.820   12.513 0 0   0
2   12.834   12.499 0 0   0
2   12.884   12.445 0 0   0
2   12.898   12.431 0 0   0
2   12.946   12.380 0 0   0
2   12.959   12.366 0 0   0
2   13.009   12.312 0 0   0
2   13.022   12.298 0 0   0
2   13.070   12.245 0 0   0
2   13.082   12.232 0 0   0
2   13.133   12.176 0 0   0
2   13.144   12.163 0 0   0
2   13.193   12.109 0 0   0
2   13.203   12.097 0 0   0
2   13.254   12.038 0 0   0
2   13.264   12.027 0 0   0
2   13.313   11.969 0 0   0
2   13.322   11.959 0 0   0
2   13.374   11.898 0 0   0
2   13.383   11.888 0 0   0
2   13.432   11.828 0 0   0
2   13.440   11.819 0 0   0
2   13.492   11.755 0 0   0
2   13.499   11.747 0 0   0
2   13.550   11.684 0 0   0
2   13.555   11.678 0 0   0
2   13.609   11.610 0 0   0
2   13.613   11.605 0 0   0
2   13.665   11.538 0 0   0
2   13.668   11.534 0 0   0
2   13.671   11.530 0 0   0
2   13.723   11.464 0 0   0
2   13.725   11.461 0 0   0
2   13.780   11.389 0 0   0
2   13.780   11.388 0 0   0
2   13.817   11.338 0 0   0
2   13.833   11.318 0 0   0
2   13.833   11.317 0 0   0
2   13.887   11.244 0 0   0
2   13.889   11.241 0 0   0
2   13.938   11.173 0 0   0
2   13.942   11.168 0 0   0
2   13.991   11.098 0 0   0
2   13.996   11.092 0 0   0
2   14.042   11.026 0 0   0
2   14.048   11.018 0 0   0
2   14.094   10.951 0 0   0
2   14.101   10.940 0 0   0
2   14.143   10.878 0 0   0
2   14.152   10.865 0 0   0
2   14.194   10.802 0 0   0
2   14.205   10.786 0 0   0
2   14.242   10.729 0 0   0
2   14.255   10.709 0 0   0
2   14.292   10.652 0 0   0
2   14.306   10.629 0 0   0
2   14.339   10.577 0 0   0
2   14.355   10.551 0 0   0
2   14.387   10.499 0 0   0
2   14.405   10.470 0 0   0
2   14.434   10.424 0 0   0
2   14.453   10.391 0 0   0
2   14.481   10.345 0 0   0
2   14.502   10.309 0 0   0
2   14.526   10.269 0 0   0
2   14.549   10.228 0 0   0
2   14.572   10.189 0 0   0
2   14.597   10.145 0 0   0
2   14.616   10.112 0 0   0
2   14.644   10.062 0 0   0
2   14.661   10.032 0 0   0
2   14.690    9.978 0 0   0
2   14.704    9.953 0 0   0
2   14.735    9.894 0 0   0
2   14.747    9.872 0 0   0
2   14.781    9.808 0 0   0
2   14.790    9.791 0 0   0
2   14.825    9.722 0 0   0
2   14.832    9.710 0 0   0
2   14.869    9.635 0 0   0
2   14.873    9.628 0 0   0
2   14.913    9.547 0 0   0
2   14.913    9.546 0 0   0
2   14.924    9.524 0 0   0
2   14.952    9.466 0 0   0
2   14.954    9.461 0 0   0
2   14.990    9.385 0 0   0
2   14.994    9.376 0 0   0
2   15.026    9.306 0 0   0
2   15.034    9.290 0 0   0
2   15.063    9.225 0 0   0
2   15.072    9.203 0 0   0
2   15.098    9.144 0 0   0
2   15.111    9.115 0 0   0
2   15.133    9.062 0 0   0
2   15.148    9.028 0 0   0
2   15.167    8.981 0 0   0
2   15.185    8.938 0 0   0
2   15.201    8.898 0 0   0
2   15.221    8.849 0 0   0
2   15.234    8.817 0 0   0
2   15.257    8.757 0 0   0
2   15.266    8.732 0 0   0
2   15.291    8.667 0 0   0
2   15.297    8.650 0 0   0
2   15.325    8.573 0 0   0
2   15.328    8.565 0 0   0
2   15.356    8.487 0 0   0
2   15.357    8.482 0 0   0
2   15.358    8.481 0 0   0
2   15.387    8.395 0 0   0
2   15.390    8.385 0 0   0
2   15.415    8.311 0 0   0
2   15.421    8.290 0 0   0
2   15.442    8.224 0 0   0
2   15.452    8.192 0 0   0
2   15.469    8.139 0 0   0
2   15.481    8.095 0 0   0
2   15.494    8.051 0 0   0
2   15.510    7.994 0 0   0
2   15.519    7.964 0 0   0
2   15.538    7.894 0 0   0
2   15.543    7.876 0 0   0
2   15.564    7.792 0 0   0
2   15.566    7.787 0 0   0
2   15.573    7.758 0 0   0
2   15.588    7.698 0 0   0
2   15.590    7.688 0 0   0
2   15.608    7.608 0 0   0
2   15.614    7.581 0 0   0
2   15.628    7.517 0 0   0
2   15.637    7.474 0 0   0
2   15.647    7.426 0 0   0
2   15.658    7.363 0 0   0
2   15.665    7.332 0 0   0
2   15.678    7.253 0 0   0
2   15.681    7.241 0 0   0
2   15.690    7.184 0 0   0
2   15.696    7.145 0 0   0
2   15.697    7.135 0 0   0
2   15.709    7.052 0 0   0
2   15.713    7.018 0 0   0
2   15.722    6.955 0 0   0
2   15.728    6.894 0 0   0
2   15.732    6.859 0 0   0
2   15.740    6.769 0 0   0
2   15.741    6.760 0 0   0
2   15.743    6.731 0 0   0
2   15.748    6.661 0 0   0
2   15.749    6.636 0 0   0
2   15.754    6.559 0 0   0
2   15.755    6.499 0 0   0
2   15.757    6.458 0 0   0
2   15.758    6.352 0 0   0
2   15.758    6.351 0 0   0
2   15.758    6.349 0 0   0
2   15.756    6.248 0 0   0
2   15.754    6.196 0 0   0
2   15.752    6.139 0 0   0
2   15.745    6.034 0 0   0
2   15.745    6.030 0 0   0
2   15.745    6.029 0 0   0
2   15.737    5.945 0 0   0
2   15.732    5.908 0 0   0
2   15.727    5.860 0 0   0
2   15.715    5.782 0 0   0
2   15.714    5.774 0 0   0
2   15.711    5.758 0 0   0
2   15.700    5.690 0 0   0
2   15.692    5.653 0 0   0
2   15.682    5.603 0 0   0
2   15.663    5.523 0 0   0
2   15.662    5.518 0 0   0
2   15.661    5.515 0 0   0
2   15.639    5.432 0 0   0
2   15.621    5.372 0 0   0
2   15.614    5.347 0 0   0
2   15.602    5.313 0 0   0
2   15.584    5.260 0 0   0
2   15.565    5.213 0 0   0
2   15.551    5.175 0 0   0
2   15.533    5.132 0 0   0
2   15.513    5.088 0 0   0
2   15.491    5.042 0 0   0
2   15.472    5.002 0 0   0
2   15.454    4.968 0 0   0
2   15.425    4.915 0 0   0
2   15.378    4.837 0 0   0
2   15.373    4.829 0 0   0
2   15.370    4.824 0 0   0
2   15.315    4.741 0 0   0
2   15.277    4.691 0 0   0
2   15.251    4.656 0 0   0
2   15.182    4.574 0 0   0
2   15.177    4.568 0 0   0
2   15.144    4.534 0 0   0
2   15.089    4.474 0 0   0
2   15.080    4.466 0 0   0
2   14.988    4.379 0 0   0
2   14.975    4.369 0 0   0
2   14.874    4.285 0 0   0
2   14.865    4.279 0 0   0
2   14.814    4.242 0 0   0
2   14.752    4.198 0 0   0
2   14.741    4.190 0 0   0
2   14.634    4.122 0 0   0
2   14.591    4.097 0 0   0
2   14.515    4.054 0 0   0
2   14.411    4.001 0 0   0
2   14.389    3.990 0 0   0
2   14.352    3.974 0 0   0
2   14.263    3.933 0 0   0
2   14.209    3.909 0 0   0
2   14.131    3.878 0 0   0
2   14.038    3.844 0 0   0
2   13.998    3.829 0 0   0
2   13.954    3.814 0 0   0
2   13.859    3.783 0 0   0
2   13.795    3.764 0 0   0
2   13.721    3.741 0 0   0
2   13.602    3.709 0 0   0
2   13.576    3.702 0 0   0
2   13.562    3.699 0 0   0
2   13.430    3.666 0 0   0
2   13.343    3.648 0 0   0
2   13.278    3.633 0 0   0
2   13.137    3.605 0 0   0
2   13.127    3.603 0 0   0
2   13.088    3.596 0 0   0
2   12.957    3.574 0 0   0
2   12.945    3.572 0 0   0
2   12.789    3.548 0 0   0
2   12.670    3.531 0 0   0
2   12.578    3.520 0 0   0
2   12.459    3.507 0 0   0
2   12.369    3.497 0 0   0
2   12.293    3.489 0 0   0
2   12.100    3.473 0 0   0
2   11.965    3.465 0 0   0
2   11.834    3.456 0 0   0
2   11.508    3.443 0 0   0
2   11.495    3.442 0 0   0
2   11.476    3.442 0 0   0
2   11.158    3.439 0 0   0
2   10.980    3.442 0 0   0
2   10.731    3.448 0 0   0
2   10.504    3.460 0 0   0
2   10.308    3.475 0 0   0
2   10.064    3.498 0 0   0
2    9.886    3.524 0 0   0
2    9.688    3.552 0 0   0
2    9.467    3.601 0 0   0
2    9.318    3.631 0 0   0
2    9.031    3.723 0 0   0
2    8.982    3.736 0 0   0
2    8.839    3.801 0 0   0
2    8.644    3.881 0 0   0
2    8.581    3.917 0 0   0
2    8.354    4.039 0 0   0
2    8.117    4.227 0 0   0
2    8.102    4.237 0 0   0
2    8.084    4.253 0 0   0
2    7.841    4.459 0 0   0
2    7.711    4.608 0 0   0
2    7.604    4.709 0 0   0
2    7.373    4.979 0 0   0
2    7.367    4.986 0 0   0
2    7.342    5.014 0 0   0
2    7.123    5.266 0 0   0
2    7.065    5.341 0 0   0
2    6.869    5.560 0 0   0
2    6.809    5.632 0 0   0
2    6.739    5.713 0 0   0
2    6.575    5.890 0 0   0
2    6.432    6.043 0 0   0
2    6.286    6.192 0 0   0
2    6.192    6.286 0 0   0
2    6.043    6.432 0 0   0
2    5.890    6.575 0 0   0
2    5.713    6.739 0 0   0
2    5.632    6.809 0 0   0
2    5.560    6.869 0 0   0
3    8.337    4.716 0 0   0
2    8.337    4.716 0 0   0
2    8.088    4.909 0 0   0
2    7.930    5.061 0 0   0
2    7.825    5.151 0 0   0
2    7.569    5.408 0 0   0
2    7.559    5.418 0 0   0
2    7.555    5.422 0 0   0
2    7.292    5.690 0 0   0
2    7.220    5.771 0 0   0
2    7.013    5.983 0 0   0
2    6.900    6.105 0 0   0
2    6.726    6.282 0 0   0
2    6.589    6.422 0 0   0
2    6.422    6.589 0 0   0
2    6.282    6.726 0 0   0
2    6.105    6.900 0 0   0
2    5.983    7.013 0 0   0
2    5.771    7.220 0 0   0
2    5.690    7.292 0 0   0
2    5.422    7.555 0 0   0
2    5.418    7.559 0 0   0
2    5.407    7.569 0 0   0
2    5.151    7.825 0 0   0
2    5.061    7.930 0 0   0
2    4.908    8.088 0 0   0
2    4.715    8.337 0 0   0
2    4.697    8.361 0 0   0
2    4.676    8.394 0 0   0
2    4.481    8.681 0 0   0
2    4.377    8.878 0 0   0
2    4.316    8.999 0 0   0
2    4.195    9.307 0 0   0
2    4.178    9.349 0 0   0
2    4.174    9.363 0 0   0
2    4.075    9.698 0 0   0
2    4.055    9.794 0 0   0
2    3.999   10.079 0 0   0
2    3.978   10.229 0 0   0
2    3.944   10.535 0 0   0
2    3.935   10.655 0 0   0
2    3.918   11.087 0 0   0
2    3.918   11.089 0 0   0
2    3.918   11.094 0 0   0
2    3.923   11.421 0 0   0
2    3.941   11.742 0 0   0
2    3.942   11.757 0 0   0
2    3.942   11.767 0 0   0
2    3.968   12.023 0 0   0
2    3.990   12.201 0 0   0
2    4.003   12.292 0 0   0
2    4.032   12.469 0 0   0
2    4.038   12.503 0 0   0
2    4.078   12.703 0 0   0
2    4.081   12.715 0 0   0
2    4.085   12.733 0 0   0
2    4.120   12.884 0 0   0
2    4.140   12.955 0 0   0
2    4.166   13.053 0 0   0
2    4.208   13.193 0 0   0
2    4.211   13.200 0 0   0
2    4.213   13.207 0 0   0
2    4.261   13.347 0 0   0
2    4.313   13.485 0 0   0
2    4.314   13.488 0 0   0
2    4.316   13.491 0 0   0
2    4.374   13.627 0 0   0
2    4.417   13.720 0 0   0
2    4.436   13.760 0 0   0
2    4.475   13.832 0 0   0
2    4.507   13.892 0 0   0
2    4.522   13.920 0 0   0
2    4.581   14.017 0 0   0
2    4.613   14.068 0 0   0
2    4.663   14.141 0 0   0
2    4.707   14.202 0 0   0
2    4.750   14.258 0 0   0
2    4.799   14.318 0 0   0
2    4.847   14.373 0 0   0
2    4.893   14.423 0 0   0
2    4.950   14.481 0 0   0
2    4.986   14.515 0 0   0
2    5.066   14.586 0 0   0
2    5.080   14.599 0 0   0
2    5.127   14.636 0 0   0
2    5.173   14.673 0 0   0
2    5.188   14.684 0 0   0
2    5.268   14.740 0 0   0
2    5.326   14.778 0 0   0
2    5.361   14.800 0 0   0
2    5.426   14.836 0 0   0
2    5.455   14.853 0 0   0
2    5.474   14.863 0 0   0
2    5.548   14.901 0 0   0
2    5.640   14.943 0 0   0
2    5.642   14.943 0 0   0
2    5.644   14.944 0 0   0
2    5.727   14.979 0 0   0
2    5.810   15.008 0 0   0
2    5.815   15.010 0 0   0
2    5.820   15.012 0 0   0
2    5.899   15.038 0 0   0
2    5.958   15.054 0 0   0
2    5.986   15.063 0 0   0
2    6.025   15.073 0 0   0
2    6.071   15.084 0 0   0
2    6.101   15.091 0 0   0
2    6.157   15.103 0 0   0
2    6.236   15.118 0 0   0
2    6.241   15.119 0 0   0
2    6.251   15.121 0 0   0
2    6.328   15.134 0 0   0
2    6.368   15.139 0 0   0
2    6.412   15.145 0 0   0
2    6.493   15.153 0 0   0
2    6.509   15.155 0 0   0
2    6.614   15.163 0 0   0
2    6.691   15.166 0 0   0
2    6.734   15.169 0 0   0
2    6.797   15.170 0 0   0
2    6.849   15.171 0 0   0
2    6.876   15.170 0 0   0
2    6.964   15.169 0 0   0
2    7.048   15.166 0 0   0
2    7.076   15.165 0 0   0
2    7.135   15.162 0 0   0
2    7.186   15.158 0 0   0
2    7.206   15.156 0 0   0
2    7.293   15.149 0 0   0
2    7.356   15.142 0 0   0
2    7.400   15.138 0 0   0
2    7.497   15.125 0 0   0
2    7.503   15.125 0 0   0
2    7.520   15.122 0 0   0
2    7.609   15.109 0 0   0
2    7.635   15.104 0 0   0
2    7.710   15.092 0 0   0
2    7.764   15.081 0 0   0
2    7.812   15.073 0 0   0
2    7.892   15.056 0 0   0
2    7.911   15.053 0 0   0
2    7.988   15.036 0 0   0
2    8.009   15.031 0 0   0
2    8.014   15.030 0 0   0
2    8.102   15.009 0 0   0
2    8.127   15.003 0 0   0
2    8.195   14.986 0 0   0
2    8.237   14.974 0 0   0
2    8.286   14.961 0 0   0
2    8.347   14.944 0 0   0
2    8.378   14.935 0 0   0
2    8.452   14.913 0 0   0
2    8.466   14.909 0 0   0
2    8.545   14.885 0 0   0
2    8.558   14.881 0 0   0
2    8.560   14.880 0 0   0
2    8.645   14.852 0 0   0
2    8.660   14.847 0 0   0
2    8.735   14.822 0 0   0
2    8.763   14.812 0 0   0
2    8.821   14.791 0 0   0
2    8.862   14.777 0 0   0
2    8.909   14.759 0 0   0
2    8.961   14.739 0 0   0
2    8.995   14.727 0 0   0
2    9.058   14.702 0 0   0
2    9.081   14.693 0 0   0
2    9.154   14.663 0 0   0
2    9.166   14.658 0 0   0
2    9.249   14.624 0 0   0
2    9.251   14.623 0 0   0
2    9.271   14.615 0 0   0
2    9.336   14.587 0 0   0
2    9.343   14.583 0 0   0
2    9.420   14.549 0 0   0
2    9.436   14.542 0 0   0
2    9.455   14.533 0 0   0
2    9.527   14.500 0 0   0
2    9.557   14.486 0 0   0
2    9.619   14.457 0 0   0
2    9.657   14.438 0 0   0
2    9.708   14.413 0 0   0
2    9.756   14.389 0 0   0
2    9.798   14.368 0 0   0
2    9.852   14.340 0 0   0
2    9.885   14.324 0 0   0
2    9.949   14.290 0 0   0
2    9.974   14.277 0 0   0
2   10.042   14.240 0 0   0
2   10.059   14.231 0 0   0
2   10.137   14.188 0 0   0
2   10.147   14.182 0 0   0
2   10.227   14.137 0 0   0
2   10.230   14.135 0 0   0
2   10.270   14.112 0 0   0
2   10.317   14.085 0 0   0
2   10.320   14.083 0 0   0
2   10.399   14.036 0 0   0
2   10.408   14.031 0 0   0
2   10.484   13.984 0 0   0
2   10.498   13.976 0 0   0
2   10.565   13.934 0 0   0
2   10.583   13.922 0 0   0
2   10.648   13.881 0 0   0
2   10.671   13.866 0 0   0
2   10.728   13.829 0 0   0
2   10.755   13.812 0 0   0
2   10.810   13.775 0 0   0
2   10.841   13.754 0 0   0
2   10.889   13.722 0 0   0
2   10.924   13.698 0 0   0
2   10.970   13.667 0 0   0
2   11.007   13.640 0 0   0
2   11.048   13.612 0 0   0
2   11.088   13.583 0 0   0
2   11.127   13.555 0 0   0
2   11.170   13.523 0 0   0
2   11.204   13.499 0 0   0
2   11.250   13.465 0 0   0
2   11.282   13.441 0 0   0
2   11.330   13.404 0 0   0
2   11.358   13.384 0 0   0
2   11.408   13.345 0 0   0
2   11.434   13.324 0 0   0
2   11.487   13.283 0 0   0
2   11.509   13.265 0 0   0
2   11.563   13.222 0 0   0
2   11.585   13.205 0 0   0
2   11.641   13.160 0 0   0
2   11.659   13.144 0 0   0
2   11.716   13.097 0 0   0
2   11.734   13.082 0 0   0
2   11.791   13.034 0 0   0
2   11.807   13.021 0 0   0
2   11.865   12.970 0 0   0
2   11.880   12.957 0 0   0
2   11.940   12.905 0 0   0
6   11.948   12.870    0.000    0.150   1
4
3   11.940   12.905 0 0   0
2   11.952   12.894 0 0   0
2   12.012   12.840 0 0   0
2   12.025   12.829 0 0   0
2   12.085   12.775 0 0   0
2   12.096   12.765 0 0   0
2   12.157   12.709 0 0   0
2   12.167   12.699 0 0   0
2   12.228   12.641 0 0   0
2   12.237   12.633 0 0   0
2   12.298   12.574 0 0   0
2   12.308   12.565 0 0   0
2   12.368   12.506 0 0   0
2   12.377   12.497 0 0   0
2   12.438   12.438 0 0   0
2   12.497   12.377 0 0   0
2   12.506   12.368 0 0   0
2   12.565   12.308 0 0   0
2   12.574   12.298 0 0   0
2   12.633   12.237 0 0   0
2   12.641   12.228 0 0   0
2   12.699   12.167 0 0   0
2   12.709   12.157 0 0   0
2   12.765   12.096 0 0   0
2   12.775   12.085 0 0   0
2   12.829   12.025 0 0   0
2   12.840   12.012 0 0   0
2   12.894   11.952 0 0   0
2   12.905   11.940 0 0   0
2   12.957   11.880 0 0   0
2   12.970   11.865 0 0   0
2   13.021   11.807 0 0   0
2   13.034   11.791 0 0   0
2   13.082   11.734 0 0   0
2   13.097   11.716 0 0   0
2   13.144   11.659 0 0   0
2   13.160   11.640 0 0   0
2   13.205   11.585 0 0   0
2   13.222   11.563 0 0   0
2   13.265   11.509 0 0   0
2   13.283   11.487 0 0   0
2   13.324   11.434 0 0   0
2   13.345   11.408 0 0   0
2   13.384   11.358 0 0   0
2   13.404   11.330 0 0   0
2   13.441   11.282 0 0   0
2   13.465   11.250 0 0   0
2   13.499   11.204 0 0   0
2   13.523   11.170 0 0   0
2   13.555   11.127 0 0   0
2   13.583   11.088 0 0   0
2   13.612   11.048 0 0   0
2   13.640   11.007 0 0   0
2   13.667   10.970 0 0   0
2   13.698   10.924 0 0   0
2   13.722   10.889 0 0   0
2   13.754   10.841 0 0   0
2   13.775   10.810 0 0   0
2   13.812   10.755 0 0   0
2   13.829   10.728 0 0   0
2   13.866   10.671 0 0   0
2   13.881   10.648 0 0   0
2   13.922   10.583 0 0   0
2   13.934   10.565 0 0   0
2   13.976   10.498 0 0   0
2   13.984   10.484 0 0   0
2   14.031   10.408 0 0   0
2   14.036   10.399 0 0   0
2   14.083   10.320 0 0   0
2   14.085   10.317 0 0   0
2   14.112   10.271 0 0   0
2   14.135   10.230 0 0   0
2   14.137   10.227 0 0   0
2   14.182   10.147 0 0   0
2   14.188   10.137 0 0   0
2   14.231   10.059 0 0   0
2   14.240   10.042 0 0   0
2   14.277    9.974 0 0   0
2   14.290    9.949 0 0   0
2   14.324    9.885 0 0   0
2   14.340    9.852 0 0   0
2   14.368    9.798 0 0   0
2   14.389    9.756 0 0   0
2   14.413    9.708 0 0   0
2   14.438    9.657 0 0   0
2   14.457    9.619 0 0   0
2   14.486    9.557 0 0   0
2   14.500    9.527 0 0   0
2   14.533    9.455 0 0   0
2   14.542    9.436 0 0   0
2   14.549    9.420 0 0   0
2   14.583    9.343 0 0   0
2   14.587    9.336 0 0   0
2   14.614    9.271 0 0   0
2   14.623    9.251 0 0   0
2   14.624    9.249 0 0   0
2   14.658    9.166 0 0   0
2   14.663    9.154 0 0   0
2   14.693    9.081 0 0   0
2   14.702    9.058 0 0   0
2   14.727    8.995 0 0   0
2   14.739    8.961 0 0   0
2   14.759    8.909 0 0   0
2   14.776    8.862 0 0   0
2   14.791    8.821 0 0   0
2   14.812    8.763 0 0   0
2   14.822    8.735 0 0   0
2   14.847    8.660 0 0   0
2   14.852    8.645 0 0   0
2   14.880    8.560 0 0   0
2   14.881    8.558 0 0   0
2   14.885    8.545 0 0   0
2   14.909    8.466 0 0   0
2   14.913    8.452 0 0   0
2   14.935    8.378 0 0   0
2   14.944    8.347 0 0   0
2   14.961    8.286 0 0   0
2   14.974    8.237 0 0   0
2   14.986    8.195 0 0   0
2   15.003    8.127 0 0   0
2   15.009    8.102 0 0   0
2   15.030    8.014 0 0   0
2   15.031    8.009 0 0   0
2   15.036    7.988 0 0   0
2   15.053    7.911 0 0   0
2   15.056    7.892 0 0   0
2   15.073    7.812 0 0   0
2   15.081    7.764 0 0   0
2   15.092    7.710 0 0   0
2   15.104    7.635 0 0   0
2   15.109    7.609 0 0   0
2   15.122    7.520 0 0   0
2   15.124    7.503 0 0   0
2   15.125    7.497 0 0   0
2   15.137    7.400 0 0   0
2   15.142    7.356 0 0   0
2   15.149    7.293 0 0   0
2   15.156    7.206 0 0   0
2   15.158    7.186 0 0   0
2   15.161    7.135 0 0   0
2   15.165    7.076 0 0   0
2   15.166    7.048 0 0   0
2   15.169    6.964 0 0   0
2   15.170    6.876 0 0   0
2   15.170    6.848 0 0   0
2   15.170    6.798 0 0   0
2   15.168    6.734 0 0   0
2   15.166    6.690 0 0   0
2   15.163    6.614 0 0   0
2   15.155    6.510 0 0   0
2   15.153    6.493 0 0   0
2   15.145    6.412 0 0   0
2   15.138    6.368 0 0   0
2   15.133    6.328 0 0   0
2   15.121    6.251 0 0   0
2   15.119    6.242 0 0   0
2   15.118    6.236 0 0   0
2   15.103    6.157 0 0   0
2   15.091    6.101 0 0   0
2   15.084    6.071 0 0   0
2   15.073    6.026 0 0   0
2   15.062    5.986 0 0   0
2   15.054    5.957 0 0   0
2   15.038    5.899 0 0   0
2   15.012    5.821 0 0   0
2   15.010    5.815 0 0   0
2   15.008    5.810 0 0   0
2   14.978    5.728 0 0   0
2   14.944    5.643 0 0   0
2   14.943    5.642 0 0   0
2   14.943    5.641 0 0   0
2   14.900    5.548 0 0   0
2   14.863    5.474 0 0   0
2   14.853    5.456 0 0   0
2   14.835    5.425 0 0   0
2   14.799    5.361 0 0   0
2   14.777    5.326 0 0   0
2   14.740    5.268 0 0   0
2   14.684    5.189 0 0   0
2   14.672    5.173 0 0   0
2   14.634    5.126 0 0   0
2   14.599    5.081 0 0   0
2   14.586    5.066 0 0   0
2   14.514    4.986 0 0   0
2   14.481    4.951 0 0   0
2   14.423    4.894 0 0   0
2   14.373    4.848 0 0   0
2   14.317    4.799 0 0   0
2   14.258    4.751 0 0   0
2   14.201    4.707 0 0   0
2   14.141    4.664 0 0   0
2   14.067    4.613 0 0   0
2   14.017    4.581 0 0   0
2   13.919    4.522 0 0   0
2   13.892    4.507 0 0   0
2   13.833    4.476 0 0   0
2   13.759    4.437 0 0   0
2   13.719    4.417 0 0   0
2   13.627    4.374 0 0   0
2   13.492    4.317 0 0   0
2   13.488    4.315 0 0   0
2   13.484    4.313 0 0   0
2   13.347    4.261 0 0   0
2   13.208    4.214 0 0   0
2   13.200    4.211 0 0   0
2   13.192    4.208 0 0   0
2   13.053    4.167 0 0   0
2   12.956    4.141 0 0   0
2   12.884    4.121 0 0   0
2   12.734    4.086 0 0   0
2   12.715    4.081 0 0   0
2   12.703    4.078 0 0   0
2   12.503    4.039 0 0   0
2   12.468    4.032 0 0   0
2   12.292    4.003 0 0   0
2   12.200    3.990 0 0   0
2   12.023    3.968 0 0   0
2   11.767    3.943 0 0   0
2   11.757    3.942 0 0   0
2   11.743    3.941 0 0   0
2   11.421    3.924 0 0   0
2   11.093    3.918 0 0   0
2   11.089    3.918 0 0   0
2   11.087    3.918 0 0   0
2   10.655    3.935 0 0   0
2   10.536    3.945 0 0   0
2   10.229    3.978 0 0   0
2   10.079    3.999 0 0   0
2    9.793    4.055 0 0   0
2    9.698    4.075 0 0   0
2    9.363    4.174 0 0   0
2    9.349    4.178 0 0   0
2    9.308    4.195 0 0   0
2    8.999    4.316 0 0   0
2    8.878    4.378 0 0   0
2    8.681    4.481 0 0   0
2    8.394    4.676 0 0   0
2    8.361    4.697 0 0   0
2    8.337    4.716 0 0   0
3    7.859    5.713 0 0   0
2    7.859    5.713 0 0   0
2    7.739    5.823 0 0   0
2    7.693    5.869 0 0   0
2    7.447    6.102 0 0   0
2    7.344    6.207 0 0   0
2    7.157    6.390 0 0   0
2    7.010    6.539 0 0   0
2    6.852    6.695 0 0   0
2    6.695    6.852 0 0   0
2    6.539    7.010 0 0   0
2    6.390    7.157 0 0   0
2    6.207    7.344 0 0   0
2    6.102    7.447 0 0   0
2    5.869    7.693 0 0   0
2    5.823    7.739 0 0   0
2    5.713    7.859 0 0   0
2    5.559    8.032 0 0   0
2    5.473    8.142 0 0   0
2    5.296    8.354 0 0   0
2    5.110    8.615 0 0   0
2    5.079    8.662 0 0   0
2    5.045    8.722 0 0   0
2    4.878    9.003 0 0   0
2    4.798    9.170 0 0   0
2    4.725    9.338 0 0   0
2    4.615    9.648 0 0   0
2    4.598    9.704 0 0   0
2    4.544    9.925 0 0   0
2    4.507   10.076 0 0   0
2    4.500   10.112 0 0   0
2    4.477   10.276 0 0   0
2    4.438   10.546 0 0   0
2    4.431   10.646 0 0   0
2    4.414   10.976 0 0   0
2    4.416   11.286 0 0   0
2    4.417   11.314 0 0   0
2    4.418   11.335 0 0   0
2    4.441   11.653 0 0   0
2    4.452   11.746 0 0   0
2    4.474   11.919 0 0   0
2    4.499   12.069 0 0   0
2    4.521   12.186 0 0   0
2    4.553   12.325 0 0   0
2    4.568   12.397 0 0   0
2    4.618   12.577 0 0   0
2    4.626   12.607 0 0   0
2    4.635   12.638 0 0   0
2    4.681   12.776 0 0   0
2    4.723   12.891 0 0   0
2    4.745   12.946 0 0   0
2    4.789   13.050 0 0   0
2    4.805   13.087 0 0   0
2    4.815   13.110 0 0   0
2    4.872   13.227 0 0   0
2    4.919   13.316 0 0   0
2    4.945   13.360 0 0   0
2    5.023   13.489 0 0   0
2    5.024   13.492 0 0   0
2    5.031   13.502 0 0   0
2    5.110   13.616 0 0   0
2    5.129   13.641 0 0   0
2    5.205   13.738 0 0   0
2    5.229   13.768 0 0   0
2    5.306   13.853 0 0   0
2    5.322   13.871 0 0   0
2    5.395   13.943 0 0   0
2    5.413   13.961 0 0   0
2    5.417   13.965 0 0   0
2    5.506   14.043 0 0   0
2    5.537   14.068 0 0   0
2    5.598   14.116 0 0   0
2    5.670   14.168 0 0   0
2    5.691   14.183 0 0   0
2    5.731   14.208 0 0   0
2    5.783   14.242 0 0   0
2    5.811   14.259 0 0   0
2    5.877   14.296 0 0   0
2    5.969   14.344 0 0   0
2    5.969   14.344 0 0   0
2    5.970   14.344 0 0   0
2    6.063   14.387 0 0   0
2    6.140   14.419 0 0   0
2    6.154   14.425 0 0   0
2    6.169   14.430 0 0   0
2    6.249   14.459 0 0   0
2    6.330   14.486 0 0   0
2    6.341   14.489 0 0   0
2    6.350   14.491 0 0   0
2    6.434   14.515 0 0   0
2    6.516   14.535 0 0   0
2    6.525   14.537 0 0   0
2    6.538   14.540 0 0   0
2    6.619   14.557 0 0   0
2    6.673   14.566 0 0   0
2    6.711   14.573 0 0   0
2    6.773   14.582 0 0   0
2    6.816   14.588 0 0   0
2    6.857   14.592 0 0   0
2    6.941   14.601 0 0   0
2    7.030   14.607 0 0   0
2    7.067   14.610 0 0   0
2    7.092   14.610 0 0   0
2    7.186   14.613 0 0   0
2    7.290   14.613 0 0   0
2    7.305   14.614 0 0   0
2    7.326   14.613 0 0   0
2    7.419   14.610 0 0   0
2    7.471   14.607 0 0   0
2    7.533   14.604 0 0   0
2    7.635   14.595 0 0   0
2    7.642   14.595 0 0   0
2    7.656   14.593 0 0   0
2    7.754   14.583 0 0   0
2    7.792   14.577 0 0   0
2    7.860   14.569 0 0   0
2    7.938   14.556 0 0   0
2    7.967   14.552 0 0   0
2    8.045   14.539 0 0   0
2    8.072   14.534 0 0   0
2    8.081   14.532 0 0   0
2    8.175   14.513 0 0   0
2    8.215   14.505 0 0   0
2    8.277   14.491 0 0   0
2    8.347   14.475 0 0   0
2    8.379   14.467 0 0   0
2    8.472   14.444 0 0   0
2    8.477   14.442 0 0   0
2    8.494   14.438 0 0   0
2    8.578   14.415 0 0   0
2    8.597   14.409 0 0   0
2    8.674   14.387 0 0   0
2    8.715   14.374 0 0   0
2    8.773   14.356 0 0   0
2    8.833   14.336 0 0   0
2    8.868   14.325 0 0   0
2    8.947   14.298 0 0   0
2    8.964   14.292 0 0   0
2    9.048   14.262 0 0   0
2    9.058   14.258 0 0   0
2    9.060   14.258 0 0   0
2    9.152   14.223 0 0   0
2    9.169   14.216 0 0   0
2    9.244   14.187 0 0   0
2    9.278   14.173 0 0   0
2    9.337   14.149 0 0   0
2    9.383   14.129 0 0   0
2    9.428   14.110 0 0   0
2    9.489   14.083 0 0   0
2    9.519   14.070 0 0   0
2    9.590   14.038 0 0   0
2    9.608   14.030 0 0   0
2    9.693   13.990 0 0   0
2    9.699   13.987 0 0   0
2    9.745   13.965 0 0   0
2    9.787   13.944 0 0   0
2    9.791   13.942 0 0   0
2    9.876   13.899 0 0   0
2    9.891   13.891 0 0   0
2    9.963   13.855 0 0   0
2    9.987   13.842 0 0   0
2   10.051   13.808 0 0   0
2   10.084   13.790 0 0   0
2   10.136   13.761 0 0   0
2   10.177   13.738 0 0   0
2   10.223   13.712 0 0   0
2   10.272   13.684 0 0   0
2   10.308   13.663 0 0   0
2   10.363   13.630 0 0   0
2   10.393   13.612 0 0   0
2   10.455   13.575 0 0   0
2   10.477   13.561 0 0   0
2   10.545   13.519 0 0   0
2   10.624   13.469 0 0   0
2   10.635   13.462 0 0   0
2   10.719   13.407 0 0   0
2   10.723   13.404 0 0   0
2   10.786   13.362 0 0   0
2   10.810   13.346 0 0   0
2   10.812   13.345 0 0   0
2   10.895   13.288 0 0   0
2   10.901   13.283 0 0   0
2   10.979   13.229 0 0   0
2   10.990   13.220 0 0   0
2   11.062   13.169 0 0   0
2   11.077   13.158 0 0   0
2   11.144   13.108 0 0   0
2   11.164   13.093 0 0   0
2   11.226   13.046 0 0   0
2   11.248   13.029 0 0   0
2   11.307   12.984 0 0   0
2   11.333   12.963 0 0   0
2   11.388   12.920 0 0   0
2   11.416   12.898 0 0   0
2   11.467   12.856 0 0   0
2   11.499   12.830 0 0   0
2   11.547   12.790 0 0   0
2   11.579   12.764 0 0   0
2   11.625   12.725 0 0   0
2   11.660   12.695 0 0   0
2   11.703   12.657 0 0   0
2   11.739   12.626 0 0   0
2   11.780   12.590 0 0   0
2   11.818   12.556 0 0   0
2   11.858   12.520 0 0   0
6   11.879   12.473    0.000    0.150   1
5
3   11.858   12.520 0 0   0
2   11.895   12.486 0 0   0
2   11.933   12.451 0 0   0
2   11.972   12.414 0 0   0
2   12.009   12.379 0 0   0
2   12.047   12.343 0 0   0
2   12.083   12.308 0 0   0
2   12.123   12.269 0 0   0
2   12.159   12.235 0 0   0
2   12.197   12.197 0 0   0
2   12.235   12.159 0 0   0
2   12.269   12.123 0 0   0
2   12.308   12.083 0 0   0
2   12.343   12.047 0 0   0
2   12.379   12.009 0 0   0
2   12.414   11.972 0 0   0
2   12.451   11.933 0 0   0
2   12.486   11.895 0 0   0
2   12.520   11.858 0 0   0
2   12.556   11.818 0 0   0
2   12.590   11.780 0 0   0
2   12.626   11.739 0 0   0
2   12.657   11.703 0 0   0
2   12.695   11.660 0 0   0
2   12.725   11.625 0 0   0
2   12.764   11.579 0 0   0
2   12.790   11.547 0 0   0
2   12.830   11.499 0 0   0
2   12.856   11.467 0 0   0
2   12.898   11.416 0 0   0
2   12.920   11.388 0 0   0
2   12.963   11.333 0 0   0
2   12.984   11.307 0 0   0
2   13.029   11.248 0 0   0
2   13.046   11.226 0 0   0
2   13.093   11.164 0 0   0
2   13.108   11.144 0 0   0
2   13.158   11.077 0 0   0
2   13.169   11.062 0 0   0
2   13.220   10.990 0 0   0
2   13.229   10.979 0 0   0
2   13.283   10.901 0 0   0
2   13.288   10.895 0 0   0
2   13.345   10.812 0 0   0
2   13.346   10.810 0 0   0
2   13.362   10.786 0 0   0
2   13.404   10.723 0 0   0
2   13.407   10.719 0 0   0
2   13.462   10.635 0 0   0
2   13.469   10.624 0 0   0
2   13.519   10.545 0 0   0
2   13.561   10.477 0 0   0
2   13.575   10.455 0 0   0
2   13.612   10.393 0 0   0
2   13.630   10.363 0 0   0
2   13.663   10.308 0 0   0
2   13.684   10.272 0 0   0
2   13.712   10.223 0 0   0
2   13.738   10.177 0 0   0
2   13.761   10.136 0 0   0
2   13.790   10.084 0 0   0
2   13.808   10.051 0 0   0
2   13.842    9.987 0 0   0
2   13.854    9.963 0 0   0
2   13.891    9.891 0 0   0
2   13.899    9.876 0 0   0
2   13.942    9.791 0 0   0
2   13.944    9.787 0 0   0
2   13.964    9.745 0 0   0
2   13.987    9.699 0 0   0
2   13.989    9.693 0 0   0
2   14.029    9.608 0 0   0
2   14.038    9.590 0 0   0
2   14.070    9.519 0 0   0
2   14.083    9.489 0 0   0
2   14.110    9.428 0 0   0
2   14.129    9.383 0 0   0
2   14.149    9.337 0 0   0
2   14.173    9.278 0 0   0
2   14.187    9.244 0 0   0
2   14.216    9.169 0 0   0
2   14.223    9.152 0 0   0
2   14.258    9.060 0 0   0
2   14.258    9.058 0 0   0
2   14.262    9.048 0 0   0
2   14.292    8.964 0 0   0
2   14.298    8.947 0 0   0
2   14.325    8.868 0 0   0
2   14.336    8.833 0 0   0
2   14.356    8.773 0 0   0
2   14.374    8.715 0 0   0
2   14.386    8.674 0 0   0
2   14.409    8.597 0 0   0
2   14.415    8.578 0 0   0
2   14.438    8.495 0 0   0
2   14.442    8.477 0 0   0
2   14.443    8.472 0 0   0
2   14.467    8.379 0 0   0
2   14.475    8.347 0 0   0
2   14.491    8.277 0 0   0
2   14.505    8.214 0 0   0
2   14.513    8.175 0 0   0
2   14.532    8.080 0 0   0
2   14.534    8.072 0 0   0
2   14.539    8.045 0 0   0
2   14.552    7.967 0 0   0
2   14.556    7.938 0 0   0
2   14.568    7.860 0 0   0
2   14.577    7.792 0 0   0
2   14.583    7.754 0 0   0
2   14.593    7.656 0 0   0
2   14.595    7.642 0 0   0
2   14.595    7.635 0 0   0
2   14.603    7.533 0 0   0
2   14.607    7.470 0 0   0
2   14.610    7.419 0 0   0
2   14.613    7.326 0 0   0
2   14.613    7.304 0 0   0
2   14.613    7.290 0 0   0
2   14.613    7.186 0 0   0
2   14.610    7.092 0 0   0
2   14.609    7.067 0 0   0
2   14.607    7.031 0 0   0
2   14.601    6.941 0 0   0
2   14.592    6.856 0 0   0
2   14.588    6.816 0 0   0
2   14.582    6.773 0 0   0
2   14.573    6.711 0 0   0
2   14.566    6.673 0 0   0
2   14.557    6.619 0 0   0
2   14.540    6.539 0 0   0
2   14.537    6.526 0 0   0
2   14.535    6.515 0 0   0
2   14.515    6.434 0 0   0
2   14.491    6.350 0 0   0
2   14.489    6.341 0 0   0
2   14.485    6.331 0 0   0
2   14.459    6.249 0 0   0
2   14.430    6.169 0 0   0
2   14.425    6.155 0 0   0
2   14.419    6.141 0 0   0
2   14.387    6.063 0 0   0
2   14.344    5.970 0 0   0
2   14.344    5.969 0 0   0
2   14.343    5.969 0 0   0
2   14.296    5.877 0 0   0
2   14.259    5.812 0 0   0
2   14.242    5.783 0 0   0
2   14.208    5.731 0 0   0
2   14.183    5.691 0 0   0
2   14.168    5.670 0 0   0
2   14.116    5.598 0 0   0
2   14.068    5.538 0 0   0
2   14.043    5.506 0 0   0
2   13.964    5.418 0 0   0
2   13.960    5.413 0 0   0
2   13.941    5.394 0 0   0
2   13.870    5.322 0 0   0
2   13.853    5.306 0 0   0
2   13.767    5.230 0 0   0
2   13.738    5.205 0 0   0
2   13.641    5.129 0 0   0
2   13.616    5.111 0 0   0
2   13.504    5.033 0 0   0
2   13.492    5.025 0 0   0
2   13.489    5.023 0 0   0
2   13.360    4.945 0 0   0
2   13.315    4.920 0 0   0
2   13.227    4.873 0 0   0
2   13.109    4.815 0 0   0
2   13.087    4.805 0 0   0
2   13.051    4.790 0 0   0
2   12.946    4.745 0 0   0
2   12.891    4.723 0 0   0
2   12.776    4.682 0 0   0
2   12.637    4.636 0 0   0
2   12.606    4.626 0 0   0
2   12.578    4.619 0 0   0
2   12.396    4.569 0 0   0
2   12.326    4.554 0 0   0
2   12.185    4.521 0 0   0
2   12.069    4.500 0 0   0
2   11.919    4.475 0 0   0
2   11.746    4.452 0 0   0
2   11.653    4.441 0 0   0
2   11.334    4.418 0 0   0
2   11.314    4.417 0 0   0
2   11.287    4.416 0 0   0
2   10.976    4.414 0 0   0
2   10.647    4.431 0 0   0
2   10.546    4.438 0 0   0
2   10.275    4.477 0 0   0
2   10.112    4.500 0 0   0
2   10.077    4.507 0 0   0
2    9.926    4.544 0 0   0
2    9.704    4.598 0 0   0
2    9.648    4.615 0 0   0
2    9.338    4.725 0 0   0
2    9.170    4.799 0 0   0
2    9.003    4.879 0 0   0
2    8.722    5.045 0 0   0
2    8.662    5.079 0 0   0
2    8.615    5.110 0 0   0
2    8.354    5.296 0 0   0
2    8.142    5.473 0 0   0
2    8.032    5.559 0 0   0
2    7.859    5.713 0 0   0
3    8.882    5.503 0 0   0
2    8.882    5.503 0 0   0
2    8.648    5.652 0 0   0
2    8.426    5.817 0 0   0
2    8.308    5.900 0 0   0
2    8.122    6.049 0 0   0
2    8.000    6.153 0 0   0
2    7.946    6.203 0 0   0
2    7.670    6.449 0 0   0
2    7.539    6.575 0 0   0
2    7.364    6.739 0 0   0
2    7.220    6.879 0 0   0
2    7.056    7.042 0 0   0
2    6.904    7.198 0 0   0
2    6.739    7.364 0 0   0
2    6.575    7.539 0 0   0
2    6.449    7.670 0 0   0
2    6.203    7.946 0 0   0
2    6.153    8.000 0 0   0
2    6.049    8.122 0 0   0
2    5.900    8.308 0 0   0
2    5.817    8.426 0 0   0
2    5.652    8.648 0 0   0
2    5.503    8.882 0 0   0
2    5.449    8.975 0 0   0
2    5.375    9.126 0 0   0
2    5.271    9.329 0 0   0
2    5.223    9.441 0 0   0
2    5.135    9.685 0 0   0
2    5.058    9.942 0 0   0
2    5.014   10.147 0 0   0
2    4.969   10.394 0 0   0
2    4.934   10.770 0 0   0
2    4.930   10.832 0 0   0
2    4.931   11.123 0 0   0
2    4.931   11.175 0 0   0
2    4.950   11.394 0 0   0
2    4.959   11.516 0 0   0
2    4.987   11.697 0 0   0
2    4.999   11.782 0 0   0
2    5.043   11.976 0 0   0
2    5.057   12.045 0 0   0
2    5.085   12.145 0 0   0
2    5.118   12.256 0 0   0
2    5.169   12.401 0 0   0
2    5.192   12.465 0 0   0
2    5.204   12.495 0 0   0
2    5.263   12.633 0 0   0
2    5.266   12.639 0 0   0
2    5.277   12.662 0 0   0
2    5.346   12.798 0 0   0
2    5.416   12.919 0 0   0
2    5.423   12.932 0 0   0
2    5.425   12.936 0 0   0
2    5.509   13.064 0 0   0
2    5.528   13.090 0 0   0
2    5.602   13.187 0 0   0
2    5.630   13.222 0 0   0
2    5.705   13.308 0 0   0
2    5.735   13.340 0 0   0
2    5.815   13.420 0 0   0
2    5.838   13.442 0 0   0
2    5.937   13.529 0 0   0
2    5.943   13.534 0 0   0
2    5.956   13.544 0 0   0
2    6.033   13.604 0 0   0
2    6.068   13.628 0 0   0
2    6.126   13.668 0 0   0
2    6.213   13.722 0 0   0
2    6.216   13.724 0 0   0
2    6.222   13.727 0 0   0
2    6.309   13.776 0 0   0
2    6.369   13.806 0 0   0
2    6.399   13.821 0 0   0
2    6.435   13.837 0 0   0
2    6.492   13.862 0 0   0
2    6.543   13.882 0 0   0
2    6.584   13.898 0 0   0
2    6.627   13.913 0 0   0
2    6.677   13.931 0 0   0
2    6.730   13.947 0 0   0
2    6.768   13.958 0 0   0
2    6.798   13.966 0 0   0
2    6.861   13.983 0 0   0
2    6.940   14.001 0 0   0
2    6.952   14.003 0 0   0
2    6.961   14.005 0 0   0
2    7.045   14.021 0 0   0
2    7.115   14.032 0 0   0
2    7.169   14.039 0 0   0
2    7.260   14.049 0 0   0
2    7.371   14.057 0 0   0
2    7.403   14.060 0 0   0
2    7.429   14.061 0 0   0
2    7.539   14.064 0 0   0
2    7.637   14.063 0 0   0
2    7.673   14.063 0 0   0
2    7.715   14.062 0 0   0
2    7.800   14.057 0 0   0
2    7.855   14.053 0 0   0
2    7.928   14.047 0 0   0
2    8.044   14.035 0 0   0
2    8.051   14.034 0 0   0
2    8.053   14.034 0 0   0
2    8.161   14.019 0 0   0
2    8.209   14.011 0 0   0
2    8.268   14.002 0 0   0
2    8.362   13.984 0 0   0
2    8.377   13.982 0 0   0
2    8.419   13.973 0 0   0
2    8.481   13.960 0 0   0
2    8.501   13.955 0 0   0
2    8.587   13.935 0 0   0
2    8.640   13.921 0 0   0
2    8.689   13.909 0 0   0
2    8.771   13.886 0 0   0
2    8.792   13.881 0 0   0
2    8.865   13.859 0 0   0
2    8.892   13.851 0 0   0
2    8.899   13.849 0 0   0
2    8.992   13.819 0 0   0
2    9.023   13.809 0 0   0
2    9.090   13.786 0 0   0
2    9.145   13.766 0 0   0
2    9.189   13.750 0 0   0
2    9.261   13.723 0 0   0
2    9.285   13.714 0 0   0
2    9.379   13.677 0 0   0
2    9.382   13.676 0 0   0
2    9.399   13.669 0 0   0
2    9.476   13.637 0 0   0
2    9.489   13.631 0 0   0
2    9.572   13.595 0 0   0
2    9.601   13.582 0 0   0
2    9.664   13.553 0 0   0
2    9.708   13.533 0 0   0
2    9.758   13.509 0 0   0
2    9.815   13.481 0 0   0
2    9.850   13.464 0 0   0
2    9.919   13.429 0 0   0
2    9.942   13.418 0 0   0
2   10.022   13.376 0 0   0
2   10.032   13.371 0 0   0
2   10.112   13.327 0 0   0
2   10.122   13.322 0 0   0
2   10.123   13.321 0 0   0
2   10.211   13.271 0 0   0
2   10.223   13.265 0 0   0
2   10.301   13.219 0 0   0
2   10.321   13.207 0 0   0
2   10.346   13.192 0 0   0
2   10.418   13.149 0 0   0
2   10.454   13.127 0 0   0
2   10.514   13.089 0 0   0
2   10.557   13.061 0 0   0
2   10.607   13.029 0 0   0
2   10.660   12.994 0 0   0
2   10.701   12.967 0 0   0
2   10.759   12.927 0 0   0
2   10.792   12.905 0 0   0
2   10.859   12.858 0 0   0
2   10.884   12.840 0 0   0
2   10.954   12.790 0 0   0
2   10.973   12.776 0 0   0
2   11.050   12.718 0 0   0
2   11.063   12.709 0 0   0
2   11.141   12.649 0 0   0
2   11.149   12.643 0 0   0
2   11.234   12.576 0 0   0
2   11.237   12.573 0 0   0
2   11.313   12.512 0 0   0
2   11.321   12.505 0 0   0
2   11.322   12.505 0 0   0
2   11.408   12.433 0 0   0
2   11.411   12.430 0 0   0
6   11.452   12.367    0.000    0.150   1
6
3   11.411   12.430 0 0   0
2   11.490   12.363 0 0   0
2   11.496   12.358 0 0   0
2   11.575   12.289 0 0   0
2   11.582   12.282 0 0   0
2   11.655   12.216 0 0   0
2   11.664   12.208 0 0   0
2   11.738   12.140 0 0   0
2   11.748   12.130 0 0   0
2   11.817   12.065 0 0   0
2   11.828   12.054 0 0   0
2   11.898   11.986 0 0   0
2   11.909   11.975 0 0   0
2   11.975   11.909 0 0   0
2   11.986   11.898 0 0   0
2   12.054   11.828 0 0   0
2   12.065   11.817 0 0   0
2   12.130   11.748 0 0   0
2   12.140   11.738 0 0   0
2   12.208   11.664 0 0   0
2   12.216   11.655 0 0   0
2   12.282   11.582 0 0   0
2   12.289   11.575 0 0   0
2   12.358   11.496 0 0   0
2   12.363   11.490 0 0   0
2   12.430   11.411 0 0   0
2   12.433   11.408 0 0   0
2   12.505   11.322 0 0   0
2   12.505   11.321 0 0   0
2   12.512   11.314 0 0   0
2   12.573   11.237 0 0   0
2   12.576   11.234 0 0   0
2   12.643   11.149 0 0   0
2   12.649   11.141 0 0   0
2   12.709   11.063 0 0   0
2   12.718   11.050 0 0   0
2   12.776   10.973 0 0   0
2   12.790   10.954 0 0   0
2   12.840   10.884 0 0   0
2   12.858   10.859 0 0   0
2   12.905   10.792 0 0   0
2   12.927   10.759 0 0   0
2   12.967   10.701 0 0   0
2   12.994   10.660 0 0   0
2   13.029   10.607 0 0   0
2   13.061   10.557 0 0   0
2   13.089   10.514 0 0   0
2   13.127   10.453 0 0   0
2   13.149   10.418 0 0   0
2   13.192   10.346 0 0   0
2   13.207   10.321 0 0   0
2   13.219   10.301 0 0   0
2   13.265   10.223 0 0   0
2   13.271   10.211 0 0   0
2   13.321   10.123 0 0   0
2   13.322   10.122 0 0   0
2   13.327   10.112 0 0   0
2   13.371   10.032 0 0   0
2   13.376   10.022 0 0   0
2   13.418    9.942 0 0   0
2   13.429    9.919 0 0   0
2   13.464    9.850 0 0   0
2   13.481    9.815 0 0   0
2   13.509    9.758 0 0   0
2   13.533    9.708 0 0   0
2   13.553    9.664 0 0   0
2   13.582    9.601 0 0   0
2   13.595    9.572 0 0   0
2   13.631    9.489 0 0   0
2   13.637    9.476 0 0   0
2   13.669    9.399 0 0   0
2   13.676    9.382 0 0   0
2   13.677    9.379 0 0   0
2   13.714    9.285 0 0   0
2   13.723    9.261 0 0   0
2   13.750    9.189 0 0   0
2   13.766    9.145 0 0   0
2   13.786    9.090 0 0   0
2   13.809    9.022 0 0   0
2   13.819    8.992 0 0   0
2   13.849    8.899 0 0   0
2   13.851    8.892 0 0   0
2   13.859    8.865 0 0   0
2   13.881    8.792 0 0   0
2   13.886    8.771 0 0   0
2   13.909    8.689 0 0   0
2   13.921    8.640 0 0   0
2   13.935    8.587 0 0   0
2   13.955    8.501 0 0   0
2   13.960    8.481 0 0   0
2   13.973    8.419 0 0   0
2   13.981    8.377 0 0   0
2   13.984    8.362 0 0   0
2   14.002    8.268 0 0   0
2   14.011    8.209 0 0   0
2   14.019    8.161 0 0   0
2   14.034    8.053 0 0   0
2   14.034    8.051 0 0   0
2   14.035    8.045 0 0   0
2   14.047    7.928 0 0   0
2   14.053    7.855 0 0   0
2   14.057    7.800 0 0   0
2   14.061    7.715 0 0   0
2   14.063    7.672 0 0   0
2   14.063    7.636 0 0   0
2   14.064    7.539 0 0   0
2   14.061    7.430 0 0   0
2   14.060    7.403 0 0   0
2   14.057    7.371 0 0   0
2   14.049    7.260 0 0   0
2   14.039    7.170 0 0   0
2   14.031    7.114 0 0   0
2   14.021    7.045 0 0   0
2   14.005    6.961 0 0   0
2   14.003    6.952 0 0   0
2   14.000    6.940 0 0   0
2   13.982    6.861 0 0   0
2   13.966    6.798 0 0   0
2   13.958    6.768 0 0   0
2   13.947    6.731 0 0   0
2   13.930    6.677 0 0   0
2   13.913    6.626 0 0   0
2   13.898    6.584 0 0   0
2   13.882    6.543 0 0   0
2   13.862    6.493 0 0   0
2   13.836    6.435 0 0   0
2   13.821    6.400 0 0   0
2   13.806    6.370 0 0   0
2   13.776    6.309 0 0   0
2   13.727    6.221 0 0   0
2   13.724    6.216 0 0   0
2   13.722    6.213 0 0   0
2   13.668    6.126 0 0   0
2   13.628    6.068 0 0   0
2   13.603    6.033 0 0   0
2   13.543    5.956 0 0   0
2   13.534    5.943 0 0   0
2   13.529    5.938 0 0   0
2   13.442    5.838 0 0   0
2   13.420    5.815 0 0   0
2   13.340    5.735 0 0   0
2   13.308    5.705 0 0   0
2   13.221    5.630 0 0   0
2   13.187    5.602 0 0   0
2   13.089    5.528 0 0   0
2   13.064    5.510 0 0   0
2   12.935    5.425 0 0   0
2   12.932    5.423 0 0   0
2   12.921    5.417 0 0   0
2   12.798    5.346 0 0   0
2   12.660    5.277 0 0   0
2   12.638    5.266 0 0   0
2   12.633    5.264 0 0   0
2   12.494    5.204 0 0   0
2   12.465    5.192 0 0   0
2   12.401    5.170 0 0   0
2   12.256    5.118 0 0   0
2   12.144    5.085 0 0   0
2   12.045    5.057 0 0   0
2   11.976    5.043 0 0   0
2   11.782    4.999 0 0   0
2   11.698    4.987 0 0   0
2   11.516    4.959 0 0   0
2   11.395    4.950 0 0   0
2   11.174    4.931 0 0   0
2   11.123    4.931 0 0   0
2   10.831    4.930 0 0   0
2   10.771    4.934 0 0   0
2   10.394    4.969 0 0   0
2   10.147    5.014 0 0   0
2    9.942    5.058 0 0   0
2    9.685    5.135 0 0   0
2    9.441    5.224 0 0   0
2    9.329    5.271 0 0   0
2    9.126    5.374 0 0   0
2    8.975    5.449 0 0   0
2    8.882    5.503 0 0   0
3    8.373    6.415 0 0   0
2    8.373    6.415 0 0   0
2    8.287    6.482 0 0   0
2    8.245    6.518 0 0   0
2    7.959    6.757 0 0   0
2    7.842    6.865 0 0   0
2    7.649    7.039 0 0   0
2    7.498    7.185 0 0   0
2    7.347    7.332 0 0   0
2    7.197    7.488 0 0   0
2    7.039    7.649 0 0   0
2    6.865    7.841 0 0   0
2    6.757    7.959 0 0   0
2    6.518    8.244 0 0   0
2    6.482    8.287 0 0   0
2    6.415    8.373 0 0   0
2    6.242    8.612 0 0   0
2    6.125    8.795 0 0   0
2    6.019    8.958 0 0   0
2    5.926    9.123 0 0   0
2    5.838    9.300 0 0   0
2    5.709    9.607 0 0   0
2    5.681    9.673 0 0   0
2    5.670    9.704 0 0   0
2    5.611    9.922 0 0   0
2    5.541   10.181 0 0   0
2    5.529   10.266 0 0   0
2    5.482   10.642 0 0   0
2    5.478   10.849 0 0   0
2    5.476   10.994 0 0   0
2    5.491   11.173 0 0   0
2    5.505   11.337 0 0   0
2    5.543   11.558 0 0   0
2    5.551   11.605 0 0   0
2    5.579   11.712 0 0   0
2    5.621   11.864 0 0   0
2    5.683   12.039 0 0   0
2    5.694   12.072 0 0   0
2    5.698   12.081 0 0   0
2    5.786   12.276 0 0   0
2    5.787   12.277 0 0   0
2    5.877   12.440 0 0   0
2    5.933   12.529 0 0   0
2    5.982   12.601 0 0   0
2    6.041   12.678 0 0   0
2    6.078   12.724 0 0   0
2    6.142   12.798 0 0   0
2    6.185   12.844 0 0   0
2    6.242   12.901 0 0   0
2    6.300   12.955 0 0   0
2    6.346   12.994 0 0   0
2    6.429   13.060 0 0   0
2    6.448   13.074 0 0   0
2    6.506   13.114 0 0   0
2    6.552   13.146 0 0   0
2    6.568   13.156 0 0   0
2    6.655   13.207 0 0   0
2    6.724   13.244 0 0   0
2    6.755   13.261 0 0   0
2    6.793   13.278 0 0   0
2    6.890   13.321 0 0   0
2    6.978   13.355 0 0   0
2    7.077   13.388 0 0   0
2    7.153   13.410 0 0   0
2    7.278   13.441 0 0   0
2    7.312   13.448 0 0   0
2    7.386   13.461 0 0   0
2    7.468   13.475 0 0   0
2    7.507   13.480 0 0   0
2    7.614   13.491 0 0   0
2    7.756   13.501 0 0   0
2    7.757   13.501 0 0   0
2    7.758   13.501 0 0   0
2    7.892   13.502 0 0   0
2    8.015   13.499 0 0   0
2    8.027   13.499 0 0   0
2    8.041   13.499 0 0   0
2    8.156   13.490 0 0   0
2    8.235   13.482 0 0   0
2    8.283   13.477 0 0   0
2    8.358   13.468 0 0   0
2    8.405   13.461 0 0   0
2    8.429   13.457 0 0   0
2    8.528   13.440 0 0   0
2    8.610   13.424 0 0   0
2    8.646   13.417 0 0   0
2    8.732   13.397 0 0   0
2    8.764   13.390 0 0   0
2    8.776   13.387 0 0   0
2    8.878   13.360 0 0   0
2    8.934   13.344 0 0   0
2    8.993   13.328 0 0   0
2    9.083   13.300 0 0   0
2    9.102   13.294 0 0   0
2    9.165   13.273 0 0   0
2    9.214   13.256 0 0   0
2    9.228   13.251 0 0   0
2    9.321   13.217 0 0   0
2    9.363   13.201 0 0   0
2    9.430   13.175 0 0   0
2    9.497   13.148 0 0   0
2    9.535   13.132 0 0   0
2    9.625   13.093 0 0   0
2    9.640   13.086 0 0   0
2    9.712   13.054 0 0   0
2    9.741   13.040 0 0   0
2    9.747   13.037 0 0   0
2    9.838   12.993 0 0   0
2    9.860   12.982 0 0   0
2    9.933   12.945 0 0   0
2    9.971   12.925 0 0   0
2   10.029   12.895 0 0   0
2   10.079   12.868 0 0   0
2   10.144   12.832 0 0   0
2   10.184   12.809 0 0   0
2   10.266   12.761 0 0   0
2   10.290   12.747 0 0   0
2   10.382   12.691 0 0   0
2   10.391   12.686 0 0   0
2   10.464   12.640 0 0   0
2   10.494   12.620 0 0   0
2   10.497   12.618 0 0   0
2   10.591   12.556 0 0   0
2   10.605   12.547 0 0   0
2   10.691   12.487 0 0   0
2   10.713   12.472 0 0   0
2   10.786   12.420 0 0   0
2   10.815   12.398 0 0   0
2   10.883   12.349 0 0   0
2   10.918   12.322 0 0   0
2   10.975   12.278 0 0   0
2   11.016   12.246 0 0   0
2   11.069   12.204 0 0   0
2   11.114   12.168 0 0   0
2   11.159   12.131 0 0   0
2   11.208   12.090 0 0   0
2   11.250   12.054 0 0   0
2   11.301   12.010 0 0   0
6   11.322   11.964    0.000    0.150   1
7
3   11.301   12.010 0 0   0
2   11.338   11.978 0 0   0
2   11.391   11.930 0 0   0
2   11.426   11.898 0 0   0
2   11.481   11.848 0 0   0
2   11.512   11.819 0 0   0
2   11.567   11.766 0 0   0
2   11.598   11.736 0 0   0
2   11.653   11.682 0 0   0
2   11.682   11.653 0 0   0
2   11.736   11.598 0 0   0
2   11.766   11.567 0 0   0
2   11.819   11.512 0 0   0
2   11.848   11.481 0 0   0
2   11.898   11.426 0 0   0
2   11.930   11.391 0 0   0
2   11.978   11.338 0 0   0
2   12.010   11.301 0 0   0
2   12.054   11.250 0 0   0
2   12.090   11.208 0 0   0
2   12.131   11.159 0 0   0
2   12.168   11.114 0 0   0
2   12.204   11.069 0 0   0
2   12.246   11.016 0 0   0
2   12.278   10.975 0 0   0
2   12.322   10.918 0 0   0
2   12.349   10.883 0 0   0
2   12.398   10.815 0 0   0
2   12.420   10.786 0 0   0
2   12.472   10.713 0 0   0
2   12.487   10.691 0 0   0
2   12.547   10.605 0 0   0
2   12.556   10.591 0 0   0
2   12.618   10.497 0 0   0
2   12.620   10.494 0 0   0
2   12.640   10.464 0 0   0
2   12.686   10.391 0 0   0
2   12.691   10.382 0 0   0
2   12.747   10.290 0 0   0
2   12.761   10.266 0 0   0
2   12.809   10.184 0 0   0
2   12.832   10.144 0 0   0
2   12.868   10.079 0 0   0
2   12.895   10.029 0 0   0
2   12.925    9.971 0 0   0
2   12.945    9.933 0 0   0
2   12.982    9.860 0 0   0
2   12.993    9.839 0 0   0
2   13.037    9.747 0 0   0
2   13.040    9.741 0 0   0
2   13.053    9.712 0 0   0
2   13.086    9.640 0 0   0
2   13.093    9.624 0 0   0
2   13.132    9.535 0 0   0
2   13.148    9.497 0 0   0
2   13.175    9.430 0 0   0
2   13.201    9.363 0 0   0
2   13.217    9.321 0 0   0
2   13.251    9.228 0 0   0
2   13.256    9.214 0 0   0
2   13.273    9.165 0 0   0
2   13.294    9.102 0 0   0
2   13.300    9.082 0 0   0
2   13.328    8.993 0 0   0
2   13.344    8.934 0 0   0
2   13.360    8.878 0 0   0
2   13.386    8.776 0 0   0
2   13.390    8.764 0 0   0
2   13.397    8.732 0 0   0
2   13.416    8.646 0 0   0
2   13.424    8.610 0 0   0
2   13.440    8.528 0 0   0
2   13.457    8.429 0 0   0
2   13.461    8.405 0 0   0
2   13.468    8.358 0 0   0
2   13.477    8.283 0 0   0
2   13.482    8.235 0 0   0
2   13.490    8.155 0 0   0
2   13.498    8.041 0 0   0
2   13.499    8.027 0 0   0
2   13.499    8.014 0 0   0
2   13.502    7.892 0 0   0
2   13.501    7.758 0 0   0
2   13.501    7.757 0 0   0
2   13.501    7.757 0 0   0
2   13.491    7.614 0 0   0
2   13.480    7.507 0 0   0
2   13.475    7.468 0 0   0
2   13.460    7.385 0 0   0
2   13.448    7.312 0 0   0
2   13.441    7.278 0 0   0
2   13.410    7.153 0 0   0
2   13.388    7.077 0 0   0
2   13.354    6.978 0 0   0
2   13.321    6.890 0 0   0
2   13.278    6.793 0 0   0
2   13.260    6.755 0 0   0
2   13.244    6.724 0 0   0
2   13.207    6.655 0 0   0
2   13.156    6.569 0 0   0
2   13.145    6.552 0 0   0
2   13.113    6.505 0 0   0
2   13.074    6.448 0 0   0
2   13.060    6.430 0 0   0
2   12.993    6.346 0 0   0
2   12.955    6.301 0 0   0
2   12.900    6.242 0 0   0
2   12.844    6.185 0 0   0
2   12.797    6.142 0 0   0
2   12.724    6.078 0 0   0
2   12.678    6.041 0 0   0
2   12.601    5.983 0 0   0
2   12.528    5.934 0 0   0
2   12.440    5.877 0 0   0
2   12.277    5.787 0 0   0
2   12.276    5.786 0 0   0
2   12.081    5.698 0 0   0
2   12.072    5.695 0 0   0
2   12.040    5.683 0 0   0
2   11.864    5.621 0 0   0
2   11.711    5.579 0 0   0
2   11.604    5.552 0 0   0
2   11.558    5.544 0 0   0
2   11.337    5.505 0 0   0
2   11.173    5.491 0 0   0
2   10.994    5.477 0 0   0
2   10.849    5.478 0 0   0
2   10.642    5.483 0 0   0
2   10.267    5.529 0 0   0
2   10.181    5.542 0 0   0
2    9.920    5.612 0 0   0
2    9.704    5.670 0 0   0
2    9.673    5.681 0 0   0
2    9.608    5.709 0 0   0
2    9.301    5.838 0 0   0
2    9.123    5.926 0 0   0
2    8.958    6.019 0 0   0
2    8.795    6.125 0 0   0
2    8.612    6.242 0 0   0
2    8.373    6.415 0 0   0
3    9.338    6.396 0 0   0
2    9.338    6.396 0 0   0
2    9.299    6.415 0 0   0
2    9.255    6.441 0 0   0
2    8.940    6.617 0 0   0
2    8.635    6.814 0 0   0
2    8.604    6.834 0 0   0
2    8.532    6.887 0 0   0
2    8.265    7.097 0 0   0
2    8.189    7.163 0 0   0
2    7.960    7.363 0 0   0
2    7.839    7.480 0 0   0
2    7.647    7.662 0 0   0
2    7.532    7.782 0 0   0
2    7.363    7.960 0 0   0
2    7.163    8.189 0 0   0
2    7.097    8.265 0 0   0
2    6.887    8.533 0 0   0
2    6.834    8.604 0 0   0
2    6.814    8.635 0 0   0
2    6.617    8.940 0 0   0
2    6.441    9.254 0 0   0
2    6.415    9.299 0 0   0
2    6.396    9.339 0 0   0
2    6.287    9.610 0 0   0
2    6.189    9.886 0 0   0
2    6.181    9.919 0 0   0
2    6.171    9.961 0 0   0
2    6.122   10.205 0 0   0
2    6.090   10.384 0 0   0
2    6.078   10.560 0 0   0
2    6.070   10.751 0 0   0
2    6.084   10.960 0 0   0
2    6.095   11.099 0 0   0
2    6.124   11.254 0 0   0
2    6.147   11.370 0 0   0
2    6.205   11.556 0 0   0
2    6.228   11.630 0 0   0
2    6.280   11.752 0 0   0
2    6.317   11.834 0 0   0
2    6.336   11.867 0 0   0
2    6.428   12.030 0 0   0
2    6.510   12.143 0 0   0
2    6.539   12.186 0 0   0
2    6.642   12.304 0 0   0
2    6.672   12.336 0 0   0
2    6.764   12.423 0 0   0
2    6.789   12.445 0 0   0
2    6.863   12.504 0 0   0
2    6.923   12.548 0 0   0
2    6.964   12.576 0 0   0
2    7.058   12.635 0 0   0
2    7.064   12.638 0 0   0
2    7.067   12.640 0 0   0
2    7.168   12.692 0 0   0
2    7.229   12.722 0 0   0
2    7.269   12.739 0 0   0
2    7.328   12.762 0 0   0
2    7.372   12.779 0 0   0
2    7.405   12.791 0 0   0
2    7.475   12.812 0 0   0
2    7.550   12.833 0 0   0
2    7.578   12.841 0 0   0
2    7.605   12.847 0 0   0
2    7.718   12.870 0 0   0
2    7.822   12.886 0 0   0
2    7.871   12.892 0 0   0
2    7.941   12.897 0 0   0
2    8.014   12.903 0 0   0
2    8.069   12.906 0 0   0
2    8.154   12.907 0 0   0
2    8.235   12.905 0 0   0
2    8.286   12.904 0 0   0
2    8.343   12.901 0 0   0
2    8.420   12.895 0 0   0
2    8.474   12.888 0 0   0
2    8.547   12.880 0 0   0
2    8.662   12.864 0 0   0
2    8.673   12.862 0 0   0
2    8.679   12.861 0 0   0
2    8.795   12.838 0 0   0
2    8.864   12.823 0 0   0
2    8.916   12.811 0 0   0
2    9.027   12.783 0 0   0
2    9.032   12.782 0 0   0
2    9.034   12.781 0 0   0
2    9.151   12.747 0 0   0
2    9.195   12.732 0 0   0
2    9.263   12.710 0 0   0
2    9.345   12.682 0 0   0
2    9.377   12.670 0 0   0
2    9.477   12.632 0 0   0
2    9.487   12.628 0 0   0
2    9.490   12.627 0 0   0
2    9.597   12.582 0 0   0
2    9.627   12.569 0 0   0
2    9.704   12.535 0 0   0
2    9.761   12.508 0 0   0
2    9.812   12.484 0 0   0
2    9.888   12.446 0 0   0
2    9.916   12.432 0 0   0
2   10.014   12.380 0 0   0
2   10.021   12.377 0 0   0
2   10.060   12.355 0 0   0
2   10.122   12.320 0 0   0
2   10.132   12.314 0 0   0
2   10.225   12.259 0 0   0
2   10.250   12.244 0 0   0
2   10.325   12.198 0 0   0
2   10.362   12.174 0 0   0
2   10.425   12.132 0 0   0
2   10.474   12.100 0 0   0
2   10.523   12.067 0 0   0
2   10.581   12.026 0 0   0
2   10.621   11.997 0 0   0
2   10.687   11.949 0 0   0
2   10.717   11.927 0 0   0
2   10.790   11.871 0 0   0
6   10.801   11.834    0.000    0.150   1
8
3   10.790   11.871 0 0   0
2   10.813   11.853 0 0   0
2   10.891   11.791 0 0   0
2   10.907   11.778 0 0   0
2   10.990   11.709 0 0   0
2   11.001   11.699 0 0   0
2   11.086   11.625 0 0   0
2   11.093   11.619 0 0   0
2   11.181   11.540 0 0   0
2   11.186   11.536 0 0   0
2   11.274   11.453 0 0   0
2   11.276   11.451 0 0   0
2   11.364   11.364 0 0   0
2   11.451   11.276 0 0   0
2   11.453   11.274 0 0   0
2   11.536   11.186 0 0   0
2   11.540   11.181 0 0   0
2   11.619   11.093 0 0   0
2   11.625   11.086 0 0   0
2   11.699   11.001 0 0   0
2   11.709   10.990 0 0   0
2   11.778   10.907 0 0   0
2   11.791   10.891 0 0   0
2   11.853   10.813 0 0   0
2   11.871   10.790 0 0   0
2   11.927   10.717 0 0   0
2   11.949   10.687 0 0   0
2   11.997   10.621 0 0   0
2   12.026   10.581 0 0   0
2   12.067   10.523 0 0   0
2   12.100   10.474 0 0   0
2   12.132   10.425 0 0   0
2   12.174   10.362 0 0   0
2   12.198   10.325 0 0   0
2   12.244   10.250 0 0   0
2   12.259   10.225 0 0   0
2   12.314   10.132 0 0   0
2   12.320   10.122 0 0   0
2   12.355   10.060 0 0   0
2   12.377   10.021 0 0   0
2   12.380   10.014 0 0   0
2   12.432    9.916 0 0   0
2   12.446    9.888 0 0   0
2   12.484    9.812 0 0   0
2   12.508    9.761 0 0   0
2   12.535    9.704 0 0   0
2   12.569    9.627 0 0   0
2   12.582    9.597 0 0   0
2   12.627    9.490 0 0   0
2   12.628    9.487 0 0   0
2   12.632    9.477 0 0   0
2   12.670    9.377 0 0   0
2   12.682    9.345 0 0   0
2   12.710    9.263 0 0   0
2   12.732    9.195 0 0   0
2   12.747    9.151 0 0   0
2   12.781    9.034 0 0   0
2   12.782    9.032 0 0   0
2   12.783    9.027 0 0   0
2   12.811    8.916 0 0   0
2   12.823    8.864 0 0   0
2   12.838    8.795 0 0   0
2   12.861    8.679 0 0   0
2   12.862    8.673 0 0   0
2   12.863    8.663 0 0   0
2   12.880    8.547 0 0   0
2   12.888    8.474 0 0   0
2   12.894    8.420 0 0   0
2   12.900    8.343 0 0   0
2   12.904    8.286 0 0   0
2   12.905    8.234 0 0   0
2   12.907    8.154 0 0   0
2   12.905    8.069 0 0   0
2   12.903    8.013 0 0   0
2   12.897    7.940 0 0   0
2   12.891    7.871 0 0   0
2   12.886    7.822 0 0   0
2   12.869    7.718 0 0   0
2   12.847    7.605 0 0   0
2   12.841    7.578 0 0   0
2   12.833    7.550 0 0   0
2   12.812    7.475 0 0   0
2   12.790    7.406 0 0   0
2   12.779    7.373 0 0   0
2   12.762    7.328 0 0   0
2   12.739    7.269 0 0   0
2   12.722    7.230 0 0   0
2   12.692    7.168 0 0   0
2   12.640    7.068 0 0   0
2   12.638    7.064 0 0   0
2   12.634    7.057 0 0   0
2   12.576    6.964 0 0   0
2   12.548    6.923 0 0   0
2   12.503    6.863 0 0   0
2   12.445    6.790 0 0   0
2   12.422    6.764 0 0   0
2   12.336    6.672 0 0   0
2   12.302    6.641 0 0   0
2   12.186    6.540 0 0   0
2   12.144    6.510 0 0   0
2   12.030    6.428 0 0   0
2   11.868    6.336 0 0   0
2   11.834    6.317 0 0   0
2   11.751    6.280 0 0   0
2   11.630    6.228 0 0   0
2   11.557    6.205 0 0   0
2   11.370    6.148 0 0   0
2   11.253    6.124 0 0   0
2   11.099    6.095 0 0   0
2   10.961    6.084 0 0   0
2   10.751    6.070 0 0   0
2   10.560    6.078 0 0   0
2   10.384    6.090 0 0   0
2   10.205    6.122 0 0   0
2    9.961    6.171 0 0   0
2    9.919    6.181 0 0   0
2    9.886    6.189 0 0   0
2    9.610    6.287 0 0   0
2    9.338    6.396 0 0   0
3    8.544    7.539 0 0   0
2    8.544    7.539 0 0   0
2    8.314    7.730 0 0   0
2    8.274    7.768 0 0   0
2    8.011    8.015 0 0   0
2    7.963    8.066 0 0   0
2    7.730    8.314 0 0   0
2    7.539    8.544 0 0   0
2    7.472    8.629 0 0   0
2    7.455    8.656 0 0   0
2    7.256    8.956 0 0   0
2    7.155    9.127 0 0   0
2    7.083    9.256 0 0   0
2    7.004    9.417 0 0   0
2    6.935    9.592 0 0   0
2    6.877    9.761 0 0   0
2    6.836    9.892 0 0   0
2    6.805   10.005 0 0   0
2    6.780   10.171 0 0   0
2    6.755   10.345 0 0   0
2    6.748   10.415 0 0   0
2    6.753   10.570 0 0   0
2    6.761   10.775 0 0   0
2    6.771   10.827 0 0   0
2    6.813   11.050 0 0   0
2    6.824   11.081 0 0   0
2    6.886   11.260 0 0   0
2    6.901   11.303 0 0   0
2    6.904   11.310 0 0   0
2    6.909   11.320 0 0   0
2    7.011   11.508 0 0   0
2    7.077   11.602 0 0   0
2    7.147   11.693 0 0   0
2    7.226   11.777 0 0   0
2    7.286   11.836 0 0   0
2    7.385   11.915 0 0   0
2    7.454   11.966 0 0   0
2    7.500   11.994 0 0   0
2    7.592   12.047 0 0   0
2    7.598   12.051 0 0   0
2    7.601   12.052 0 0   0
2    7.697   12.096 0 0   0
2    7.772   12.127 0 0   0
2    7.798   12.136 0 0   0
2    7.828   12.146 0 0   0
2    7.958   12.184 0 0   0
2    8.033   12.200 0 0   0
2    8.174   12.224 0 0   0
2    8.224   12.230 0 0   0
2    8.362   12.238 0 0   0
2    8.397   12.241 0 0   0
2    8.410   12.241 0 0   0
2    8.564   12.237 0 0   0
2    8.690   12.228 0 0   0
2    8.717   12.225 0 0   0
2    8.737   12.222 0 0   0
2    8.846   12.207 0 0   0
2    8.945   12.189 0 0   0
2    8.969   12.185 0 0   0
2    9.010   12.176 0 0   0
2    9.095   12.155 0 0   0
2    9.135   12.144 0 0   0
2    9.213   12.123 0 0   0
2    9.304   12.095 0 0   0
2    9.333   12.085 0 0   0
2    9.404   12.061 0 0   0
2    9.448   12.045 0 0   0
2    9.465   12.038 0 0   0
2    9.564   11.999 0 0   0
2    9.613   11.978 0 0   0
2    9.675   11.951 0 0   0
2    9.758   11.912 0 0   0
2    9.788   11.898 0 0   0
2    9.892   11.846 0 0   0
2    9.895   11.844 0 0   0
2    9.913   11.834 0 0   0
2   10.005   11.783 0 0   0
2   10.024   11.773 0 0   0
2   10.111   11.722 0 0   0
2   10.146   11.700 0 0   0
2   10.218   11.655 0 0   0
2   10.268   11.622 0 0   0
2   10.321   11.587 0 0   0
2   10.383   11.544 0 0   0
2   10.424   11.514 0 0   0
2   10.497   11.461 0 0   0
2   10.525   11.439 0 0   0
2   10.606   11.377 0 0   0
2   10.627   11.360 0 0   0
2   10.712   11.289 0 0   0
2   10.726   11.278 0 0   0
2   10.815   11.200 0 0   0
6   10.823   11.165    0.000    0.150   1
9
3   10.815   11.200 0 0   0
2   10.825   11.192 0 0   0
2   10.916   11.108 0 0   0
2   10.922   11.102 0 0   0
2   11.013   11.013 0 0   0
2   11.102   10.922 0 0   0
2   11.108   10.916 0 0   0
2   11.191   10.825 0 0   0
2   11.200   10.815 0 0   0
2   11.278   10.726 0 0   0
2   11.289   10.712 0 0   0
2   11.360   10.627 0 0   0
2   11.377   10.606 0 0   0
2   11.439   10.525 0 0   0
2   11.461   10.497 0 0   0
2   11.514   10.424 0 0   0
2   11.544   10.383 0 0   0
2   11.587   10.321 0 0   0
2   11.622   10.268 0 0   0
2   11.655   10.218 0 0   0
2   11.700   10.146 0 0   0
2   11.722   10.111 0 0   0
2   11.773   10.024 0 0   0
2   11.783   10.005 0 0   0
2   11.834    9.913 0 0   0
2   11.844    9.895 0 0   0
2   11.846    9.891 0 0   0
2   11.898    9.788 0 0   0
2   11.912    9.758 0 0   0
2   11.950    9.675 0 0   0
2   11.978    9.613 0 0   0
2   11.999    9.564 0 0   0
2   12.038    9.464 0 0   0
2   12.045    9.448 0 0   0
2   12.061    9.404 0 0   0
2   12.085    9.333 0 0   0
2   12.095    9.304 0 0   0
2   12.122    9.213 0 0   0
2   12.144    9.135 0 0   0
2   12.155    9.094 0 0   0
2   12.175    9.010 0 0   0
2   12.184    8.969 0 0   0
2   12.189    8.945 0 0   0
2   12.207    8.846 0 0   0
2   12.222    8.737 0 0   0
2   12.225    8.716 0 0   0
2   12.228    8.690 0 0   0
2   12.237    8.564 0 0   0
2   12.241    8.410 0 0   0
2   12.240    8.397 0 0   0
2   12.238    8.360 0 0   0
2   12.229    8.224 0 0   0
2   12.224    8.174 0 0   0
2   12.200    8.033 0 0   0
2   12.184    7.959 0 0   0
2   12.145    7.827 0 0   0
2   12.136    7.798 0 0   0
2   12.127    7.773 0 0   0
2   12.095    7.697 0 0   0
2   12.052    7.602 0 0   0
2   12.050    7.598 0 0   0
2   12.047    7.592 0 0   0
2   11.994    7.500 0 0   0
2   11.966    7.455 0 0   0
2   11.915    7.385 0 0   0
2   11.836    7.287 0 0   0
2   11.777    7.226 0 0   0
2   11.693    7.147 0 0   0
2   11.601    7.077 0 0   0
2   11.507    7.011 0 0   0
2   11.319    6.909 0 0   0
2   11.309    6.904 0 0   0
2   11.303    6.902 0 0   0
2   11.262    6.887 0 0   0
2   11.082    6.825 0 0   0
2   11.050    6.813 0 0   0
2   10.827    6.771 0 0   0
2   10.775    6.761 0 0   0
2   10.569    6.753 0 0   0
2   10.414    6.748 0 0   0
2   10.345    6.755 0 0   0
2   10.171    6.780 0 0   0
2   10.005    6.805 0 0   0
2    9.892    6.836 0 0   0
2    9.761    6.877 0 0   0
2    9.592    6.935 0 0   0
2    9.416    7.004 0 0   0
2    9.256    7.083 0 0   0
2    9.128    7.155 0 0   0
2    8.956    7.256 0 0   0
2    8.656    7.455 0 0   0
2    8.630    7.473 0 0   0
2    8.544    7.539 0 0   0
3    9.301    7.840 0 0   0
2    9.301    7.840 0 0   0
2    9.030    8.007 0 0   0
2    8.939    8.074 0 0   0
2    8.745    8.220 0 0   0
2    8.608    8.344 0 0   0
2    8.481    8.458 0 0   0
2    8.354    8.599 0 0   0
2    8.219    8.745 0 0   0
2    8.074    8.938 0 0   0
2    8.007    9.030 0 0   0
2    7.840    9.301 0 0   0
2    7.821    9.338 0 0   0
2    7.813    9.358 0 0   0
2    7.714    9.614 0 0   0
2    7.636    9.851 0 0   0
2    7.627    9.904 0 0   0
2    7.618    9.968 0 0   0
2    7.600   10.153 0 0   0
2    7.591   10.280 0 0   0
2    7.611   10.457 0 0   0
2    7.629   10.577 0 0   0
2    7.708   10.791 0 0   0
2    7.725   10.836 0 0   0
2    7.778   10.918 0 0   0
2    7.852   11.024 0 0   0
2    7.916   11.084 0 0   0
2    8.024   11.187 0 0   0
2    8.118   11.247 0 0   0
2    8.209   11.298 0 0   0
2    8.302   11.334 0 0   0
2    8.442   11.380 0 0   0
2    8.481   11.388 0 0   0
2    8.649   11.413 0 0   0
2    8.661   11.413 0 0   0
2    8.688   11.414 0 0   0
2    8.832   11.415 0 0   0
2    8.902   11.412 0 0   0
2    8.990   11.403 0 0   0
2    9.086   11.387 0 0   0
2    9.142   11.378 0 0   0
2    9.202   11.365 0 0   0
2    9.285   11.344 0 0   0
2    9.336   11.328 0 0   0
2    9.426   11.299 0 0   0
2    9.545   11.255 0 0   0
2    9.560   11.250 0 0   0
2    9.594   11.235 0 0   0
2    9.690   11.192 0 0   0
2    9.722   11.176 0 0   0
2    9.815   11.128 0 0   0
2    9.883   11.090 0 0   0
2    9.939   11.058 0 0   0
2   10.029   11.002 0 0   0
2   10.057   10.984 0 0   0
2   10.167   10.908 0 0   0
2   10.176   10.902 0 0   0
2   10.242   10.852 0 0   0
6   10.189   10.807    0.000    0.150   2
10
3   10.242   10.852 0 0   0
2   10.287   10.817 0 0   0
2   10.292   10.813 0 0   0
2   10.399   10.723 0 0   0
2   10.411   10.713 0 0   0
2   10.506   10.626 0 0   0
2   10.520   10.612 0 0   0
2   10.612   10.520 0 0   0
2   10.626   10.506 0 0   0
2   10.713   10.411 0 0   0
2   10.723   10.399 0 0   0
2   10.813   10.292 0 0   0
2   10.817   10.287 0 0   0
2   10.851   10.243 0 0   0
2   10.902   10.176 0 0   0
2   10.908   10.167 0 0   0
2   10.984   10.057 0 0   0
2   11.002   10.029 0 0   0
2   11.058    9.939 0 0   0
2   11.090    9.883 0 0   0
2   11.128    9.815 0 0   0
2   11.176    9.722 0 0   0
2   11.192    9.690 0 0   0
2   11.235    9.594 0 0   0
2   11.250    9.560 0 0   0
2   11.255    9.545 0 0   0
2   11.299    9.426 0 0   0
2   11.328    9.336 0 0   0
2   11.344    9.285 0 0   0
2   11.365    9.202 0 0   0
2   11.378    9.142 0 0   0
2   11.387    9.085 0 0   0
2   11.403    8.990 0 0   0
2   11.412    8.903 0 0   0
2   11.415    8.832 0 0   0
2   11.413    8.687 0 0   0
2   11.413    8.661 0 0   0
2   11.412    8.649 0 0   0
2   11.387    8.481 0 0   0
2   11.379    8.442 0 0   0
2   11.334    8.302 0 0   0
2   11.298    8.209 0 0   0
2   11.247    8.118 0 0   0
2   11.187    8.024 0 0   0
2   11.084    7.916 0 0   0
2   11.024    7.852 0 0   0
2   10.917    7.778 0 0   0
2   10.836    7.726 0 0   0
2   10.791    7.708 0 0   0
2   10.577    7.629 0 0   0
2   10.457    7.611 0 0   0
2   10.280    7.591 0 0   0
2   10.153    7.601 0 0   0
2    9.969    7.618 0 0   0
2    9.905    7.627 0 0   0
2    9.851    7.636 0 0   0
2    9.614    7.714 0 0   0
2    9.358    7.813 0 0   0
2    9.338    7.821 0 0   0
2    9.301    7.840 0 0   0
3    9.452    9.452 0 0   0
2    9.452    9.452 0 0   0
2    9.452    9.452 0 0   0
2    9.452    9.452 0 0   0
6    9.391    9.409    0.000    0.150   2
11
3    9.452    9.452 0 0   0
2    9.452    9.452 0 0   0
2    9.452    9.452 0 0   0
2    9.452    9.452 0 0   0
2    9.452    9.452 0 0   0
3    7.005    2.500 0 0   0
2    7.002    2.661 0 0   0
2    6.993    2.821 0 0   0
2    6.979    2.982 0 0   0
2    6.959    3.141 0 0   0
2    6.933    3.300 0 0   0
2    6.902    3.458 0 0   0
2    6.865    3.614 0 0   0
2    6.822    3.769 0 0   0
2    6.774    3.923 0 0   0
2    6.721    4.074 0 0   0
2    6.662    4.224 0 0   0
2    6.598    4.371 0 0   0
2    6.528    4.516 0 0   0
2    6.454    4.659 0 0   0
2    6.374    4.799 0 0   0
2    6.290    4.935 0 0   0
2    6.200    5.069 0 0   0
2    6.106    5.200 0 0   0
2    6.007    5.327 0 0   0
2    5.904    5.450 0 0   0
2    5.797    5.570 0 0   0
2    5.685    5.685 0 0   0
2    5.570    5.797 0 0   0
2    5.450    5.904 0 0   0
2    5.327    6.007 0 0   0
2    5.200    6.106 0 0   0
2    5.069    6.200 0 0   0
2    4.935    6.290 0 0   0
2    4.799    6.374 0 0   0
2    4.659    6.454 0 0   0
2    4.516    6.528 0 0   0
2    4.371    6.598 0 0   0
2    4.224    6.662 0 0   0
2    4.074    6.721 0 0   0
2    3.923    6.774 0 0   0
2    3.769    6.822 0 0   0
2    3.614    6.865 0 0   0
2    3.458    6.902 0 0   0
2    3.300    6.933 0 0   0
2    3.141    6.959 0 0   0
2    2.982    6.979 0 0   0
2    2.821    6.993 0 0   0
2    2.661    7.002 0 0   0
2    2.500    7.005 0 0   0
3   17.500    2.500 0 0   0
2   17.500    2.579 0 0   0
2   17.499    2.657 0 0   0
2   17.498    2.736 0 0   0
2   17.497    2.814 0 0   0
2   17.495    2.893 0 0   0
2   17.493    2.971 0 0   0
2   17.490    3.050 0 0   0
2   17.487    3.128 0 0   0
2   17.483    3.207 0 0   0
2   17.479    3.285 0 0   0
2   17.475    3.363 0 0   0
2   17.470    3.442 0 0   0
2   17.465    3.520 0 0   0
2   17.460    3.599 0 0   0
2   17.454    3.677 0 0   0
2   17.447    3.755 0 0   0
2   17.441    3.833 0 0   0
2   17.433    3.912 0 0   0
2   17.426    3.990 0 0   0
2   17.418    4.068 0 0   0
2   17.409    4.146 0 0   0
2   17.401    4.224 0 0   0
2   17.391    4.302 0 0   0
2   17.382    4.380 0 0   0
2   17.372    4.458 0 0   0
2   17.361    4.536 0 0   0
2   17.350    4.614 0 0   0
2   17.339    4.691 0 0   0
2   17.327    4.769 0 0   0
2   17.315    4.847 0 0   0
2   17.303    4.924 0 0   0
2   17.290    5.002 0 0   0
2   17.277    5.079 0 0   0
2   17.263    5.156 0 0   0
2   17.249    5.234 0 0   0
2   17.234    5.311 0 0   0
2   17.219    5.388 0 0   0
2   17.204    5.465 0 0   0
2   17.188    5.542 0 0   0
2   17.172    5.619 0 0   0
2   17.156    5.695 0 0   0
2   17.139    5.772 0 0   0
2   17.121    5.849 0 0   0
2   17.104    5.925 0 0   0
2   17.086    6.002 0 0   0
2   17.067    6.078 0 0   0
2   17.048    6.154 0 0   0
2   17.029    6.230 0 0   0
2   17.009    6.306 0 0   0
2   16.989    6.382 0 0   0
2   16.968    6.458 0 0   0
2   16.947    6.534 0 0   0
2   16.926    6.609 0 0   0
2   16.904    6.685 0 0   0
2   16.882    6.760 0 0   0
2   16.860    6.835 0 0   0
2   16.837    6.911 0 0   0
2   16.814    6.986 0 0   0
2   16.790    7.060 0 0   0
2   16.766    7.135 0 0   0
2   16.741    7.210 0 0   0
2   16.717    7.284 0 0   0
2   16.691    7.359 0 0   0
2   16.666    7.433 0 0   0
2   16.640    7.507 0 0   0
2   16.613    7.581 0 0   0
2   16.586    7.655 0 0   0
2   16.559    7.729 0 0   0
2   16.532    7.802 0 0   0
2   16.504    7.876 0 0   0
2   16.475    7.949 0 0   0
2   16.447    8.022 0 0   0
2   16.418    8.095 0 0   0
2   16.388    8.168 0 0   0
2   16.358    8.240 0 0   0
2   16.328    8.313 0 0   0
2   16.297    8.385 0 0   0
2   16.266    8.457 0 0   0
2   16.235    8.529 0 0   0
2   16.203    8.601 0 0   0
2   16.171    8.673 0 0   0
2   16.139    8.744 0 0   0
2   16.106    8.816 0 0   0
2   16.072    8.887 0 0   0
2   16.039    8.958 0 0   0
2   16.005    9.028 0 0   0
2   15.970    9.099 0 0   0
2   15.936    9.170 0 0   0
2   15.901    9.240 0 0   0
2   15.865    9.310 0 0   0
2   15.829    9.380 0 0   0
2   15.793    9.449 0 0   0
2   15.756    9.519 0 0   0
2   15.720    9.588 0 0   0
2   15.682    9.657 0 0   0
2   15.645    9.726 0 0   0
2   15.607    9.795 0 0   0
2   15.568    9.864 0 0   0
2   15.529    9.932 0 0   0
2   15.490   10.000 0 0   0
2   15.451   10.068 0 0   0
2   15.411   10.136 0 0   0
2   15.371   10.203 0 0   0
2   15.330   10.270 0 0   0
2   15.290   10.337 0 0   0
2   15.248   10.404 0 0   0
2   15.207   10.471 0 0   0
2   15.165   10.537 0 0   0
2   15.123   10.604 0 0   0
2   15.080   10.670 0 0   0
2   15.037   10.735 0 0   0
2   14.994   10.801 0 0   0
2   14.950   10.866 0 0   0
2   14.906   10.931 0 0   0
2   14.862   10.996 0 0   0
2   14.817   11.061 0 0   0
2   14.772   11.125 0 0   0
2   14.727   11.189 0 0   0
2   14.681   11.253 0 0   0
2   14.635   11.317 0 0   0
2   14.589   11.380 0 0   0
2   14.542   11.443 0 0   0
2   14.495   11.506 0 0   0
2   14.448   11.569 0 0   0
2   14.400   11.631 0 0   0
2   14.352   11.694 0 0   0
2   14.304   11.756 0 0   0
2   14.255   11.817 0 0   0
2   14.206   11.879 0 0   0
2   14.157   11.940 0 0   0
2   14.108   12.001 0 0   0
2   14.058   12.061 0 0   0
2   14.007   12.122 0 0   0
2   13.957   12.182 0 0   0
2   13.906   12.242 0 0   0
2   13.855   12.301 0 0   0
2   13.803   12.361 0 0   0
2   13.752   12.420 0 0   0
2   13.700   12.478 0 0   0
2   13.647   12.537 0 0   0
2   13.594   12.595 0 0   0
2   13.541   12.653 0 0   0
2   13.488   12.711 0 0   0
2   13.435   12.768 0 0   0
2   13.381   12.825 0 0   0
2   13.326   12.882 0 0   0
2   13.272   12.939 0 0   0
2   13.217   12.995 0 0   0
2   13.162   13.051 0 0   0
2   13.107   13.107 0 0   0
2   13.051   13.162 0 0   0
2   12.995   13.217 0 0   0
2   12.939   13.272 0 0   0
2   12.882   13.326 0 0   0
2   12.825   13.381 0 0   0
2   12.768   13.435 0 0   0
2   12.711   13.488 0 0   0
2   12.653   13.541 0 0   0
2   12.595   13.594 0 0   0
2   12.537   13.647 0 0   0
2   12.478   13.700 0 0   0
2   12.420   13.752 0 0   0
2   12.361   13.803 0 0   0
2   12.301   13.855 0 0   0
2   12.242   13.906 0 0   0
2   12.182   13.957 0 0   0
2   12.122   14.007 0 0   0
2   12.061   14.058 0 0   0
2   12.001   14.108 0 0   0
2   11.940   14.157 0 0   0
2   11.879   14.206 0 0   0
2   11.817   14.255 0 0   0
2   11.756   14.304 0 0   0
2   11.694   14.352 0 0   0
2   11.631   14.400 0 0   0
2   11.569   14.448 0 0   0
2   11.506   14.495 0 0   0
2   11.443   14.542 0 0   0
2   11.380   14.589 0 0   0
2   11.317   14.635 0 0   0
2   11.253   14.681 0 0   0
2   11.189   14.727 0 0   0
2   11.125   14.772 0 0   0
2   11.061   14.817 0 0   0
2   10.996   14.862 0 0   0
2   10.931   14.906 0 0   0
2   10.866   14.950 0 0   0
2   10.801   14.994 0 0   0
2   10.735   15.037 0 0   0
2   10.670   15.080 0 0   0
2   10.604   15.123 0 0   0
2   10.537   15.165 0 0   0
2   10.471   15.207 0 0   0
2   10.404   15.248 0 0   0
2   10.337   15.290 0 0   0
2   10.270   15.330 0 0   0
2   10.203   15.371 0 0   0
2   10.136   15.411 0 0   0
2   10.068   15.451 0 0   0
2   10.000   15.490 0 0   0
2    9.932   15.529 0 0   0
2    9.864   15.568 0 0   0
2    9.795   15.607 0 0   0
2    9.726   15.645 0 0   0
2    9.657   15.682 0 0   0
2    9.588   15.720 0 0   0
2    9.519   15.756 0 0   0
2    9.449   15.793 0 0   0
2    9.380   15.829 0 0   0
2    9.310   15.865 0 0   0
2    9.240   15.901 0 0   0
2    9.170   15.936 0 0   0
2    9.099   15.970 0 0   0
2    9.028   16.005 0 0   0
2    8.958   16.039 0 0   0
2    8.887   16.072 0 0   0
2    8.816   16.106 0 0   0
2    8.744   16.139 0 0   0
2    8.673   16.171 0 0   0
2    8.601   16.203 0 0   0
2    8.529   16.235 0 0   0
2    8.457   16.266 0 0   0
2    8.385   16.297 0 0   0
2    8.313   16.328 0 0   0
2    8.240   16.358 0 0   0
2    8.168   16.388 0 0   0
2    8.095   16.418 0 0   0
2    8.022   16.447 0 0   0
2    7.949   16.475 0 0   0
2    7.876   16.504 0 0   0
2    7.802   16.532 0 0   0
2    7.729   16.559 0 0   0
2    7.655   16.586 0 0   0
2    7.581   16.613 0 0   0
2    7.507   16.640 0 0   0
2    7.433   16.666 0 0   0
2    7.359   16.691 0 0   0
2    7.284   16.717 0 0   0
2    7.210   16.741 0 0   0
2    7.135   16.766 0 0   0
2    7.060   16.790 0 0   0
2    6.986   16.814 0 0   0
2    6.911   16.837 0 0   0
2    6.835   16.860 0 0   0
2    6.760   16.882 0 0   0
2    6.685   16.904 0 0   0
2    6.609   16.926 0 0   0
2    6.534   16.947 0 0   0
2    6.458   16.968 0 0   0
2    6.382   16.989 0 0   0
2    6.306   17.009 0 0   0
2    6.230   17.029 0 0   0
2    6.154   17.048 0 0   0
2    6.078   17.067 0 0   0
2    6.002   17.086 0 0   0
2    5.925   17.104 0 0   0
2    5.849   17.121 0 0   0
2    5.772   17.139 0 0   0
2    5.695   17.156 0 0   0
2    5.619   17.172 0 0   0
2    5.542   17.188 0 0   0
2    5.465   17.204 0 0   0
2    5.388   17.219 0 0   0
2    5.311   17.234 0 0   0
2    5.234   17.249 0 0   0
2    5.156   17.263 0 0   0
2    5.079   17.277 0 0   0
2    5.002   17.290 0 0   0
2    4.924   17.303 0 0   0
2    4.847   17.315 0 0   0
2    4.769   17.327 0 0   0
2    4.691   17.339 0 0   0
2    4.614   17.350 0 0   0
2    4.536   17.361 0 0   0
2    4.458   17.372 0 0   0
2    4.380   17.382 0 0   0
2    4.302   17.391 0 0   0
2    4.224   17.401 0 0   0
2    4.146   17.409 0 0   0
2    4.068   17.418 0 0   0
2    3.990   17.426 0 0   0
2    3.912   17.433 0 0   0
2    3.833   17.441 0 0   0
2    3.755   17.447 0 0   0
2    3.677   17.454 0 0   0
2    3.599   17.460 0 0   0
2    3.520   17.465 0 0   0
2    3.442   17.470 0 0   0
2    3.363   17.475 0 0   0
2    3.285   17.479 0 0   0
2    3.207   17.483 0 0   0
2    3.128   17.487 0 0   0
2    3.050   17.490 0 0   0
2    2.971   17.493 0 0   0
2    2.893   17.495 0 0   0
2    2.814   17.497 0 0   0
2    2.736   17.498 0 0   0
2    2.657   17.499 0 0   0
2    2.579   17.500 0 0   0
2    2.500   17.500 0 0   0
3    2.500    7.958 0 0   0
2    2.500    7.611 0 0   0
2    2.500    7.265 0 0   0
2    2.500    7.135 0 0   0
2    2.500    7.005 0 0   0
3    2.500   10.372 0 0   0
2    2.500    9.969 0 0   0
2    2.500    9.567 0 0   0
2    2.500    9.165 0 0   0
2    2.500    8.762 0 0   0
2    2.500    8.360 0 0   0
2    2.500    7.958 0 0   0
3    2.500   13.184 0 0   0
2    2.500   13.022 0 0   0
2    2.500   12.860 0 0   0
2    2.500   12.652 0 0   0
2    2.500   12.445 0 0   0
2    2.500   12.180 0 0   0
2    2.500   11.915 0 0   0
2    2.500   11.576 0 0   0
2    2.500   11.237 0 0   0
2    2.500   10.804 0 0   0
2    2.500   10.372 0 0   0
3    2.500   17.500 0 0   0
2    2.500   17.421 0 0   0
2    2.500   17.343 0 0   0
2    2.500   17.261 0 0   0
2    2.500   17.180 0 0   0
2    2.500   17.095 0 0   0
2    2.500   17.010 0 0   0
2    2.500   16.922 0 0   0
2    2.500   16.834 0 0   0
2    2.500   16.742 0 0   0
2    2.500   16.650 0 0   0
2    2.500   16.555 0 0   0
2    2.500   16.460 0 0   0
2    2.500   16.361 0 0   0
2    2.500   16.262 0 0   0
2    2.500   16.159 0 0   0
2    2.500   16.056 0 0   0
2    2.500   15.949 0 0   0
2    2.500   15.843 0 0   0
2    2.500   15.731 0 0   0
2    2.500   15.620 0 0   0
2    2.500   15.505 0 0   0
2    2.500   15.389 0 0   0
2    2.500   15.269 0 0   0
2    2.500   15.150 0 0   0
2    2.500   15.025 0 0   0
2    2.500   14.900 0 0   0
2    2.500   14.771 0 0   0
2    2.500   14.641 0 0   0
2    2.500   14.506 0 0   0
2    2.500   14.372 0 0   0
2    2.500   14.232 0 0   0
2    2.500   14.092 0 0   0
2    2.500   13.946 0 0   0
2    2.500   13.801 0 0   0
2    2.500   13.650 0 0   0
2    2.500   13.498 0 0   0
2    2.500   13.341 0 0   0
2    2.500   13.184 0 0   0
3    7.005    2.500 0 0   0
2    7.135    2.500 0 0   0
2    7.265    2.500 0 0   0
2    7.611    2.500 0 0   0
2    7.958    2.500 0 0   0
3    7.958    2.500 0 0   0
2    8.360    2.500 0 0   0
2    8.762    2.500 0 0   0
2    9.165    2.500 0 0   0
2    9.567    2.500 0 0   0
2    9.969    2.500 0 0   0
2   10.372    2.500 0 0   0
3   10.372    2.500 0 0   0
2   10.804    2.500 0 0   0
2   11.237    2.500 0 0   0
2   11.576    2.500 0 0   0
2   11.915    2.500 0 0   0
2   12.180    2.500 0 0   0
2   12.445    2.500 0 0   0
2   12.652    2.500 0 0   0
2   12.860    2.500 0 0   0
2   13.022    2.500 0 0   0
2   13.184    2.500 0 0   0
3   13.184    2.500 0 0   0
2   13.341    2.500 0 0   0
2   13.498    2.500 0 0   0
2   13.650    2.500 0 0   0
2   13.801    2.500 0 0   0
2   13.946    2.500 0 0   0
2   14.092    2.500 0 0   0
2   14.232    2.500 0 0   0
2   14.372    2.500 0 0   0
2   14.506    2.500 0 0   0
2   14.641    2.500 0 0   0
2   14.771    2.500 0 0   0
2   14.900    2.500 0 0   0
2   15.025    2.500 0 0   0
2   15.150    2.500 0 0   0
2   15.269    2.500 0 0   0
2   15.389    2.500 0 0   0
2   15.505    2.500 0 0   0
2   15.620    2.500 0 0   0
2   15.731    2.500 0 0   0
2   15.843    2.500 0 0   0
2   15.949    2.500 0 0   0
2   16.056    2.500 0 0   0
2   16.159    2.500 0 0   0
2   16.262    2.500 0 0   0
2   16.361    2.500 0 0   0
2   16.460    2.500 0 0   0
2   16.555    2.500 0 0   0
2   16.650    2.500 0 0   0
2   16.742    2.500 0 0   0
2   16.834    2.500 0 0   0
2   16.922    2.500 0 0   0
2   17.010    2.500 0 0   0
2   17.095    2.500 0 0   0
2   17.180    2.500 0 0   0
2   17.261    2.500 0 0   0
2   17.343    2.500 0 0   0
2   17.421    2.500 0 0   0
2   17.500    2.500 0 0   0
3   17.500    2.500 0 0   0
2   17.500    2.579 0 0   0
2   17.499    2.657 0 0   0
2   17.498    2.736 0 0   0
2   17.497    2.814 0 0   0
2   17.495    2.893 0 0   0
2   17.493    2.971 0 0   0
2   17.490    3.050 0 0   0
2   17.487    3.128 0 0   0
2   17.483    3.207 0 0   0
2   17.479    3.285 0 0   0
2   17.475    3.363 0 0   0
2   17.470    3.442 0 0   0
2   17.465    3.520 0 0   0
2   17.460    3.599 0 0   0
2   17.454    3.677 0 0   0
2   17.447    3.755 0 0   0
2   17.441    3.833 0 0   0
2   17.433    3.912 0 0   0
2   17.426    3.990 0 0   0
2   17.418    4.068 0 0   0
2   17.409    4.146 0 0   0
2   17.401    4.224 0 0   0
2   17.391    4.302 0 0   0
2   17.382    4.380 0 0   0
2   17.372    4.458 0 0   0
2   17.361    4.536 0 0   0
2   17.350    4.614 0 0   0
2   17.339    4.691 0 0   0
2   17.327    4.769 0 0   0
2   17.315    4.847 0 0   0
2   17.303    4.924 0 0   0
2   17.290    5.002 0 0   0
2   17.277    5.079 0 0   0
2   17.263    5.156 0 0   0
2   17.249    5.234 0 0   0
2   17.234    5.311 0 0   0
2   17.219    5.388 0 0   0
2   17.204    5.465 0 0   0
2   17.188    5.542 0 0   0
2   17.172    5.619 0 0   0
2   17.156    5.695 0 0   0
2   17.139    5.772 0 0   0
2   17.121    5.849 0 0   0
2   17.104    5.925 0 0   0
2   17.086    6.002 0 0   0
2   17.067    6.078 0 0   0
2   17.048    6.154 0 0   0
2   17.029    6.230 0 0   0
2   17.009    6.306 0 0   0
2   16.989    6.382 0 0   0
2   16.968    6.458 0 0   0
2   16.947    6.534 0 0   0
2   16.926    6.609 0 0   0
2   16.904    6.685 0 0   0
2   16.882    6.760 0 0   0
2   16.860    6.835 0 0   0
2   16.837    6.911 0 0   0
2   16.814    6.986 0 0   0
2   16.790    7.060 0 0   0
2   16.766    7.135 0 0   0
2   16.741    7.210 0 0   0
2   16.717    7.284 0 0   0
2   16.691    7.359 0 0   0
2   16.666    7.433 0 0   0
2   16.640    7.507 0 0   0
2   16.613    7.581 0 0   0
2   16.586    7.655 0 0   0
2   16.559    7.729 0 0   0
2   16.532    7.802 0 0   0
2   16.504    7.876 0 0   0
2   16.475    7.949 0 0   0
2   16.447    8.022 0 0   0
2   16.418    8.095 0 0   0
2   16.388    8.168 0 0   0
2   16.358    8.240 0 0   0
2   16.328    8.313 0 0   0
2   16.297    8.385 0 0   0
2   16.266    8.457 0 0   0
2   16.235    8.529 0 0   0
2   16.203    8.601 0 0   0
2   16.171    8.673 0 0   0
2   16.139    8.744 0 0   0
2   16.106    8.816 0 0   0
2   16.072    8.887 0 0   0
2   16.039    8.958 0 0   0
2   16.005    9.028 0 0   0
2   15.970    9.099 0 0   0
2   15.936    9.170 0 0   0
2   15.901    9.240 0 0   0
2   15.865    9.310 0 0   0
2   15.829    9.380 0 0   0
2   15.793    9.449 0 0   0
2   15.756    9.519 0 0   0
2   15.720    9.588 0 0   0
2   15.682    9.657 0 0   0
2   15.645    9.726 0 0   0
2   15.607    9.795 0 0   0
2   15.568    9.864 0 0   0
2   15.529    9.932 0 0   0
2   15.490   10.000 0 0   0
2   15.451   10.068 0 0   0
2   15.411   10.136 0 0   0
2   15.371   10.203 0 0   0
2   15.330   10.270 0 0   0
2   15.290   10.337 0 0   0
2   15.248   10.404 0 0   0
2   15.207   10.471 0 0   0
2   15.165   10.537 0 0   0
2   15.123   10.604 0 0   0
2   15.080   10.670 0 0   0
2   15.037   10.735 0 0   0
2   14.994   10.801 0 0   0
2   14.950   10.866 0 0   0
2   14.906   10.931 0 0   0
2   14.862   10.996 0 0   0
2   14.817   11.061 0 0   0
2   14.772   11.125 0 0   0
2   14.727   11.189 0 0   0
2   14.681   11.253 0 0   0
2   14.635   11.317 0 0   0
2   14.589   11.380 0 0   0
2   14.542   11.443 0 0   0
2   14.495   11.506 0 0   0
2   14.448   11.569 0 0   0
2   14.400   11.631 0 0   0
2   14.352   11.694 0 0   0
2   14.304   11.756 0 0   0
2   14.255   11.817 0 0   0
2   14.206   11.879 0 0   0
2   14.157   11.940 0 0   0
2   14.108   12.001 0 0   0
2   14.058   12.061 0 0   0
2   14.007   12.122 0 0   0
2   13.957   12.182 0 0   0
2   13.906   12.242 0 0   0
2   13.855   12.301 0 0   0
2   13.803   12.361 0 0   0
2   13.752   12.420 0 0   0
2   13.700   12.478 0 0   0
2   13.647   12.537 0 0   0
2   13.594   12.595 0 0   0
2   13.541   12.653 0 0   0
2   13.488   12.711 0 0   0
2   13.435   12.768 0 0   0
2   13.381   12.825 0 0   0
2   13.326   12.882 0 0   0
2   13.272   12.939 0 0   0
2   13.217   12.995 0 0   0
2   13.162   13.051 0 0   0
2   13.107   13.107 0 0   0
2   13.051   13.162 0 0   0
2   12.995   13.217 0 0   0
2   12.939   13.272 0 0   0
2   12.882   13.326 0 0   0
2   12.825   13.381 0 0   0
2   12.768   13.435 0 0   0
2   12.711   13.488 0 0   0
2   12.653   13.541 0 0   0
2   12.595   13.594 0 0   0
2   12.537   13.647 0 0   0
2   12.478   13.700 0 0   0
2   12.420   13.752 0 0   0
2   12.361   13.803 0 0   0
2   12.301   13.855 0 0   0
2   12.242   13.906 0 0   0
2   12.182   13.957 0 0   0
2   12.122   14.007 0 0   0
2   12.061   14.058 0 0   0
2   12.001   14.108 0 0   0
2   11.940   14.157 0 0   0
2   11.879   14.206 0 0   0
2   11.817   14.255 0 0   0
2   11.756   14.304 0 0   0
2   11.694   14.352 0 0   0
2   11.631   14.400 0 0   0
2   11.569   14.448 0 0   0
2   11.506   14.495 0 0   0
2   11.443   14.542 0 0   0
2   11.380   14.589 0 0   0
2   11.317   14.635 0 0   0
2   11.253   14.681 0 0   0
2   11.189   14.727 0 0   0
2   11.125   14.772 0 0   0
2   11.061   14.817 0 0   0
2   10.996   14.862 0 0   0
2   10.931   14.906 0 0   0
2   10.866   14.950 0 0   0
2   10.801   14.994 0 0   0
2   10.735   15.037 0 0   0
2   10.670   15.080 0 0   0
2   10.604   15.123 0 0   0
2   10.537   15.165 0 0   0
2   10.471   15.207 0 0   0
2   10.404   15.248 0 0   0
2   10.337   15.290 0 0   0
2   10.270   15.330 0 0   0
2   10.203   15.371 0 0   0
2   10.136   15.411 0 0   0
2   10.068   15.451 0 0   0
2   10.000   15.490 0 0   0
2    9.932   15.529 0 0   0
2    9.864   15.568 0 0   0
2    9.795   15.607 0 0   0
2    9.726   15.645 0 0   0
2    9.657   15.682 0 0   0
2    9.588   15.720 0 0   0
2    9.519   15.756 0 0   0
2    9.449   15.793 0 0   0
2    9.380   15.829 0 0   0
2    9.310   15.865 0 0   0
2    9.240   15.901 0 0   0
2    9.170   15.936 0 0   0
2    9.099   15.970 0 0   0
2    9.028   16.005 0 0   0
2    8.958   16.039 0 0   0
2    8.887   16.072 0 0   0
2    8.816   16.106 0 0   0
2    8.744   16.139 0 0   0
2    8.673   16.171 0 0   0
2    8.601   16.203 0 0   0
2    8.529   16.235 0 0   0
2    8.457   16.266 0 0   0
2    8.385   16.297 0 0   0
2    8.313   16.328 0 0   0
2    8.240   16.358 0 0   0
2    8.168   16.388 0 0   0
2    8.095   16.418 0 0   0
2    8.022   16.447 0 0   0
2    7.949   16.475 0 0   0
2    7.876   16.504 0 0   0
2    7.802   16.532 0 0   0
2    7.729   16.559 0 0   0
2    7.655   16.586 0 0   0
2    7.581   16.613 0 0   0
2    7.507   16.640 0 0   0
2    7.433   16.666 0 0   0
2    7.359   16.691 0 0   0
2    7.284   16.717 0 0   0
2    7.210   16.741 0 0   0
2    7.135   16.766 0 0   0
2    7.060   16.790 0 0   0
2    6.986   16.814 0 0   0
2    6.911   16.837 0 0   0
2    6.835   16.860 0 0   0
2    6.760   16.882 0 0   0
2    6.685   16.904 0 0   0
2    6.609   16.926 0 0   0
2    6.534   16.947 0 0   0
2    6.458   16.968 0 0   0
2    6.382   16.989 0 0   0
2    6.306   17.009 0 0   0
2    6.230   17.029 0 0   0
2    6.154   17.048 0 0   0
2    6.078   17.067 0 0   0
2    6.002   17.086 0 0   0
2    5.925   17.104 0 0   0
2    5.849   17.121 0 0   0
2    5.772   17.139 0 0   0
2    5.695   17.156 0 0   0
2    5.619   17.172 0 0   0
2    5.542   17.188 0 0   0
2    5.465   17.204 0 0   0
2    5.388   17.219 0 0   0
2    5.311   17.234 0 0   0
2    5.234   17.249 0 0   0
2    5.156   17.263 0 0   0
2    5.079   17.277 0 0   0
2    5.002   17.290 0 0   0
2    4.924   17.303 0 0   0
2    4.847   17.315 0 0   0
2    4.769   17.327 0 0   0
2    4.691   17.339 0 0   0
2    4.614   17.350 0 0   0
2    4.536   17.361 0 0   0
2    4.458   17.372 0 0   0
2    4.380   17.382 0 0   0
2    4.302   17.391 0 0   0
2    4.224   17.401 0 0   0
2    4.146   17.409 0 0   0
2    4.068   17.418 0 0   0
2    3.990   17.426 0 0   0
2    3.912   17.433 0 0   0
2    3.833   17.441 0 0   0
2    3.755   17.447 0 0   0
2    3.677   17.454 0 0   0
2    3.599   17.460 0 0   0
2    3.520   17.465 0 0   0
2    3.442   17.470 0 0   0
2    3.363   17.475 0 0   0
2    3.285   17.479 0 0   0
2    3.207   17.483 0 0   0
2    3.128   17.487 0 0   0
2    3.050   17.490 0 0   0
2    2.971   17.493 0 0   0
2    2.893   17.495 0 0   0
2    2.814   17.497 0 0   0
2    2.736   17.498 0 0   0
2    2.657   17.499 0 0   0
2    2.579   17.500 0 0   0
2    2.500   17.500 0 0   0
3    7.005    2.500 0 0   0
2    7.002    2.661 0 0   0
2    6.993    2.821 0 0   0
2    6.979    2.982 0 0   0
2    6.959    3.141 0 0   0
2    6.933    3.300 0 0   0
2    6.902    3.458 0 0   0
2    6.865    3.614 0 0   0
2    6.822    3.769 0 0   0
2    6.774    3.923 0 0   0
2    6.721    4.074 0 0   0
2    6.662    4.224 0 0   0
2    6.598    4.371 0 0   0
2    6.528    4.516 0 0   0
2    6.454    4.659 0 0   0
2    6.374    4.799 0 0   0
2    6.290    4.935 0 0   0
2    6.200    5.069 0 0   0
2    6.106    5.200 0 0   0
2    6.007    5.327 0 0   0
2    5.904    5.450 0 0   0
2    5.797    5.570 0 0   0
2    5.685    5.685 0 0   0
2    5.570    5.797 0 0   0
2    5.450    5.904 0 0   0
2    5.327    6.007 0 0   0
2    5.200    6.106 0 0   0
2    5.069    6.200 0 0   0
2    4.935    6.290 0 0   0
2    4.799    6.374 0 0   0
2    4.659    6.454 0 0   0
2    4.516    6.528 0 0   0
2    4.371    6.598 0 0   0
2    4.224    6.662 0 0   0
2    4.074    6.721 0 0   0
2    3.923    6.774 0 0   0
2    3.769    6.822 0 0   0
2    3.614    6.865 0 0   0
2    3.458    6.902 0 0   0
2    3.300    6.933 0 0   0
2    3.141    6.959 0 0   0
2    2.982    6.979 0 0   0
2    2.821    6.993 0 0   0
2    2.661    7.002 0 0   0
2    2.500    7.005 0 0   0
3    7.005    2.500 0 0   0
2    7.135    2.500 0 0   0
2    7.265    2.500 0 0   0
2    7.611    2.500 0 0   0
2    7.958    2.500 0 0   0
2    7.958    2.500 0 0   0
2    8.360    2.500 0 0   0
2    8.762    2.500 0 0   0
2    9.165    2.500 0 0   0
2    9.567    2.500 0 0   0
2    9.969    2.500 0 0   0
2   10.372    2.500 0 0   0
2   10.372    2.500 0 0   0
2   10.804    2.500 0 0   0
2   11.237    2.500 0 0   0
2   11.576    2.500 0 0   0
2   11.915    2.500 0 0   0
2   12.180    2.500 0 0   0
2   12.445    2.500 0 0   0
2   12.652    2.500 0 0   0
2   12.860    2.500 0 0   0
2   13.022    2.500 0 0   0
2   13.184    2.500 0 0   0
2   13.184    2.500 0 0   0
2   13.341    2.500 0 0   0
2   13.498    2.500 0 0   0
2   13.650    2.500 0 0   0
2   13.801    2.500 0 0   0
2   13.946    2.500 0 0   0
2   14.092    2.500 0 0   0
2   14.232    2.500 0 0   0
2   14.372    2.500 0 0   0
2   14.506    2.500 0 0   0
2   14.641    2.500 0 0   0
2   14.771    2.500 0 0   0
2   14.900    2.500 0 0   0
2   15.025    2.500 0 0   0
2   15.150    2.500 0 0   0
2   15.269    2.500 0 0   0
2   15.389    2.500 0 0   0
2   15.505    2.500 0 0   0
2   15.620    2.500 0 0   0
2   15.731    2.500 0 0   0
2   15.843    2.500 0 0   0
2   15.949    2.500 0 0   0
2   16.056    2.500 0 0   0
2   16.159    2.500 0 0   0
2   16.262    2.500 0 0   0
2   16.361    2.500 0 0   0
2   16.460    2.500 0 0   0
2   16.555    2.500 0 0   0
2   16.650    2.500 0 0   0
2   16.742    2.500 0 0   0
2   16.834    2.500 0 0   0
2   16.922    2.500 0 0   0
2   17.010    2.500 0 0   0
2   17.095    2.500 0 0   0
2   17.180    2.500 0 0   0
2   17.261    2.500 0 0   0
2   17.343    2.500 0 0   0
2   17.421    2.500 0 0   0
2   17.500    2.500 0 0   0
3    2.500   13.184 0 0   0
2    2.658   13.183 0 0   0
2    2.817   13.180 0 0   0
2    2.975   13.174 0 0   0
2    3.133   13.166 0 0   0
2    3.291   13.155 0 0   0
2    3.449   13.142 0 0   0
2    3.606   13.127 0 0   0
2    3.764   13.109 0 0   0
2    3.921   13.089 0 0   0
2    4.077   13.067 0 0   0
2    4.234   13.043 0 0   0
2    4.390   13.016 0 0   0
2    4.546   12.987 0 0   0
2    4.701   12.955 0 0   0
2    4.855   12.921 0 0   0
2    5.010   12.885 0 0   0
2    5.163   12.847 0 0   0
2    5.316   12.806 0 0   0
2    5.469   12.764 0 0   0
2    5.620   12.718 0 0   0
2    5.771   12.671 0 0   0
2    5.922   12.622 0 0   0
2    6.071   12.570 0 0   0
2    6.220   12.516 0 0   0
2    6.368   12.459 0 0   0
2    6.515   12.401 0 0   0
2    6.662   12.340 0 0   0
2    6.807   12.278 0 0   0
2    6.952   12.213 0 0   0
2    7.095   12.146 0 0   0
2    7.237   12.077 0 0   0
2    7.379   12.005 0 0   0
2    7.519   11.932 0 0   0
2    7.658   11.857 0 0   0
2    7.796   11.779 0 0   0
2    7.933   11.700 0 0   0
2    8.069   11.618 0 0   0
2    8.204   11.535 0 0   0
2    8.337   11.449 0 0   0
2    8.469   11.362 0 0   0
2    8.599   11.272 0 0   0
2    8.729   11.181 0 0   0
2    8.857   11.088 0 0   0
2    8.983   10.992 0 0   0
2    9.108   10.895 0 0   0
2    9.232   10.797 0 0   0
2    9.354   10.696 0 0   0
2    9.475   10.593 0 0   0
2    9.594   10.489 0 0   0
2    9.712   10.383 0 0   0
2    9.828   10.276 0 0   0
2    9.942   10.166 0 0   0
2   10.055   10.055 0 0   0
2   10.166    9.942 0 0   0
2   10.276    9.828 0 0   0
2   10.383    9.712 0 0   0
2   10.489    9.594 0 0   0
2   10.593    9.475 0 0   0
2   10.696    9.354 0 0   0
2   10.797    9.232 0 0   0
2   10.895    9.108 0 0   0
2   10.992    8.983 0 0   0
2   11.088    8.857 0 0   0
2   11.181    8.729 0 0   0
2   11.272    8.599 0 0   0
2   11.362    8.469 0 0   0
2   11.449    8.337 0 0   0
2   11.535    8.204 0 0   0
2   11.618    8.069 0 0   0
2   11.700    7.933 0 0   0
2   11.779    7.796 0 0   0
2   11.857    7.658 0 0   0
2   11.932    7.519 0 0   0
2   12.005    7.379 0 0   0
2   12.077    7.237 0 0   0
2   12.146    7.095 0 0   0
2   12.213    6.952 0 0   0
2   12.278    6.807 0 0   0
2   12.340    6.662 0 0   0
2   12.401    6.515 0 0   0
2   12.459    6.368 0 0   0
2   12.516    6.220 0 0   0
2   12.570    6.071 0 0   0
2   12.622    5.922 0 0   0
2   12.671    5.771 0 0   0
2   12.718    5.620 0 0   0
2   12.764    5.469 0 0   0
2   12.806    5.316 0 0   0
2   12.847    5.163 0 0   0
2   12.885    5.010 0 0   0
2   12.921    4.855 0 0   0
2   12.955    4.701 0 0   0
2   12.987    4.546 0 0   0
2   13.016    4.390 0 0   0
2   13.043    4.234 0 0   0
2   13.067    4.077 0 0   0
2   13.089    3.921 0 0   0
2   13.109    3.764 0 0   0
2   13.127    3.606 0 0   0
2   13.142    3.449 0 0   0
2   13.155    3.291 0 0   0
2   13.166    3.133 0 0   0
2   13.174    2.975 0 0   0
2   13.180    2.817 0 0   0
2   13.183    2.658 0 0   0
2   13.184    2.500 0 0   0
3    2.500   17.500 0 0   0
2    2.500   17.421 0 0   0
2    2.500   17.343 0 0   0
2    2.500   17.261 0 0   0
2    2.500   17.180 0 0   0
2    2.500   17.095 0 0   0
2    2.500   17.010 0 0   0
2    2.500   16.922 0 0   0
2    2.500   16.834 0 0   0
2    2.500   16.742 0 0   0
2    2.500   16.650 0 0   0
2    2.500   16.555 0 0   0
2    2.500   16.460 0 0   0
2    2.500   16.361 0 0   0
2    2.500   16.262 0 0   0
2    2.500   16.159 0 0   0
2    2.500   16.056 0 0   0
2    2.500   15.949 0 0   0
2    2.500   15.843 0 0   0
2    2.500   15.731 0 0   0
2    2.500   15.620 0 0   0
2    2.500   15.505 0 0   0
2    2.500   15.389 0 0   0
2    2.500   15.269 0 0   0
2    2.500   15.150 0 0   0
2    2.500   15.025 0 0   0
2    2.500   14.900 0 0   0
2    2.500   14.771 0 0   0
2    2.500   14.641 0 0   0
2    2.500   14.506 0 0   0
2    2.500   14.372 0 0   0
2    2.500   14.232 0 0   0
2    2.500   14.092 0 0   0
2    2.500   13.946 0 0   0
2    2.500   13.801 0 0   0
2    2.500   13.650 0 0   0
2    2.500   13.498 0 0   0
2    2.500   13.341 0 0   0
2    2.500   13.184 0 0   0
2    2.500   13.184 0 0   0
2    2.500   13.022 0 0   0
2    2.500   12.860 0 0   0
2    2.500   12.652 0 0   0
2    2.500   12.445 0 0   0
2    2.500   12.180 0 0   0
2    2.500   11.915 0 0   0
2    2.500   11.576 0 0   0
2    2.500   11.237 0 0   0
2    2.500   10.804 0 0   0
2    2.500   10.372 0 0   0
2    2.500   10.372 0 0   0
2    2.500    9.969 0 0   0
2    2.500    9.567 0 0   0
2    2.500    9.165 0 0   0
2    2.500    8.762 0 0   0
2    2.500    8.360 0 0   0
2    2.500    7.958 0 0   0
2    2.500    7.958 0 0   0
2    2.500    7.611 0 0   0
2    2.500    7.265 0 0   0
2    2.500    7.135 0 0   0
2    2.500    7.005 0 0   0
3    7.005    2.500 0 0   0
2    7.002    2.661 0 0   0
2    6.993    2.821 0 0   0
2    6.979    2.982 0 0   0
2    6.959    3.141 0 0   0
2    6.933    3.300 0 0   0
2    6.902    3.458 0 0   0
2    6.865    3.614 0 0   0
2    6.822    3.769 0 0   0
2    6.774    3.923 0 0   0
2    6.721    4.074 0 0   0
2    6.662    4.224 0 0   0
2    6.598    4.371 0 0   0
2    6.528    4.516 0 0   0
2    6.454    4.659 0 0   0
2    6.374    4.799 0 0   0
2    6.290    4.935 0 0   0
2    6.200    5.069 0 0   0
2    6.106    5.200 0 0   0
2    6.007    5.327 0 0   0
2    5.904    5.450 0 0   0
2    5.797    5.570 0 0   0
2    5.685    5.685 0 0   0
2    5.570    5.797 0 0   0
2    5.450    5.904 0 0   0
2    5.327    6.007 0 0   0
2    5.200    6.106 0 0   0
2    5.069    6.200 0 0   0
2    4.935    6.290 0 0   0
2    4.799    6.374 0 0   0
2    4.659    6.454 0 0   0
2    4.516    6.528 0 0   0
2    4.371    6.598 0 0   0
2    4.224    6.662 0 0   0
2    4.074    6.721 0 0   0
2    3.923    6.774 0 0   0
2    3.769    6.822 0 0   0
2    3.614    6.865 0 0   0
2    3.458    6.902 0 0   0
2    3.300    6.933 0 0   0
2    3.141    6.959 0 0   0
2    2.982    6.979 0 0   0
2    2.821    6.993 0 0   0
2    2.661    7.002 0 0   0
2    2.500    7.005 0 0   0
2    2.500    7.005 0 0   0
2    2.500    7.135 0 0   0
2    2.500    7.265 0 0   0
2    2.500    7.611 0 0   0
2    2.500    7.958 0 0   0
2    2.500    7.958 0 0   0
2    2.500    8.360 0 0   0
2    2.500    8.762 0 0   0
2    2.500    9.165 0 0   0
2    2.500    9.567 0 0   0
2    2.500    9.969 0 0   0
2    2.500   10.372 0 0   0
2    2.500   10.372 0 0   0
2    2.500   10.804 0 0   0
2    2.500   11.237 0 0   0
2    2.500   11.576 0 0   0
2    2.500   11.915 0 0   0
2    2.500   12.180 0 0   0
2    2.500   12.445 0 0   0
2    2.500   12.652 0 0   0
2    2.500   12.860 0 0   0
2    2.500   13.022 0 0   0
2    2.500   13.184 0 0   0
2    2.500   13.184 0 0   0
2    2.500   13.341 0 0   0
2    2.500   13.498 0 0   0
2    2.500   13.650 0 0   0
2    2.500   13.801 0 0   0
2    2.500   13.946 0 0   0
2    2.500   14.092 0 0   0
2    2.500   14.232 0 0   0
2    2.500   14.372 0 0   0
2    2.500   14.506 0 0   0
2    2.500   14.641 0 0   0
2    2.500   14.771 0 0   0
2    2.500   14.900 0 0   0
2    2.500   15.025 0 0   0
2    2.500   15.150 0 0   0
2    2.500   15.269 0 0   0
2    2.500   15.389 0 0   0
2    2.500   15.505 0 0   0
2    2.500   15.620 0 0   0
2    2.500   15.731 0 0   0
2    2.500   15.843 0 0   0
2    2.500   15.949 0 0   0
2    2.500   16.056 0 0   0
2    2.500   16.159 0 0   0
2    2.500   16.262 0 0   0
2    2.500   16.361 0 0   0
2    2.500   16.460 0 0   0
2    2.500   16.555 0 0   0
2    2.500   16.650 0 0   0
2    2.500   16.742 0 0   0
2    2.500   16.834 0 0   0
2    2.500   16.922 0 0   0
2    2.500   17.010 0 0   0
2    2.500   17.095 0 0   0
2    2.500   17.180 0 0   0
2    2.500   17.261 0 0   0
2    2.500   17.343 0 0   0
2    2.500   17.421 0 0   0
2    2.500   17.500 0 0   0
2    2.500   17.500 0 0   0
2    2.579   17.500 0 0   0
2    2.657   17.499 0 0   0
2    2.736   17.498 0 0   0
2    2.814   17.497 0 0   0
2    2.893   17.495 0 0   0
2    2.971   17.493 0 0   0
2    3.050   17.490 0 0   0
2    3.128   17.487 0 0   0
2    3.207   17.483 0 0   0
2    3.285   17.479 0 0   0
2    3.363   17.475 0 0   0
2    3.442   17.470 0 0   0
2    3.520   17.465 0 0   0
2    3.599   17.460 0 0   0
2    3.677   17.454 0 0   0
2    3.755   17.447 0 0   0
2    3.833   17.441 0 0   0
2    3.912   17.433 0 0   0
2    3.990   17.426 0 0   0
2    4.068   17.418 0 0   0
2    4.146   17.409 0 0   0
2    4.224   17.401 0 0   0
2    4.302   17.391 0 0   0
2    4.380   17.382 0 0   0
2    4.458   17.372 0 0   0
2    4.536   17.361 0 0   0
2    4.614   17.350 0 0   0
2    4.691   17.339 0 0   0
2    4.769   17.327 0 0   0
2    4.847   17.315 0 0   0
2    4.924   17.303 0 0   0
2    5.002   17.290 0 0   0
2    5.079   17.277 0 0   0
2    5.156   17.263 0 0   0
2    5.234   17.249 0 0   0
2    5.311   17.234 0 0   0
2    5.388   17.219 0 0   0
2    5.465   17.204 0 0   0
2    5.542   17.188 0 0   0
2    5.619   17.172 0 0   0
2    5.695   17.156 0 0   0
2    5.772   17.139 0 0   0
2    5.849   17.121 0 0   0
2    5.925   17.104 0 0   0
2    6.002   17.086 0 0   0
2    6.078   17.067 0 0   0
2    6.154   17.048 0 0   0
2    6.230   17.029 0 0   0
2    6.306   17.009 0 0   0
2    6.382   16.989 0 0   0
2    6.458   16.968 0 0   0
2    6.534   16.947 0 0   0
2    6.609   16.926 0 0   0
2    6.685   16.904 0 0   0
2    6.760   16.882 0 0   0
2    6.835   16.860 0 0   0
2    6.911   16.837 0 0   0
2    6.986   16.814 0 0   0
2    7.060   16.790 0 0   0
2    7.135   16.766 0 0   0
2    7.210   16.741 0 0   0
2    7.284   16.717 0 0   0
2    7.359   16.691 0 0   0
2    7.433   16.666 0 0   0
2    7.507   16.640 0 0   0
2    7.581   16.613 0 0   0
2    7.655   16.586 0 0   0
2    7.729   16.559 0 0   0
2    7.802   16.532 0 0   0
2    7.876   16.504 0 0   0
2    7.949   16.475 0 0   0
2    8.022   16.447 0 0   0
2    8.095   16.418 0 0   0
2    8.168   16.388 0 0   0
2    8.240   16.358 0 0   0
2    8.313   16.328 0 0   0
2    8.385   16.297 0 0   0
2    8.457   16.266 0 0   0
2    8.529   16.235 0 0   0
2    8.601   16.203 0 0   0
2    8.673   16.171 0 0   0
2    8.744   16.139 0 0   0
2    8.816   16.106 0 0   0
2    8.887   16.072 0 0   0
2    8.958   16.039 0 0   0
2    9.028   16.005 0 0   0
2    9.099   15.970 0 0   0
2    9.170   15.936 0 0   0
2    9.240   15.901 0 0   0
2    9.310   15.865 0 0   0
2    9.380   15.829 0 0   0
2    9.449   15.793 0 0   0
2    9.519   15.756 0 0   0
2    9.588   15.720 0 0   0
2    9.657   15.682 0 0   0
2    9.726   15.645 0 0   0
2    9.795   15.607 0 0   0
2    9.864   15.568 0 0   0
2    9.932   15.529 0 0   0
2   10.000   15.490 0 0   0
2   10.068   15.451 0 0   0
2   10.136   15.411 0 0   0
2   10.203   15.371 0 0   0
2   10.270   15.330 0 0   0
2   10.337   15.290 0 0   0
2   10.404   15.248 0 0   0
2   10.471   15.207 0 0   0
2   10.537   15.165 0 0   0
2   10.604   15.123 0 0   0
2   10.670   15.080 0 0   0
2   10.735   15.037 0 0   0
2   10.801   14.994 0 0   0
2   10.866   14.950 0 0   0
2   10.931   14.906 0 0   0
2   10.996   14.862 0 0   0
2   11.061   14.817 0 0   0
2   11.125   14.772 0 0   0
2   11.189   14.727 0 0   0
2   11.253   14.681 0 0   0
2   11.317   14.635 0 0   0
2   11.380   14.589 0 0   0
2   11.443   14.542 0 0   0
2   11.506   14.495 0 0   0
2   11.569   14.448 0 0   0
2   11.631   14.400 0 0   0
2   11.694   14.352 0 0   0
2   11.756   14.304 0 0   0
2   11.817   14.255 0 0   0
2   11.879   14.206 0 0   0
2   11.940   14.157 0 0   0
2   12.001   14.108 0 0   0
2   12.061   14.058 0 0   0
2   12.122   14.007 0 0   0
2   12.182   13.957 0 0   0
2   12.242   13.906 0 0   0
2   12.301   13.855 0 0   0
2   12.361   13.803 0 0   0
2   12.420   13.752 0 0   0
2   12.478   13.700 0 0   0
2   12.537   13.647 0 0   0
2   12.595   13.594 0 0   0
2   12.653   13.541 0 0   0
2   12.711   13.488 0 0   0
2   12.768   13.435 0 0   0
2   12.825   13.381 0 0   0
2   12.882   13.326 0 0   0
2   12.939   13.272 0 0   0
2   12.995   13.217 0 0   0
2   13.051   13.162 0 0   0
2   13.107   13.107 0 0   0
2   13.162   13.051 0 0   0
2   13.217   12.995 0 0   0
2   13.272   12.939 0 0   0
2   13.326   12.882 0 0   0
2   13.381   12.825 0 0   0
2   13.435   12.768 0 0   0
2   13.488   12.711 0 0   0
2   13.541   12.653 0 0   0
2   13.594   12.595 0 0   0
2   13.647   12.537 0 0   0
2   13.700   12.478 0 0   0
2   13.752   12.420 0 0   0
2   13.803   12.361 0 0   0
2   13.855   12.301 0 0   0
2   13.906   12.242 0 0   0
2   13.957   12.182 0 0   0
2   14.007   12.122 0 0   0
2   14.058   12.061 0 0   0
2   14.108   12.001 0 0   0
2   14.157   11.940 0 0   0
2   14.206   11.879 0 0   0
2   14.255   11.817 0 0   0
2   14.304   11.756 0 0   0
2   14.352   11.694 0 0   0
2   14.400   11.631 0 0   0
2   14.448   11.569 0 0   0
2   14.495   11.506 0 0   0
2   14.542   11.443 0 0   0
2   14.589   11.380 0 0   0
2   14.635   11.317 0 0   0
2   14.681   11.253 0 0   0
2   14.727   11.189 0 0   0
2   14.772   11.125 0 0   0
2   14.817   11.061 0 0   0
2   14.862   10.996 0 0   0
2   14.906   10.931 0 0   0
2   14.950   10.866 0 0   0
2   14.994   10.801 0 0   0
2   15.037   10.735 0 0   0
2   15.080   10.670 0 0   0
2   15.123   10.604 0 0   0
2   15.165   10.537 0 0   0
2   15.207   10.471 0 0   0
2   15.248   10.404 0 0   0
2   15.290   10.337 0 0   0
2   15.330   10.270 0 0   0
2   15.371   10.203 0 0   0
2   15.411   10.136 0 0   0
2   15.451   10.068 0 0   0
2   15.490   10.000 0 0   0
2   15.529    9.932 0 0   0
2   15.568    9.864 0 0   0
2   15.607    9.795 0 0   0
2   15.645    9.726 0 0   0
2   15.682    9.657 0 0   0
2   15.720    9.588 0 0   0
2   15.756    9.519 0 0   0
2   15.793    9.449 0 0   0
2   15.829    9.380 0 0   0
2   15.865    9.310 0 0   0
2   15.901    9.240 0 0   0
2   15.936    9.170 0 0   0
2   15.970    9.099 0 0   0
2   16.005    9.028 0 0   0
2   16.039    8.958 0 0   0
2   16.072    8.887 0 0   0
2   16.106    8.816 0 0   0
2   16.139    8.744 0 0   0
2   16.171    8.673 0 0   0
2   16.203    8.601 0 0   0
2   16.235    8.529 0 0   0
2   16.266    8.457 0 0   0
2   16.297    8.385 0 0   0
2   16.328    8.313 0 0   0
2   16.358    8.240 0 0   0
2   16.388    8.168 0 0   0
2   16.418    8.095 0 0   0
2   16.447    8.022 0 0   0
2   16.475    7.949 0 0   0
2   16.504    7.876 0 0   0
2   16.532    7.802 0 0   0
2   16.559    7.729 0 0   0
2   16.586    7.655 0 0   0
2   16.613    7.581 0 0   0
2   16.640    7.507 0 0   0
2   16.666    7.433 0 0   0
2   16.691    7.359 0 0   0
2   16.717    7.284 0 0   0
2   16.741    7.210 0 0   0
2   16.766    7.135 0 0   0
2   16.790    7.060 0 0   0
2   16.814    6.986 0 0   0
2   16.837    6.911 0 0   0
2   16.860    6.835 0 0   0
2   16.882    6.760 0 0   0
2   16.904    6.685 0 0   0
2   16.926    6.609 0 0   0
2   16.947    6.534 0 0   0
2   16.968    6.458 0 0   0
2   16.989    6.382 0 0   0
2   17.009    6.306 0 0   0
2   17.029    6.230 0 0   0
2   17.048    6.154 0 0   0
2   17.067    6.078 0 0   0
2   17.086    6.002 0 0   0
2   17.104    5.925 0 0   0
2   17.121    5.849 0 0   0
2   17.139    5.772 0 0   0
2   17.156    5.695 0 0   0
2   17.172    5.619 0 0   0
2   17.188    5.542 0 0   0
2   17.204    5.465 0 0   0
2   17.219    5.388 0 0   0
2   17.234    5.311 0 0   0
2   17.249    5.234 0 0   0
2   17.263    5.156 0 0   0
2   17.277    5.079 0 0   0
2   17.290    5.002 0 0   0
2   17.303    4.924 0 0   0
2   17.315    4.847 0 0   0
2   17.327    4.769 0 0   0
2   17.339    4.691 0 0   0
2   17.350    4.614 0 0   0
2   17.361    4.536 0 0   0
2   17.372    4.458 0 0   0
2   17.382    4.380 0 0   0
2   17.391    4.302 0 0   0
2   17.401    4.224 0 0   0
2   17.409    4.146 0 0   0
2   17.418    4.068 0 0   0
2   17.426    3.990 0 0   0
2   17.433    3.912 0 0   0
2   17.441    3.833 0 0   0
2   17.447    3.755 0 0   0
2   17.454    3.677 0 0   0
2   17.460    3.599 0 0   0
2   17.465    3.520 0 0   0
2   17.470    3.442 0 0   0
2   17.475    3.363 0 0   0
2   17.479    3.285 0 0   0
2   17.483    3.207 0 0   0
2   17.487    3.128 0 0   0
2   17.490    3.050 0 0   0
2   17.493    2.971 0 0   0
2   17.495    2.893 0 0   0
2   17.497    2.814 0 0   0
2   17.498    2.736 0 0   0
2   17.499    2.657 0 0   0
2   17.500    2.579 0 0   0
2   17.500    2.500 0 0   0
2   17.500    2.500 0 0   0
2   17.421    2.500 0 0   0
2   17.343    2.500 0 0   0
2   17.261    2.500 0 0   0
2   17.180    2.500 0 0   0
2   17.095    2.500 0 0   0
2   17.010    2.500 0 0   0
2   16.922    2.500 0 0   0
2   16.834    2.500 0 0   0
2   16.742    2.500 0 0   0
2   16.650    2.500 0 0   0
2   16.555    2.500 0 0   0
2   16.460    2.500 0 0   0
2   16.361    2.500 0 0   0
2   16.262    2.500 0 0   0
2   16.159    2.500 0 0   0
2   16.056    2.500 0 0   0
2   15.949    2.500 0 0   0
2   15.843    2.500 0 0   0
2   15.731    2.500 0 0   0
2   15.620    2.500 0 0   0
2   15.505    2.500 0 0   0
2   15.389    2.500 0 0   0
2   15.269    2.500 0 0   0
2   15.150    2.500 0 0   0
2   15.025    2.500 0 0   0
2   14.900    2.500 0 0   0
2   14.771    2.500 0 0   0
2   14.641    2.500 0 0   0
2   14.506    2.500 0 0   0
2   14.372    2.500 0 0   0
2   14.232    2.500 0 0   0
2   14.092    2.500 0 0   0
2   13.946    2.500 0 0   0
2   13.801    2.500 0 0   0
2   13.650    2.500 0 0   0
2   13.498    2.500 0 0   0
2   13.341    2.500 0 0   0
2   13.184    2.500 0 0   0
2   13.184    2.500 0 0   0
2   13.022    2.500 0 0   0
2   12.860    2.500 0 0   0
2   12.652    2.500 0 0   0
2   12.445    2.500 0 0   0
2   12.180    2.500 0 0   0
2   11.915    2.500 0 0   0
2   11.576    2.500 0 0   0
2   11.237    2.500 0 0   0
2   10.804    2.500 0 0   0
2   10.372    2.500 0 0   0
2   10.372    2.500 0 0   0
2    9.969    2.500 0 0   0
2    9.567    2.500 0 0   0
2    9.165    2.500 0 0   0
2    8.762    2.500 0 0   0
2    8.360    2.500 0 0   0
2    7.958    2.500 0 0   0
2    7.958    2.500 0 0   0
2    7.611    2.500 0 0   0
2    7.265    2.500 0 0   0
2    7.135    2.500 0 0   0
2    7.005    2.500 0 0   0
6   20.000    1.000    0.000    0.250  18
scalex:     10.495
6   20.000    1.500    0.000    0.250  18
scaley:     10.495
6   18.300    8.800    0.000    0.150   6
LEVELS
6   18.000    2.700    0.000    0.250  14
 1  -7.149E-05
6   18.000    3.200    0.000    0.250  14
 2   5.061E+00
6   18.000    3.700    0.000    0.250  14
 3   1.012E+01
6   18.000    4.200    0.000    0.250  14
 4   1.518E+01
6   18.000    4.700    0.000    0.250  14
 5   2.024E+01
6   18.000    5.200    0.000    0.250  14
 6   2.530E+01
6   18.000    5.700    0.000    0.250  14
 7   3.036E+01
6   18.000    6.200    0.000    0.250  14
 8   3.543E+01
6   18.000    6.700    0.000    0.250  14
 9   4.049E+01
6   18.000    7.200    0.000    0.250  14
10   4.555E+01
6   18.000    7.700    0.000    0.250  14
11   5.061E+01
6    1.000    0.250    0.000    0.300   7
STREAM:
5    0.000    0.000 0 0   0
